{
  "backers_count": 32,
  "blurb": "Connect VoxCube to a microcontroller to create 3D volumetrics animations This includes. Raspberry Pi, Arduino, Photon,PIC...",
  "category": {
    "color": 6526716,
    "id": 362,
    "name": "Makerspaces",
    "parent_id": 16,
    "position": 9,
    "slug": "technology/makerspaces",
    "urls": {
      "web": {
        "discover": "http://www.kickstarter.com/discover/categories/technology/makerspaces"
      }
    }
  },
  "converted_pledged_amount": 8876,
  "country": "AU",
  "created_at": 1455438411,
  "creator": {
    "avatar": {
      "medium": "https://ksr-ugc.imgix.net/assets/007/864/963/2df2a32257b0755012aec6a16e8cfa6b_original.jpg?w=160&h=160&fit=crop&v=1461484691&auto=format&q=92&s=09fb196fec6b2f8b9ad231bd0d0525ba",
      "small": "https://ksr-ugc.imgix.net/assets/007/864/963/2df2a32257b0755012aec6a16e8cfa6b_original.jpg?w=160&h=160&fit=crop&v=1461484691&auto=format&q=92&s=09fb196fec6b2f8b9ad231bd0d0525ba",
      "thumb": "https://ksr-ugc.imgix.net/assets/007/864/963/2df2a32257b0755012aec6a16e8cfa6b_original.jpg?w=40&h=40&fit=crop&v=1461484691&auto=format&q=92&s=dd0a391b939b9b984c71e8bb2027bb2e"
    },
    "chosen_currency": null,
    "id": 2135028730,
    "is_registered": true,
    "name": "Mark Williams",
    "urls": {
      "api": {
        "user": "https://api.kickstarter.com/v1/users/2135028730?signature=1524101865.684aaf91dc0b736f5d49a4d8677d2abbcaca10dc"
      },
      "web": {
        "user": "https://www.kickstarter.com/profile/2135028730"
      }
    }
  },
  "currency": "AUD",
  "currency_symbol": "$",
  "currency_trailing_code": true,
  "current_currency": "USD",
  "deadline": 1459462502,
  "disable_communication": false,
  "fx_rate": 0.77656633,
  "goal": 129000.0,
  "id": 1000656794,
  "is_starrable": false,
  "launched_at": 1456874102,
  "location": {
    "country": "AU",
    "displayable_name": "Sydney, AU",
    "id": 1105779,
    "is_root": false,
    "localized_name": "Sydney",
    "name": "Sydney",
    "short_name": "Sydney, AU",
    "slug": "sydney-au",
    "state": "NSW",
    "type": "Town",
    "urls": {
      "api": {
        "nearby_projects": "https://api.kickstarter.com/v1/discover?signature=1524082110.b9fdee45ce4e7d5af303362d3ac9585affd5b0ce&woe_id=1105779"
      },
      "web": {
        "discover": "https://www.kickstarter.com/discover/places/sydney-au",
        "location": "https://www.kickstarter.com/locations/sydney-au"
      }
    }
  },
  "name": "VoxCube - 8x8x8 RGB LED chainable cubes",
  "photo": {
    "1024x576": "https://ksr-ugc.imgix.net/assets/012/380/656/fa861c37b69fc7dae82f5cd13753de06_original.jpg?crop=faces&w=1024&h=576&fit=crop&v=1463758039&auto=format&q=92&s=579f96f2843a58cd8d456f0208bbc485",
    "1536x864": "https://ksr-ugc.imgix.net/assets/012/380/656/fa861c37b69fc7dae82f5cd13753de06_original.jpg?crop=faces&w=1552&h=873&fit=crop&v=1463758039&auto=format&q=92&s=cc6dba566086e2b093a613302273abd4",
    "ed": "https://ksr-ugc.imgix.net/assets/012/380/656/fa861c37b69fc7dae82f5cd13753de06_original.jpg?crop=faces&w=352&h=198&fit=crop&v=1463758039&auto=format&q=92&s=f3ad5ae5e67174fbdaa70f8efb19d76d",
    "full": "https://ksr-ugc.imgix.net/assets/012/380/656/fa861c37b69fc7dae82f5cd13753de06_original.jpg?crop=faces&w=560&h=315&fit=crop&v=1463758039&auto=format&q=92&s=1690738ac7e96d76416c7a1dea5eae8b",
    "key": "assets/012/380/656/fa861c37b69fc7dae82f5cd13753de06_original.jpg",
    "little": "https://ksr-ugc.imgix.net/assets/012/380/656/fa861c37b69fc7dae82f5cd13753de06_original.jpg?crop=faces&w=208&h=117&fit=crop&v=1463758039&auto=format&q=92&s=036967ef1d675feaa193a7ccd7df1936",
    "med": "https://ksr-ugc.imgix.net/assets/012/380/656/fa861c37b69fc7dae82f5cd13753de06_original.jpg?crop=faces&w=272&h=153&fit=crop&v=1463758039&auto=format&q=92&s=7270015f0f583ad231efc75e089a9637",
    "small": "https://ksr-ugc.imgix.net/assets/012/380/656/fa861c37b69fc7dae82f5cd13753de06_original.jpg?crop=faces&w=160&h=90&fit=crop&v=1463758039&auto=format&q=92&s=05a090214308e860665eb1173ed1393c",
    "thumb": "https://ksr-ugc.imgix.net/assets/012/380/656/fa861c37b69fc7dae82f5cd13753de06_original.jpg?crop=faces&w=48&h=27&fit=crop&v=1463758039&auto=format&q=92&s=e352ef6daf89cbc2cc24f2e4b56d229f"
  },
  "pledged": 11601.5,
  "profile": {
    "background_color": null,
    "background_image_opacity": 0.8,
    "blurb": null,
    "feature_image_attributes": {
      "image_urls": {
        "baseball_card": "https://ksr-ugc.imgix.net/assets/012/380/656/fa861c37b69fc7dae82f5cd13753de06_original.jpg?crop=faces&w=560&h=315&fit=crop&v=1463758039&auto=format&q=92&s=1690738ac7e96d76416c7a1dea5eae8b",
        "default": "https://ksr-ugc.imgix.net/assets/012/380/656/fa861c37b69fc7dae82f5cd13753de06_original.jpg?crop=faces&w=1552&h=873&fit=crop&v=1463758039&auto=format&q=92&s=cc6dba566086e2b093a613302273abd4"
      }
    },
    "id": 2373766,
    "link_background_color": null,
    "link_text": null,
    "link_text_color": null,
    "link_url": null,
    "name": null,
    "project_id": 2373766,
    "should_show_feature_image_section": true,
    "show_feature_image": false,
    "state": "inactive",
    "state_changed_at": 1455438411,
    "text_color": null
  },
  "slug": "voxcube-8x8x8-rgb-led-chainable-cubes",
  "spotlight": false,
  "staff_pick": false,
  "state": "failed",
  "state_changed_at": 1459462502,
  "static_usd_rate": 0.71261616,
  "urls": {
    "web": {
      "project": "https://www.kickstarter.com/projects/2135028730/voxcube-8x8x8-rgb-led-chainable-cubes?ref=category_newest",
      "rewards": "https://www.kickstarter.com/projects/2135028730/voxcube-8x8x8-rgb-led-chainable-cubes/rewards"
    }
  },
  "usd_pledged": "8267.41638024",
  "usd_type": "international"
}