{
  "backers_count": 3,
  "blurb": "Ever had a spray bottle that has a little bit of fluid left in it and the siphon hose just won't pick it up no matter what!",
  "category": {
    "color": 6526716,
    "id": 337,
    "name": "Gadgets",
    "parent_id": 16,
    "position": 7,
    "slug": "technology/gadgets",
    "urls": {
      "web": {
        "discover": "http://www.kickstarter.com/discover/categories/technology/gadgets"
      }
    }
  },
  "converted_pledged_amount": 2,
  "country": "CA",
  "created_at": 1421938924,
  "creator": {
    "avatar": {
      "medium": "https://ksr-ugc.imgix.net/assets/009/276/256/aafbca8bbd435472a0515349ae979e30_original.JPG?w=160&h=160&fit=crop&v=1461571356&auto=format&q=92&s=adc81b59de1f29ed2131eb620e91caf2",
      "small": "https://ksr-ugc.imgix.net/assets/009/276/256/aafbca8bbd435472a0515349ae979e30_original.JPG?w=160&h=160&fit=crop&v=1461571356&auto=format&q=92&s=adc81b59de1f29ed2131eb620e91caf2",
      "thumb": "https://ksr-ugc.imgix.net/assets/009/276/256/aafbca8bbd435472a0515349ae979e30_original.JPG?w=40&h=40&fit=crop&v=1461571356&auto=format&q=92&s=8c3e5e1b1d92d076ddabc5ea1b7a679f"
    },
    "chosen_currency": null,
    "id": 1101368489,
    "is_registered": true,
    "name": "Jason Swist",
    "urls": {
      "api": {
        "user": "https://api.kickstarter.com/v1/users/1101368489?signature=1524101170.a01a749a6284f0528945557d9f12c08021de02ab"
      },
      "web": {
        "user": "https://www.kickstarter.com/profile/1101368489"
      }
    }
  },
  "currency": "CAD",
  "currency_symbol": "$",
  "currency_trailing_code": true,
  "current_currency": "USD",
  "deadline": 1425743841,
  "disable_communication": false,
  "fx_rate": 0.79525709,
  "goal": 25000.0,
  "id": 100039820,
  "is_starrable": false,
  "launched_at": 1423151841,
  "location": {
    "country": "CA",
    "displayable_name": "Edmonton, Canada",
    "id": 8676,
    "is_root": false,
    "localized_name": "Edmonton",
    "name": "Edmonton",
    "short_name": "Edmonton, Canada",
    "slug": "edmonton-ca",
    "state": "AB",
    "type": "Town",
    "urls": {
      "api": {
        "nearby_projects": "https://api.kickstarter.com/v1/discover?signature=1524082115.d69e1d3e21de06c28160086476413ebab88a46e2&woe_id=8676"
      },
      "web": {
        "discover": "https://www.kickstarter.com/discover/places/edmonton-ca",
        "location": "https://www.kickstarter.com/locations/edmonton-ca"
      }
    }
  },
  "name": "Best Spray Bottle Ever - SureShot",
  "photo": {
    "1024x576": "https://ksr-ugc.imgix.net/assets/012/009/461/3859875d5cc367076b66279f444eeac9_original.jpg?crop=faces&w=1024&h=576&fit=crop&v=1463723730&auto=format&q=92&s=e56dae04cfcb933a9f2ba1ad8605e010",
    "1536x864": "https://ksr-ugc.imgix.net/assets/012/009/461/3859875d5cc367076b66279f444eeac9_original.jpg?crop=faces&w=1552&h=873&fit=crop&v=1463723730&auto=format&q=92&s=ca6a9f96704d07af03b892a86712445a",
    "ed": "https://ksr-ugc.imgix.net/assets/012/009/461/3859875d5cc367076b66279f444eeac9_original.jpg?crop=faces&w=352&h=198&fit=crop&v=1463723730&auto=format&q=92&s=ad688e7cbdc7d0bda894ebf391571ea6",
    "full": "https://ksr-ugc.imgix.net/assets/012/009/461/3859875d5cc367076b66279f444eeac9_original.jpg?crop=faces&w=560&h=315&fit=crop&v=1463723730&auto=format&q=92&s=acc23a0b7aec49f2003157a136aa2a11",
    "key": "assets/012/009/461/3859875d5cc367076b66279f444eeac9_original.jpg",
    "little": "https://ksr-ugc.imgix.net/assets/012/009/461/3859875d5cc367076b66279f444eeac9_original.jpg?crop=faces&w=208&h=117&fit=crop&v=1463723730&auto=format&q=92&s=0d34d4f16b46205aed08ef0471e8dc34",
    "med": "https://ksr-ugc.imgix.net/assets/012/009/461/3859875d5cc367076b66279f444eeac9_original.jpg?crop=faces&w=272&h=153&fit=crop&v=1463723730&auto=format&q=92&s=82e3943b954332159f562ffc32a332a2",
    "small": "https://ksr-ugc.imgix.net/assets/012/009/461/3859875d5cc367076b66279f444eeac9_original.jpg?crop=faces&w=160&h=90&fit=crop&v=1463723730&auto=format&q=92&s=e6b5c4968a45acf2796a777095fdec04",
    "thumb": "https://ksr-ugc.imgix.net/assets/012/009/461/3859875d5cc367076b66279f444eeac9_original.jpg?crop=faces&w=48&h=27&fit=crop&v=1463723730&auto=format&q=92&s=46234122abb86536717e432b765c10d5"
  },
  "pledged": 3.0,
  "profile": {
    "background_color": null,
    "background_image_opacity": 0.8,
    "blurb": null,
    "feature_image_attributes": {
      "image_urls": {
        "baseball_card": "https://ksr-ugc.imgix.net/assets/012/009/461/3859875d5cc367076b66279f444eeac9_original.jpg?crop=faces&w=560&h=315&fit=crop&v=1463723730&auto=format&q=92&s=acc23a0b7aec49f2003157a136aa2a11",
        "default": "https://ksr-ugc.imgix.net/assets/012/009/461/3859875d5cc367076b66279f444eeac9_original.jpg?crop=faces&w=1552&h=873&fit=crop&v=1463723730&auto=format&q=92&s=ca6a9f96704d07af03b892a86712445a"
      }
    },
    "id": 1649565,
    "link_background_color": null,
    "link_text": null,
    "link_text_color": null,
    "link_url": null,
    "name": null,
    "project_id": 1649565,
    "should_show_feature_image_section": true,
    "show_feature_image": false,
    "state": "inactive",
    "state_changed_at": 1425915890,
    "text_color": null
  },
  "slug": "best-spray-bottle-ever-sureshot",
  "spotlight": false,
  "staff_pick": false,
  "state": "failed",
  "state_changed_at": 1425743844,
  "static_usd_rate": 0.80370024,
  "urls": {
    "web": {
      "project": "https://www.kickstarter.com/projects/1101368489/best-spray-bottle-ever-sureshot?ref=category_newest",
      "rewards": "https://www.kickstarter.com/projects/1101368489/best-spray-bottle-ever-sureshot/rewards"
    }
  },
  "usd_pledged": "2.41110072",
  "usd_type": "international"
}