{
  "backers_count": 3080,
  "blurb": "VLC for Windows 8. A native app, fully featured and fully open source. Play all your files, streams and optical media.",
  "category": {
    "color": 6526716,
    "id": 51,
    "name": "Software",
    "parent_id": 16,
    "position": 11,
    "slug": "technology/software",
    "urls": {
      "web": {
        "discover": "http://www.kickstarter.com/discover/categories/technology/software"
      }
    }
  },
  "converted_pledged_amount": 76060,
  "country": "GB",
  "created_at": 1350745933,
  "creator": {
    "avatar": {
      "medium": "https://ksr-ugc.imgix.net/assets/007/026/885/7a8202d14debf579a488e4212599ead9_original.jpg?w=160&h=160&fit=crop&v=1461429248&auto=format&q=92&s=c767f4330c75bc2f70e09a9d5046993c",
      "small": "https://ksr-ugc.imgix.net/assets/007/026/885/7a8202d14debf579a488e4212599ead9_original.jpg?w=160&h=160&fit=crop&v=1461429248&auto=format&q=92&s=c767f4330c75bc2f70e09a9d5046993c",
      "thumb": "https://ksr-ugc.imgix.net/assets/007/026/885/7a8202d14debf579a488e4212599ead9_original.jpg?w=40&h=40&fit=crop&v=1461429248&auto=format&q=92&s=ee7d0c08f5c904d9bbe4608411d5783d"
    },
    "chosen_currency": null,
    "id": 1061646928,
    "is_registered": true,
    "name": "VideoLAN",
    "urls": {
      "api": {
        "user": "https://api.kickstarter.com/v1/users/1061646928?signature=1524102014.77baebe4f63465d8cc6e6ece30fc16a011336f17"
      },
      "web": {
        "user": "https://www.kickstarter.com/profile/1061646928"
      }
    }
  },
  "currency": "GBP",
  "currency_symbol": "\u00a3",
  "currency_trailing_code": false,
  "current_currency": "USD",
  "deadline": 1356785690,
  "disable_communication": false,
  "fx_rate": 1.43358488,
  "goal": 40000.0,
  "id": 1000776914,
  "is_starrable": false,
  "launched_at": 1354193690,
  "location": {
    "country": "FR",
    "displayable_name": "Paris, France",
    "id": 615702,
    "is_root": false,
    "localized_name": "Paris",
    "name": "Paris",
    "short_name": "Paris, France",
    "slug": "paris-fr",
    "state": "Ile-de-France",
    "type": "Town",
    "urls": {
      "api": {
        "nearby_projects": "https://api.kickstarter.com/v1/discover?signature=1524082110.d062002c35c0244d78b6de23a06e8cfb18b2a4f4&woe_id=615702"
      },
      "web": {
        "discover": "https://www.kickstarter.com/discover/places/paris-fr",
        "location": "https://www.kickstarter.com/locations/paris-fr"
      }
    }
  },
  "name": "VLC for the new Windows 8 User Experience (\"Metro\")",
  "photo": {
    "1024x576": "https://ksr-ugc.imgix.net/assets/011/441/952/b9fcfac8d4bd86965d99e81a33a90118_original.png?crop=faces&w=1024&h=576&fit=crop&v=1463682793&auto=format&q=92&s=dd6a7becde7c4a87634c3ff2b7288b09",
    "1536x864": "https://ksr-ugc.imgix.net/assets/011/441/952/b9fcfac8d4bd86965d99e81a33a90118_original.png?crop=faces&w=1552&h=873&fit=crop&v=1463682793&auto=format&q=92&s=e8b36c5838e62b507a0fb1c510e8b08b",
    "ed": "https://ksr-ugc.imgix.net/assets/011/441/952/b9fcfac8d4bd86965d99e81a33a90118_original.png?crop=faces&w=352&h=198&fit=crop&v=1463682793&auto=format&q=92&s=3334b4cb599d93de828b705377c58062",
    "full": "https://ksr-ugc.imgix.net/assets/011/441/952/b9fcfac8d4bd86965d99e81a33a90118_original.png?crop=faces&w=560&h=315&fit=crop&v=1463682793&auto=format&q=92&s=df929bb9137b6e954a776f89f69f9645",
    "key": "assets/011/441/952/b9fcfac8d4bd86965d99e81a33a90118_original.png",
    "little": "https://ksr-ugc.imgix.net/assets/011/441/952/b9fcfac8d4bd86965d99e81a33a90118_original.png?crop=faces&w=208&h=117&fit=crop&v=1463682793&auto=format&q=92&s=c563f18ad1d15edf5270123e090b10d9",
    "med": "https://ksr-ugc.imgix.net/assets/011/441/952/b9fcfac8d4bd86965d99e81a33a90118_original.png?crop=faces&w=272&h=153&fit=crop&v=1463682793&auto=format&q=92&s=37c3df86401d0cbbe3606171b3de08c2",
    "small": "https://ksr-ugc.imgix.net/assets/011/441/952/b9fcfac8d4bd86965d99e81a33a90118_original.png?crop=faces&w=160&h=90&fit=crop&v=1463682793&auto=format&q=92&s=53c8369410b1a8ea9693298df4bb1c0a",
    "thumb": "https://ksr-ugc.imgix.net/assets/011/441/952/b9fcfac8d4bd86965d99e81a33a90118_original.png?crop=faces&w=48&h=27&fit=crop&v=1463682793&auto=format&q=92&s=7812edc597f1230c02ea8e314bc5eb9a"
  },
  "pledged": 47056.86,
  "profile": {
    "background_color": null,
    "background_image_opacity": 0.8,
    "blurb": null,
    "feature_image_attributes": {
      "image_urls": {
        "baseball_card": "https://ksr-ugc.imgix.net/assets/011/441/952/b9fcfac8d4bd86965d99e81a33a90118_original.png?crop=faces&w=560&h=315&fit=crop&v=1463682793&auto=format&q=92&s=df929bb9137b6e954a776f89f69f9645",
        "default": "https://ksr-ugc.imgix.net/assets/011/441/952/b9fcfac8d4bd86965d99e81a33a90118_original.png?crop=faces&w=1552&h=873&fit=crop&v=1463682793&auto=format&q=92&s=e8b36c5838e62b507a0fb1c510e8b08b"
      }
    },
    "id": 380262,
    "link_background_color": null,
    "link_text": null,
    "link_text_color": null,
    "link_url": null,
    "name": null,
    "project_id": 380262,
    "should_show_feature_image_section": true,
    "show_feature_image": false,
    "state": "inactive",
    "state_changed_at": 1425915820,
    "text_color": null
  },
  "slug": "vlc-for-the-new-windows-8-user-experience-metro",
  "spotlight": true,
  "staff_pick": true,
  "state": "successful",
  "state_changed_at": 1356785690,
  "static_usd_rate": 1.60157595,
  "urls": {
    "web": {
      "project": "https://www.kickstarter.com/projects/1061646928/vlc-for-the-new-windows-8-user-experience-metro?ref=category_newest",
      "rewards": "https://www.kickstarter.com/projects/1061646928/vlc-for-the-new-windows-8-user-experience-metro/rewards"
    }
  },
  "usd_pledged": "75365.135258517",
  "usd_type": "international"
}