{
  "backers_count": 4,
  "blurb": "Seeking funding for the Hangar 1 Foundation so we can put up the 60 x 30 foot building we have already purchased.",
  "category": {
    "color": 6526716,
    "id": 336,
    "name": "Flight",
    "parent_id": 16,
    "position": 6,
    "slug": "technology/flight",
    "urls": {
      "web": {
        "discover": "http://www.kickstarter.com/discover/categories/technology/flight"
      }
    }
  },
  "converted_pledged_amount": 1355,
  "country": "US",
  "created_at": 1407940992,
  "creator": {
    "avatar": {
      "medium": "https://ksr-ugc.imgix.net/assets/009/193/000/8cf350c954b3535634ad95a1502e979e_original.jpeg?w=160&h=160&fit=crop&v=1461563627&auto=format&q=92&s=fdd633605578a69197f5200a01c915fe",
      "small": "https://ksr-ugc.imgix.net/assets/009/193/000/8cf350c954b3535634ad95a1502e979e_original.jpeg?w=160&h=160&fit=crop&v=1461563627&auto=format&q=92&s=fdd633605578a69197f5200a01c915fe",
      "thumb": "https://ksr-ugc.imgix.net/assets/009/193/000/8cf350c954b3535634ad95a1502e979e_original.jpeg?w=40&h=40&fit=crop&v=1461563627&auto=format&q=92&s=b34a1a36732bb44f3e02fe8dd25267a7"
    },
    "chosen_currency": null,
    "id": 1619263084,
    "is_registered": true,
    "name": "Kenneth Steenrod",
    "urls": {
      "api": {
        "user": "https://api.kickstarter.com/v1/users/1619263084?signature=1524100869.c63eb10e8447a3b98727d620f45dc312d1f6592b"
      },
      "web": {
        "user": "https://www.kickstarter.com/profile/1619263084"
      }
    }
  },
  "currency": "USD",
  "currency_symbol": "$",
  "currency_trailing_code": true,
  "current_currency": "USD",
  "deadline": 1413654043,
  "disable_communication": false,
  "fx_rate": 1.0,
  "goal": 8500.0,
  "id": 1000624031,
  "is_starrable": false,
  "launched_at": 1409766043,
  "location": {
    "country": "US",
    "displayable_name": "Erie, KS",
    "id": 2400051,
    "is_root": false,
    "localized_name": "Erie",
    "name": "Erie",
    "short_name": "Erie, KS",
    "slug": "erie-ks",
    "state": "KS",
    "type": "Town",
    "urls": {
      "api": {
        "nearby_projects": "https://api.kickstarter.com/v1/discover?signature=1524082436.8f6db1cdcbaeacfd35262664058abae04e91c5d3&woe_id=2400051"
      },
      "web": {
        "discover": "https://www.kickstarter.com/discover/places/erie-ks",
        "location": "https://www.kickstarter.com/locations/erie-ks"
      }
    }
  },
  "name": "Hangar 1 Foundation",
  "photo": {
    "1024x576": "https://ksr-ugc.imgix.net/assets/011/834/616/f97b15770e527fa3179cbeafb72805cf_original.jpg?crop=faces&w=1024&h=576&fit=crop&v=1463701541&auto=format&q=92&s=67d41825ee354eac00e98bcd3fa630e3",
    "1536x864": "https://ksr-ugc.imgix.net/assets/011/834/616/f97b15770e527fa3179cbeafb72805cf_original.jpg?crop=faces&w=1552&h=873&fit=crop&v=1463701541&auto=format&q=92&s=c34d22c4434da1ee636f6aae28f436a7",
    "ed": "https://ksr-ugc.imgix.net/assets/011/834/616/f97b15770e527fa3179cbeafb72805cf_original.jpg?crop=faces&w=352&h=198&fit=crop&v=1463701541&auto=format&q=92&s=2a720ef5c6072e254ea70b62dea19e79",
    "full": "https://ksr-ugc.imgix.net/assets/011/834/616/f97b15770e527fa3179cbeafb72805cf_original.jpg?crop=faces&w=560&h=315&fit=crop&v=1463701541&auto=format&q=92&s=7056f59a5fd580894f5f181b48802e1e",
    "key": "assets/011/834/616/f97b15770e527fa3179cbeafb72805cf_original.jpg",
    "little": "https://ksr-ugc.imgix.net/assets/011/834/616/f97b15770e527fa3179cbeafb72805cf_original.jpg?crop=faces&w=208&h=117&fit=crop&v=1463701541&auto=format&q=92&s=2f461fb5479920002d93ecd70ab18afa",
    "med": "https://ksr-ugc.imgix.net/assets/011/834/616/f97b15770e527fa3179cbeafb72805cf_original.jpg?crop=faces&w=272&h=153&fit=crop&v=1463701541&auto=format&q=92&s=eb01afa80d995675e9543dfd4e01ab74",
    "small": "https://ksr-ugc.imgix.net/assets/011/834/616/f97b15770e527fa3179cbeafb72805cf_original.jpg?crop=faces&w=160&h=90&fit=crop&v=1463701541&auto=format&q=92&s=f28622869be12caec6f1112e5503c39b",
    "thumb": "https://ksr-ugc.imgix.net/assets/011/834/616/f97b15770e527fa3179cbeafb72805cf_original.jpg?crop=faces&w=48&h=27&fit=crop&v=1463701541&auto=format&q=92&s=394409c9069438e573c9898c0a00c5eb"
  },
  "pledged": 1355.0,
  "profile": {
    "background_color": null,
    "background_image_opacity": 0.8,
    "blurb": null,
    "feature_image_attributes": {
      "image_urls": {
        "baseball_card": "https://ksr-ugc.imgix.net/assets/011/834/616/f97b15770e527fa3179cbeafb72805cf_original.jpg?crop=faces&w=560&h=315&fit=crop&v=1463701541&auto=format&q=92&s=7056f59a5fd580894f5f181b48802e1e",
        "default": "https://ksr-ugc.imgix.net/assets/011/834/616/f97b15770e527fa3179cbeafb72805cf_original.jpg?crop=faces&w=1552&h=873&fit=crop&v=1463701541&auto=format&q=92&s=c34d22c4434da1ee636f6aae28f436a7"
      }
    },
    "id": 1286543,
    "link_background_color": null,
    "link_text": null,
    "link_text_color": null,
    "link_url": null,
    "name": null,
    "project_id": 1286543,
    "should_show_feature_image_section": true,
    "show_feature_image": false,
    "state": "inactive",
    "state_changed_at": 1425915871,
    "text_color": null
  },
  "slug": "hangar-1-foundation",
  "spotlight": false,
  "staff_pick": false,
  "state": "failed",
  "state_changed_at": 1413654044,
  "static_usd_rate": 1.0,
  "urls": {
    "web": {
      "project": "https://www.kickstarter.com/projects/1619263084/hangar-1-foundation?ref=category_newest",
      "rewards": "https://www.kickstarter.com/projects/1619263084/hangar-1-foundation/rewards"
    }
  },
  "usd_pledged": "1355.0",
  "usd_type": "international"
}