{
  "backers_count": 12,
  "blurb": "Taking the novelty out of reward charts, and making them ACTUALLY work for you and your child!",
  "category": {
    "color": 6526716,
    "id": 51,
    "name": "Software",
    "parent_id": 16,
    "position": 11,
    "slug": "technology/software",
    "urls": {
      "web": {
        "discover": "http://www.kickstarter.com/discover/categories/technology/software"
      }
    }
  },
  "converted_pledged_amount": 318,
  "country": "IE",
  "created_at": 1439465129,
  "creator": {
    "avatar": {
      "medium": "https://ksr-ugc.imgix.net/assets/010/237/997/0cbb145a8c932a25b3b3ba1124f2082c_original.jpg?w=160&h=160&fit=crop&v=1461675726&auto=format&q=92&s=09c0acae01f49acab644209e71499c90",
      "small": "https://ksr-ugc.imgix.net/assets/010/237/997/0cbb145a8c932a25b3b3ba1124f2082c_original.jpg?w=160&h=160&fit=crop&v=1461675726&auto=format&q=92&s=09c0acae01f49acab644209e71499c90",
      "thumb": "https://ksr-ugc.imgix.net/assets/010/237/997/0cbb145a8c932a25b3b3ba1124f2082c_original.jpg?w=40&h=40&fit=crop&v=1461675726&auto=format&q=92&s=4635bf354b1de67c10a1dd121903b326"
    },
    "chosen_currency": null,
    "id": 1511932511,
    "is_registered": true,
    "name": "Caitlyn May",
    "slug": "gantish",
    "urls": {
      "api": {
        "user": "https://api.kickstarter.com/v1/users/1511932511?signature=1524102302.5032bc85f5f4bead05dc3dc5900a07d1bf839004"
      },
      "web": {
        "user": "https://www.kickstarter.com/profile/gantish"
      }
    }
  },
  "currency": "EUR",
  "currency_symbol": "\u20ac",
  "currency_trailing_code": false,
  "current_currency": "USD",
  "deadline": 1442410623,
  "disable_communication": false,
  "fx_rate": 1.23814016,
  "goal": 4000.0,
  "id": 1000551777,
  "is_starrable": false,
  "launched_at": 1439818623,
  "location": {
    "country": "IE",
    "displayable_name": "Mullingar, Ireland",
    "id": 561809,
    "is_root": false,
    "localized_name": "Mullingar",
    "name": "Mullingar",
    "short_name": "Mullingar, Ireland",
    "slug": "mullingar-ie",
    "state": "Westmeath",
    "type": "Town",
    "urls": {
      "api": {
        "nearby_projects": "https://api.kickstarter.com/v1/discover?signature=1524082785.6b14d6fbd07abaec26982f21b82db32590efcc3b&woe_id=561809"
      },
      "web": {
        "discover": "https://www.kickstarter.com/discover/places/mullingar-ie",
        "location": "https://www.kickstarter.com/locations/mullingar-ie"
      }
    }
  },
  "name": "Gantish - Online Reward Chart Creator for Parents",
  "photo": {
    "1024x576": "https://ksr-ugc.imgix.net/assets/012/223/719/4cae9a5f9cb4ed32cb54b0d601dbdcf9_original.jpg?crop=faces&w=1024&h=576&fit=crop&v=1463743754&auto=format&q=92&s=9d36b9988f5dba7d09f8eaba23aacc35",
    "1536x864": "https://ksr-ugc.imgix.net/assets/012/223/719/4cae9a5f9cb4ed32cb54b0d601dbdcf9_original.jpg?crop=faces&w=1552&h=873&fit=crop&v=1463743754&auto=format&q=92&s=e5845a1fb3a1ab86709bdc8919702b6f",
    "ed": "https://ksr-ugc.imgix.net/assets/012/223/719/4cae9a5f9cb4ed32cb54b0d601dbdcf9_original.jpg?crop=faces&w=352&h=198&fit=crop&v=1463743754&auto=format&q=92&s=c468982d22584c0d34783eb61f33c09e",
    "full": "https://ksr-ugc.imgix.net/assets/012/223/719/4cae9a5f9cb4ed32cb54b0d601dbdcf9_original.jpg?crop=faces&w=560&h=315&fit=crop&v=1463743754&auto=format&q=92&s=de82e6bf86ddb659cacc1cf033606d4b",
    "key": "assets/012/223/719/4cae9a5f9cb4ed32cb54b0d601dbdcf9_original.jpg",
    "little": "https://ksr-ugc.imgix.net/assets/012/223/719/4cae9a5f9cb4ed32cb54b0d601dbdcf9_original.jpg?crop=faces&w=208&h=117&fit=crop&v=1463743754&auto=format&q=92&s=e8d0cca727254aa595b4e07b9f9a8163",
    "med": "https://ksr-ugc.imgix.net/assets/012/223/719/4cae9a5f9cb4ed32cb54b0d601dbdcf9_original.jpg?crop=faces&w=272&h=153&fit=crop&v=1463743754&auto=format&q=92&s=2378d7cc4f6d2525bd463b6a219e954e",
    "small": "https://ksr-ugc.imgix.net/assets/012/223/719/4cae9a5f9cb4ed32cb54b0d601dbdcf9_original.jpg?crop=faces&w=160&h=90&fit=crop&v=1463743754&auto=format&q=92&s=dc2aa365c634076f421f5216716bedd8",
    "thumb": "https://ksr-ugc.imgix.net/assets/012/223/719/4cae9a5f9cb4ed32cb54b0d601dbdcf9_original.jpg?crop=faces&w=48&h=27&fit=crop&v=1463743754&auto=format&q=92&s=22c96aa3c0ef92697ee63ea7da492675"
  },
  "pledged": 282.0,
  "profile": {
    "background_color": null,
    "background_image_opacity": 0.8,
    "blurb": null,
    "feature_image_attributes": {
      "image_urls": {
        "baseball_card": "https://ksr-ugc.imgix.net/assets/012/223/719/4cae9a5f9cb4ed32cb54b0d601dbdcf9_original.jpg?crop=faces&w=560&h=315&fit=crop&v=1463743754&auto=format&q=92&s=de82e6bf86ddb659cacc1cf033606d4b",
        "default": "https://ksr-ugc.imgix.net/assets/012/223/719/4cae9a5f9cb4ed32cb54b0d601dbdcf9_original.jpg?crop=faces&w=1552&h=873&fit=crop&v=1463743754&auto=format&q=92&s=e5845a1fb3a1ab86709bdc8919702b6f"
      }
    },
    "id": 2065912,
    "link_background_color": null,
    "link_text": null,
    "link_text_color": null,
    "link_url": null,
    "name": null,
    "project_id": 2065912,
    "should_show_feature_image_section": true,
    "show_feature_image": false,
    "state": "inactive",
    "state_changed_at": 1439465129,
    "text_color": null
  },
  "slug": "gantish",
  "spotlight": false,
  "staff_pick": false,
  "state": "failed",
  "state_changed_at": 1442410624,
  "static_usd_rate": 1.11099384,
  "urls": {
    "web": {
      "project": "https://www.kickstarter.com/projects/gantish/gantish?ref=category_newest",
      "rewards": "https://www.kickstarter.com/projects/gantish/gantish/rewards"
    }
  },
  "usd_pledged": "313.30026288",
  "usd_type": "international"
}