{
  "backers_count": 2,
  "blurb": "A Musical Light Suit that creates music on the fly depending on how you move in it, and lights up with electro-luminescence.",
  "category": {
    "color": 6526716,
    "id": 52,
    "name": "Hardware",
    "parent_id": 16,
    "position": 8,
    "slug": "technology/hardware",
    "urls": {
      "web": {
        "discover": "http://www.kickstarter.com/discover/categories/technology/hardware"
      }
    }
  },
  "converted_pledged_amount": 20,
  "country": "US",
  "created_at": 1305652171,
  "creator": {
    "avatar": {
      "medium": "https://ksr-ugc.imgix.net/assets/006/065/196/7807c63956d5061be3d29ff56aadf4c6_original.jpg?w=160&h=160&fit=crop&v=1461364264&auto=format&q=92&s=f67cc63eec7c10810d11ebd2b25e1866",
      "small": "https://ksr-ugc.imgix.net/assets/006/065/196/7807c63956d5061be3d29ff56aadf4c6_original.jpg?w=160&h=160&fit=crop&v=1461364264&auto=format&q=92&s=f67cc63eec7c10810d11ebd2b25e1866",
      "thumb": "https://ksr-ugc.imgix.net/assets/006/065/196/7807c63956d5061be3d29ff56aadf4c6_original.jpg?w=40&h=40&fit=crop&v=1461364264&auto=format&q=92&s=35adc7619121acf787ccf3a5e84b6135"
    },
    "chosen_currency": null,
    "id": 905994053,
    "is_registered": true,
    "name": "William Ott",
    "urls": {
      "api": {
        "user": "https://api.kickstarter.com/v1/users/905994053?signature=1524101640.f7fde708c3176ee4f1f68cf9f241bbf18b4fa82f"
      },
      "web": {
        "user": "https://www.kickstarter.com/profile/905994053"
      }
    }
  },
  "currency": "USD",
  "currency_symbol": "$",
  "currency_trailing_code": true,
  "current_currency": "USD",
  "deadline": 1309244955,
  "disable_communication": false,
  "fx_rate": 1.0,
  "goal": 6000.0,
  "id": 1000590709,
  "is_starrable": false,
  "launched_at": 1305788955,
  "location": {
    "country": "US",
    "displayable_name": "Birmingham, AL",
    "id": 2364559,
    "is_root": false,
    "localized_name": "Birmingham",
    "name": "Birmingham",
    "short_name": "Birmingham, AL",
    "slug": "birmingham-al",
    "state": "AL",
    "type": "Town",
    "urls": {
      "api": {
        "nearby_projects": "https://api.kickstarter.com/v1/discover?signature=1524082116.5a242650e6534c38c9b22370fdd53ef85df6d183&woe_id=2364559"
      },
      "web": {
        "discover": "https://www.kickstarter.com/discover/places/birmingham-al",
        "location": "https://www.kickstarter.com/locations/birmingham-al"
      }
    }
  },
  "name": "Musical Light Suit",
  "photo": {
    "1024x576": "https://ksr-ugc.imgix.net/assets/011/286/002/4639f87d2893bd3dc04d858374f69598_original.JPG?crop=faces&w=1024&h=576&fit=crop&v=1463680469&auto=format&q=92&s=b060a550d851d9c73a041d98a9ee8999",
    "1536x864": "https://ksr-ugc.imgix.net/assets/011/286/002/4639f87d2893bd3dc04d858374f69598_original.JPG?crop=faces&w=1552&h=873&fit=crop&v=1463680469&auto=format&q=92&s=d039b2c5230580f9f12837678c3242db",
    "ed": "https://ksr-ugc.imgix.net/assets/011/286/002/4639f87d2893bd3dc04d858374f69598_original.JPG?crop=faces&w=352&h=198&fit=crop&v=1463680469&auto=format&q=92&s=42ad4a0d352ddcea0388b3b1d6c462d0",
    "full": "https://ksr-ugc.imgix.net/assets/011/286/002/4639f87d2893bd3dc04d858374f69598_original.JPG?crop=faces&w=560&h=315&fit=crop&v=1463680469&auto=format&q=92&s=416468efdcd6c1903409d41203e0fad3",
    "key": "assets/011/286/002/4639f87d2893bd3dc04d858374f69598_original.JPG",
    "little": "https://ksr-ugc.imgix.net/assets/011/286/002/4639f87d2893bd3dc04d858374f69598_original.JPG?crop=faces&w=208&h=117&fit=crop&v=1463680469&auto=format&q=92&s=366c9db9baa310daf7b78e557c5cdfd6",
    "med": "https://ksr-ugc.imgix.net/assets/011/286/002/4639f87d2893bd3dc04d858374f69598_original.JPG?crop=faces&w=272&h=153&fit=crop&v=1463680469&auto=format&q=92&s=ae545cd65154d20b07e5d38c821e8b98",
    "small": "https://ksr-ugc.imgix.net/assets/011/286/002/4639f87d2893bd3dc04d858374f69598_original.JPG?crop=faces&w=160&h=90&fit=crop&v=1463680469&auto=format&q=92&s=97bf51c90c67b043485580218713d940",
    "thumb": "https://ksr-ugc.imgix.net/assets/011/286/002/4639f87d2893bd3dc04d858374f69598_original.JPG?crop=faces&w=48&h=27&fit=crop&v=1463680469&auto=format&q=92&s=80bd8627c18569638119ee1a9d263135"
  },
  "pledged": 20.0,
  "profile": {
    "background_color": null,
    "background_image_opacity": 0.8,
    "blurb": null,
    "feature_image_attributes": {
      "image_urls": {
        "baseball_card": "https://ksr-ugc.imgix.net/assets/011/286/002/4639f87d2893bd3dc04d858374f69598_original.JPG?crop=faces&w=560&h=315&fit=crop&v=1463680469&auto=format&q=92&s=416468efdcd6c1903409d41203e0fad3",
        "default": "https://ksr-ugc.imgix.net/assets/011/286/002/4639f87d2893bd3dc04d858374f69598_original.JPG?crop=faces&w=1552&h=873&fit=crop&v=1463680469&auto=format&q=92&s=d039b2c5230580f9f12837678c3242db"
      }
    },
    "id": 34851,
    "link_background_color": null,
    "link_text": null,
    "link_text_color": null,
    "link_url": null,
    "name": null,
    "project_id": 34851,
    "should_show_feature_image_section": true,
    "show_feature_image": false,
    "state": "inactive",
    "state_changed_at": 1425915802,
    "text_color": null
  },
  "slug": "musical-light-suit",
  "spotlight": false,
  "staff_pick": false,
  "state": "failed",
  "state_changed_at": 1309244956,
  "static_usd_rate": 1.0,
  "urls": {
    "web": {
      "project": "https://www.kickstarter.com/projects/905994053/musical-light-suit?ref=category_newest",
      "rewards": "https://www.kickstarter.com/projects/905994053/musical-light-suit/rewards"
    }
  },
  "usd_pledged": "20.0",
  "usd_type": "international"
}