{
  "backers_count": 287,
  "blurb": "At any sign of drowsiness, Steer will warn you with vibration and gentle electric impulse, so you do not fall asleep while driving.",
  "category": {
    "color": 6526716,
    "id": 341,
    "name": "Wearables",
    "parent_id": 16,
    "position": 14,
    "slug": "technology/wearables",
    "urls": {
      "web": {
        "discover": "http://www.kickstarter.com/discover/categories/technology/wearables"
      }
    }
  },
  "converted_pledged_amount": 37982,
  "country": "IE",
  "created_at": 1498856601,
  "creator": {
    "avatar": {
      "medium": "https://ksr-ugc.imgix.net/assets/016/260/536/bfef9309d8cfb6053cceaf908001c1b0_original.png?w=160&h=160&fit=crop&v=1499358636&auto=format&q=92&s=7a350ab05934725a0700b504e3d0899b",
      "small": "https://ksr-ugc.imgix.net/assets/016/260/536/bfef9309d8cfb6053cceaf908001c1b0_original.png?w=160&h=160&fit=crop&v=1499358636&auto=format&q=92&s=7a350ab05934725a0700b504e3d0899b",
      "thumb": "https://ksr-ugc.imgix.net/assets/016/260/536/bfef9309d8cfb6053cceaf908001c1b0_original.png?w=40&h=40&fit=crop&v=1499358636&auto=format&q=92&s=7b1828f658cac8421791ac741937d9da"
    },
    "chosen_currency": null,
    "id": 1098677921,
    "is_registered": true,
    "name": "Creative Mode",
    "slug": "creativemode",
    "urls": {
      "api": {
        "user": "https://api.kickstarter.com/v1/users/1098677921?signature=1524102698.e790754367a2d527ba3534d717c8568b4af3d54e"
      },
      "web": {
        "user": "https://www.kickstarter.com/profile/creativemode"
      }
    }
  },
  "currency": "EUR",
  "currency_symbol": "\u20ac",
  "currency_trailing_code": false,
  "current_currency": "USD",
  "deadline": 1501534500,
  "disable_communication": false,
  "fx_rate": 1.23814016,
  "goal": 5000.0,
  "id": 1001689284,
  "is_starrable": false,
  "launched_at": 1500559916,
  "location": {
    "country": "LV",
    "displayable_name": "Riga, Latvia",
    "id": 854823,
    "is_root": false,
    "localized_name": "Riga",
    "name": "Riga",
    "short_name": "Riga, Latvia",
    "slug": "riga-lv",
    "state": "R\u013cga",
    "type": "Town",
    "urls": {
      "api": {
        "nearby_projects": "https://api.kickstarter.com/v1/discover?signature=1524082142.b478ca98d86a6162f9cc889c688cb23617215ce1&woe_id=854823"
      },
      "web": {
        "discover": "https://www.kickstarter.com/discover/places/riga-lv",
        "location": "https://www.kickstarter.com/locations/riga-lv"
      }
    }
  },
  "name": "STEER: Wearable Device That Will Not Let You Fall Asleep",
  "photo": {
    "1024x576": "https://ksr-ugc.imgix.net/assets/017/373/326/99a97d1b7cb2516c705555b659e3b4e3_original.jpg?crop=faces&w=1024&h=576&fit=crop&v=1500486994&auto=format&q=92&s=2a2104d534d7c08995e3c578992dfb29",
    "1536x864": "https://ksr-ugc.imgix.net/assets/017/373/326/99a97d1b7cb2516c705555b659e3b4e3_original.jpg?crop=faces&w=1552&h=873&fit=crop&v=1500486994&auto=format&q=92&s=3676fa9f8533099a53d1f22e48f943fd",
    "ed": "https://ksr-ugc.imgix.net/assets/017/373/326/99a97d1b7cb2516c705555b659e3b4e3_original.jpg?crop=faces&w=352&h=198&fit=crop&v=1500486994&auto=format&q=92&s=15bc11ed0489191a6157260809b25493",
    "full": "https://ksr-ugc.imgix.net/assets/017/373/326/99a97d1b7cb2516c705555b659e3b4e3_original.jpg?crop=faces&w=560&h=315&fit=crop&v=1500486994&auto=format&q=92&s=156ceaca456e6a06611efcdef4f3a890",
    "key": "assets/017/373/326/99a97d1b7cb2516c705555b659e3b4e3_original.jpg",
    "little": "https://ksr-ugc.imgix.net/assets/017/373/326/99a97d1b7cb2516c705555b659e3b4e3_original.jpg?crop=faces&w=208&h=117&fit=crop&v=1500486994&auto=format&q=92&s=da7e71a06e65b45e088ff5867766f5fd",
    "med": "https://ksr-ugc.imgix.net/assets/017/373/326/99a97d1b7cb2516c705555b659e3b4e3_original.jpg?crop=faces&w=272&h=153&fit=crop&v=1500486994&auto=format&q=92&s=8c468513088e8cf0ec8727f6e1fa01e0",
    "small": "https://ksr-ugc.imgix.net/assets/017/373/326/99a97d1b7cb2516c705555b659e3b4e3_original.jpg?crop=faces&w=160&h=90&fit=crop&v=1500486994&auto=format&q=92&s=fdbfc1c555f3ee22afe8403ee32a4a9f",
    "thumb": "https://ksr-ugc.imgix.net/assets/017/373/326/99a97d1b7cb2516c705555b659e3b4e3_original.jpg?crop=faces&w=48&h=27&fit=crop&v=1500486994&auto=format&q=92&s=16c1ebc5144b256234da71c205c0e3b4"
  },
  "pledged": 32374.0,
  "profile": {
    "background_color": "",
    "background_image_attributes": {
      "id": 17731989,
      "image_urls": {
        "baseball_card": "https://ksr-ugc.imgix.net/assets/017/731/989/d56020617d2461391f2c5c4c11302cde_original.jpg?w=460&fit=max&v=1501540309&auto=format&q=92&s=29e8632a8d5c6396c25a3835d6fab788",
        "default": "https://ksr-ugc.imgix.net/assets/017/731/989/d56020617d2461391f2c5c4c11302cde_original.jpg?w=1600&fit=max&v=1501540309&auto=format&q=92&s=9767f5d3908ebe976aebf865bcb88df1"
      }
    },
    "background_image_opacity": 0.27,
    "blurb": "At any sign of drowsiness, Steer will warn you with vibration and gentle electric impulse, so you do not fall asleep while driving.",
    "feature_image_attributes": {
      "image_urls": {
        "baseball_card": "https://ksr-ugc.imgix.net/assets/017/373/326/99a97d1b7cb2516c705555b659e3b4e3_original.jpg?crop=faces&w=560&h=315&fit=crop&v=1500486994&auto=format&q=92&s=156ceaca456e6a06611efcdef4f3a890",
        "default": "https://ksr-ugc.imgix.net/assets/017/373/326/99a97d1b7cb2516c705555b659e3b4e3_original.jpg?crop=faces&w=1552&h=873&fit=crop&v=1500486994&auto=format&q=92&s=3676fa9f8533099a53d1f22e48f943fd"
      }
    },
    "id": 3058052,
    "link_background_color": "2450ff",
    "link_text": "Pre-order STEER",
    "link_text_color": "",
    "link_url": "https://www.indiegogo.com/projects/steer-wearable-device-that-will-not-let-you-fall-car-sleep",
    "name": "STEER: Wearable Device That Will Not Let You Fall Asleep",
    "project_id": 3058052,
    "should_show_feature_image_section": true,
    "show_feature_image": false,
    "state": "active",
    "state_changed_at": 1501540393,
    "text_color": "ffffff"
  },
  "slug": "steer-you-will-never-fall-asleep-while-driving",
  "spotlight": true,
  "staff_pick": false,
  "state": "successful",
  "state_changed_at": 1501534501,
  "static_usd_rate": 1.15388299,
  "urls": {
    "web": {
      "project": "https://www.kickstarter.com/projects/creativemode/steer-you-will-never-fall-asleep-while-driving?ref=category_newest",
      "rewards": "https://www.kickstarter.com/projects/creativemode/steer-you-will-never-fall-asleep-while-driving/rewards"
    }
  },
  "usd_pledged": "37355.80791826",
  "usd_type": "international"
}