{
  "backers_count": 5946,
  "blurb": "Pimax 8K allows users to experience VR with Peripheral vision while solving the problem of screen door effect and motion sickness",
  "category": {
    "color": 6526716,
    "id": 52,
    "name": "Hardware",
    "parent_id": 16,
    "position": 8,
    "slug": "technology/hardware",
    "urls": {
      "web": {
        "discover": "http://www.kickstarter.com/discover/categories/technology/hardware"
      }
    }
  },
  "converted_pledged_amount": 4236618,
  "country": "US",
  "created_at": 1481278172,
  "creator": {
    "avatar": {
      "medium": "https://ksr-ugc.imgix.net/assets/014/865/142/cf0454f83be125b2d9514e57be97062b_original.png?w=160&h=160&fit=crop&v=1481606650&auto=format&q=92&s=2688beb6f595219c5587106787e39ae3",
      "small": "https://ksr-ugc.imgix.net/assets/014/865/142/cf0454f83be125b2d9514e57be97062b_original.png?w=160&h=160&fit=crop&v=1481606650&auto=format&q=92&s=2688beb6f595219c5587106787e39ae3",
      "thumb": "https://ksr-ugc.imgix.net/assets/014/865/142/cf0454f83be125b2d9514e57be97062b_original.png?w=40&h=40&fit=crop&v=1481606650&auto=format&q=92&s=b399875d185ab7fc16577c75f37aab49"
    },
    "chosen_currency": null,
    "id": 58148988,
    "is_registered": true,
    "name": "Pimax 8K VR",
    "slug": "pimax8kvr",
    "urls": {
      "api": {
        "user": "https://api.kickstarter.com/v1/users/58148988?signature=1524101621.c911eb82c01eb92665098db9d2b0fb121d257ac0"
      },
      "web": {
        "user": "https://www.kickstarter.com/profile/pimax8kvr"
      }
    }
  },
  "currency": "USD",
  "currency_symbol": "$",
  "currency_trailing_code": true,
  "current_currency": "USD",
  "deadline": 1509728543,
  "disable_communication": false,
  "fx_rate": 1.0,
  "goal": 200000.0,
  "id": 1001502333,
  "is_starrable": false,
  "launched_at": 1505840543,
  "location": {
    "country": "US",
    "displayable_name": "San Jose, CA",
    "id": 2488042,
    "is_root": false,
    "localized_name": "San Jose",
    "name": "San Jose",
    "short_name": "San Jose, CA",
    "slug": "san-jose-ca",
    "state": "CA",
    "type": "Town",
    "urls": {
      "api": {
        "nearby_projects": "https://api.kickstarter.com/v1/discover?signature=1524082109.bba2dfbe2cc906a1b61327fe22d5b1d8f5264f73&woe_id=2488042"
      },
      "web": {
        "discover": "https://www.kickstarter.com/discover/places/san-jose-ca",
        "location": "https://www.kickstarter.com/locations/san-jose-ca"
      }
    }
  },
  "name": "Pimax: The World's First 8K VR Headset",
  "photo": {
    "1024x576": "https://ksr-ugc.imgix.net/assets/014/865/737/22a6a55508e9f4bffd51cf22baaf26ab_original.png?crop=faces&w=1024&h=576&fit=crop&v=1505855621&auto=format&q=92&s=53937434b6346c85e141521c83580d20",
    "1536x864": "https://ksr-ugc.imgix.net/assets/014/865/737/22a6a55508e9f4bffd51cf22baaf26ab_original.png?crop=faces&w=1552&h=873&fit=crop&v=1505855621&auto=format&q=92&s=58b912f528ea1db176eb0faa7c47f288",
    "ed": "https://ksr-ugc.imgix.net/assets/014/865/737/22a6a55508e9f4bffd51cf22baaf26ab_original.png?crop=faces&w=352&h=198&fit=crop&v=1505855621&auto=format&q=92&s=d5db70d18d2fee3dc59513dc22ac0e1a",
    "full": "https://ksr-ugc.imgix.net/assets/014/865/737/22a6a55508e9f4bffd51cf22baaf26ab_original.png?crop=faces&w=560&h=315&fit=crop&v=1505855621&auto=format&q=92&s=2482a1d4a81419a0d6f871e2ba62dc18",
    "key": "assets/014/865/737/22a6a55508e9f4bffd51cf22baaf26ab_original.png",
    "little": "https://ksr-ugc.imgix.net/assets/014/865/737/22a6a55508e9f4bffd51cf22baaf26ab_original.png?crop=faces&w=208&h=117&fit=crop&v=1505855621&auto=format&q=92&s=2bee888b8ec49fe5435a5362fa8eaeeb",
    "med": "https://ksr-ugc.imgix.net/assets/014/865/737/22a6a55508e9f4bffd51cf22baaf26ab_original.png?crop=faces&w=272&h=153&fit=crop&v=1505855621&auto=format&q=92&s=a3a003515b31a74af2dbdd72a5b72a39",
    "small": "https://ksr-ugc.imgix.net/assets/014/865/737/22a6a55508e9f4bffd51cf22baaf26ab_original.png?crop=faces&w=160&h=90&fit=crop&v=1505855621&auto=format&q=92&s=3e48cc7b6af5d7e1476b5b2345c30629",
    "thumb": "https://ksr-ugc.imgix.net/assets/014/865/737/22a6a55508e9f4bffd51cf22baaf26ab_original.png?crop=faces&w=48&h=27&fit=crop&v=1505855621&auto=format&q=92&s=4c31a61211b4fabb4e3778b5c952d4c2"
  },
  "pledged": 4236618.49,
  "profile": {
    "background_color": "",
    "background_image_opacity": 0.8,
    "blurb": "Pimax 8K allows users to experience VR with Peripheral vision while solving the problem of screen door effect and motion sickness",
    "feature_image_attributes": {
      "image_urls": {
        "baseball_card": "https://ksr-ugc.imgix.net/assets/014/865/737/22a6a55508e9f4bffd51cf22baaf26ab_original.png?crop=faces&w=560&h=315&fit=crop&v=1505855621&auto=format&q=92&s=2482a1d4a81419a0d6f871e2ba62dc18",
        "default": "https://ksr-ugc.imgix.net/assets/014/865/737/22a6a55508e9f4bffd51cf22baaf26ab_original.png?crop=faces&w=1552&h=873&fit=crop&v=1505855621&auto=format&q=92&s=58b912f528ea1db176eb0faa7c47f288"
      }
    },
    "id": 2793014,
    "link_background_color": "",
    "link_text": "Pimax 8K pre-order",
    "link_text_color": "",
    "link_url": "http://eepurl.com/cCSair",
    "name": "Pimax: The World's First 8K VR Headset",
    "project_id": 2793014,
    "should_show_feature_image_section": true,
    "show_feature_image": false,
    "state": "active",
    "state_changed_at": 1522295720,
    "text_color": ""
  },
  "slug": "pimax-the-worlds-first-8k-vr-headset",
  "spotlight": true,
  "staff_pick": true,
  "state": "successful",
  "state_changed_at": 1509728544,
  "static_usd_rate": 1.0,
  "urls": {
    "web": {
      "project": "https://www.kickstarter.com/projects/pimax8kvr/pimax-the-worlds-first-8k-vr-headset?ref=category_newest",
      "rewards": "https://www.kickstarter.com/projects/pimax8kvr/pimax-the-worlds-first-8k-vr-headset/rewards"
    }
  },
  "usd_pledged": "4236618.49",
  "usd_type": "international"
}