{
  "backers_count": 0,
  "blurb": "Help the addict that still suffers 24/7 virtually from a social media website,cellphone app like facebook with face video meetn & more,",
  "category": {
    "color": 6526716,
    "id": 332,
    "name": "Apps",
    "parent_id": 16,
    "position": 2,
    "slug": "technology/apps",
    "urls": {
      "web": {
        "discover": "http://www.kickstarter.com/discover/categories/technology/apps"
      }
    }
  },
  "converted_pledged_amount": 0,
  "country": "US",
  "created_at": 1403468786,
  "creator": {
    "avatar": {
      "medium": "https://ksr-ugc.imgix.net/assets/008/898/159/1e0f9ac045a879d92b63df6a516d35b3_original.jpg?w=160&h=160&fit=crop&v=1461548830&auto=format&q=92&s=b81ced0f8adcc23ba7ba5ebc6458b28a",
      "small": "https://ksr-ugc.imgix.net/assets/008/898/159/1e0f9ac045a879d92b63df6a516d35b3_original.jpg?w=160&h=160&fit=crop&v=1461548830&auto=format&q=92&s=b81ced0f8adcc23ba7ba5ebc6458b28a",
      "thumb": "https://ksr-ugc.imgix.net/assets/008/898/159/1e0f9ac045a879d92b63df6a516d35b3_original.jpg?w=40&h=40&fit=crop&v=1461548830&auto=format&q=92&s=1b01a03697edb6e0a6137ce817daf62c"
    },
    "chosen_currency": null,
    "id": 1036763577,
    "is_registered": true,
    "name": "Trent Lowe",
    "urls": {
      "api": {
        "user": "https://api.kickstarter.com/v1/users/1036763577?signature=1524100462.04ca44c5e9dcd119ff7c89e9e3f38cd1c1e19ea8"
      },
      "web": {
        "user": "https://www.kickstarter.com/profile/1036763577"
      }
    }
  },
  "currency": "USD",
  "currency_symbol": "$",
  "currency_trailing_code": true,
  "current_currency": "USD",
  "deadline": 1435502947,
  "disable_communication": false,
  "fx_rate": 1.0,
  "goal": 8500.0,
  "id": 1001565620,
  "is_starrable": false,
  "launched_at": 1430318947,
  "location": {
    "country": "US",
    "displayable_name": "Rocky Mount, NC",
    "id": 2483709,
    "is_root": false,
    "localized_name": "Rocky Mount",
    "name": "Rocky Mount",
    "short_name": "Rocky Mount, NC",
    "slug": "rocky-mount-nc",
    "state": "NC",
    "type": "Town",
    "urls": {
      "api": {
        "nearby_projects": "https://api.kickstarter.com/v1/discover?signature=1524082538.5c833be5ec4c21bb7ffa4de4866f9250ba5c72a6&woe_id=2483709"
      },
      "web": {
        "discover": "https://www.kickstarter.com/discover/places/rocky-mount-nc",
        "location": "https://www.kickstarter.com/locations/rocky-mount-nc"
      }
    }
  },
  "name": "Virtual Addiction Recovery Website & Phone App/ Saving life",
  "photo": {
    "1024x576": "https://ksr-ugc.imgix.net/assets/011/730/506/083fdd9208f6733a213c7b7b46af3014_original.jpg?crop=faces&w=1024&h=576&fit=crop&v=1463687482&auto=format&q=92&s=e2e57b426c3280e9637a781a695cb449",
    "1536x864": "https://ksr-ugc.imgix.net/assets/011/730/506/083fdd9208f6733a213c7b7b46af3014_original.jpg?crop=faces&w=1552&h=873&fit=crop&v=1463687482&auto=format&q=92&s=9f499f25ada07906de40104a840cac57",
    "ed": "https://ksr-ugc.imgix.net/assets/011/730/506/083fdd9208f6733a213c7b7b46af3014_original.jpg?crop=faces&w=352&h=198&fit=crop&v=1463687482&auto=format&q=92&s=9b68668f9f25a9506c67fd319c44d77e",
    "full": "https://ksr-ugc.imgix.net/assets/011/730/506/083fdd9208f6733a213c7b7b46af3014_original.jpg?crop=faces&w=560&h=315&fit=crop&v=1463687482&auto=format&q=92&s=defca38be1107b7165a9fbb14316e332",
    "key": "assets/011/730/506/083fdd9208f6733a213c7b7b46af3014_original.jpg",
    "little": "https://ksr-ugc.imgix.net/assets/011/730/506/083fdd9208f6733a213c7b7b46af3014_original.jpg?crop=faces&w=208&h=117&fit=crop&v=1463687482&auto=format&q=92&s=8a4f8793fbe3d104149c20099595d772",
    "med": "https://ksr-ugc.imgix.net/assets/011/730/506/083fdd9208f6733a213c7b7b46af3014_original.jpg?crop=faces&w=272&h=153&fit=crop&v=1463687482&auto=format&q=92&s=8b302653b8235e69253c68fda95261f2",
    "small": "https://ksr-ugc.imgix.net/assets/011/730/506/083fdd9208f6733a213c7b7b46af3014_original.jpg?crop=faces&w=160&h=90&fit=crop&v=1463687482&auto=format&q=92&s=e4c7d204214d3a6d50994f323a1c243a",
    "thumb": "https://ksr-ugc.imgix.net/assets/011/730/506/083fdd9208f6733a213c7b7b46af3014_original.jpg?crop=faces&w=48&h=27&fit=crop&v=1463687482&auto=format&q=92&s=b1dcc263fb8a670df31fd8634b883025"
  },
  "pledged": 0.0,
  "profile": {
    "background_color": null,
    "background_image_opacity": 0.8,
    "blurb": null,
    "feature_image_attributes": {
      "image_urls": {
        "baseball_card": "https://ksr-ugc.imgix.net/assets/011/730/506/083fdd9208f6733a213c7b7b46af3014_original.jpg?crop=faces&w=560&h=315&fit=crop&v=1463687482&auto=format&q=92&s=defca38be1107b7165a9fbb14316e332",
        "default": "https://ksr-ugc.imgix.net/assets/011/730/506/083fdd9208f6733a213c7b7b46af3014_original.jpg?crop=faces&w=1552&h=873&fit=crop&v=1463687482&auto=format&q=92&s=9f499f25ada07906de40104a840cac57"
      }
    },
    "id": 1079488,
    "link_background_color": null,
    "link_text": null,
    "link_text_color": null,
    "link_url": null,
    "name": null,
    "project_id": 1079488,
    "should_show_feature_image_section": true,
    "show_feature_image": false,
    "state": "inactive",
    "state_changed_at": 1425915860,
    "text_color": null
  },
  "slug": "virtual-addiction-recovery-website-and-phone-app-s",
  "spotlight": false,
  "staff_pick": false,
  "state": "failed",
  "state_changed_at": 1435502949,
  "static_usd_rate": 1.0,
  "urls": {
    "web": {
      "project": "https://www.kickstarter.com/projects/1036763577/virtual-addiction-recovery-website-and-phone-app-s?ref=category_newest",
      "rewards": "https://www.kickstarter.com/projects/1036763577/virtual-addiction-recovery-website-and-phone-app-s/rewards"
    }
  },
  "usd_pledged": "0.0",
  "usd_type": "international"
}