{
  "backers_count": 2278,
  "blurb": "XPUMP unleashes immersive sound with the touch of your fingertips. Hear the difference.",
  "category": {
    "color": 6526716,
    "id": 339,
    "name": "Sound",
    "parent_id": 16,
    "position": 12,
    "slug": "technology/sound",
    "urls": {
      "web": {
        "discover": "http://www.kickstarter.com/discover/categories/technology/sound"
      }
    }
  },
  "converted_pledged_amount": 227673,
  "country": "US",
  "created_at": 1470637284,
  "creator": {
    "avatar": {
      "medium": "https://ksr-ugc.imgix.net/assets/008/450/556/aed15507237085de8ff99ea67fae5016_original.jpg?w=160&h=160&fit=crop&v=1467989560&auto=format&q=92&s=e57f51c5f18e9fd9f2b166bd5c90dc51",
      "small": "https://ksr-ugc.imgix.net/assets/008/450/556/aed15507237085de8ff99ea67fae5016_original.jpg?w=160&h=160&fit=crop&v=1467989560&auto=format&q=92&s=e57f51c5f18e9fd9f2b166bd5c90dc51",
      "thumb": "https://ksr-ugc.imgix.net/assets/008/450/556/aed15507237085de8ff99ea67fae5016_original.jpg?w=40&h=40&fit=crop&v=1467989560&auto=format&q=92&s=dfdc9b6fc6da1bd37346364a2afb95bd"
    },
    "chosen_currency": null,
    "id": 819767230,
    "is_registered": true,
    "name": "Peng Lee",
    "urls": {
      "api": {
        "user": "https://api.kickstarter.com/v1/users/819767230?signature=1524102465.208301a6497fe6c04c3e7c33e5fb18070f72c2c1"
      },
      "web": {
        "user": "https://www.kickstarter.com/profile/819767230"
      }
    }
  },
  "currency": "USD",
  "currency_symbol": "$",
  "currency_trailing_code": true,
  "current_currency": "USD",
  "deadline": 1477036803,
  "disable_communication": false,
  "fx_rate": 1.0,
  "goal": 25000.0,
  "id": 1001265769,
  "is_starrable": false,
  "launched_at": 1473148803,
  "location": {
    "country": "US",
    "displayable_name": "San Jose, CA",
    "id": 2488042,
    "is_root": false,
    "localized_name": "San Jose",
    "name": "San Jose",
    "short_name": "San Jose, CA",
    "slug": "san-jose-ca",
    "state": "CA",
    "type": "Town",
    "urls": {
      "api": {
        "nearby_projects": "https://api.kickstarter.com/v1/discover?signature=1524082109.bba2dfbe2cc906a1b61327fe22d5b1d8f5264f73&woe_id=2488042"
      },
      "web": {
        "discover": "https://www.kickstarter.com/discover/places/san-jose-ca",
        "location": "https://www.kickstarter.com/locations/san-jose-ca"
      }
    }
  },
  "name": "XPUMP | TURN ANY SOUND SOURCE INTO A HOME THEATER EXPERIENCE",
  "photo": {
    "1024x576": "https://ksr-ugc.imgix.net/assets/013/528/230/1f8ebe5fedd33f76988b88d9223c4012_original.png?crop=faces&w=1024&h=576&fit=crop&v=1473844423&auto=format&q=92&s=b8e0f002e561aab5355afbb87166f877",
    "1536x864": "https://ksr-ugc.imgix.net/assets/013/528/230/1f8ebe5fedd33f76988b88d9223c4012_original.png?crop=faces&w=1552&h=873&fit=crop&v=1473844423&auto=format&q=92&s=4c9a23a33a4108b9c205630a03edda75",
    "ed": "https://ksr-ugc.imgix.net/assets/013/528/230/1f8ebe5fedd33f76988b88d9223c4012_original.png?crop=faces&w=352&h=198&fit=crop&v=1473844423&auto=format&q=92&s=72d7ec198659c367541edddddebda01c",
    "full": "https://ksr-ugc.imgix.net/assets/013/528/230/1f8ebe5fedd33f76988b88d9223c4012_original.png?crop=faces&w=560&h=315&fit=crop&v=1473844423&auto=format&q=92&s=81d0cd980bf6a25760e69d43e1b89262",
    "key": "assets/013/528/230/1f8ebe5fedd33f76988b88d9223c4012_original.png",
    "little": "https://ksr-ugc.imgix.net/assets/013/528/230/1f8ebe5fedd33f76988b88d9223c4012_original.png?crop=faces&w=208&h=117&fit=crop&v=1473844423&auto=format&q=92&s=f1a7aba886295f46ed47d907c4779bb4",
    "med": "https://ksr-ugc.imgix.net/assets/013/528/230/1f8ebe5fedd33f76988b88d9223c4012_original.png?crop=faces&w=272&h=153&fit=crop&v=1473844423&auto=format&q=92&s=92dac183a931cb38ec429cf54fad591c",
    "small": "https://ksr-ugc.imgix.net/assets/013/528/230/1f8ebe5fedd33f76988b88d9223c4012_original.png?crop=faces&w=160&h=90&fit=crop&v=1473844423&auto=format&q=92&s=7d5eefbb8e80c5531207dbbc28027998",
    "thumb": "https://ksr-ugc.imgix.net/assets/013/528/230/1f8ebe5fedd33f76988b88d9223c4012_original.png?crop=faces&w=48&h=27&fit=crop&v=1473844423&auto=format&q=92&s=5d9e47c4b8db8fb443bb9ef600ed957b"
  },
  "pledged": 227673.0,
  "profile": {
    "background_color": "",
    "background_image_opacity": 0.8,
    "blurb": "XPUMP unleashes immersive sound with the touch of your fingertips. Hear the difference.",
    "feature_image_attributes": {
      "image_urls": {
        "baseball_card": "https://ksr-ugc.imgix.net/assets/013/528/230/1f8ebe5fedd33f76988b88d9223c4012_original.png?crop=faces&w=560&h=315&fit=crop&v=1473844423&auto=format&q=92&s=81d0cd980bf6a25760e69d43e1b89262",
        "default": "https://ksr-ugc.imgix.net/assets/013/528/230/1f8ebe5fedd33f76988b88d9223c4012_original.png?crop=faces&w=1552&h=873&fit=crop&v=1473844423&auto=format&q=92&s=4c9a23a33a4108b9c205630a03edda75"
      }
    },
    "id": 2630848,
    "link_background_color": "ff9900",
    "link_text": "Order NOW!",
    "link_text_color": "",
    "link_url": "https://www.indiegogo.com/projects/xpump-sound/x/13704273#/",
    "name": "XPUMP | TURN ANY SOUND SOURCE INTO A HOME THEATER EXPERIENCE",
    "project_id": 2630848,
    "should_show_feature_image_section": true,
    "show_feature_image": false,
    "state": "active",
    "state_changed_at": 1477043829,
    "text_color": ""
  },
  "slug": "xpump-turn-any-sound-source-into-a-home-theater-ex",
  "spotlight": true,
  "staff_pick": false,
  "state": "successful",
  "state_changed_at": 1477036803,
  "static_usd_rate": 1.0,
  "urls": {
    "web": {
      "project": "https://www.kickstarter.com/projects/819767230/xpump-turn-any-sound-source-into-a-home-theater-ex?ref=category_newest",
      "rewards": "https://www.kickstarter.com/projects/819767230/xpump-turn-any-sound-source-into-a-home-theater-ex/rewards"
    }
  },
  "usd_pledged": "227673.0",
  "usd_type": "international"
}