{
  "backers_count": 0,
  "blurb": "The goal is to create a site that will allow college students to link together and find the hottest spring break locations.",
  "category": {
    "color": 6526716,
    "id": 342,
    "name": "Web",
    "parent_id": 16,
    "position": 15,
    "slug": "technology/web",
    "urls": {
      "web": {
        "discover": "http://www.kickstarter.com/discover/categories/technology/web"
      }
    }
  },
  "converted_pledged_amount": 0,
  "country": "US",
  "created_at": 1424714851,
  "creator": {
    "avatar": {
      "medium": "https://ksr-ugc.imgix.net/assets/009/607/239/5977ce9a05a0701eec35da104a279cb7_original.JPG?w=160&h=160&fit=crop&v=1461606272&auto=format&q=92&s=5e153c94e0b18fb1218f6cbdf28fbdba",
      "small": "https://ksr-ugc.imgix.net/assets/009/607/239/5977ce9a05a0701eec35da104a279cb7_original.JPG?w=160&h=160&fit=crop&v=1461606272&auto=format&q=92&s=5e153c94e0b18fb1218f6cbdf28fbdba",
      "thumb": "https://ksr-ugc.imgix.net/assets/009/607/239/5977ce9a05a0701eec35da104a279cb7_original.JPG?w=40&h=40&fit=crop&v=1461606272&auto=format&q=92&s=14c3bd69552d0f092b95f3bfc9712961"
    },
    "chosen_currency": null,
    "id": 252769456,
    "is_registered": true,
    "name": "Rohan Singh",
    "urls": {
      "api": {
        "user": "https://api.kickstarter.com/v1/users/252769456?signature=1524103096.8904ad974d6fdfe1d49bb51f44f04500281c3b4a"
      },
      "web": {
        "user": "https://www.kickstarter.com/profile/252769456"
      }
    }
  },
  "currency": "USD",
  "currency_symbol": "$",
  "currency_trailing_code": true,
  "current_currency": "USD",
  "deadline": 1427564155,
  "disable_communication": false,
  "fx_rate": 1.0,
  "goal": 9000.0,
  "id": 1001573862,
  "is_starrable": false,
  "launched_at": 1424975755,
  "location": {
    "country": "US",
    "displayable_name": "Washington, DC",
    "id": 2514815,
    "is_root": false,
    "localized_name": "Washington",
    "name": "Washington",
    "short_name": "Washington, DC",
    "slug": "washington-dc",
    "state": "DC",
    "type": "Town",
    "urls": {
      "api": {
        "nearby_projects": "https://api.kickstarter.com/v1/discover?signature=1524082111.e0a075516614f948e0b1fb865d83add56e8bd185&woe_id=2514815"
      },
      "web": {
        "discover": "https://www.kickstarter.com/discover/places/washington-dc",
        "location": "https://www.kickstarter.com/locations/washington-dc"
      }
    }
  },
  "name": "College Spring Break Review",
  "photo": {
    "1024x576": "https://ksr-ugc.imgix.net/assets/012/047/305/fae5d87f4675871aab0e82d64db54b5c_original.jpg?crop=faces&w=1024&h=576&fit=crop&v=1463727148&auto=format&q=92&s=85d6d89c0bf2c87628db8dc3515e3495",
    "1536x864": "https://ksr-ugc.imgix.net/assets/012/047/305/fae5d87f4675871aab0e82d64db54b5c_original.jpg?crop=faces&w=1552&h=873&fit=crop&v=1463727148&auto=format&q=92&s=ac220fc2fe8db597c1885f5eb25ec5a7",
    "ed": "https://ksr-ugc.imgix.net/assets/012/047/305/fae5d87f4675871aab0e82d64db54b5c_original.jpg?crop=faces&w=352&h=198&fit=crop&v=1463727148&auto=format&q=92&s=a11f203ce8049916ff3a91060ad567af",
    "full": "https://ksr-ugc.imgix.net/assets/012/047/305/fae5d87f4675871aab0e82d64db54b5c_original.jpg?crop=faces&w=560&h=315&fit=crop&v=1463727148&auto=format&q=92&s=0591e24cb5c4eda68e218db0373d94d1",
    "key": "assets/012/047/305/fae5d87f4675871aab0e82d64db54b5c_original.jpg",
    "little": "https://ksr-ugc.imgix.net/assets/012/047/305/fae5d87f4675871aab0e82d64db54b5c_original.jpg?crop=faces&w=208&h=117&fit=crop&v=1463727148&auto=format&q=92&s=46910117f4a21f8c399f17a04a650368",
    "med": "https://ksr-ugc.imgix.net/assets/012/047/305/fae5d87f4675871aab0e82d64db54b5c_original.jpg?crop=faces&w=272&h=153&fit=crop&v=1463727148&auto=format&q=92&s=fbcaabb253fb9ef9ddd596a7877b07b0",
    "small": "https://ksr-ugc.imgix.net/assets/012/047/305/fae5d87f4675871aab0e82d64db54b5c_original.jpg?crop=faces&w=160&h=90&fit=crop&v=1463727148&auto=format&q=92&s=4fb71186e004e693b78e9826e79156ba",
    "thumb": "https://ksr-ugc.imgix.net/assets/012/047/305/fae5d87f4675871aab0e82d64db54b5c_original.jpg?crop=faces&w=48&h=27&fit=crop&v=1463727148&auto=format&q=92&s=9ed3b12b0aa02d5a001160848ce6d1f4"
  },
  "pledged": 0.0,
  "profile": {
    "background_color": null,
    "background_image_opacity": 0.8,
    "blurb": null,
    "feature_image_attributes": {
      "image_urls": {
        "baseball_card": "https://ksr-ugc.imgix.net/assets/012/047/305/fae5d87f4675871aab0e82d64db54b5c_original.jpg?crop=faces&w=560&h=315&fit=crop&v=1463727148&auto=format&q=92&s=0591e24cb5c4eda68e218db0373d94d1",
        "default": "https://ksr-ugc.imgix.net/assets/012/047/305/fae5d87f4675871aab0e82d64db54b5c_original.jpg?crop=faces&w=1552&h=873&fit=crop&v=1463727148&auto=format&q=92&s=ac220fc2fe8db597c1885f5eb25ec5a7"
      }
    },
    "id": 1725963,
    "link_background_color": null,
    "link_text": null,
    "link_text_color": null,
    "link_url": null,
    "name": null,
    "project_id": 1725963,
    "should_show_feature_image_section": true,
    "show_feature_image": false,
    "state": "inactive",
    "state_changed_at": 1425915895,
    "text_color": null
  },
  "slug": "college-spring-break-review",
  "spotlight": false,
  "staff_pick": false,
  "state": "failed",
  "state_changed_at": 1427564156,
  "static_usd_rate": 1.0,
  "urls": {
    "web": {
      "project": "https://www.kickstarter.com/projects/252769456/college-spring-break-review?ref=category_newest",
      "rewards": "https://www.kickstarter.com/projects/252769456/college-spring-break-review/rewards"
    }
  },
  "usd_pledged": "0.0",
  "usd_type": "international"
}