{
  "backers_count": 0,
  "blurb": "The project is simple we build a new social network that allow you to communicate and discover very easy new people.",
  "category": {
    "color": 6526716,
    "id": 342,
    "name": "Web",
    "parent_id": 16,
    "position": 15,
    "slug": "technology/web",
    "urls": {
      "web": {
        "discover": "http://www.kickstarter.com/discover/categories/technology/web"
      }
    }
  },
  "converted_pledged_amount": 0,
  "country": "GB",
  "created_at": 1413133219,
  "creator": {
    "avatar": {
      "medium": "https://ksr-ugc.imgix.net/assets/009/240/186/f3646178481b9fda5c39c1fe6835f02e_original.jpg?w=160&h=160&fit=crop&v=1461567102&auto=format&q=92&s=a768657b8f6ddd96a094f0a08556b646",
      "small": "https://ksr-ugc.imgix.net/assets/009/240/186/f3646178481b9fda5c39c1fe6835f02e_original.jpg?w=160&h=160&fit=crop&v=1461567102&auto=format&q=92&s=a768657b8f6ddd96a094f0a08556b646",
      "thumb": "https://ksr-ugc.imgix.net/assets/009/240/186/f3646178481b9fda5c39c1fe6835f02e_original.jpg?w=40&h=40&fit=crop&v=1461567102&auto=format&q=92&s=42e7ec9ab05069708bbfa99ef8c70ac8"
    },
    "chosen_currency": null,
    "id": 1848731613,
    "is_registered": true,
    "name": "Bogdan Chirila",
    "urls": {
      "api": {
        "user": "https://api.kickstarter.com/v1/users/1848731613?signature=1524103015.8bd2623c5d102ce399234eff91ee619d28a9b6b9"
      },
      "web": {
        "user": "https://www.kickstarter.com/profile/1848731613"
      }
    }
  },
  "currency": "GBP",
  "currency_symbol": "\u00a3",
  "currency_trailing_code": false,
  "current_currency": "USD",
  "deadline": 1416006616,
  "disable_communication": false,
  "fx_rate": 1.43358488,
  "goal": 5000.0,
  "id": 100296818,
  "is_starrable": false,
  "launched_at": 1413411016,
  "location": {
    "country": "GB",
    "displayable_name": "London, UK",
    "id": 44418,
    "is_root": false,
    "localized_name": "London",
    "name": "London",
    "short_name": "London, UK",
    "slug": "london-gb",
    "state": "England",
    "type": "Town",
    "urls": {
      "api": {
        "nearby_projects": "https://api.kickstarter.com/v1/discover?signature=1524082109.5118e135081e740cf60892f6b56ae9d8b8d0db64&woe_id=44418"
      },
      "web": {
        "discover": "https://www.kickstarter.com/discover/places/london-gb",
        "location": "https://www.kickstarter.com/locations/london-gb"
      }
    }
  },
  "name": "New Social Network",
  "photo": {
    "1024x576": "https://ksr-ugc.imgix.net/assets/011/905/347/65c16ce33789e394b5823be919e60d8d_original.jpg?crop=faces&w=1024&h=576&fit=crop&v=1463713146&auto=format&q=92&s=ce514cff1af094d4ea163d2bbe20141b",
    "1536x864": "https://ksr-ugc.imgix.net/assets/011/905/347/65c16ce33789e394b5823be919e60d8d_original.jpg?crop=faces&w=1552&h=873&fit=crop&v=1463713146&auto=format&q=92&s=9580b17c932848b9f97499109fe25143",
    "ed": "https://ksr-ugc.imgix.net/assets/011/905/347/65c16ce33789e394b5823be919e60d8d_original.jpg?crop=faces&w=352&h=198&fit=crop&v=1463713146&auto=format&q=92&s=34da08a60c392725fa8c12c40ae0fca5",
    "full": "https://ksr-ugc.imgix.net/assets/011/905/347/65c16ce33789e394b5823be919e60d8d_original.jpg?crop=faces&w=560&h=315&fit=crop&v=1463713146&auto=format&q=92&s=7e2d297dab3ffeeb11bc5a657c611103",
    "key": "assets/011/905/347/65c16ce33789e394b5823be919e60d8d_original.jpg",
    "little": "https://ksr-ugc.imgix.net/assets/011/905/347/65c16ce33789e394b5823be919e60d8d_original.jpg?crop=faces&w=208&h=117&fit=crop&v=1463713146&auto=format&q=92&s=b3edf78d62ed9be8583624085df2551e",
    "med": "https://ksr-ugc.imgix.net/assets/011/905/347/65c16ce33789e394b5823be919e60d8d_original.jpg?crop=faces&w=272&h=153&fit=crop&v=1463713146&auto=format&q=92&s=28ec3cd0c1cdcd5f8f76c986d8056b9d",
    "small": "https://ksr-ugc.imgix.net/assets/011/905/347/65c16ce33789e394b5823be919e60d8d_original.jpg?crop=faces&w=160&h=90&fit=crop&v=1463713146&auto=format&q=92&s=9a35a46775f457855f9d6f28bf4d668d",
    "thumb": "https://ksr-ugc.imgix.net/assets/011/905/347/65c16ce33789e394b5823be919e60d8d_original.jpg?crop=faces&w=48&h=27&fit=crop&v=1463713146&auto=format&q=92&s=8b2baf96c201940d7b56a0b002c058b2"
  },
  "pledged": 0.0,
  "profile": {
    "background_color": null,
    "background_image_opacity": 0.8,
    "blurb": null,
    "feature_image_attributes": {
      "image_urls": {
        "baseball_card": "https://ksr-ugc.imgix.net/assets/011/905/347/65c16ce33789e394b5823be919e60d8d_original.jpg?crop=faces&w=560&h=315&fit=crop&v=1463713146&auto=format&q=92&s=7e2d297dab3ffeeb11bc5a657c611103",
        "default": "https://ksr-ugc.imgix.net/assets/011/905/347/65c16ce33789e394b5823be919e60d8d_original.jpg?crop=faces&w=1552&h=873&fit=crop&v=1463713146&auto=format&q=92&s=9580b17c932848b9f97499109fe25143"
      }
    },
    "id": 1433782,
    "link_background_color": null,
    "link_text": null,
    "link_text_color": null,
    "link_url": null,
    "name": null,
    "project_id": 1433782,
    "should_show_feature_image_section": true,
    "show_feature_image": false,
    "state": "inactive",
    "state_changed_at": 1425915879,
    "text_color": null
  },
  "slug": "new-social-network",
  "spotlight": false,
  "staff_pick": false,
  "state": "failed",
  "state_changed_at": 1416006616,
  "static_usd_rate": 1.60725967,
  "urls": {
    "web": {
      "project": "https://www.kickstarter.com/projects/1848731613/new-social-network?ref=category_newest",
      "rewards": "https://www.kickstarter.com/projects/1848731613/new-social-network/rewards"
    }
  },
  "usd_pledged": "0.0",
  "usd_type": "international"
}