{
  "backers_count": 1,
  "blurb": "Quikceipt! is a cloud based paperless receipt software application made to help stop paper waste and improve retail efficiency.",
  "category": {
    "color": 6526716,
    "id": 332,
    "name": "Apps",
    "parent_id": 16,
    "position": 2,
    "slug": "technology/apps",
    "urls": {
      "web": {
        "discover": "http://www.kickstarter.com/discover/categories/technology/apps"
      }
    }
  },
  "converted_pledged_amount": 50,
  "country": "US",
  "created_at": 1406501363,
  "creator": {
    "avatar": {
      "medium": "https://ksr-ugc.imgix.net/assets/008/098/419/0e141efe9b4eead88c95b1749227768a_original.jpg?w=160&h=160&fit=crop&v=1461502511&auto=format&q=92&s=8f53c8c60f19b34935eba6c69a74d6bb",
      "small": "https://ksr-ugc.imgix.net/assets/008/098/419/0e141efe9b4eead88c95b1749227768a_original.jpg?w=160&h=160&fit=crop&v=1461502511&auto=format&q=92&s=8f53c8c60f19b34935eba6c69a74d6bb",
      "thumb": "https://ksr-ugc.imgix.net/assets/008/098/419/0e141efe9b4eead88c95b1749227768a_original.jpg?w=40&h=40&fit=crop&v=1461502511&auto=format&q=92&s=4c37fd155c3c07b84205e6c846dc2060"
    },
    "chosen_currency": null,
    "id": 597002994,
    "is_registered": true,
    "name": "Rich Davis",
    "urls": {
      "api": {
        "user": "https://api.kickstarter.com/v1/users/597002994?signature=1524100216.0d593b08bc86460a337c7dfae796f9d9a3465e90"
      },
      "web": {
        "user": "https://www.kickstarter.com/profile/597002994"
      }
    }
  },
  "currency": "USD",
  "currency_symbol": "$",
  "currency_trailing_code": true,
  "current_currency": "USD",
  "deadline": 1409511349,
  "disable_communication": false,
  "fx_rate": 1.0,
  "goal": 150000.0,
  "id": 1002789956,
  "is_starrable": false,
  "launched_at": 1406919349,
  "location": {
    "country": "US",
    "displayable_name": "Tempe, AZ",
    "id": 2504633,
    "is_root": false,
    "localized_name": "Tempe",
    "name": "Tempe",
    "short_name": "Tempe, AZ",
    "slug": "tempe-az",
    "state": "AZ",
    "type": "Town",
    "urls": {
      "api": {
        "nearby_projects": "https://api.kickstarter.com/v1/discover?signature=1524082126.07b30972afb45b9af02ecdb44c7004a007f1a816&woe_id=2504633"
      },
      "web": {
        "discover": "https://www.kickstarter.com/discover/places/tempe-az",
        "location": "https://www.kickstarter.com/locations/tempe-az"
      }
    }
  },
  "name": "Quikceipt! Paperless Solutions",
  "photo": {
    "1024x576": "https://ksr-ugc.imgix.net/assets/011/809/133/354c16b5021f37aff2bb7cd014f71026_original.png?crop=faces&w=1024&h=576&fit=crop&v=1463697716&auto=format&q=92&s=03a4354a745364162eb2c3b492af8f91",
    "1536x864": "https://ksr-ugc.imgix.net/assets/011/809/133/354c16b5021f37aff2bb7cd014f71026_original.png?crop=faces&w=1552&h=873&fit=crop&v=1463697716&auto=format&q=92&s=3fe03e92fe2ba6e7aea1f93d94903fd1",
    "ed": "https://ksr-ugc.imgix.net/assets/011/809/133/354c16b5021f37aff2bb7cd014f71026_original.png?crop=faces&w=352&h=198&fit=crop&v=1463697716&auto=format&q=92&s=8148c493fb1f9fe5e9e3e0dae2923511",
    "full": "https://ksr-ugc.imgix.net/assets/011/809/133/354c16b5021f37aff2bb7cd014f71026_original.png?crop=faces&w=560&h=315&fit=crop&v=1463697716&auto=format&q=92&s=210c3ac6f47580b1bb8b786c3a41c230",
    "key": "assets/011/809/133/354c16b5021f37aff2bb7cd014f71026_original.png",
    "little": "https://ksr-ugc.imgix.net/assets/011/809/133/354c16b5021f37aff2bb7cd014f71026_original.png?crop=faces&w=208&h=117&fit=crop&v=1463697716&auto=format&q=92&s=28d35ae5f2d8bfc45f5709aa6476eb4a",
    "med": "https://ksr-ugc.imgix.net/assets/011/809/133/354c16b5021f37aff2bb7cd014f71026_original.png?crop=faces&w=272&h=153&fit=crop&v=1463697716&auto=format&q=92&s=85cc933a087644641dd847cf407625e7",
    "small": "https://ksr-ugc.imgix.net/assets/011/809/133/354c16b5021f37aff2bb7cd014f71026_original.png?crop=faces&w=160&h=90&fit=crop&v=1463697716&auto=format&q=92&s=2a5132bce3a6f151a5ca103b471f4b94",
    "thumb": "https://ksr-ugc.imgix.net/assets/011/809/133/354c16b5021f37aff2bb7cd014f71026_original.png?crop=faces&w=48&h=27&fit=crop&v=1463697716&auto=format&q=92&s=b809157bec50e0a7b141f5d287e69c9f"
  },
  "pledged": 50.0,
  "profile": {
    "background_color": null,
    "background_image_opacity": 0.8,
    "blurb": null,
    "feature_image_attributes": {
      "image_urls": {
        "baseball_card": "https://ksr-ugc.imgix.net/assets/011/809/133/354c16b5021f37aff2bb7cd014f71026_original.png?crop=faces&w=560&h=315&fit=crop&v=1463697716&auto=format&q=92&s=210c3ac6f47580b1bb8b786c3a41c230",
        "default": "https://ksr-ugc.imgix.net/assets/011/809/133/354c16b5021f37aff2bb7cd014f71026_original.png?crop=faces&w=1552&h=873&fit=crop&v=1463697716&auto=format&q=92&s=3fe03e92fe2ba6e7aea1f93d94903fd1"
      }
    },
    "id": 1233557,
    "link_background_color": null,
    "link_text": null,
    "link_text_color": null,
    "link_url": null,
    "name": null,
    "project_id": 1233557,
    "should_show_feature_image_section": true,
    "show_feature_image": false,
    "state": "inactive",
    "state_changed_at": 1425915868,
    "text_color": null
  },
  "slug": "quikceipt-paperless-solutions",
  "spotlight": false,
  "staff_pick": false,
  "state": "failed",
  "state_changed_at": 1409511350,
  "static_usd_rate": 1.0,
  "urls": {
    "web": {
      "project": "https://www.kickstarter.com/projects/597002994/quikceipt-paperless-solutions?ref=category_newest",
      "rewards": "https://www.kickstarter.com/projects/597002994/quikceipt-paperless-solutions/rewards"
    }
  },
  "usd_pledged": "50.0",
  "usd_type": "international"
}