{
  "backers_count": 4,
  "blurb": "What do you want to achieve? Set your goals and achieve them by joining millions who have the same goals in life.",
  "category": {
    "color": 6526716,
    "id": 342,
    "name": "Web",
    "parent_id": 16,
    "position": 15,
    "slug": "technology/web",
    "urls": {
      "web": {
        "discover": "http://www.kickstarter.com/discover/categories/technology/web"
      }
    }
  },
  "converted_pledged_amount": 410,
  "country": "US",
  "created_at": 1401723842,
  "creator": {
    "avatar": {
      "medium": "https://ksr-ugc.imgix.net/assets/008/815/173/c5bc648fd34b4b801888e5125c5d9187_original.jpg?w=160&h=160&fit=crop&v=1461544975&auto=format&q=92&s=cb1accec8ea15f71f64ed577c7ad1cfd",
      "small": "https://ksr-ugc.imgix.net/assets/008/815/173/c5bc648fd34b4b801888e5125c5d9187_original.jpg?w=160&h=160&fit=crop&v=1461544975&auto=format&q=92&s=cb1accec8ea15f71f64ed577c7ad1cfd",
      "thumb": "https://ksr-ugc.imgix.net/assets/008/815/173/c5bc648fd34b4b801888e5125c5d9187_original.jpg?w=40&h=40&fit=crop&v=1461544975&auto=format&q=92&s=0f9b81d640507419345bfa0d05da4fce"
    },
    "chosen_currency": null,
    "id": 1653803405,
    "is_registered": true,
    "name": "Arvand Fazeli & Mani Ramezan",
    "urls": {
      "api": {
        "user": "https://api.kickstarter.com/v1/users/1653803405?signature=1524103111.8db1f1037ffc1e8448eef068c8901e91190d37ea"
      },
      "web": {
        "user": "https://www.kickstarter.com/profile/1653803405"
      }
    }
  },
  "currency": "USD",
  "currency_symbol": "$",
  "currency_trailing_code": true,
  "current_currency": "USD",
  "deadline": 1429819282,
  "disable_communication": false,
  "fx_rate": 1.0,
  "goal": 18000.0,
  "id": 1002189572,
  "is_starrable": false,
  "launched_at": 1426795282,
  "location": {
    "country": "US",
    "displayable_name": "Brooklyn, NY",
    "id": 12589335,
    "is_root": false,
    "localized_name": "Brooklyn",
    "name": "Brooklyn",
    "short_name": "Brooklyn, NY",
    "slug": "brooklyn-ny",
    "state": "NY",
    "type": "County",
    "urls": {
      "api": {
        "nearby_projects": "https://api.kickstarter.com/v1/discover?signature=1524082109.3abdcaa67cb6d34d44ed11e2695dbfeb0a4f3a57&woe_id=12589335"
      },
      "web": {
        "discover": "https://www.kickstarter.com/discover/places/brooklyn-ny",
        "location": "https://www.kickstarter.com/locations/brooklyn-ny"
      }
    }
  },
  "name": "GoalZidia | Let's Reach Our Goals Together",
  "photo": {
    "1024x576": "https://ksr-ugc.imgix.net/assets/011/717/454/7e2ef0c793018d035281f72ede5938a1_original.jpg?crop=faces&w=1024&h=576&fit=crop&v=1463687237&auto=format&q=92&s=656d353428c9edfdc5768a74d52e377c",
    "1536x864": "https://ksr-ugc.imgix.net/assets/011/717/454/7e2ef0c793018d035281f72ede5938a1_original.jpg?crop=faces&w=1552&h=873&fit=crop&v=1463687237&auto=format&q=92&s=0efd58b0eaf6ace9b27381f951f8c4a6",
    "ed": "https://ksr-ugc.imgix.net/assets/011/717/454/7e2ef0c793018d035281f72ede5938a1_original.jpg?crop=faces&w=352&h=198&fit=crop&v=1463687237&auto=format&q=92&s=2d5c1665793211b18ba3fc4b2463ad76",
    "full": "https://ksr-ugc.imgix.net/assets/011/717/454/7e2ef0c793018d035281f72ede5938a1_original.jpg?crop=faces&w=560&h=315&fit=crop&v=1463687237&auto=format&q=92&s=da4a12360e36eee12dc565b4eed6c2ab",
    "key": "assets/011/717/454/7e2ef0c793018d035281f72ede5938a1_original.jpg",
    "little": "https://ksr-ugc.imgix.net/assets/011/717/454/7e2ef0c793018d035281f72ede5938a1_original.jpg?crop=faces&w=208&h=117&fit=crop&v=1463687237&auto=format&q=92&s=efd2f04dbf03533bab0fa5ef58d0b245",
    "med": "https://ksr-ugc.imgix.net/assets/011/717/454/7e2ef0c793018d035281f72ede5938a1_original.jpg?crop=faces&w=272&h=153&fit=crop&v=1463687237&auto=format&q=92&s=02702f7af9e62c50c67a5f58b7259186",
    "small": "https://ksr-ugc.imgix.net/assets/011/717/454/7e2ef0c793018d035281f72ede5938a1_original.jpg?crop=faces&w=160&h=90&fit=crop&v=1463687237&auto=format&q=92&s=ff18ef2f8a45584d40bfa89eee10e718",
    "thumb": "https://ksr-ugc.imgix.net/assets/011/717/454/7e2ef0c793018d035281f72ede5938a1_original.jpg?crop=faces&w=48&h=27&fit=crop&v=1463687237&auto=format&q=92&s=536ed5ab6143b4b65beb3054a109bfca"
  },
  "pledged": 410.0,
  "profile": {
    "background_color": null,
    "background_image_opacity": 0.8,
    "blurb": null,
    "feature_image_attributes": {
      "image_urls": {
        "baseball_card": "https://ksr-ugc.imgix.net/assets/011/717/454/7e2ef0c793018d035281f72ede5938a1_original.jpg?crop=faces&w=560&h=315&fit=crop&v=1463687237&auto=format&q=92&s=da4a12360e36eee12dc565b4eed6c2ab",
        "default": "https://ksr-ugc.imgix.net/assets/011/717/454/7e2ef0c793018d035281f72ede5938a1_original.jpg?crop=faces&w=1552&h=873&fit=crop&v=1463687237&auto=format&q=92&s=0efd58b0eaf6ace9b27381f951f8c4a6"
      }
    },
    "id": 1050523,
    "link_background_color": null,
    "link_text": null,
    "link_text_color": null,
    "link_url": null,
    "name": null,
    "project_id": 1050523,
    "should_show_feature_image_section": true,
    "show_feature_image": false,
    "state": "inactive",
    "state_changed_at": 1425915858,
    "text_color": null
  },
  "slug": "goalzidia-lets-reach-our-goals-together",
  "spotlight": false,
  "staff_pick": false,
  "state": "failed",
  "state_changed_at": 1429819284,
  "static_usd_rate": 1.0,
  "urls": {
    "web": {
      "project": "https://www.kickstarter.com/projects/1653803405/goalzidia-lets-reach-our-goals-together?ref=category_newest",
      "rewards": "https://www.kickstarter.com/projects/1653803405/goalzidia-lets-reach-our-goals-together/rewards"
    }
  },
  "usd_pledged": "410.0",
  "usd_type": "international"
}