{
  "backers_count": 7,
  "blurb": "You can control how much air enters the helmet by opening or closing the vents. This is very useful in bad weather, or for competition.",
  "category": {
    "color": 6526716,
    "id": 341,
    "name": "Wearables",
    "parent_id": 16,
    "position": 14,
    "slug": "technology/wearables",
    "urls": {
      "web": {
        "discover": "http://www.kickstarter.com/discover/categories/technology/wearables"
      }
    }
  },
  "converted_pledged_amount": 590,
  "country": "US",
  "created_at": 1481844225,
  "creator": {
    "avatar": {
      "medium": "https://ksr-ugc.imgix.net/assets/014/902/111/bb38de81b1f3506b323c671b68e74c11_original.jpg?w=160&h=160&fit=crop&v=1481852288&auto=format&q=92&s=828e70e90395d1ffa5a4616c0e542328",
      "small": "https://ksr-ugc.imgix.net/assets/014/902/111/bb38de81b1f3506b323c671b68e74c11_original.jpg?w=160&h=160&fit=crop&v=1481852288&auto=format&q=92&s=828e70e90395d1ffa5a4616c0e542328",
      "thumb": "https://ksr-ugc.imgix.net/assets/014/902/111/bb38de81b1f3506b323c671b68e74c11_original.jpg?w=40&h=40&fit=crop&v=1481852288&auto=format&q=92&s=705f76c79b7eb21074cb55b2e6d617f9"
    },
    "chosen_currency": null,
    "id": 806337188,
    "is_registered": true,
    "name": "Jossamer Graphics",
    "urls": {
      "api": {
        "user": "https://api.kickstarter.com/v1/users/806337188?signature=1524102795.64be76a15081b779e8c799e78e9fec64a74fabaa"
      },
      "web": {
        "user": "https://www.kickstarter.com/profile/806337188"
      }
    }
  },
  "currency": "USD",
  "currency_symbol": "$",
  "currency_trailing_code": true,
  "current_currency": "USD",
  "deadline": 1485964559,
  "disable_communication": false,
  "fx_rate": 1.0,
  "goal": 150000.0,
  "id": 1002521611,
  "is_starrable": false,
  "launched_at": 1483372559,
  "location": {
    "country": "US",
    "displayable_name": "Rye, NY",
    "id": 2486221,
    "is_root": false,
    "localized_name": "Rye",
    "name": "Rye",
    "short_name": "Rye, NY",
    "slug": "rye-ny",
    "state": "NY",
    "type": "Town",
    "urls": {
      "api": {
        "nearby_projects": "https://api.kickstarter.com/v1/discover?signature=1524082317.9f138ee4adf35c5de619fde302dee4266f5f73c9&woe_id=2486221"
      },
      "web": {
        "discover": "https://www.kickstarter.com/discover/places/rye-ny",
        "location": "https://www.kickstarter.com/locations/rye-ny"
      }
    }
  },
  "name": "Airlock bike helmet",
  "photo": {
    "1024x576": "https://ksr-ugc.imgix.net/assets/014/900/898/eb697d0fe563afcf812176dac9cabaa3_original.jpg?crop=faces&w=1024&h=576&fit=crop&v=1481844342&auto=format&q=92&s=f6e9809680c82e2e7c3466acbac0589b",
    "1536x864": "https://ksr-ugc.imgix.net/assets/014/900/898/eb697d0fe563afcf812176dac9cabaa3_original.jpg?crop=faces&w=1552&h=873&fit=crop&v=1481844342&auto=format&q=92&s=3e4ba8d7da49bf59568ab06d561bcf55",
    "ed": "https://ksr-ugc.imgix.net/assets/014/900/898/eb697d0fe563afcf812176dac9cabaa3_original.jpg?crop=faces&w=352&h=198&fit=crop&v=1481844342&auto=format&q=92&s=adacb03bcb7608addc7d0e83100b5b03",
    "full": "https://ksr-ugc.imgix.net/assets/014/900/898/eb697d0fe563afcf812176dac9cabaa3_original.jpg?crop=faces&w=560&h=315&fit=crop&v=1481844342&auto=format&q=92&s=f20bcdb8da5905305d332e4ea5667c96",
    "key": "assets/014/900/898/eb697d0fe563afcf812176dac9cabaa3_original.jpg",
    "little": "https://ksr-ugc.imgix.net/assets/014/900/898/eb697d0fe563afcf812176dac9cabaa3_original.jpg?crop=faces&w=208&h=117&fit=crop&v=1481844342&auto=format&q=92&s=d9ae17475521090c71aff5462ef4698d",
    "med": "https://ksr-ugc.imgix.net/assets/014/900/898/eb697d0fe563afcf812176dac9cabaa3_original.jpg?crop=faces&w=272&h=153&fit=crop&v=1481844342&auto=format&q=92&s=4956b4ec2fd15368ab61cafb8aaec8e4",
    "small": "https://ksr-ugc.imgix.net/assets/014/900/898/eb697d0fe563afcf812176dac9cabaa3_original.jpg?crop=faces&w=160&h=90&fit=crop&v=1481844342&auto=format&q=92&s=2ab6a77e20861b9efdbbbdbb7df960dc",
    "thumb": "https://ksr-ugc.imgix.net/assets/014/900/898/eb697d0fe563afcf812176dac9cabaa3_original.jpg?crop=faces&w=48&h=27&fit=crop&v=1481844342&auto=format&q=92&s=9ce4e0d8bd472f6248aebfadf06a2020"
  },
  "pledged": 590.0,
  "profile": {
    "background_color": null,
    "background_image_opacity": 0.8,
    "blurb": null,
    "feature_image_attributes": {
      "image_urls": {
        "baseball_card": "https://ksr-ugc.imgix.net/assets/014/900/898/eb697d0fe563afcf812176dac9cabaa3_original.jpg?crop=faces&w=560&h=315&fit=crop&v=1481844342&auto=format&q=92&s=f20bcdb8da5905305d332e4ea5667c96",
        "default": "https://ksr-ugc.imgix.net/assets/014/900/898/eb697d0fe563afcf812176dac9cabaa3_original.jpg?crop=faces&w=1552&h=873&fit=crop&v=1481844342&auto=format&q=92&s=3e4ba8d7da49bf59568ab06d561bcf55"
      }
    },
    "id": 2801216,
    "link_background_color": null,
    "link_text": null,
    "link_text_color": null,
    "link_url": null,
    "name": null,
    "project_id": 2801216,
    "should_show_feature_image_section": true,
    "show_feature_image": false,
    "state": "inactive",
    "state_changed_at": 1481844225,
    "text_color": null
  },
  "slug": "airlock-bike-helmet",
  "spotlight": false,
  "staff_pick": false,
  "state": "failed",
  "state_changed_at": 1485964559,
  "static_usd_rate": 1.0,
  "urls": {
    "web": {
      "project": "https://www.kickstarter.com/projects/806337188/airlock-bike-helmet?ref=category_newest",
      "rewards": "https://www.kickstarter.com/projects/806337188/airlock-bike-helmet/rewards"
    }
  },
  "usd_pledged": "590.0",
  "usd_type": "international"
}