{
  "backers_count": 34,
  "blurb": "Smart Dive Buddy is an innovative accessory that transforms your smartphone into an advanced underwater dive camera and dive computer",
  "category": {
    "color": 6526716,
    "id": 52,
    "name": "Hardware",
    "parent_id": 16,
    "position": 8,
    "slug": "technology/hardware",
    "urls": {
      "web": {
        "discover": "http://www.kickstarter.com/discover/categories/technology/hardware"
      }
    }
  },
  "converted_pledged_amount": 3877,
  "country": "US",
  "created_at": 1400689931,
  "creator": {
    "avatar": {
      "medium": "https://ksr-ugc.imgix.net/assets/006/015/688/d46092d2f23b06397fd26ff5fe96ff7d_original.jpg?w=160&h=160&fit=crop&v=1461361055&auto=format&q=92&s=d91afb0db2502e2cd3ed7168ccd8e47a",
      "small": "https://ksr-ugc.imgix.net/assets/006/015/688/d46092d2f23b06397fd26ff5fe96ff7d_original.jpg?w=160&h=160&fit=crop&v=1461361055&auto=format&q=92&s=d91afb0db2502e2cd3ed7168ccd8e47a",
      "thumb": "https://ksr-ugc.imgix.net/assets/006/015/688/d46092d2f23b06397fd26ff5fe96ff7d_original.jpg?w=40&h=40&fit=crop&v=1461361055&auto=format&q=92&s=4094f18ef722c02f335dfbc9b5f5712f"
    },
    "chosen_currency": null,
    "id": 1607113047,
    "is_registered": true,
    "name": "DiveNav, Inc.",
    "urls": {
      "api": {
        "user": "https://api.kickstarter.com/v1/users/1607113047?signature=1524101766.7aa4fd90d872c4c4e0b75d1401f12d4d621cccac"
      },
      "web": {
        "user": "https://www.kickstarter.com/profile/1607113047"
      }
    }
  },
  "currency": "USD",
  "currency_symbol": "$",
  "currency_trailing_code": true,
  "current_currency": "USD",
  "deadline": 1406353837,
  "disable_communication": false,
  "fx_rate": 1.0,
  "goal": 15000.0,
  "id": 1002151750,
  "is_starrable": false,
  "launched_at": 1403761837,
  "location": {
    "country": "US",
    "displayable_name": "Laguna Hills, CA",
    "id": 2434647,
    "is_root": false,
    "localized_name": "Laguna Hills",
    "name": "Laguna Hills",
    "short_name": "Laguna Hills, CA",
    "slug": "laguna-hills-ca",
    "state": "CA",
    "type": "Town",
    "urls": {
      "api": {
        "nearby_projects": "https://api.kickstarter.com/v1/discover?signature=1524082230.b75bfe2e85d025e01fb8e95799e2b5761f5d32fe&woe_id=2434647"
      },
      "web": {
        "discover": "https://www.kickstarter.com/discover/places/laguna-hills-ca",
        "location": "https://www.kickstarter.com/locations/laguna-hills-ca"
      }
    }
  },
  "name": "Smart Dive Buddy: Smartphone Dive Camera & Computer",
  "photo": {
    "1024x576": "https://ksr-ugc.imgix.net/assets/011/709/930/b1b13d50611c2f01e4c60242c678fb97_original.jpg?crop=faces&w=1024&h=576&fit=crop&v=1463687092&auto=format&q=92&s=0e495f2d1e7e6b509b7275499a88e7bd",
    "1536x864": "https://ksr-ugc.imgix.net/assets/011/709/930/b1b13d50611c2f01e4c60242c678fb97_original.jpg?crop=faces&w=1552&h=873&fit=crop&v=1463687092&auto=format&q=92&s=ad80f4465b10a188e4ddb819142e5bb2",
    "ed": "https://ksr-ugc.imgix.net/assets/011/709/930/b1b13d50611c2f01e4c60242c678fb97_original.jpg?crop=faces&w=352&h=198&fit=crop&v=1463687092&auto=format&q=92&s=56871bcc9a4ed2ea69b7cf7dc02f3d70",
    "full": "https://ksr-ugc.imgix.net/assets/011/709/930/b1b13d50611c2f01e4c60242c678fb97_original.jpg?crop=faces&w=560&h=315&fit=crop&v=1463687092&auto=format&q=92&s=b488d7641e3ca7f06d57e10daa2a5c04",
    "key": "assets/011/709/930/b1b13d50611c2f01e4c60242c678fb97_original.jpg",
    "little": "https://ksr-ugc.imgix.net/assets/011/709/930/b1b13d50611c2f01e4c60242c678fb97_original.jpg?crop=faces&w=208&h=117&fit=crop&v=1463687092&auto=format&q=92&s=897ead2dca5eb92ac1723a6b5bcfb71f",
    "med": "https://ksr-ugc.imgix.net/assets/011/709/930/b1b13d50611c2f01e4c60242c678fb97_original.jpg?crop=faces&w=272&h=153&fit=crop&v=1463687092&auto=format&q=92&s=af02e06234eafdaaf531f3e01e08f764",
    "small": "https://ksr-ugc.imgix.net/assets/011/709/930/b1b13d50611c2f01e4c60242c678fb97_original.jpg?crop=faces&w=160&h=90&fit=crop&v=1463687092&auto=format&q=92&s=f0531360164742eb28c4ad178a480aea",
    "thumb": "https://ksr-ugc.imgix.net/assets/011/709/930/b1b13d50611c2f01e4c60242c678fb97_original.jpg?crop=faces&w=48&h=27&fit=crop&v=1463687092&auto=format&q=92&s=646cd899ef0b08957e25722abe83ce44"
  },
  "pledged": 3877.0,
  "profile": {
    "background_color": null,
    "background_image_opacity": 0.8,
    "blurb": null,
    "feature_image_attributes": {
      "image_urls": {
        "baseball_card": "https://ksr-ugc.imgix.net/assets/011/709/930/b1b13d50611c2f01e4c60242c678fb97_original.jpg?crop=faces&w=560&h=315&fit=crop&v=1463687092&auto=format&q=92&s=b488d7641e3ca7f06d57e10daa2a5c04",
        "default": "https://ksr-ugc.imgix.net/assets/011/709/930/b1b13d50611c2f01e4c60242c678fb97_original.jpg?crop=faces&w=1552&h=873&fit=crop&v=1463687092&auto=format&q=92&s=ad80f4465b10a188e4ddb819142e5bb2"
      }
    },
    "id": 1033220,
    "link_background_color": null,
    "link_text": null,
    "link_text_color": null,
    "link_url": null,
    "name": null,
    "project_id": 1033220,
    "should_show_feature_image_section": true,
    "show_feature_image": false,
    "state": "inactive",
    "state_changed_at": 1425915857,
    "text_color": null
  },
  "slug": "smart-dive-buddy-smartphone-dive-camera-and-comput",
  "spotlight": false,
  "staff_pick": false,
  "state": "failed",
  "state_changed_at": 1406353837,
  "static_usd_rate": 1.0,
  "urls": {
    "web": {
      "project": "https://www.kickstarter.com/projects/1607113047/smart-dive-buddy-smartphone-dive-camera-and-comput?ref=category_newest",
      "rewards": "https://www.kickstarter.com/projects/1607113047/smart-dive-buddy-smartphone-dive-camera-and-comput/rewards"
    }
  },
  "usd_pledged": "3877.0",
  "usd_type": "international"
}