{
  "backers_count": 0,
  "blurb": "Developing a new and different, but definitely unique mobile social platform with a main",
  "category": {
    "color": 6526716,
    "id": 332,
    "name": "Apps",
    "parent_id": 16,
    "position": 2,
    "slug": "technology/apps",
    "urls": {
      "web": {
        "discover": "http://www.kickstarter.com/discover/categories/technology/apps"
      }
    }
  },
  "converted_pledged_amount": 0,
  "country": "US",
  "created_at": 1519088330,
  "creator": {
    "avatar": {
      "medium": "https://ksr-ugc.imgix.net/assets/020/290/796/d6ba394b79872e5be410b0983ad7be0f_original.jpg?w=160&h=160&fit=crop&v=1519090468&auto=format&q=92&s=cacf2b052e274b90b66808779e0869a9",
      "small": "https://ksr-ugc.imgix.net/assets/020/290/796/d6ba394b79872e5be410b0983ad7be0f_original.jpg?w=160&h=160&fit=crop&v=1519090468&auto=format&q=92&s=cacf2b052e274b90b66808779e0869a9",
      "thumb": "https://ksr-ugc.imgix.net/assets/020/290/796/d6ba394b79872e5be410b0983ad7be0f_original.jpg?w=40&h=40&fit=crop&v=1519090468&auto=format&q=92&s=6774c0b86024eec3455ea70ffbe847a4"
    },
    "chosen_currency": null,
    "id": 295258055,
    "is_registered": true,
    "name": "Stralfwean Nunez",
    "urls": {
      "api": {
        "user": "https://api.kickstarter.com/v1/users/295258055?signature=1524100086.9cbedcb385547829ca60a645fe5fa2d257621aa2"
      },
      "web": {
        "user": "https://www.kickstarter.com/profile/295258055"
      }
    }
  },
  "currency": "USD",
  "currency_symbol": "$",
  "currency_trailing_code": true,
  "current_currency": "USD",
  "deadline": 1524562910,
  "disable_communication": false,
  "fx_rate": 1.0,
  "goal": 25000.0,
  "id": 1002509014,
  "is_starrable": true,
  "launched_at": 1521970910,
  "location": {
    "country": "US",
    "displayable_name": "Denver, CO",
    "id": 2391279,
    "is_root": false,
    "localized_name": "Denver",
    "name": "Denver",
    "short_name": "Denver, CO",
    "slug": "denver-co",
    "state": "CO",
    "type": "Town",
    "urls": {
      "api": {
        "nearby_projects": "https://api.kickstarter.com/v1/discover?signature=1524082110.9dd41181eb570766e7a512b487b79e78dfba63f3&woe_id=2391279"
      },
      "web": {
        "discover": "https://www.kickstarter.com/discover/places/denver-co",
        "location": "https://www.kickstarter.com/locations/denver-co"
      }
    }
  },
  "name": "BestBuds. The Cannabis Social Platform",
  "photo": {
    "1024x576": "https://ksr-ugc.imgix.net/assets/020/290/509/0256de304002817cb98df422a7f75f4a_original.png?crop=faces&w=1024&h=576&fit=crop&v=1521684653&auto=format&q=92&s=2eb84efe8d5de96ce9b1fc0a1b2c69e6",
    "1536x864": "https://ksr-ugc.imgix.net/assets/020/290/509/0256de304002817cb98df422a7f75f4a_original.png?crop=faces&w=1552&h=873&fit=crop&v=1521684653&auto=format&q=92&s=b0d37d5e0ebc200702e57fd3a110e676",
    "ed": "https://ksr-ugc.imgix.net/assets/020/290/509/0256de304002817cb98df422a7f75f4a_original.png?crop=faces&w=352&h=198&fit=crop&v=1521684653&auto=format&q=92&s=aea2ac6384d43ce88beb34ea76271df6",
    "full": "https://ksr-ugc.imgix.net/assets/020/290/509/0256de304002817cb98df422a7f75f4a_original.png?crop=faces&w=560&h=315&fit=crop&v=1521684653&auto=format&q=92&s=532a3d8b3b516615a54e6a26664bd903",
    "key": "assets/020/290/509/0256de304002817cb98df422a7f75f4a_original.png",
    "little": "https://ksr-ugc.imgix.net/assets/020/290/509/0256de304002817cb98df422a7f75f4a_original.png?crop=faces&w=208&h=117&fit=crop&v=1521684653&auto=format&q=92&s=a4975b9571587b1a058bf382f77dddd8",
    "med": "https://ksr-ugc.imgix.net/assets/020/290/509/0256de304002817cb98df422a7f75f4a_original.png?crop=faces&w=272&h=153&fit=crop&v=1521684653&auto=format&q=92&s=b672ebd927abafc69769f94545c9ecb2",
    "small": "https://ksr-ugc.imgix.net/assets/020/290/509/0256de304002817cb98df422a7f75f4a_original.png?crop=faces&w=160&h=90&fit=crop&v=1521684653&auto=format&q=92&s=059de0b98dfe72e07fa5e642e6c56f02",
    "thumb": "https://ksr-ugc.imgix.net/assets/020/290/509/0256de304002817cb98df422a7f75f4a_original.png?crop=faces&w=48&h=27&fit=crop&v=1521684653&auto=format&q=92&s=30258ee48f644e632372f5ca2eba5282"
  },
  "pledged": 0.0,
  "profile": {
    "background_color": null,
    "background_image_opacity": 0.8,
    "blurb": null,
    "feature_image_attributes": {
      "image_urls": {
        "baseball_card": "https://ksr-ugc.imgix.net/assets/020/290/509/0256de304002817cb98df422a7f75f4a_original.png?crop=faces&w=560&h=315&fit=crop&v=1521684653&auto=format&q=92&s=532a3d8b3b516615a54e6a26664bd903",
        "default": "https://ksr-ugc.imgix.net/assets/020/290/509/0256de304002817cb98df422a7f75f4a_original.png?crop=faces&w=1552&h=873&fit=crop&v=1521684653&auto=format&q=92&s=b0d37d5e0ebc200702e57fd3a110e676"
      }
    },
    "id": 3314474,
    "link_background_color": null,
    "link_text": null,
    "link_text_color": null,
    "link_url": null,
    "name": null,
    "project_id": 3314474,
    "should_show_feature_image_section": true,
    "show_feature_image": false,
    "state": "inactive",
    "state_changed_at": 1519088330,
    "text_color": null
  },
  "slug": "bestbuds-the-cannabis-social-platform",
  "spotlight": false,
  "staff_pick": false,
  "state": "live",
  "state_changed_at": 1521970910,
  "static_usd_rate": 1.0,
  "urls": {
    "web": {
      "project": "https://www.kickstarter.com/projects/295258055/bestbuds-the-cannabis-social-platform?ref=category_newest",
      "rewards": "https://www.kickstarter.com/projects/295258055/bestbuds-the-cannabis-social-platform/rewards"
    }
  },
  "usd_pledged": "0.0",
  "usd_type": "international"
}