{
  "backers_count": 88,
  "blurb": "A clean and professional design with this small but versatile PCB based on Atmega328P Arduino Pro Mini board.",
  "category": {
    "color": 6526716,
    "id": 334,
    "name": "DIY Electronics",
    "parent_id": 16,
    "position": 4,
    "slug": "technology/diy electronics",
    "urls": {
      "web": {
        "discover": "http://www.kickstarter.com/discover/categories/technology/diy%20electronics"
      }
    }
  },
  "converted_pledged_amount": 2183,
  "country": "CA",
  "created_at": 1446828674,
  "creator": {
    "avatar": {
      "medium": "https://ksr-ugc.imgix.net/assets/009/568/366/a9617792e2cfb0741e1163ce99f31c4a_original.jpg?w=160&h=160&fit=crop&v=1461603741&auto=format&q=92&s=1bd413c800982730c088d28c48bc5a41",
      "small": "https://ksr-ugc.imgix.net/assets/009/568/366/a9617792e2cfb0741e1163ce99f31c4a_original.jpg?w=160&h=160&fit=crop&v=1461603741&auto=format&q=92&s=1bd413c800982730c088d28c48bc5a41",
      "thumb": "https://ksr-ugc.imgix.net/assets/009/568/366/a9617792e2cfb0741e1163ce99f31c4a_original.jpg?w=40&h=40&fit=crop&v=1461603741&auto=format&q=92&s=91fa09c978003be4d5489c5782acc35e"
    },
    "chosen_currency": null,
    "id": 1807372651,
    "is_registered": true,
    "name": "Martin Cote",
    "slug": "mhpro",
    "urls": {
      "api": {
        "user": "https://api.kickstarter.com/v1/users/1807372651?signature=1524100667.a11eec66146f138f9e3555ae5754fe89efe53f54"
      },
      "web": {
        "user": "https://www.kickstarter.com/profile/mhpro"
      }
    }
  },
  "currency": "CAD",
  "currency_symbol": "$",
  "currency_trailing_code": true,
  "current_currency": "USD",
  "deadline": 1454953708,
  "disable_communication": false,
  "fx_rate": 0.79525709,
  "goal": 1000.0,
  "id": 1002599863,
  "is_starrable": false,
  "launched_at": 1449769708,
  "location": {
    "country": "CA",
    "displayable_name": "Stoneham-et-Tewkesbury, Canada",
    "id": 23394283,
    "is_root": false,
    "localized_name": "Stoneham-et-Tewkesbury",
    "name": "Stoneham-et-Tewkesbury",
    "short_name": "Stoneham-et-Tewkesbury, Canada",
    "slug": "stoneham-et-tewkesbury-ca",
    "state": "QC",
    "type": "Town",
    "urls": {
      "api": {
        "nearby_projects": "https://api.kickstarter.com/v1/discover?signature=1524084609.add46ab0d56995631f68d9dbd8181a1c68f7e9ec&woe_id=23394283"
      },
      "web": {
        "discover": "https://www.kickstarter.com/discover/places/stoneham-et-tewkesbury-ca",
        "location": "https://www.kickstarter.com/locations/stoneham-et-tewkesbury-ca"
      }
    }
  },
  "name": "Turn your messy Arduino projects into a clean design for 2$",
  "photo": {
    "1024x576": "https://ksr-ugc.imgix.net/assets/012/299/773/61b47cfac0314351b7b05a3e65da63e7_original.png?crop=faces&w=1024&h=576&fit=crop&v=1463752937&auto=format&q=92&s=9308cf99f2084de1de21a0976a8cb09b",
    "1536x864": "https://ksr-ugc.imgix.net/assets/012/299/773/61b47cfac0314351b7b05a3e65da63e7_original.png?crop=faces&w=1552&h=873&fit=crop&v=1463752937&auto=format&q=92&s=4eaf7b62c3d9d6d61b239e43b8d7b9f3",
    "ed": "https://ksr-ugc.imgix.net/assets/012/299/773/61b47cfac0314351b7b05a3e65da63e7_original.png?crop=faces&w=352&h=198&fit=crop&v=1463752937&auto=format&q=92&s=8692514e7e997d7b7ca1d8dc678d01ac",
    "full": "https://ksr-ugc.imgix.net/assets/012/299/773/61b47cfac0314351b7b05a3e65da63e7_original.png?crop=faces&w=560&h=315&fit=crop&v=1463752937&auto=format&q=92&s=37ddb95a82020abe6ec7316d63047ea0",
    "key": "assets/012/299/773/61b47cfac0314351b7b05a3e65da63e7_original.png",
    "little": "https://ksr-ugc.imgix.net/assets/012/299/773/61b47cfac0314351b7b05a3e65da63e7_original.png?crop=faces&w=208&h=117&fit=crop&v=1463752937&auto=format&q=92&s=9a55be5c9849db0dd34d6642bc37e361",
    "med": "https://ksr-ugc.imgix.net/assets/012/299/773/61b47cfac0314351b7b05a3e65da63e7_original.png?crop=faces&w=272&h=153&fit=crop&v=1463752937&auto=format&q=92&s=0286363ef02a885c45b824f240fd00e3",
    "small": "https://ksr-ugc.imgix.net/assets/012/299/773/61b47cfac0314351b7b05a3e65da63e7_original.png?crop=faces&w=160&h=90&fit=crop&v=1463752937&auto=format&q=92&s=8fa9bb29c88f16d0680926010d5133f0",
    "thumb": "https://ksr-ugc.imgix.net/assets/012/299/773/61b47cfac0314351b7b05a3e65da63e7_original.png?crop=faces&w=48&h=27&fit=crop&v=1463752937&auto=format&q=92&s=659f1efc1829e3eff19278e4d5d3c20d"
  },
  "pledged": 3035.0,
  "profile": {
    "background_color": "2bde73",
    "background_image_opacity": 0.8,
    "blurb": "A clean and professional design with this small but versatile PCB based on Atmega328P Arduino Pro Mini board.",
    "feature_image_attributes": {
      "image_urls": {
        "baseball_card": "https://ksr-ugc.imgix.net/assets/012/299/773/61b47cfac0314351b7b05a3e65da63e7_original.png?crop=faces&w=560&h=315&fit=crop&v=1463752937&auto=format&q=92&s=37ddb95a82020abe6ec7316d63047ea0",
        "default": "https://ksr-ugc.imgix.net/assets/012/299/773/61b47cfac0314351b7b05a3e65da63e7_original.png?crop=faces&w=1552&h=873&fit=crop&v=1463752937&auto=format&q=92&s=4eaf7b62c3d9d6d61b239e43b8d7b9f3"
      }
    },
    "id": 2214039,
    "link_background_color": "",
    "link_text": "Buy online here",
    "link_text_color": "",
    "link_url": "http://mhpro.net/?page_id=706",
    "name": "Turn your messy Arduino projects into a clean design for 2$",
    "project_id": 2214039,
    "should_show_feature_image_section": true,
    "show_feature_image": false,
    "state": "active",
    "state_changed_at": 1454954473,
    "text_color": ""
  },
  "slug": "turn-your-messy-arduino-projects-into-a-clean-desi",
  "spotlight": true,
  "staff_pick": false,
  "state": "successful",
  "state_changed_at": 1454953709,
  "static_usd_rate": 0.73688221,
  "urls": {
    "web": {
      "project": "https://www.kickstarter.com/projects/mhpro/turn-your-messy-arduino-projects-into-a-clean-desi?ref=category_newest",
      "rewards": "https://www.kickstarter.com/projects/mhpro/turn-your-messy-arduino-projects-into-a-clean-desi/rewards"
    }
  },
  "usd_pledged": "2236.43750735",
  "usd_type": "international"
}