{
  "backers_count": 426,
  "blurb": "A big red truck filled with cutting-edge maker tools that goes from school to school, bringing the joy of building back to kids.",
  "category": {
    "color": 6526716,
    "id": 52,
    "name": "Hardware",
    "parent_id": 16,
    "position": 8,
    "slug": "technology/hardware",
    "urls": {
      "web": {
        "discover": "http://www.kickstarter.com/discover/categories/technology/hardware"
      }
    }
  },
  "converted_pledged_amount": 31275,
  "country": "US",
  "created_at": 1329529082,
  "creator": {
    "avatar": {
      "medium": "https://ksr-ugc.imgix.net/assets/005/997/936/7d3738351df01ff7e540f8c10f6517ef_original.jpg?w=160&h=160&fit=crop&v=1461359884&auto=format&q=92&s=5585460673469cb35a18fa4692d2c4cc",
      "small": "https://ksr-ugc.imgix.net/assets/005/997/936/7d3738351df01ff7e540f8c10f6517ef_original.jpg?w=160&h=160&fit=crop&v=1461359884&auto=format&q=92&s=5585460673469cb35a18fa4692d2c4cc",
      "thumb": "https://ksr-ugc.imgix.net/assets/005/997/936/7d3738351df01ff7e540f8c10f6517ef_original.jpg?w=40&h=40&fit=crop&v=1461359884&auto=format&q=92&s=a8d75f3b87feebf8cfd3e16fe6694824"
    },
    "chosen_currency": null,
    "id": 107975578,
    "is_registered": true,
    "name": "Jason Chua",
    "slug": "jasonchua",
    "urls": {
      "api": {
        "user": "https://api.kickstarter.com/v1/users/107975578?signature=1524101408.d9a64dd1fe2ef9f9956fef4ba0417d4c62cd9df6"
      },
      "web": {
        "user": "https://www.kickstarter.com/profile/jasonchua"
      }
    }
  },
  "currency": "USD",
  "currency_symbol": "$",
  "currency_trailing_code": true,
  "current_currency": "USD",
  "deadline": 1332561600,
  "disable_communication": false,
  "fx_rate": 1.0,
  "goal": 25000.0,
  "id": 1002692211,
  "is_starrable": false,
  "launched_at": 1329873755,
  "location": {
    "country": "US",
    "displayable_name": "Stanford, CA",
    "id": 2498941,
    "is_root": false,
    "localized_name": "Stanford",
    "name": "Stanford",
    "short_name": "Stanford, CA",
    "slug": "stanford-ca",
    "state": "CA",
    "type": "Town",
    "urls": {
      "api": {
        "nearby_projects": "https://api.kickstarter.com/v1/discover?signature=1524082152.b48128b181af2d008d0b3fb075c5cd08e02016d6&woe_id=2498941"
      },
      "web": {
        "discover": "https://www.kickstarter.com/discover/places/stanford-ca",
        "location": "https://www.kickstarter.com/locations/stanford-ca"
      }
    }
  },
  "name": "SparkLab: the educational build-mobile!",
  "photo": {
    "1024x576": "https://ksr-ugc.imgix.net/assets/011/318/480/7ddd891ef3345aa8ab07802bcdb412ee_original.jpg?crop=faces&w=1024&h=576&fit=crop&v=1463680938&auto=format&q=92&s=1e7b66d242aef2cafbabd0a4681effab",
    "1536x864": "https://ksr-ugc.imgix.net/assets/011/318/480/7ddd891ef3345aa8ab07802bcdb412ee_original.jpg?crop=faces&w=1552&h=873&fit=crop&v=1463680938&auto=format&q=92&s=756674d62a0263885890297ff5c99bef",
    "ed": "https://ksr-ugc.imgix.net/assets/011/318/480/7ddd891ef3345aa8ab07802bcdb412ee_original.jpg?crop=faces&w=352&h=198&fit=crop&v=1463680938&auto=format&q=92&s=8875d4a9c7104bc2d76bbce4e6675c27",
    "full": "https://ksr-ugc.imgix.net/assets/011/318/480/7ddd891ef3345aa8ab07802bcdb412ee_original.jpg?crop=faces&w=560&h=315&fit=crop&v=1463680938&auto=format&q=92&s=87e72954bf7bb9813b0ec98e5fbbfddf",
    "key": "assets/011/318/480/7ddd891ef3345aa8ab07802bcdb412ee_original.jpg",
    "little": "https://ksr-ugc.imgix.net/assets/011/318/480/7ddd891ef3345aa8ab07802bcdb412ee_original.jpg?crop=faces&w=208&h=117&fit=crop&v=1463680938&auto=format&q=92&s=30e6c8b852cf0bf3897f06bceb1089dc",
    "med": "https://ksr-ugc.imgix.net/assets/011/318/480/7ddd891ef3345aa8ab07802bcdb412ee_original.jpg?crop=faces&w=272&h=153&fit=crop&v=1463680938&auto=format&q=92&s=d929c7675d22ab4cba270463abb5d095",
    "small": "https://ksr-ugc.imgix.net/assets/011/318/480/7ddd891ef3345aa8ab07802bcdb412ee_original.jpg?crop=faces&w=160&h=90&fit=crop&v=1463680938&auto=format&q=92&s=4e468f8a934a251730c5bc9726199da9",
    "thumb": "https://ksr-ugc.imgix.net/assets/011/318/480/7ddd891ef3345aa8ab07802bcdb412ee_original.jpg?crop=faces&w=48&h=27&fit=crop&v=1463680938&auto=format&q=92&s=01339b1f6da72035da1925218f750039"
  },
  "pledged": 31275.6,
  "profile": {
    "background_color": null,
    "background_image_opacity": 0.8,
    "blurb": null,
    "feature_image_attributes": {
      "image_urls": {
        "baseball_card": "https://ksr-ugc.imgix.net/assets/011/318/480/7ddd891ef3345aa8ab07802bcdb412ee_original.jpg?crop=faces&w=560&h=315&fit=crop&v=1463680938&auto=format&q=92&s=87e72954bf7bb9813b0ec98e5fbbfddf",
        "default": "https://ksr-ugc.imgix.net/assets/011/318/480/7ddd891ef3345aa8ab07802bcdb412ee_original.jpg?crop=faces&w=1552&h=873&fit=crop&v=1463680938&auto=format&q=92&s=756674d62a0263885890297ff5c99bef"
      }
    },
    "id": 79347,
    "link_background_color": null,
    "link_text": null,
    "link_text_color": null,
    "link_url": null,
    "name": null,
    "project_id": 79347,
    "should_show_feature_image_section": true,
    "show_feature_image": false,
    "state": "inactive",
    "state_changed_at": 1425915805,
    "text_color": null
  },
  "slug": "sparklab-an-educational-build-mobile",
  "spotlight": true,
  "staff_pick": true,
  "state": "successful",
  "state_changed_at": 1332561628,
  "static_usd_rate": 1.0,
  "urls": {
    "web": {
      "project": "https://www.kickstarter.com/projects/jasonchua/sparklab-an-educational-build-mobile?ref=category_newest",
      "rewards": "https://www.kickstarter.com/projects/jasonchua/sparklab-an-educational-build-mobile/rewards"
    }
  },
  "usd_pledged": "31275.6",
  "usd_type": "international"
}