{
  "backers_count": 10,
  "blurb": "Seeker Copters are Aerial Drones designed specifically for long duration flights likes those needed for Search and Rescue operations.",
  "category": {
    "color": 6526716,
    "id": 333,
    "name": "Camera Equipment",
    "parent_id": 16,
    "position": 3,
    "slug": "technology/camera equipment",
    "urls": {
      "web": {
        "discover": "http://www.kickstarter.com/discover/categories/technology/camera%20equipment"
      }
    }
  },
  "converted_pledged_amount": 5043,
  "country": "US",
  "created_at": 1405697724,
  "creator": {
    "avatar": {
      "medium": "https://ksr-ugc.imgix.net/assets/008/575/473/b40f1edb9e34cf3e65561c2f3a263001_original.jpg?w=160&h=160&fit=crop&v=1461532518&auto=format&q=92&s=d7e5d0e6278a0c6233b84fc5b7c2b137",
      "small": "https://ksr-ugc.imgix.net/assets/008/575/473/b40f1edb9e34cf3e65561c2f3a263001_original.jpg?w=160&h=160&fit=crop&v=1461532518&auto=format&q=92&s=d7e5d0e6278a0c6233b84fc5b7c2b137",
      "thumb": "https://ksr-ugc.imgix.net/assets/008/575/473/b40f1edb9e34cf3e65561c2f3a263001_original.jpg?w=40&h=40&fit=crop&v=1461532518&auto=format&q=92&s=6ce2325d25a90ef71c734e8831f4ba88"
    },
    "chosen_currency": null,
    "id": 1264623651,
    "is_registered": true,
    "name": "Lee Thurburn and Lynn Cromer",
    "urls": {
      "api": {
        "user": "https://api.kickstarter.com/v1/users/1264623651?signature=1524100577.b9339712c54717003d1f078d41a0b3e40e1dcefc"
      },
      "web": {
        "user": "https://www.kickstarter.com/profile/1264623651"
      }
    }
  },
  "currency": "USD",
  "currency_symbol": "$",
  "currency_trailing_code": true,
  "current_currency": "USD",
  "deadline": 1416495281,
  "disable_communication": false,
  "fx_rate": 1.0,
  "goal": 20000.0,
  "id": 1002789295,
  "is_starrable": false,
  "launched_at": 1413899681,
  "location": {
    "country": "US",
    "displayable_name": "Dallas, TX",
    "id": 2388929,
    "is_root": false,
    "localized_name": "Dallas",
    "name": "Dallas",
    "short_name": "Dallas, TX",
    "slug": "dallas-tx",
    "state": "TX",
    "type": "Town",
    "urls": {
      "api": {
        "nearby_projects": "https://api.kickstarter.com/v1/discover?signature=1524082110.d2826be8fede2d3c72743e6796c855e330bc128d&woe_id=2388929"
      },
      "web": {
        "discover": "https://www.kickstarter.com/discover/places/dallas-tx",
        "location": "https://www.kickstarter.com/locations/dallas-tx"
      }
    }
  },
  "name": "Seeker Aerial Video Drone",
  "photo": {
    "1024x576": "https://ksr-ugc.imgix.net/assets/011/792/832/c0aaef8f34415b2d501eea033674f4c0_original.png?crop=faces&w=1024&h=576&fit=crop&v=1463695429&auto=format&q=92&s=9abe168b547f2ee77cab5546717f09c3",
    "1536x864": "https://ksr-ugc.imgix.net/assets/011/792/832/c0aaef8f34415b2d501eea033674f4c0_original.png?crop=faces&w=1552&h=873&fit=crop&v=1463695429&auto=format&q=92&s=da39d73d46bce5ef63e10238dabfdf9b",
    "ed": "https://ksr-ugc.imgix.net/assets/011/792/832/c0aaef8f34415b2d501eea033674f4c0_original.png?crop=faces&w=352&h=198&fit=crop&v=1463695429&auto=format&q=92&s=32d5230e3b725732e0fdf3c1a204376c",
    "full": "https://ksr-ugc.imgix.net/assets/011/792/832/c0aaef8f34415b2d501eea033674f4c0_original.png?crop=faces&w=560&h=315&fit=crop&v=1463695429&auto=format&q=92&s=b9214d3b93da9da0dbadb706f7fa8075",
    "key": "assets/011/792/832/c0aaef8f34415b2d501eea033674f4c0_original.png",
    "little": "https://ksr-ugc.imgix.net/assets/011/792/832/c0aaef8f34415b2d501eea033674f4c0_original.png?crop=faces&w=208&h=117&fit=crop&v=1463695429&auto=format&q=92&s=4b1755f771dc4cd2db172b6d23709a8f",
    "med": "https://ksr-ugc.imgix.net/assets/011/792/832/c0aaef8f34415b2d501eea033674f4c0_original.png?crop=faces&w=272&h=153&fit=crop&v=1463695429&auto=format&q=92&s=8acd4b75c22fb9d6bffba8b77173b2a1",
    "small": "https://ksr-ugc.imgix.net/assets/011/792/832/c0aaef8f34415b2d501eea033674f4c0_original.png?crop=faces&w=160&h=90&fit=crop&v=1463695429&auto=format&q=92&s=4a713f9eb26a292bf790db60377254d7",
    "thumb": "https://ksr-ugc.imgix.net/assets/011/792/832/c0aaef8f34415b2d501eea033674f4c0_original.png?crop=faces&w=48&h=27&fit=crop&v=1463695429&auto=format&q=92&s=848741ec745459c94028b2b2ccdf77be"
  },
  "pledged": 5043.0,
  "profile": {
    "background_color": null,
    "background_image_opacity": 0.8,
    "blurb": null,
    "feature_image_attributes": {
      "image_urls": {
        "baseball_card": "https://ksr-ugc.imgix.net/assets/011/792/832/c0aaef8f34415b2d501eea033674f4c0_original.png?crop=faces&w=560&h=315&fit=crop&v=1463695429&auto=format&q=92&s=b9214d3b93da9da0dbadb706f7fa8075",
        "default": "https://ksr-ugc.imgix.net/assets/011/792/832/c0aaef8f34415b2d501eea033674f4c0_original.png?crop=faces&w=1552&h=873&fit=crop&v=1463695429&auto=format&q=92&s=da39d73d46bce5ef63e10238dabfdf9b"
      }
    },
    "id": 1200340,
    "link_background_color": null,
    "link_text": null,
    "link_text_color": null,
    "link_url": null,
    "name": null,
    "project_id": 1200340,
    "should_show_feature_image_section": true,
    "show_feature_image": false,
    "state": "inactive",
    "state_changed_at": 1425915866,
    "text_color": null
  },
  "slug": "seeker-aerial-video-drone",
  "spotlight": false,
  "staff_pick": false,
  "state": "failed",
  "state_changed_at": 1416495281,
  "static_usd_rate": 1.0,
  "urls": {
    "web": {
      "project": "https://www.kickstarter.com/projects/1264623651/seeker-aerial-video-drone?ref=category_newest",
      "rewards": "https://www.kickstarter.com/projects/1264623651/seeker-aerial-video-drone/rewards"
    }
  },
  "usd_pledged": "5043.0",
  "usd_type": "international"
}