{
  "backers_count": 71,
  "blurb": "Change the way home teaching and visiting teaching is done forever!",
  "category": {
    "color": 6526716,
    "id": 332,
    "name": "Apps",
    "parent_id": 16,
    "position": 2,
    "slug": "technology/apps",
    "urls": {
      "web": {
        "discover": "http://www.kickstarter.com/discover/categories/technology/apps"
      }
    }
  },
  "converted_pledged_amount": 895,
  "country": "US",
  "created_at": 1409081829,
  "creator": {
    "avatar": {
      "medium": "https://ksr-ugc.imgix.net/assets/009/233/625/f519c87c9e18ee2d87db8e93e8881869_original.png?w=160&h=160&fit=crop&v=1461566588&auto=format&q=92&s=eb34d717429593990c1ac3514ec8e7b7",
      "small": "https://ksr-ugc.imgix.net/assets/009/233/625/f519c87c9e18ee2d87db8e93e8881869_original.png?w=160&h=160&fit=crop&v=1461566588&auto=format&q=92&s=eb34d717429593990c1ac3514ec8e7b7",
      "thumb": "https://ksr-ugc.imgix.net/assets/009/233/625/f519c87c9e18ee2d87db8e93e8881869_original.png?w=40&h=40&fit=crop&v=1461566588&auto=format&q=92&s=a797bc530f9988e4b3fbd6cc95cdf395"
    },
    "chosen_currency": null,
    "id": 68769911,
    "is_registered": true,
    "name": "Dax Castro",
    "slug": "hometeachingapp",
    "urls": {
      "api": {
        "user": "https://api.kickstarter.com/v1/users/68769911?signature=1524100245.5c295a6868ff7e37355534525cbe64b13c5c453c"
      },
      "web": {
        "user": "https://www.kickstarter.com/profile/hometeachingapp"
      }
    }
  },
  "currency": "USD",
  "currency_symbol": "$",
  "currency_trailing_code": true,
  "current_currency": "USD",
  "deadline": 1413552996,
  "disable_communication": false,
  "fx_rate": 1.0,
  "goal": 45000.0,
  "id": 1002484986,
  "is_starrable": false,
  "launched_at": 1409664996,
  "location": {
    "country": "US",
    "displayable_name": "West Sacramento, CA",
    "id": 2517687,
    "is_root": false,
    "localized_name": "West Sacramento",
    "name": "West Sacramento",
    "short_name": "West Sacramento, CA",
    "slug": "west-sacramento-ca",
    "state": "CA",
    "type": "Town",
    "urls": {
      "api": {
        "nearby_projects": "https://api.kickstarter.com/v1/discover?signature=1524082109.2cda00a1e808f0d0dc82ad123d0a20b2fd6747c3&woe_id=2517687"
      },
      "web": {
        "discover": "https://www.kickstarter.com/discover/places/west-sacramento-ca",
        "location": "https://www.kickstarter.com/locations/west-sacramento-ca"
      }
    }
  },
  "name": "LDS Home Teaching App (Visiting Teaching Too)",
  "photo": {
    "1024x576": "https://ksr-ugc.imgix.net/assets/011/849/545/cc4c6678c14a7a27c00c4960034baea4_original.png?crop=faces&w=1024&h=576&fit=crop&v=1463703737&auto=format&q=92&s=bd7f571cd8ef77e4eb45dcf49b075f12",
    "1536x864": "https://ksr-ugc.imgix.net/assets/011/849/545/cc4c6678c14a7a27c00c4960034baea4_original.png?crop=faces&w=1552&h=873&fit=crop&v=1463703737&auto=format&q=92&s=58a26ac312c2e60c1399a0f93307589a",
    "ed": "https://ksr-ugc.imgix.net/assets/011/849/545/cc4c6678c14a7a27c00c4960034baea4_original.png?crop=faces&w=352&h=198&fit=crop&v=1463703737&auto=format&q=92&s=e39d86bc72a288bd46b053133bb4bbfe",
    "full": "https://ksr-ugc.imgix.net/assets/011/849/545/cc4c6678c14a7a27c00c4960034baea4_original.png?crop=faces&w=560&h=315&fit=crop&v=1463703737&auto=format&q=92&s=a79b919daa229e36037b8952b2922cab",
    "key": "assets/011/849/545/cc4c6678c14a7a27c00c4960034baea4_original.png",
    "little": "https://ksr-ugc.imgix.net/assets/011/849/545/cc4c6678c14a7a27c00c4960034baea4_original.png?crop=faces&w=208&h=117&fit=crop&v=1463703737&auto=format&q=92&s=530ca69a3b533a07f6be1d07ab234532",
    "med": "https://ksr-ugc.imgix.net/assets/011/849/545/cc4c6678c14a7a27c00c4960034baea4_original.png?crop=faces&w=272&h=153&fit=crop&v=1463703737&auto=format&q=92&s=d23b5376a9e1070d85b13264cf6a2bb1",
    "small": "https://ksr-ugc.imgix.net/assets/011/849/545/cc4c6678c14a7a27c00c4960034baea4_original.png?crop=faces&w=160&h=90&fit=crop&v=1463703737&auto=format&q=92&s=304a858464c96e6f765fc95a52704d57",
    "thumb": "https://ksr-ugc.imgix.net/assets/011/849/545/cc4c6678c14a7a27c00c4960034baea4_original.png?crop=faces&w=48&h=27&fit=crop&v=1463703737&auto=format&q=92&s=9daa3b1f705737136216398d3f4e1d11"
  },
  "pledged": 895.0,
  "profile": {
    "background_color": null,
    "background_image_opacity": 0.8,
    "blurb": null,
    "feature_image_attributes": {
      "image_urls": {
        "baseball_card": "https://ksr-ugc.imgix.net/assets/011/849/545/cc4c6678c14a7a27c00c4960034baea4_original.png?crop=faces&w=560&h=315&fit=crop&v=1463703737&auto=format&q=92&s=a79b919daa229e36037b8952b2922cab",
        "default": "https://ksr-ugc.imgix.net/assets/011/849/545/cc4c6678c14a7a27c00c4960034baea4_original.png?crop=faces&w=1552&h=873&fit=crop&v=1463703737&auto=format&q=92&s=58a26ac312c2e60c1399a0f93307589a"
      }
    },
    "id": 1318192,
    "link_background_color": null,
    "link_text": null,
    "link_text_color": null,
    "link_url": null,
    "name": null,
    "project_id": 1318192,
    "should_show_feature_image_section": true,
    "show_feature_image": false,
    "state": "inactive",
    "state_changed_at": 1425915873,
    "text_color": null
  },
  "slug": "lds-home-teaching-app-visiting-teaching-too",
  "spotlight": false,
  "staff_pick": false,
  "state": "failed",
  "state_changed_at": 1413552997,
  "static_usd_rate": 1.0,
  "urls": {
    "web": {
      "project": "https://www.kickstarter.com/projects/hometeachingapp/lds-home-teaching-app-visiting-teaching-too?ref=category_newest",
      "rewards": "https://www.kickstarter.com/projects/hometeachingapp/lds-home-teaching-app-visiting-teaching-too/rewards"
    }
  },
  "usd_pledged": "895.0",
  "usd_type": "international"
}