{
  "backers_count": 0,
  "blurb": "The site's aim is to give purchasers of specialised and adapted products and services, a platform and a space to voice their opinions.",
  "category": {
    "color": 6526716,
    "id": 342,
    "name": "Web",
    "parent_id": 16,
    "position": 15,
    "slug": "technology/web",
    "urls": {
      "web": {
        "discover": "http://www.kickstarter.com/discover/categories/technology/web"
      }
    }
  },
  "converted_pledged_amount": 0,
  "country": "GB",
  "created_at": 1521470765,
  "creator": {
    "avatar": {
      "medium": "https://ksr-ugc.imgix.net/assets/020/603/688/d909c892778860a314b7aafad213c2cc_original.jpg?w=160&h=160&fit=crop&v=1521492051&auto=format&q=92&s=36d8d6e11faed7f77e15b716097c10bf",
      "small": "https://ksr-ugc.imgix.net/assets/020/603/688/d909c892778860a314b7aafad213c2cc_original.jpg?w=160&h=160&fit=crop&v=1521492051&auto=format&q=92&s=36d8d6e11faed7f77e15b716097c10bf",
      "thumb": "https://ksr-ugc.imgix.net/assets/020/603/688/d909c892778860a314b7aafad213c2cc_original.jpg?w=40&h=40&fit=crop&v=1521492051&auto=format&q=92&s=4c4e3c4437cd74e9c0a358227ebfbd7b"
    },
    "chosen_currency": null,
    "id": 589814718,
    "is_registered": true,
    "name": "Leon Donegan",
    "slug": "enablepands",
    "urls": {
      "api": {
        "user": "https://api.kickstarter.com/v1/users/589814718?signature=1524102869.abdc5f526ff2cc3bb9da6cec0047a7828795b22d"
      },
      "web": {
        "user": "https://www.kickstarter.com/profile/enablepands"
      }
    }
  },
  "currency": "GBP",
  "currency_symbol": "\u00a3",
  "currency_trailing_code": false,
  "current_currency": "USD",
  "deadline": 1524059220,
  "disable_communication": false,
  "fx_rate": 1.43358488,
  "goal": 100.0,
  "id": 1003465729,
  "is_starrable": false,
  "launched_at": 1523023396,
  "location": {
    "country": "GB",
    "displayable_name": "Surrey, UK",
    "id": 12602176,
    "is_root": false,
    "localized_name": "Surrey",
    "name": "Surrey",
    "short_name": "Surrey, UK",
    "slug": "surrey-gb",
    "state": "England",
    "type": "County",
    "urls": {
      "api": {
        "nearby_projects": "https://api.kickstarter.com/v1/discover?signature=1524082178.502eb333ce5735ec46d6c4bab78c1b954cffdd70&woe_id=12602176"
      },
      "web": {
        "discover": "https://www.kickstarter.com/discover/places/surrey-gb",
        "location": "https://www.kickstarter.com/locations/surrey-gb"
      }
    }
  },
  "name": "A social networking website for people with disabilities.",
  "photo": {
    "1024x576": "https://ksr-ugc.imgix.net/assets/020/599/666/47b9d2f0b274aed9d64cc5de091cc071_original.jpg?crop=faces&w=1024&h=576&fit=crop&v=1521470824&auto=format&q=92&s=e2e7a8ae36053eaf9bf446d2b2ff8076",
    "1536x864": "https://ksr-ugc.imgix.net/assets/020/599/666/47b9d2f0b274aed9d64cc5de091cc071_original.jpg?crop=faces&w=1552&h=873&fit=crop&v=1521470824&auto=format&q=92&s=544ad28c0c6bef49deba588499d93509",
    "ed": "https://ksr-ugc.imgix.net/assets/020/599/666/47b9d2f0b274aed9d64cc5de091cc071_original.jpg?crop=faces&w=352&h=198&fit=crop&v=1521470824&auto=format&q=92&s=befda0ead1c33ea479df5aef04818895",
    "full": "https://ksr-ugc.imgix.net/assets/020/599/666/47b9d2f0b274aed9d64cc5de091cc071_original.jpg?crop=faces&w=560&h=315&fit=crop&v=1521470824&auto=format&q=92&s=5f5dfb1e974146ea55bc51a6ab779e13",
    "key": "assets/020/599/666/47b9d2f0b274aed9d64cc5de091cc071_original.jpg",
    "little": "https://ksr-ugc.imgix.net/assets/020/599/666/47b9d2f0b274aed9d64cc5de091cc071_original.jpg?crop=faces&w=208&h=117&fit=crop&v=1521470824&auto=format&q=92&s=f4670f79f4501011cde032e86549addc",
    "med": "https://ksr-ugc.imgix.net/assets/020/599/666/47b9d2f0b274aed9d64cc5de091cc071_original.jpg?crop=faces&w=272&h=153&fit=crop&v=1521470824&auto=format&q=92&s=0681d433a8aa9dd1597194a58beda24e",
    "small": "https://ksr-ugc.imgix.net/assets/020/599/666/47b9d2f0b274aed9d64cc5de091cc071_original.jpg?crop=faces&w=160&h=90&fit=crop&v=1521470824&auto=format&q=92&s=64983d631fa2c9a6d209e14c506cbfa8",
    "thumb": "https://ksr-ugc.imgix.net/assets/020/599/666/47b9d2f0b274aed9d64cc5de091cc071_original.jpg?crop=faces&w=48&h=27&fit=crop&v=1521470824&auto=format&q=92&s=d6ccb281b6fb45943327b657b3494501"
  },
  "pledged": 0.0,
  "profile": {
    "background_color": null,
    "background_image_opacity": 0.8,
    "blurb": null,
    "feature_image_attributes": {
      "image_urls": {
        "baseball_card": "https://ksr-ugc.imgix.net/assets/020/599/666/47b9d2f0b274aed9d64cc5de091cc071_original.jpg?crop=faces&w=560&h=315&fit=crop&v=1521470824&auto=format&q=92&s=5f5dfb1e974146ea55bc51a6ab779e13",
        "default": "https://ksr-ugc.imgix.net/assets/020/599/666/47b9d2f0b274aed9d64cc5de091cc071_original.jpg?crop=faces&w=1552&h=873&fit=crop&v=1521470824&auto=format&q=92&s=544ad28c0c6bef49deba588499d93509"
      }
    },
    "id": 3337252,
    "link_background_color": null,
    "link_text": null,
    "link_text_color": null,
    "link_url": null,
    "name": null,
    "project_id": 3337252,
    "should_show_feature_image_section": true,
    "show_feature_image": false,
    "state": "inactive",
    "state_changed_at": 1521470765,
    "text_color": null
  },
  "slug": "a-social-networking-website-for-people-with-disabi",
  "spotlight": false,
  "staff_pick": false,
  "state": "live",
  "state_changed_at": 1523023396,
  "static_usd_rate": 1.40809571,
  "urls": {
    "web": {
      "project": "https://www.kickstarter.com/projects/enablepands/a-social-networking-website-for-people-with-disabi?ref=category_newest",
      "rewards": "https://www.kickstarter.com/projects/enablepands/a-social-networking-website-for-people-with-disabi/rewards"
    }
  },
  "usd_pledged": "0.0",
  "usd_type": "international"
}