{
  "backers_count": 0,
  "blurb": "A simple and complete app that allows speakers to manage their conference by collect the questions of partecipants.",
  "category": {
    "color": 6526716,
    "id": 342,
    "name": "Web",
    "parent_id": 16,
    "position": 15,
    "slug": "technology/web",
    "urls": {
      "web": {
        "discover": "http://www.kickstarter.com/discover/categories/technology/web"
      }
    }
  },
  "converted_pledged_amount": 0,
  "country": "IT",
  "created_at": 1523207835,
  "creator": {
    "avatar": {
      "medium": "https://ksr-ugc.imgix.net/assets/020/842/655/4efcb650b7a6cbf4de9e86afc9165715_original.jpg?w=160&h=160&fit=crop&v=1523391200&auto=format&q=92&s=60d2913f352fb76b33e086895933c1fa",
      "small": "https://ksr-ugc.imgix.net/assets/020/842/655/4efcb650b7a6cbf4de9e86afc9165715_original.jpg?w=160&h=160&fit=crop&v=1523391200&auto=format&q=92&s=60d2913f352fb76b33e086895933c1fa",
      "thumb": "https://ksr-ugc.imgix.net/assets/020/842/655/4efcb650b7a6cbf4de9e86afc9165715_original.jpg?w=40&h=40&fit=crop&v=1523391200&auto=format&q=92&s=536c509f1748ff3c6000bc9ca114b49c"
    },
    "chosen_currency": null,
    "id": 1383310739,
    "is_registered": true,
    "name": "Gabriele",
    "urls": {
      "api": {
        "user": "https://api.kickstarter.com/v1/users/1383310739?signature=1524102869.5cc8658ee74e37a0784ad898cfbeca948c8ddb89"
      },
      "web": {
        "user": "https://www.kickstarter.com/profile/1383310739"
      }
    }
  },
  "currency": "EUR",
  "currency_symbol": "\u20ac",
  "currency_trailing_code": false,
  "current_currency": "USD",
  "deadline": 1529071117,
  "disable_communication": false,
  "fx_rate": 1.23814016,
  "goal": 1000.0,
  "id": 1003826958,
  "is_starrable": true,
  "launched_at": 1523887117,
  "location": {
    "country": "IT",
    "displayable_name": "Bergamo, Italy",
    "id": 710893,
    "is_root": false,
    "localized_name": "Bergamo",
    "name": "Bergamo",
    "short_name": "Bergamo, Italy",
    "slug": "bergamo-bergamo-lombardy",
    "state": "Lombardy",
    "type": "Town",
    "urls": {
      "api": {
        "nearby_projects": "https://api.kickstarter.com/v1/discover?signature=1524082129.8acfa98956477e3a77cd061c9ed5cd6b401c8d4e&woe_id=710893"
      },
      "web": {
        "discover": "https://www.kickstarter.com/discover/places/bergamo-bergamo-lombardy",
        "location": "https://www.kickstarter.com/locations/bergamo-bergamo-lombardy"
      }
    }
  },
  "name": "SYQ conference manage app",
  "photo": {
    "1024x576": "https://ksr-ugc.imgix.net/assets/020/817/246/0405a124b385806c4b355c3716611cc2_original.jpg?crop=faces&w=1024&h=576&fit=crop&v=1523387933&auto=format&q=92&s=7320724e6d76338e8af93f1fb5a07969",
    "1536x864": "https://ksr-ugc.imgix.net/assets/020/817/246/0405a124b385806c4b355c3716611cc2_original.jpg?crop=faces&w=1552&h=873&fit=crop&v=1523387933&auto=format&q=92&s=5fc2cc0d8e154ab6785e8f5d4a5f1b63",
    "ed": "https://ksr-ugc.imgix.net/assets/020/817/246/0405a124b385806c4b355c3716611cc2_original.jpg?crop=faces&w=352&h=198&fit=crop&v=1523387933&auto=format&q=92&s=042e20375951bb38273d91904c07b4f4",
    "full": "https://ksr-ugc.imgix.net/assets/020/817/246/0405a124b385806c4b355c3716611cc2_original.jpg?crop=faces&w=560&h=315&fit=crop&v=1523387933&auto=format&q=92&s=1b9400fdfbd0242bf2afe8e5725e8f15",
    "key": "assets/020/817/246/0405a124b385806c4b355c3716611cc2_original.jpg",
    "little": "https://ksr-ugc.imgix.net/assets/020/817/246/0405a124b385806c4b355c3716611cc2_original.jpg?crop=faces&w=208&h=117&fit=crop&v=1523387933&auto=format&q=92&s=8781d7ab837128be8c0202fce659e182",
    "med": "https://ksr-ugc.imgix.net/assets/020/817/246/0405a124b385806c4b355c3716611cc2_original.jpg?crop=faces&w=272&h=153&fit=crop&v=1523387933&auto=format&q=92&s=9d51715b1359490fb6c3b6394fd92bd3",
    "small": "https://ksr-ugc.imgix.net/assets/020/817/246/0405a124b385806c4b355c3716611cc2_original.jpg?crop=faces&w=160&h=90&fit=crop&v=1523387933&auto=format&q=92&s=d4dd9d6adab888b540485200113f7512",
    "thumb": "https://ksr-ugc.imgix.net/assets/020/817/246/0405a124b385806c4b355c3716611cc2_original.jpg?crop=faces&w=48&h=27&fit=crop&v=1523387933&auto=format&q=92&s=b3cbdaa1191954ccabaac5c3a7ef49b0"
  },
  "pledged": 0.0,
  "profile": {
    "background_color": null,
    "background_image_opacity": 0.8,
    "blurb": null,
    "feature_image_attributes": {
      "image_urls": {
        "baseball_card": "https://ksr-ugc.imgix.net/assets/020/817/246/0405a124b385806c4b355c3716611cc2_original.jpg?crop=faces&w=560&h=315&fit=crop&v=1523387933&auto=format&q=92&s=1b9400fdfbd0242bf2afe8e5725e8f15",
        "default": "https://ksr-ugc.imgix.net/assets/020/817/246/0405a124b385806c4b355c3716611cc2_original.jpg?crop=faces&w=1552&h=873&fit=crop&v=1523387933&auto=format&q=92&s=5fc2cc0d8e154ab6785e8f5d4a5f1b63"
      }
    },
    "id": 3353175,
    "link_background_color": null,
    "link_text": null,
    "link_text_color": null,
    "link_url": null,
    "name": null,
    "project_id": 3353175,
    "should_show_feature_image_section": true,
    "show_feature_image": false,
    "state": "inactive",
    "state_changed_at": 1523207835,
    "text_color": null
  },
  "slug": "syq-conference-manage-app",
  "spotlight": false,
  "staff_pick": false,
  "state": "live",
  "state_changed_at": 1523887117,
  "static_usd_rate": 1.23395854,
  "urls": {
    "web": {
      "project": "https://www.kickstarter.com/projects/1383310739/syq-conference-manage-app?ref=category_newest",
      "rewards": "https://www.kickstarter.com/projects/1383310739/syq-conference-manage-app/rewards"
    }
  },
  "usd_pledged": "0.0",
  "usd_type": "international"
}