{
  "backers_count": 292,
  "blurb": "Air.Air! is a portable device to measure air quality. Support for your iPhone, iPod & Android phone.",
  "category": {
    "color": 6526716,
    "id": 16,
    "name": "Technology",
    "position": 14,
    "slug": "technology",
    "urls": {
      "web": {
        "discover": "http://www.kickstarter.com/discover/categories/technology"
      }
    }
  },
  "converted_pledged_amount": 21613,
  "country": "US",
  "created_at": 1373848230,
  "creator": {
    "avatar": {
      "medium": "https://ksr-ugc.imgix.net/assets/007/101/564/5f72f1a14a32e47032f03dbdf1a95dcd_original.jpg?w=160&h=160&fit=crop&v=1461434839&auto=format&q=92&s=ff1f01c10e67dc525cd5441581c54063",
      "small": "https://ksr-ugc.imgix.net/assets/007/101/564/5f72f1a14a32e47032f03dbdf1a95dcd_original.jpg?w=160&h=160&fit=crop&v=1461434839&auto=format&q=92&s=ff1f01c10e67dc525cd5441581c54063",
      "thumb": "https://ksr-ugc.imgix.net/assets/007/101/564/5f72f1a14a32e47032f03dbdf1a95dcd_original.jpg?w=40&h=40&fit=crop&v=1461434839&auto=format&q=92&s=982243a46a492ff3e84e2de0c900a5c3"
    },
    "chosen_currency": null,
    "id": 1886143677,
    "is_registered": true,
    "name": "Air.Air!",
    "urls": {
      "api": {
        "user": "https://api.kickstarter.com/v1/users/1886143677?signature=1524099716.7d60934002f356e56449f4a3a68829a0efd71aee"
      },
      "web": {
        "user": "https://www.kickstarter.com/profile/1886143677"
      }
    }
  },
  "currency": "USD",
  "currency_symbol": "$",
  "currency_trailing_code": true,
  "current_currency": "USD",
  "deadline": 1382275576,
  "disable_communication": false,
  "fx_rate": 1.0,
  "goal": 20000.0,
  "id": 1003481542,
  "is_starrable": false,
  "launched_at": 1378214776,
  "location": {
    "country": "CN",
    "displayable_name": "Shenzhen, China",
    "id": 2161853,
    "is_root": false,
    "localized_name": "Shenzhen",
    "name": "Shenzhen",
    "short_name": "Shenzhen, China",
    "slug": "shenzhen-shenzhen-guangdong",
    "state": "Guangdong",
    "type": "Town",
    "urls": {
      "api": {
        "nearby_projects": "https://api.kickstarter.com/v1/discover?signature=1524082121.2f74eae5f1f2ee98aaf1882f485da8cd8fccf1b9&woe_id=2161853"
      },
      "web": {
        "discover": "https://www.kickstarter.com/discover/places/shenzhen-shenzhen-guangdong",
        "location": "https://www.kickstarter.com/locations/shenzhen-shenzhen-guangdong"
      }
    }
  },
  "name": "Air.Air! ~ Portable Air Quality Detector",
  "photo": {
    "1024x576": "https://ksr-ugc.imgix.net/assets/011/550/108/02443242c31fca2c8907a5ce2258bf5e_original.jpg?crop=faces&w=1024&h=576&fit=crop&v=1463684332&auto=format&q=92&s=4792b4fd708d5c286889ba41d96c3b68",
    "1536x864": "https://ksr-ugc.imgix.net/assets/011/550/108/02443242c31fca2c8907a5ce2258bf5e_original.jpg?crop=faces&w=1552&h=873&fit=crop&v=1463684332&auto=format&q=92&s=730082503b923cc79b6d47da30721368",
    "ed": "https://ksr-ugc.imgix.net/assets/011/550/108/02443242c31fca2c8907a5ce2258bf5e_original.jpg?crop=faces&w=352&h=198&fit=crop&v=1463684332&auto=format&q=92&s=a18e9ab7ad9bc0b59409762f1acf6d6d",
    "full": "https://ksr-ugc.imgix.net/assets/011/550/108/02443242c31fca2c8907a5ce2258bf5e_original.jpg?crop=faces&w=560&h=315&fit=crop&v=1463684332&auto=format&q=92&s=5804f106426f00d3b354f65f64416efe",
    "key": "assets/011/550/108/02443242c31fca2c8907a5ce2258bf5e_original.jpg",
    "little": "https://ksr-ugc.imgix.net/assets/011/550/108/02443242c31fca2c8907a5ce2258bf5e_original.jpg?crop=faces&w=208&h=117&fit=crop&v=1463684332&auto=format&q=92&s=c4e11eb7c5b96963f81cb00a8d402f69",
    "med": "https://ksr-ugc.imgix.net/assets/011/550/108/02443242c31fca2c8907a5ce2258bf5e_original.jpg?crop=faces&w=272&h=153&fit=crop&v=1463684332&auto=format&q=92&s=c9f16faf22dc7b9db49dae7e3c2ea9dd",
    "small": "https://ksr-ugc.imgix.net/assets/011/550/108/02443242c31fca2c8907a5ce2258bf5e_original.jpg?crop=faces&w=160&h=90&fit=crop&v=1463684332&auto=format&q=92&s=7c60142353cc4550f71dcb6529181d50",
    "thumb": "https://ksr-ugc.imgix.net/assets/011/550/108/02443242c31fca2c8907a5ce2258bf5e_original.jpg?crop=faces&w=48&h=27&fit=crop&v=1463684332&auto=format&q=92&s=a6abf43cf7229b2efc12b458f2e4a3ee"
  },
  "pledged": 21613.47,
  "profile": {
    "background_color": null,
    "background_image_opacity": 0.8,
    "blurb": null,
    "feature_image_attributes": {
      "image_urls": {
        "baseball_card": "https://ksr-ugc.imgix.net/assets/011/550/108/02443242c31fca2c8907a5ce2258bf5e_original.jpg?crop=faces&w=560&h=315&fit=crop&v=1463684332&auto=format&q=92&s=5804f106426f00d3b354f65f64416efe",
        "default": "https://ksr-ugc.imgix.net/assets/011/550/108/02443242c31fca2c8907a5ce2258bf5e_original.jpg?crop=faces&w=1552&h=873&fit=crop&v=1463684332&auto=format&q=92&s=730082503b923cc79b6d47da30721368"
      }
    },
    "id": 632492,
    "link_background_color": null,
    "link_text": null,
    "link_text_color": null,
    "link_url": null,
    "name": null,
    "project_id": 632492,
    "should_show_feature_image_section": true,
    "show_feature_image": false,
    "state": "inactive",
    "state_changed_at": 1425915834,
    "text_color": null
  },
  "slug": "airair-portable-air-quality-detector",
  "spotlight": true,
  "staff_pick": false,
  "state": "successful",
  "state_changed_at": 1382275578,
  "static_usd_rate": 1.0,
  "urls": {
    "web": {
      "project": "https://www.kickstarter.com/projects/1886143677/airair-portable-air-quality-detector?ref=category_newest",
      "rewards": "https://www.kickstarter.com/projects/1886143677/airair-portable-air-quality-detector/rewards"
    }
  },
  "usd_pledged": "21613.47",
  "usd_type": "international"
}