{
  "backers_count": 2,
  "blurb": "We design and manufacture guitar and bass amps and speaker enclosures as well as effects pedals.",
  "category": {
    "color": 6526716,
    "id": 339,
    "name": "Sound",
    "parent_id": 16,
    "position": 12,
    "slug": "technology/sound",
    "urls": {
      "web": {
        "discover": "http://www.kickstarter.com/discover/categories/technology/sound"
      }
    }
  },
  "converted_pledged_amount": 151,
  "country": "US",
  "created_at": 1437935065,
  "creator": {
    "avatar": {
      "medium": "https://ksr-ugc.imgix.net/assets/019/792/719/2ab10d7135ca4a8662abde23185a9dcc_original.jpeg?w=160&h=160&fit=crop&v=1515349974&auto=format&q=92&s=eb4e2bf3a8477356fd3128adbc59ea8a",
      "small": "https://ksr-ugc.imgix.net/assets/019/792/719/2ab10d7135ca4a8662abde23185a9dcc_original.jpeg?w=160&h=160&fit=crop&v=1515349974&auto=format&q=92&s=eb4e2bf3a8477356fd3128adbc59ea8a",
      "thumb": "https://ksr-ugc.imgix.net/assets/019/792/719/2ab10d7135ca4a8662abde23185a9dcc_original.jpeg?w=40&h=40&fit=crop&v=1515349974&auto=format&q=92&s=d6965feaec73d27054b8c7a26f086da7"
    },
    "chosen_currency": null,
    "id": 525907668,
    "is_registered": true,
    "name": "David L Childers",
    "urls": {
      "api": {
        "user": "https://api.kickstarter.com/v1/users/525907668?signature=1524102544.b793b1f7d5086030546a1e575d90457f72699235"
      },
      "web": {
        "user": "https://www.kickstarter.com/profile/525907668"
      }
    }
  },
  "currency": "USD",
  "currency_symbol": "$",
  "currency_trailing_code": true,
  "current_currency": "USD",
  "deadline": 1518819295,
  "disable_communication": false,
  "fx_rate": 1.0,
  "goal": 3000.0,
  "id": 1003913695,
  "is_starrable": false,
  "launched_at": 1516227295,
  "location": {
    "country": "US",
    "displayable_name": "North Augusta, SC",
    "id": 2460600,
    "is_root": false,
    "localized_name": "North Augusta",
    "name": "North Augusta",
    "short_name": "North Augusta, SC",
    "slug": "north-augusta-sc",
    "state": "SC",
    "type": "Town",
    "urls": {
      "api": {
        "nearby_projects": "https://api.kickstarter.com/v1/discover?signature=1524083424.61ae358ecb6f387e99f32a383cf20abf71a9b9b6&woe_id=2460600"
      },
      "web": {
        "discover": "https://www.kickstarter.com/discover/places/north-augusta-sc",
        "location": "https://www.kickstarter.com/locations/north-augusta-sc"
      }
    }
  },
  "name": "Red Matter Guitar Amps and Accessories",
  "photo": {
    "1024x576": "https://ksr-ugc.imgix.net/assets/019/685/651/de7f87d210e06506d5729d3d19e814bb_original.png?crop=faces&w=1024&h=576&fit=crop&v=1515346052&auto=format&q=92&s=fab079842927c6a8f6dba844ffeb0b9f",
    "1536x864": "https://ksr-ugc.imgix.net/assets/019/685/651/de7f87d210e06506d5729d3d19e814bb_original.png?crop=faces&w=1552&h=873&fit=crop&v=1515346052&auto=format&q=92&s=be348dd64052bae1cd151c9549879143",
    "ed": "https://ksr-ugc.imgix.net/assets/019/685/651/de7f87d210e06506d5729d3d19e814bb_original.png?crop=faces&w=352&h=198&fit=crop&v=1515346052&auto=format&q=92&s=d53f6e857902f94d307a8433cf9fa060",
    "full": "https://ksr-ugc.imgix.net/assets/019/685/651/de7f87d210e06506d5729d3d19e814bb_original.png?crop=faces&w=560&h=315&fit=crop&v=1515346052&auto=format&q=92&s=550c8b160957c4658fd7ba36878140fb",
    "key": "assets/019/685/651/de7f87d210e06506d5729d3d19e814bb_original.png",
    "little": "https://ksr-ugc.imgix.net/assets/019/685/651/de7f87d210e06506d5729d3d19e814bb_original.png?crop=faces&w=208&h=117&fit=crop&v=1515346052&auto=format&q=92&s=4b9bc337073b3fe73ac9f3be5100b7a9",
    "med": "https://ksr-ugc.imgix.net/assets/019/685/651/de7f87d210e06506d5729d3d19e814bb_original.png?crop=faces&w=272&h=153&fit=crop&v=1515346052&auto=format&q=92&s=0bd5025b21a6b2def9242d14de7d01d0",
    "small": "https://ksr-ugc.imgix.net/assets/019/685/651/de7f87d210e06506d5729d3d19e814bb_original.png?crop=faces&w=160&h=90&fit=crop&v=1515346052&auto=format&q=92&s=aac301d1d8d68ac83b8dfa4fea39eab9",
    "thumb": "https://ksr-ugc.imgix.net/assets/019/685/651/de7f87d210e06506d5729d3d19e814bb_original.png?crop=faces&w=48&h=27&fit=crop&v=1515346052&auto=format&q=92&s=9304a96b1b7d30340ad71f4f6d75c0bd"
  },
  "pledged": 151.0,
  "profile": {
    "background_color": null,
    "background_image_opacity": 0.8,
    "blurb": null,
    "feature_image_attributes": {
      "image_urls": {
        "baseball_card": "https://ksr-ugc.imgix.net/assets/019/685/651/de7f87d210e06506d5729d3d19e814bb_original.png?crop=faces&w=560&h=315&fit=crop&v=1515346052&auto=format&q=92&s=550c8b160957c4658fd7ba36878140fb",
        "default": "https://ksr-ugc.imgix.net/assets/019/685/651/de7f87d210e06506d5729d3d19e814bb_original.png?crop=faces&w=1552&h=873&fit=crop&v=1515346052&auto=format&q=92&s=be348dd64052bae1cd151c9549879143"
      }
    },
    "id": 2035162,
    "link_background_color": null,
    "link_text": null,
    "link_text_color": null,
    "link_url": null,
    "name": null,
    "project_id": 2035162,
    "should_show_feature_image_section": true,
    "show_feature_image": false,
    "state": "inactive",
    "state_changed_at": 1437935065,
    "text_color": null
  },
  "slug": "red-matter-guitar-amps-and-accessories",
  "spotlight": false,
  "staff_pick": false,
  "state": "failed",
  "state_changed_at": 1518819296,
  "static_usd_rate": 1.0,
  "urls": {
    "web": {
      "project": "https://www.kickstarter.com/projects/525907668/red-matter-guitar-amps-and-accessories?ref=category_newest",
      "rewards": "https://www.kickstarter.com/projects/525907668/red-matter-guitar-amps-and-accessories/rewards"
    }
  },
  "usd_pledged": "151.0",
  "usd_type": "international"
}