{
  "backers_count": 21,
  "blurb": "Installing child car seats are a hassle. +70% of people do it wrong. Our EZ-CarSeat makes it easy to do the right way every time.",
  "category": {
    "color": 6526716,
    "id": 335,
    "name": "Fabrication Tools",
    "parent_id": 16,
    "position": 5,
    "slug": "technology/fabrication tools",
    "urls": {
      "web": {
        "discover": "http://www.kickstarter.com/discover/categories/technology/fabrication%20tools"
      }
    }
  },
  "converted_pledged_amount": 446,
  "country": "US",
  "created_at": 1452888072,
  "creator": {
    "avatar": {
      "medium": "https://ksr-ugc.imgix.net/assets/010/051/749/8a8d2edc69526171fce7a0474133b11f_original.jpeg?w=160&h=160&fit=crop&v=1461664316&auto=format&q=92&s=89dc2fa8b183fabbffb0fa956b9c1ee7",
      "small": "https://ksr-ugc.imgix.net/assets/010/051/749/8a8d2edc69526171fce7a0474133b11f_original.jpeg?w=160&h=160&fit=crop&v=1461664316&auto=format&q=92&s=89dc2fa8b183fabbffb0fa956b9c1ee7",
      "thumb": "https://ksr-ugc.imgix.net/assets/010/051/749/8a8d2edc69526171fce7a0474133b11f_original.jpeg?w=40&h=40&fit=crop&v=1461664316&auto=format&q=92&s=797c79ac75f343e4061a310c9051153e"
    },
    "chosen_currency": null,
    "id": 834834992,
    "is_registered": true,
    "name": "Matthew Kitt of ezcarseat inc",
    "urls": {
      "api": {
        "user": "https://api.kickstarter.com/v1/users/834834992?signature=1524100840.dc93ba8d454deb14638c52e940ede2be29ade7b6"
      },
      "web": {
        "user": "https://www.kickstarter.com/profile/834834992"
      }
    }
  },
  "currency": "USD",
  "currency_symbol": "$",
  "currency_trailing_code": true,
  "current_currency": "USD",
  "deadline": 1467309600,
  "disable_communication": false,
  "fx_rate": 1.0,
  "goal": 60000.0,
  "id": 1003835559,
  "is_starrable": false,
  "launched_at": 1464203583,
  "location": {
    "country": "US",
    "displayable_name": "Salt Lake City, UT",
    "id": 2487610,
    "is_root": false,
    "localized_name": "Salt Lake City",
    "name": "Salt Lake City",
    "short_name": "Salt Lake City, UT",
    "slug": "salt-lake-city-ut",
    "state": "UT",
    "type": "Town",
    "urls": {
      "api": {
        "nearby_projects": "https://api.kickstarter.com/v1/discover?signature=1524082108.1846501956c08639f50ed7ba52e372027911e29a&woe_id=2487610"
      },
      "web": {
        "discover": "https://www.kickstarter.com/discover/places/salt-lake-city-ut",
        "location": "https://www.kickstarter.com/locations/salt-lake-city-ut"
      }
    }
  },
  "name": "EZ-CARSEAT making child car seats EZ (Canceled)",
  "photo": {
    "1024x576": "https://ksr-ugc.imgix.net/assets/012/355/017/de761a4f4bb5f83f40f4fe3ddde28dc3_original.png?crop=faces&w=1024&h=576&fit=crop&v=1463756414&auto=format&q=92&s=d4f9e2c5845d5f2405cc681c48d80027",
    "1536x864": "https://ksr-ugc.imgix.net/assets/012/355/017/de761a4f4bb5f83f40f4fe3ddde28dc3_original.png?crop=faces&w=1552&h=873&fit=crop&v=1463756414&auto=format&q=92&s=bddcad15824eb31ed9cf9bfca3e61afe",
    "ed": "https://ksr-ugc.imgix.net/assets/012/355/017/de761a4f4bb5f83f40f4fe3ddde28dc3_original.png?crop=faces&w=352&h=198&fit=crop&v=1463756414&auto=format&q=92&s=9a0ae3a8ff13de175664b746f4e02589",
    "full": "https://ksr-ugc.imgix.net/assets/012/355/017/de761a4f4bb5f83f40f4fe3ddde28dc3_original.png?crop=faces&w=560&h=315&fit=crop&v=1463756414&auto=format&q=92&s=ce7656ef297b97651b178a280c4086e2",
    "key": "assets/012/355/017/de761a4f4bb5f83f40f4fe3ddde28dc3_original.png",
    "little": "https://ksr-ugc.imgix.net/assets/012/355/017/de761a4f4bb5f83f40f4fe3ddde28dc3_original.png?crop=faces&w=208&h=117&fit=crop&v=1463756414&auto=format&q=92&s=9d00a2234a26566fd1800f60d5bce3c9",
    "med": "https://ksr-ugc.imgix.net/assets/012/355/017/de761a4f4bb5f83f40f4fe3ddde28dc3_original.png?crop=faces&w=272&h=153&fit=crop&v=1463756414&auto=format&q=92&s=5c59eb326cfc7428a06385dde356b00b",
    "small": "https://ksr-ugc.imgix.net/assets/012/355/017/de761a4f4bb5f83f40f4fe3ddde28dc3_original.png?crop=faces&w=160&h=90&fit=crop&v=1463756414&auto=format&q=92&s=6eeea5c57b09d31bf87a75786b304a48",
    "thumb": "https://ksr-ugc.imgix.net/assets/012/355/017/de761a4f4bb5f83f40f4fe3ddde28dc3_original.png?crop=faces&w=48&h=27&fit=crop&v=1463756414&auto=format&q=92&s=bc396976ffdfd3ad03a229bb73c2378d"
  },
  "pledged": 446.0,
  "profile": {
    "background_color": null,
    "background_image_opacity": 0.8,
    "blurb": null,
    "feature_image_attributes": {
      "image_urls": {
        "baseball_card": "https://ksr-ugc.imgix.net/assets/012/355/017/de761a4f4bb5f83f40f4fe3ddde28dc3_original.png?crop=faces&w=560&h=315&fit=crop&v=1463756414&auto=format&q=92&s=ce7656ef297b97651b178a280c4086e2",
        "default": "https://ksr-ugc.imgix.net/assets/012/355/017/de761a4f4bb5f83f40f4fe3ddde28dc3_original.png?crop=faces&w=1552&h=873&fit=crop&v=1463756414&auto=format&q=92&s=bddcad15824eb31ed9cf9bfca3e61afe"
      }
    },
    "id": 2323544,
    "link_background_color": null,
    "link_text": null,
    "link_text_color": null,
    "link_url": null,
    "name": null,
    "project_id": 2323544,
    "should_show_feature_image_section": true,
    "show_feature_image": false,
    "state": "inactive",
    "state_changed_at": 1452888072,
    "text_color": null
  },
  "slug": "ez-carseat-making-child-car-seats-ez",
  "spotlight": false,
  "staff_pick": false,
  "state": "canceled",
  "state_changed_at": 1466980048,
  "static_usd_rate": 1.0,
  "urls": {
    "web": {
      "project": "https://www.kickstarter.com/projects/834834992/ez-carseat-making-child-car-seats-ez?ref=category_newest",
      "rewards": "https://www.kickstarter.com/projects/834834992/ez-carseat-making-child-car-seats-ez/rewards"
    }
  },
  "usd_pledged": "446.0",
  "usd_type": "international"
}