{
  "backers_count": 3,
  "blurb": "An Affordable, Wireless, and Unique Touchpad for your current video gaming controllers. Simply more exciting way to play our games.",
  "category": {
    "color": 6526716,
    "id": 334,
    "name": "DIY Electronics",
    "parent_id": 16,
    "position": 4,
    "slug": "technology/diy electronics",
    "urls": {
      "web": {
        "discover": "http://www.kickstarter.com/discover/categories/technology/diy%20electronics"
      }
    }
  },
  "converted_pledged_amount": 162,
  "country": "US",
  "created_at": 1399010894,
  "creator": {
    "avatar": {
      "medium": "https://ksr-ugc.imgix.net/assets/008/668/659/3b1f7f39b74e74b0053c777540d5f933_original.jpg?w=160&h=160&fit=crop&v=1461537965&auto=format&q=92&s=7f347d4ecc25ffc6f4dbc6447cee5fae",
      "small": "https://ksr-ugc.imgix.net/assets/008/668/659/3b1f7f39b74e74b0053c777540d5f933_original.jpg?w=160&h=160&fit=crop&v=1461537965&auto=format&q=92&s=7f347d4ecc25ffc6f4dbc6447cee5fae",
      "thumb": "https://ksr-ugc.imgix.net/assets/008/668/659/3b1f7f39b74e74b0053c777540d5f933_original.jpg?w=40&h=40&fit=crop&v=1461537965&auto=format&q=92&s=712b6631445e4deba12710e223484103"
    },
    "chosen_currency": null,
    "id": 668447483,
    "is_registered": true,
    "name": "Gantugs Jargalsaikhan",
    "slug": "ganaajagaa",
    "urls": {
      "api": {
        "user": "https://api.kickstarter.com/v1/users/668447483?signature=1524100776.79148ae7ed3456f583a1437d97366a8ee1c6bf02"
      },
      "web": {
        "user": "https://www.kickstarter.com/profile/ganaajagaa"
      }
    }
  },
  "currency": "USD",
  "currency_symbol": "$",
  "currency_trailing_code": true,
  "current_currency": "USD",
  "deadline": 1408032837,
  "disable_communication": false,
  "fx_rate": 1.0,
  "goal": 100000.0,
  "id": 100359228,
  "is_starrable": false,
  "launched_at": 1405181637,
  "location": {
    "country": "US",
    "displayable_name": "Chicago, IL",
    "id": 2379574,
    "is_root": false,
    "localized_name": "Chicago",
    "name": "Chicago",
    "short_name": "Chicago, IL",
    "slug": "chicago-il",
    "state": "IL",
    "type": "Town",
    "urls": {
      "api": {
        "nearby_projects": "https://api.kickstarter.com/v1/discover?signature=1524082109.31708ace3e69ccffe11c24591d897227bd8b67f0&woe_id=2379574"
      },
      "web": {
        "discover": "https://www.kickstarter.com/discover/places/chicago-il",
        "location": "https://www.kickstarter.com/locations/chicago-il"
      }
    }
  },
  "name": "Wireless Touchpad for Console Gaming Controllers (Canceled)",
  "photo": {
    "1024x576": "https://ksr-ugc.imgix.net/assets/011/697/229/3299e7be7d7a38758e7ebdb6cb5eb625_original.jpg?crop=faces&w=1024&h=576&fit=crop&v=1463686932&auto=format&q=92&s=0e81fe721189f6a98009cadfc17a8057",
    "1536x864": "https://ksr-ugc.imgix.net/assets/011/697/229/3299e7be7d7a38758e7ebdb6cb5eb625_original.jpg?crop=faces&w=1552&h=873&fit=crop&v=1463686932&auto=format&q=92&s=da9988e9d6eed0d438fe03140b073531",
    "ed": "https://ksr-ugc.imgix.net/assets/011/697/229/3299e7be7d7a38758e7ebdb6cb5eb625_original.jpg?crop=faces&w=352&h=198&fit=crop&v=1463686932&auto=format&q=92&s=1054e435ef2741d4f45352e20c6418fd",
    "full": "https://ksr-ugc.imgix.net/assets/011/697/229/3299e7be7d7a38758e7ebdb6cb5eb625_original.jpg?crop=faces&w=560&h=315&fit=crop&v=1463686932&auto=format&q=92&s=960bb6cff9e0ec451839abc8ab7ece04",
    "key": "assets/011/697/229/3299e7be7d7a38758e7ebdb6cb5eb625_original.jpg",
    "little": "https://ksr-ugc.imgix.net/assets/011/697/229/3299e7be7d7a38758e7ebdb6cb5eb625_original.jpg?crop=faces&w=208&h=117&fit=crop&v=1463686932&auto=format&q=92&s=ddb0d009a96d66a9b98c864ed4b9d28c",
    "med": "https://ksr-ugc.imgix.net/assets/011/697/229/3299e7be7d7a38758e7ebdb6cb5eb625_original.jpg?crop=faces&w=272&h=153&fit=crop&v=1463686932&auto=format&q=92&s=00a7cdc77249c3fd7730a0aa121afbb7",
    "small": "https://ksr-ugc.imgix.net/assets/011/697/229/3299e7be7d7a38758e7ebdb6cb5eb625_original.jpg?crop=faces&w=160&h=90&fit=crop&v=1463686932&auto=format&q=92&s=6899b6acb105bbf07a700618fab00839",
    "thumb": "https://ksr-ugc.imgix.net/assets/011/697/229/3299e7be7d7a38758e7ebdb6cb5eb625_original.jpg?crop=faces&w=48&h=27&fit=crop&v=1463686932&auto=format&q=92&s=1fe11f8df454ff71c6dabd439c3187ae"
  },
  "pledged": 162.0,
  "profile": {
    "background_color": null,
    "background_image_opacity": 0.8,
    "blurb": null,
    "feature_image_attributes": {
      "image_urls": {
        "baseball_card": "https://ksr-ugc.imgix.net/assets/011/697/229/3299e7be7d7a38758e7ebdb6cb5eb625_original.jpg?crop=faces&w=560&h=315&fit=crop&v=1463686932&auto=format&q=92&s=960bb6cff9e0ec451839abc8ab7ece04",
        "default": "https://ksr-ugc.imgix.net/assets/011/697/229/3299e7be7d7a38758e7ebdb6cb5eb625_original.jpg?crop=faces&w=1552&h=873&fit=crop&v=1463686932&auto=format&q=92&s=da9988e9d6eed0d438fe03140b073531"
      }
    },
    "id": 1004081,
    "link_background_color": null,
    "link_text": null,
    "link_text_color": null,
    "link_url": null,
    "name": null,
    "project_id": 1004081,
    "should_show_feature_image_section": true,
    "show_feature_image": false,
    "state": "inactive",
    "state_changed_at": 1425915855,
    "text_color": null
  },
  "slug": "wireless-touchpad-for-console-gaming-controllers",
  "spotlight": false,
  "staff_pick": false,
  "state": "canceled",
  "state_changed_at": 1405449420,
  "static_usd_rate": 1.0,
  "urls": {
    "web": {
      "project": "https://www.kickstarter.com/projects/ganaajagaa/wireless-touchpad-for-console-gaming-controllers?ref=category_newest",
      "rewards": "https://www.kickstarter.com/projects/ganaajagaa/wireless-touchpad-for-console-gaming-controllers/rewards"
    }
  },
  "usd_pledged": "162.0",
  "usd_type": "international"
}