{
  "backers_count": 1052,
  "blurb": "The world's first In-Ear & Off-Ear headphones. Listen to music wherever you are, no matter what you're doing.",
  "category": {
    "color": 6526716,
    "id": 341,
    "name": "Wearables",
    "parent_id": 16,
    "position": 14,
    "slug": "technology/wearables",
    "urls": {
      "web": {
        "discover": "http://www.kickstarter.com/discover/categories/technology/wearables"
      }
    }
  },
  "converted_pledged_amount": 106213,
  "country": "US",
  "created_at": 1490645093,
  "creator": {
    "avatar": {
      "medium": "https://ksr-ugc.imgix.net/assets/016/043/722/d5dcb7424e434004b71db877bca63394_original.jpg?w=160&h=160&fit=crop&v=1493830201&auto=format&q=92&s=d417e497c74a1ba0ccf7d7f0a07ba69c",
      "small": "https://ksr-ugc.imgix.net/assets/016/043/722/d5dcb7424e434004b71db877bca63394_original.jpg?w=160&h=160&fit=crop&v=1493830201&auto=format&q=92&s=d417e497c74a1ba0ccf7d7f0a07ba69c",
      "thumb": "https://ksr-ugc.imgix.net/assets/016/043/722/d5dcb7424e434004b71db877bca63394_original.jpg?w=40&h=40&fit=crop&v=1493830201&auto=format&q=92&s=0f387faf797f3350c0560183e6dc9729"
    },
    "chosen_currency": "USD",
    "id": 2117253395,
    "is_registered": true,
    "name": "CONDUIT Sports",
    "slug": "conduitsports",
    "urls": {
      "api": {
        "user": "https://api.kickstarter.com/v1/users/2117253395?signature=1524102691.64f2889f273b5085cf1a6231ebe05967d3324ec8"
      },
      "web": {
        "user": "https://www.kickstarter.com/profile/conduitsports"
      }
    }
  },
  "currency": "USD",
  "currency_symbol": "$",
  "currency_trailing_code": true,
  "current_currency": "USD",
  "deadline": 1494875470,
  "disable_communication": false,
  "fx_rate": 1.0,
  "goal": 50000.0,
  "id": 1003481744,
  "is_starrable": false,
  "launched_at": 1491851470,
  "location": {
    "country": "AU",
    "displayable_name": "Sydney, AU",
    "id": 1105779,
    "is_root": false,
    "localized_name": "Sydney",
    "name": "Sydney",
    "short_name": "Sydney, AU",
    "slug": "sydney-au",
    "state": "NSW",
    "type": "Town",
    "urls": {
      "api": {
        "nearby_projects": "https://api.kickstarter.com/v1/discover?signature=1524082110.b9fdee45ce4e7d5af303362d3ac9585affd5b0ce&woe_id=1105779"
      },
      "web": {
        "discover": "https://www.kickstarter.com/discover/places/sydney-au",
        "location": "https://www.kickstarter.com/locations/sydney-au"
      }
    }
  },
  "name": "CONDUIT Sports - Dynamic Bone Conducting Headphones",
  "photo": {
    "1024x576": "https://ksr-ugc.imgix.net/assets/016/043/448/3b4554321779002c0c7911712a4e862e_original.jpg?crop=faces&w=1024&h=576&fit=crop&v=1494711824&auto=format&q=92&s=bf247219f0883d773ffc9d6ec6272b3c",
    "1536x864": "https://ksr-ugc.imgix.net/assets/016/043/448/3b4554321779002c0c7911712a4e862e_original.jpg?crop=faces&w=1552&h=873&fit=crop&v=1494711824&auto=format&q=92&s=6755959f68f2d0fce556670cf0aba52a",
    "ed": "https://ksr-ugc.imgix.net/assets/016/043/448/3b4554321779002c0c7911712a4e862e_original.jpg?crop=faces&w=352&h=198&fit=crop&v=1494711824&auto=format&q=92&s=cac74a804964e012a9d19ee429f38962",
    "full": "https://ksr-ugc.imgix.net/assets/016/043/448/3b4554321779002c0c7911712a4e862e_original.jpg?crop=faces&w=560&h=315&fit=crop&v=1494711824&auto=format&q=92&s=985fe59f92b0b35d796f785f8eba8a4e",
    "key": "assets/016/043/448/3b4554321779002c0c7911712a4e862e_original.jpg",
    "little": "https://ksr-ugc.imgix.net/assets/016/043/448/3b4554321779002c0c7911712a4e862e_original.jpg?crop=faces&w=208&h=117&fit=crop&v=1494711824&auto=format&q=92&s=85b57097c75a28e35b842ccfe3f7a42a",
    "med": "https://ksr-ugc.imgix.net/assets/016/043/448/3b4554321779002c0c7911712a4e862e_original.jpg?crop=faces&w=272&h=153&fit=crop&v=1494711824&auto=format&q=92&s=a30b43ab9a4fc127c7e89567ac1b9411",
    "small": "https://ksr-ugc.imgix.net/assets/016/043/448/3b4554321779002c0c7911712a4e862e_original.jpg?crop=faces&w=160&h=90&fit=crop&v=1494711824&auto=format&q=92&s=c0802c86a4313efd4597eabffe0c9732",
    "thumb": "https://ksr-ugc.imgix.net/assets/016/043/448/3b4554321779002c0c7911712a4e862e_original.jpg?crop=faces&w=48&h=27&fit=crop&v=1494711824&auto=format&q=92&s=00d5ced5012c68a338d01f1d53c8fc8a"
  },
  "pledged": 106213.0,
  "profile": {
    "background_color": "69f7f6",
    "background_image_opacity": 0.16,
    "blurb": "Listen to music wherever you are, no matter what you're doing. See link below to purchase our other Off-Ear only product CONDUIT Motion.",
    "feature_image_attributes": {
      "id": 20245368,
      "image_urls": {
        "baseball_card": "https://ksr-ugc.imgix.net/assets/020/245/368/c5f155ac3ef2941d4e34f9315f6ead5d_original.jpg?crop=faces,edges&w=560&h=315&fit=crop&v=1518705105&auto=format&q=92&s=b4996d31b3b73e1386910475b6d39d17",
        "default": "https://ksr-ugc.imgix.net/assets/020/245/368/c5f155ac3ef2941d4e34f9315f6ead5d_original.jpg?w=700&fit=max&v=1518705105&auto=format&q=92&s=f189c46eb2964053fec2e608c23f6342"
      }
    },
    "id": 2938062,
    "link_background_color": "dc1c1c",
    "link_text": "Order now!",
    "link_text_color": "",
    "link_url": "https://conduitsports.com/",
    "name": "CONDUIT\u00a0Sports\u00a0The World's First In/Off-Ear Headphones",
    "project_id": 2938062,
    "should_show_feature_image_section": true,
    "show_feature_image": true,
    "state": "active",
    "state_changed_at": 1495038146,
    "text_color": "000000"
  },
  "slug": "conduit-sports-dynamic-bone-conducting-headphones",
  "spotlight": true,
  "staff_pick": false,
  "state": "successful",
  "state_changed_at": 1494875470,
  "static_usd_rate": 1.0,
  "urls": {
    "web": {
      "project": "https://www.kickstarter.com/projects/conduitsports/conduit-sports-dynamic-bone-conducting-headphones?ref=category_newest",
      "rewards": "https://www.kickstarter.com/projects/conduitsports/conduit-sports-dynamic-bone-conducting-headphones/rewards"
    }
  },
  "usd_pledged": "106213.0",
  "usd_type": "international"
}