{
  "backers_count": 463,
  "blurb": "Boasting one of the most simple Tesla coil driving circuits ever, TT makes wireless electricity simple, easy, and cheap for everyone.",
  "category": {
    "color": 6526716,
    "id": 52,
    "name": "Hardware",
    "parent_id": 16,
    "position": 8,
    "slug": "technology/hardware",
    "urls": {
      "web": {
        "discover": "http://www.kickstarter.com/discover/categories/technology/hardware"
      }
    }
  },
  "converted_pledged_amount": 38946,
  "country": "US",
  "created_at": 1359091696,
  "creator": {
    "avatar": {
      "medium": "https://ksr-ugc.imgix.net/assets/007/198/801/48f729b4e29af36a813d98b793658205_original.jpg?w=160&h=160&fit=crop&v=1461442915&auto=format&q=92&s=39852d0ce428ae61645536de51ae6600",
      "small": "https://ksr-ugc.imgix.net/assets/007/198/801/48f729b4e29af36a813d98b793658205_original.jpg?w=160&h=160&fit=crop&v=1461442915&auto=format&q=92&s=39852d0ce428ae61645536de51ae6600",
      "thumb": "https://ksr-ugc.imgix.net/assets/007/198/801/48f729b4e29af36a813d98b793658205_original.jpg?w=40&h=40&fit=crop&v=1461442915&auto=format&q=92&s=46194115d79b4111dbc1beb3e8480e88"
    },
    "chosen_currency": null,
    "id": 398893778,
    "is_registered": true,
    "name": "TeslaTronix",
    "urls": {
      "api": {
        "user": "https://api.kickstarter.com/v1/users/398893778?signature=1524101425.a5f46a67ff4f1be79e15ccc49d0d114530ea80f4"
      },
      "web": {
        "user": "https://www.kickstarter.com/profile/398893778"
      }
    }
  },
  "currency": "USD",
  "currency_symbol": "$",
  "currency_trailing_code": true,
  "current_currency": "USD",
  "deadline": 1362616067,
  "disable_communication": false,
  "fx_rate": 1.0,
  "goal": 2500.0,
  "id": 1003946946,
  "is_starrable": false,
  "launched_at": 1360024067,
  "location": {
    "country": "US",
    "displayable_name": "Allentown, PA",
    "id": 2353412,
    "is_root": false,
    "localized_name": "Allentown",
    "name": "Allentown",
    "short_name": "Allentown, PA",
    "slug": "allentown-pa",
    "state": "PA",
    "type": "Town",
    "urls": {
      "api": {
        "nearby_projects": "https://api.kickstarter.com/v1/discover?signature=1524082176.e39d0edccc3635c05de11e0f4df6ad3b311dd88f&woe_id=2353412"
      },
      "web": {
        "discover": "https://www.kickstarter.com/discover/places/allentown-pa",
        "location": "https://www.kickstarter.com/locations/allentown-pa"
      }
    }
  },
  "name": "TeslaTronix- Tesla Power For The Masses",
  "photo": {
    "1024x576": "https://ksr-ugc.imgix.net/assets/011/473/668/dc130a42c8bd015c4926039aa87cf43b_original.png?crop=faces&w=1024&h=576&fit=crop&v=1463683200&auto=format&q=92&s=63ffb48aeab8b0c506c1be0796996392",
    "1536x864": "https://ksr-ugc.imgix.net/assets/011/473/668/dc130a42c8bd015c4926039aa87cf43b_original.png?crop=faces&w=1552&h=873&fit=crop&v=1463683200&auto=format&q=92&s=3644bc1eb343a3097d1495da5fe68033",
    "ed": "https://ksr-ugc.imgix.net/assets/011/473/668/dc130a42c8bd015c4926039aa87cf43b_original.png?crop=faces&w=352&h=198&fit=crop&v=1463683200&auto=format&q=92&s=53302bc66e65f155c96627784913e354",
    "full": "https://ksr-ugc.imgix.net/assets/011/473/668/dc130a42c8bd015c4926039aa87cf43b_original.png?crop=faces&w=560&h=315&fit=crop&v=1463683200&auto=format&q=92&s=b81de0ec7c7d1a30a110eadad384e5eb",
    "key": "assets/011/473/668/dc130a42c8bd015c4926039aa87cf43b_original.png",
    "little": "https://ksr-ugc.imgix.net/assets/011/473/668/dc130a42c8bd015c4926039aa87cf43b_original.png?crop=faces&w=208&h=117&fit=crop&v=1463683200&auto=format&q=92&s=4c8dce4c5d79b456316260c88acdf323",
    "med": "https://ksr-ugc.imgix.net/assets/011/473/668/dc130a42c8bd015c4926039aa87cf43b_original.png?crop=faces&w=272&h=153&fit=crop&v=1463683200&auto=format&q=92&s=9e11be1dbfa4c1ada0f51c24df471c0a",
    "small": "https://ksr-ugc.imgix.net/assets/011/473/668/dc130a42c8bd015c4926039aa87cf43b_original.png?crop=faces&w=160&h=90&fit=crop&v=1463683200&auto=format&q=92&s=80bfa8d436b58262fff0757840aed1ef",
    "thumb": "https://ksr-ugc.imgix.net/assets/011/473/668/dc130a42c8bd015c4926039aa87cf43b_original.png?crop=faces&w=48&h=27&fit=crop&v=1463683200&auto=format&q=92&s=da6b14991b3c78102774e7c27055b51d"
  },
  "pledged": 38946.01,
  "profile": {
    "background_color": null,
    "background_image_opacity": 0.8,
    "blurb": null,
    "feature_image_attributes": {
      "image_urls": {
        "baseball_card": "https://ksr-ugc.imgix.net/assets/011/473/668/dc130a42c8bd015c4926039aa87cf43b_original.png?crop=faces&w=560&h=315&fit=crop&v=1463683200&auto=format&q=92&s=b81de0ec7c7d1a30a110eadad384e5eb",
        "default": "https://ksr-ugc.imgix.net/assets/011/473/668/dc130a42c8bd015c4926039aa87cf43b_original.png?crop=faces&w=1552&h=873&fit=crop&v=1463683200&auto=format&q=92&s=3644bc1eb343a3097d1495da5fe68033"
      }
    },
    "id": 454654,
    "link_background_color": null,
    "link_text": null,
    "link_text_color": null,
    "link_url": null,
    "name": null,
    "project_id": 454654,
    "should_show_feature_image_section": true,
    "show_feature_image": false,
    "state": "inactive",
    "state_changed_at": 1425915825,
    "text_color": null
  },
  "slug": "teslatronix-tesla-power-for-the-masses",
  "spotlight": true,
  "staff_pick": true,
  "state": "successful",
  "state_changed_at": 1362616067,
  "static_usd_rate": 1.0,
  "urls": {
    "web": {
      "project": "https://www.kickstarter.com/projects/398893778/teslatronix-tesla-power-for-the-masses?ref=category_newest",
      "rewards": "https://www.kickstarter.com/projects/398893778/teslatronix-tesla-power-for-the-masses/rewards"
    }
  },
  "usd_pledged": "38946.01",
  "usd_type": "international"
}