{
  "backers_count": 2412,
  "blurb": "RinseKit conveniently delivers hot, pressurized water anywhere!",
  "category": {
    "color": 6526716,
    "id": 337,
    "name": "Gadgets",
    "parent_id": 16,
    "position": 7,
    "slug": "technology/gadgets",
    "urls": {
      "web": {
        "discover": "http://www.kickstarter.com/discover/categories/technology/gadgets"
      }
    }
  },
  "converted_pledged_amount": 396299,
  "country": "US",
  "created_at": 1457128191,
  "creator": {
    "avatar": {
      "medium": "https://ksr-ugc.imgix.net/assets/010/897/710/fc567a0afd9ff9c3314669e76cb7e1ba_original.JPG?w=160&h=160&fit=crop&v=1461719094&auto=format&q=92&s=37b461cebb90ae7550025050b4bda506",
      "small": "https://ksr-ugc.imgix.net/assets/010/897/710/fc567a0afd9ff9c3314669e76cb7e1ba_original.JPG?w=160&h=160&fit=crop&v=1461719094&auto=format&q=92&s=37b461cebb90ae7550025050b4bda506",
      "thumb": "https://ksr-ugc.imgix.net/assets/010/897/710/fc567a0afd9ff9c3314669e76cb7e1ba_original.JPG?w=40&h=40&fit=crop&v=1461719094&auto=format&q=92&s=1174606b9e85ca62c4de06a5cc40b0cf"
    },
    "chosen_currency": null,
    "id": 639200048,
    "is_registered": true,
    "name": "Chris Crawford",
    "slug": "rinsekit",
    "urls": {
      "api": {
        "user": "https://api.kickstarter.com/v1/users/639200048?signature=1524101029.6306570b87bf8de0f6368eba808301d1b5a8815c"
      },
      "web": {
        "user": "https://www.kickstarter.com/profile/rinsekit"
      }
    }
  },
  "currency": "USD",
  "currency_symbol": "$",
  "currency_trailing_code": true,
  "current_currency": "USD",
  "deadline": 1464974877,
  "disable_communication": false,
  "fx_rate": 1.0,
  "goal": 30000.0,
  "id": 1003182869,
  "is_starrable": false,
  "launched_at": 1462382877,
  "location": {
    "country": "US",
    "displayable_name": "Carlsbad, CA",
    "id": 2375062,
    "is_root": false,
    "localized_name": "Carlsbad",
    "name": "Carlsbad",
    "short_name": "Carlsbad, CA",
    "slug": "carlsbad-ca",
    "state": "CA",
    "type": "Town",
    "urls": {
      "api": {
        "nearby_projects": "https://api.kickstarter.com/v1/discover?signature=1524082121.742b55d9633da54b2e1fb9376beeb051b2bc68e4&woe_id=2375062"
      },
      "web": {
        "discover": "https://www.kickstarter.com/discover/places/carlsbad-ca",
        "location": "https://www.kickstarter.com/locations/carlsbad-ca"
      }
    }
  },
  "name": "RinseKit: The Revolutionary Portable Shower",
  "photo": {
    "1024x576": "https://ksr-ugc.imgix.net/assets/012/397/892/4e4992854b7c3765e7b5647e84b24d5a_original.jpg?crop=faces&w=1024&h=576&fit=crop&v=1463759069&auto=format&q=92&s=4d829364ce9552b04402ac2a02344484",
    "1536x864": "https://ksr-ugc.imgix.net/assets/012/397/892/4e4992854b7c3765e7b5647e84b24d5a_original.jpg?crop=faces&w=1552&h=873&fit=crop&v=1463759069&auto=format&q=92&s=225e91eaaffc73fb3685109cb747f552",
    "ed": "https://ksr-ugc.imgix.net/assets/012/397/892/4e4992854b7c3765e7b5647e84b24d5a_original.jpg?crop=faces&w=352&h=198&fit=crop&v=1463759069&auto=format&q=92&s=811b3608dc6b624a652ff9e69830cde3",
    "full": "https://ksr-ugc.imgix.net/assets/012/397/892/4e4992854b7c3765e7b5647e84b24d5a_original.jpg?crop=faces&w=560&h=315&fit=crop&v=1463759069&auto=format&q=92&s=5e53f2c57d099b2e1a9a6f59707900f1",
    "key": "assets/012/397/892/4e4992854b7c3765e7b5647e84b24d5a_original.jpg",
    "little": "https://ksr-ugc.imgix.net/assets/012/397/892/4e4992854b7c3765e7b5647e84b24d5a_original.jpg?crop=faces&w=208&h=117&fit=crop&v=1463759069&auto=format&q=92&s=dcd1d0e39eb22009c3645dd6b3a8b76a",
    "med": "https://ksr-ugc.imgix.net/assets/012/397/892/4e4992854b7c3765e7b5647e84b24d5a_original.jpg?crop=faces&w=272&h=153&fit=crop&v=1463759069&auto=format&q=92&s=246175c18c5ea73780b7b903b1e6dbbe",
    "small": "https://ksr-ugc.imgix.net/assets/012/397/892/4e4992854b7c3765e7b5647e84b24d5a_original.jpg?crop=faces&w=160&h=90&fit=crop&v=1463759069&auto=format&q=92&s=7240f9c69148227aef7cc9a800b4bafa",
    "thumb": "https://ksr-ugc.imgix.net/assets/012/397/892/4e4992854b7c3765e7b5647e84b24d5a_original.jpg?crop=faces&w=48&h=27&fit=crop&v=1463759069&auto=format&q=92&s=5969fe1988cc1224d00676c2cfdffff0"
  },
  "pledged": 396299.0,
  "profile": {
    "background_color": "",
    "background_image_opacity": 0.8,
    "blurb": "RinseKit conveniently delivers hot, pressurized water anywhere!",
    "feature_image_attributes": {
      "image_urls": {
        "baseball_card": "https://ksr-ugc.imgix.net/assets/012/397/892/4e4992854b7c3765e7b5647e84b24d5a_original.jpg?crop=faces&w=560&h=315&fit=crop&v=1463759069&auto=format&q=92&s=5e53f2c57d099b2e1a9a6f59707900f1",
        "default": "https://ksr-ugc.imgix.net/assets/012/397/892/4e4992854b7c3765e7b5647e84b24d5a_original.jpg?crop=faces&w=1552&h=873&fit=crop&v=1463759069&auto=format&q=92&s=225e91eaaffc73fb3685109cb747f552"
      }
    },
    "id": 2407243,
    "link_background_color": "",
    "link_text": "ORDER NOW!",
    "link_text_color": "",
    "link_url": "http://www.rinsekit.com",
    "name": "RinseKit: The Revolutionary Portable Shower",
    "project_id": 2407243,
    "should_show_feature_image_section": true,
    "show_feature_image": false,
    "state": "active",
    "state_changed_at": 1464975391,
    "text_color": ""
  },
  "slug": "rinsekit-the-revolutionary-portable-shower",
  "spotlight": true,
  "staff_pick": false,
  "state": "successful",
  "state_changed_at": 1464974877,
  "static_usd_rate": 1.0,
  "urls": {
    "web": {
      "project": "https://www.kickstarter.com/projects/rinsekit/rinsekit-the-revolutionary-portable-shower?ref=category_newest",
      "rewards": "https://www.kickstarter.com/projects/rinsekit/rinsekit-the-revolutionary-portable-shower/rewards"
    }
  },
  "usd_pledged": "396299.0",
  "usd_type": "international"
}