{
  "backers_count": 405,
  "blurb": "Ion is a light show for your desk, dorm room, or living room.  It responds to music, connects to your phone, and brightens your day!",
  "category": {
    "color": 6526716,
    "id": 52,
    "name": "Hardware",
    "parent_id": 16,
    "position": 8,
    "slug": "technology/hardware",
    "urls": {
      "web": {
        "discover": "http://www.kickstarter.com/discover/categories/technology/hardware"
      }
    }
  },
  "converted_pledged_amount": 74026,
  "country": "US",
  "created_at": 1391702964,
  "creator": {
    "avatar": {
      "medium": "https://ksr-ugc.imgix.net/assets/007/108/801/d7ee122b30607ab9bcf2958a3626d3de_original.png?w=160&h=160&fit=crop&v=1461435344&auto=format&q=92&s=abc1fa8a47420346df4484f3e2e286e0",
      "small": "https://ksr-ugc.imgix.net/assets/007/108/801/d7ee122b30607ab9bcf2958a3626d3de_original.png?w=160&h=160&fit=crop&v=1461435344&auto=format&q=92&s=abc1fa8a47420346df4484f3e2e286e0",
      "thumb": "https://ksr-ugc.imgix.net/assets/007/108/801/d7ee122b30607ab9bcf2958a3626d3de_original.png?w=40&h=40&fit=crop&v=1461435344&auto=format&q=92&s=4565075f9a98eba7c5ed8665c617a001"
    },
    "chosen_currency": null,
    "id": 495099991,
    "is_registered": true,
    "name": "lava",
    "slug": "lavallc",
    "urls": {
      "api": {
        "user": "https://api.kickstarter.com/v1/users/495099991?signature=1524101485.8d3f8216a6df55577b9d094b4e9a31723f642b0b"
      },
      "web": {
        "user": "https://www.kickstarter.com/profile/lavallc"
      }
    }
  },
  "currency": "USD",
  "currency_symbol": "$",
  "currency_trailing_code": true,
  "current_currency": "USD",
  "deadline": 1398959729,
  "disable_communication": false,
  "fx_rate": 1.0,
  "goal": 20000.0,
  "id": 1004686676,
  "is_starrable": false,
  "launched_at": 1396367729,
  "location": {
    "country": "US",
    "displayable_name": "Flint, MI",
    "id": 2404367,
    "is_root": false,
    "localized_name": "Flint",
    "name": "Flint",
    "short_name": "Flint, MI",
    "slug": "flint-mi",
    "state": "MI",
    "type": "Town",
    "urls": {
      "api": {
        "nearby_projects": "https://api.kickstarter.com/v1/discover?signature=1524082117.3cb82aeaa796ae14a7d4165797ebf731e837903c&woe_id=2404367"
      },
      "web": {
        "discover": "https://www.kickstarter.com/discover/places/flint-mi",
        "location": "https://www.kickstarter.com/locations/flint-mi"
      }
    }
  },
  "name": "Ion: A Music Detecting Mood Light with Bluetooth Low Energy",
  "photo": {
    "1024x576": "https://ksr-ugc.imgix.net/assets/011/647/657/0a03d0380e9ddf068ee33ef7e78754b5_original.jpg?crop=faces&w=1024&h=576&fit=crop&v=1463686200&auto=format&q=92&s=276cf00c27d4b2bab5e5a6cf873cc219",
    "1536x864": "https://ksr-ugc.imgix.net/assets/011/647/657/0a03d0380e9ddf068ee33ef7e78754b5_original.jpg?crop=faces&w=1552&h=873&fit=crop&v=1463686200&auto=format&q=92&s=f1785f91b6230ebd577704952983a32b",
    "ed": "https://ksr-ugc.imgix.net/assets/011/647/657/0a03d0380e9ddf068ee33ef7e78754b5_original.jpg?crop=faces&w=352&h=198&fit=crop&v=1463686200&auto=format&q=92&s=c4884911e01927d67f424245db1e0a88",
    "full": "https://ksr-ugc.imgix.net/assets/011/647/657/0a03d0380e9ddf068ee33ef7e78754b5_original.jpg?crop=faces&w=560&h=315&fit=crop&v=1463686200&auto=format&q=92&s=8b95616185f19f4f481d55caaab1ee6f",
    "key": "assets/011/647/657/0a03d0380e9ddf068ee33ef7e78754b5_original.jpg",
    "little": "https://ksr-ugc.imgix.net/assets/011/647/657/0a03d0380e9ddf068ee33ef7e78754b5_original.jpg?crop=faces&w=208&h=117&fit=crop&v=1463686200&auto=format&q=92&s=9d46a2503957a8064112189b59680770",
    "med": "https://ksr-ugc.imgix.net/assets/011/647/657/0a03d0380e9ddf068ee33ef7e78754b5_original.jpg?crop=faces&w=272&h=153&fit=crop&v=1463686200&auto=format&q=92&s=5d8b12139695223a0cf71f76abb768b3",
    "small": "https://ksr-ugc.imgix.net/assets/011/647/657/0a03d0380e9ddf068ee33ef7e78754b5_original.jpg?crop=faces&w=160&h=90&fit=crop&v=1463686200&auto=format&q=92&s=d84c817e3112d27e3a81ec983b8e2c84",
    "thumb": "https://ksr-ugc.imgix.net/assets/011/647/657/0a03d0380e9ddf068ee33ef7e78754b5_original.jpg?crop=faces&w=48&h=27&fit=crop&v=1463686200&auto=format&q=92&s=c6ebed92c220ea7ee043a963d02123e6"
  },
  "pledged": 74026.0,
  "profile": {
    "background_color": null,
    "background_image_opacity": 0.8,
    "blurb": null,
    "feature_image_attributes": {
      "image_urls": {
        "baseball_card": "https://ksr-ugc.imgix.net/assets/011/647/657/0a03d0380e9ddf068ee33ef7e78754b5_original.jpg?crop=faces&w=560&h=315&fit=crop&v=1463686200&auto=format&q=92&s=8b95616185f19f4f481d55caaab1ee6f",
        "default": "https://ksr-ugc.imgix.net/assets/011/647/657/0a03d0380e9ddf068ee33ef7e78754b5_original.jpg?crop=faces&w=1552&h=873&fit=crop&v=1463686200&auto=format&q=92&s=f1785f91b6230ebd577704952983a32b"
      }
    },
    "id": 879635,
    "link_background_color": null,
    "link_text": null,
    "link_text_color": null,
    "link_url": null,
    "name": null,
    "project_id": 879635,
    "should_show_feature_image_section": true,
    "show_feature_image": false,
    "state": "inactive",
    "state_changed_at": 1425915848,
    "text_color": null
  },
  "slug": "ion-a-music-detecting-mood-light-with-bluetooth-lo",
  "spotlight": true,
  "staff_pick": true,
  "state": "successful",
  "state_changed_at": 1398959729,
  "static_usd_rate": 1.0,
  "urls": {
    "web": {
      "project": "https://www.kickstarter.com/projects/lavallc/ion-a-music-detecting-mood-light-with-bluetooth-lo?ref=category_newest",
      "rewards": "https://www.kickstarter.com/projects/lavallc/ion-a-music-detecting-mood-light-with-bluetooth-lo/rewards"
    }
  },
  "usd_pledged": "74026.0",
  "usd_type": "international"
}