{
  "backers_count": 1180,
  "blurb": "Hot brew, strong brew and cold brew your favourite tea to perfection every time!",
  "category": {
    "color": 6526716,
    "id": 337,
    "name": "Gadgets",
    "parent_id": 16,
    "position": 7,
    "slug": "technology/gadgets",
    "urls": {
      "web": {
        "discover": "http://www.kickstarter.com/discover/categories/technology/gadgets"
      }
    }
  },
  "converted_pledged_amount": 173213,
  "country": "HK",
  "created_at": 1472797213,
  "creator": {
    "avatar": {
      "medium": "https://ksr-ugc.imgix.net/assets/007/456/328/38198285e9782448303551e4137ac7b1_original.JPG?w=160&h=160&fit=crop&v=1477228426&auto=format&q=92&s=7c560826d0075d677477dda6511a00d9",
      "small": "https://ksr-ugc.imgix.net/assets/007/456/328/38198285e9782448303551e4137ac7b1_original.JPG?w=160&h=160&fit=crop&v=1477228426&auto=format&q=92&s=7c560826d0075d677477dda6511a00d9",
      "thumb": "https://ksr-ugc.imgix.net/assets/007/456/328/38198285e9782448303551e4137ac7b1_original.JPG?w=40&h=40&fit=crop&v=1477228426&auto=format&q=92&s=fabe5340dc7b70760e87ff815444160c"
    },
    "chosen_currency": null,
    "id": 1224263784,
    "is_registered": true,
    "name": "Rick Ha",
    "slug": "rickha",
    "urls": {
      "api": {
        "user": "https://api.kickstarter.com/v1/users/1224263784?signature=1524101056.48c167981a3bc2cab57b1c034ebd294d99ce54bd"
      },
      "web": {
        "user": "https://www.kickstarter.com/profile/rickha"
      }
    }
  },
  "currency": "HKD",
  "currency_symbol": "$",
  "currency_trailing_code": true,
  "current_currency": "USD",
  "deadline": 1481817073,
  "disable_communication": false,
  "fx_rate": 0.12739259,
  "goal": 600000.0,
  "id": 1004830984,
  "is_starrable": false,
  "launched_at": 1479225073,
  "location": {
    "country": "HK",
    "displayable_name": "Hong Kong, Hong Kong",
    "id": 2165352,
    "is_root": false,
    "localized_name": "Hong Kong",
    "name": "Hong Kong",
    "short_name": "Hong Kong, Hong Kong",
    "slug": "hong-kong-hk",
    "state": "Hong Kong Island",
    "type": "Town",
    "urls": {
      "api": {
        "nearby_projects": "https://api.kickstarter.com/v1/discover?signature=1524082113.5d479e0d689ac9e7d32eb35653124fc0b374587a&woe_id=2165352"
      },
      "web": {
        "discover": "https://www.kickstarter.com/discover/places/hong-kong-hk",
        "location": "https://www.kickstarter.com/locations/hong-kong-hk"
      }
    }
  },
  "name": "Qi Aerista - Smart Tea Brewer for Every Type of Tea",
  "photo": {
    "1024x576": "https://ksr-ugc.imgix.net/assets/013/582/847/d3c0e5cb9e362a5d18fde820cdf3164e_original.png?crop=faces&w=1024&h=576&fit=crop&v=1481707423&auto=format&q=92&s=f024fbf533a215ea8840888737b3bef3",
    "1536x864": "https://ksr-ugc.imgix.net/assets/013/582/847/d3c0e5cb9e362a5d18fde820cdf3164e_original.png?crop=faces&w=1552&h=873&fit=crop&v=1481707423&auto=format&q=92&s=9484f55c69ec4a4752d385c1d8dfb681",
    "ed": "https://ksr-ugc.imgix.net/assets/013/582/847/d3c0e5cb9e362a5d18fde820cdf3164e_original.png?crop=faces&w=352&h=198&fit=crop&v=1481707423&auto=format&q=92&s=aedb2eea8de3e0a154bde0b8f0ae0d73",
    "full": "https://ksr-ugc.imgix.net/assets/013/582/847/d3c0e5cb9e362a5d18fde820cdf3164e_original.png?crop=faces&w=560&h=315&fit=crop&v=1481707423&auto=format&q=92&s=83e3b62c999a836fcdf4c307e8b52f02",
    "key": "assets/013/582/847/d3c0e5cb9e362a5d18fde820cdf3164e_original.png",
    "little": "https://ksr-ugc.imgix.net/assets/013/582/847/d3c0e5cb9e362a5d18fde820cdf3164e_original.png?crop=faces&w=208&h=117&fit=crop&v=1481707423&auto=format&q=92&s=a7483490f5533aaf5967c8e1cdd13552",
    "med": "https://ksr-ugc.imgix.net/assets/013/582/847/d3c0e5cb9e362a5d18fde820cdf3164e_original.png?crop=faces&w=272&h=153&fit=crop&v=1481707423&auto=format&q=92&s=d20513207aa07581e40ec1d1c521d479",
    "small": "https://ksr-ugc.imgix.net/assets/013/582/847/d3c0e5cb9e362a5d18fde820cdf3164e_original.png?crop=faces&w=160&h=90&fit=crop&v=1481707423&auto=format&q=92&s=931c48bfc023cf98a8b48549b1230927",
    "thumb": "https://ksr-ugc.imgix.net/assets/013/582/847/d3c0e5cb9e362a5d18fde820cdf3164e_original.png?crop=faces&w=48&h=27&fit=crop&v=1481707423&auto=format&q=92&s=861f7faeb74a266461a7ee17037d5cf4"
  },
  "pledged": 1343877.0,
  "profile": {
    "background_color": "",
    "background_image_opacity": 0.8,
    "blurb": "Hot brew, strong brew and cold brew your favourite tea to perfection every time!",
    "feature_image_attributes": {
      "id": 14902839,
      "image_urls": {
        "baseball_card": "https://ksr-ugc.imgix.net/assets/014/902/839/26015a0935c8b1ebd7e932c86eb7589d_original.png?crop=faces,edges&w=560&h=315&fit=crop&v=1481857599&auto=format&q=92&s=c0c6394dce77e0c8913b8b33cbcd53d9",
        "default": "https://ksr-ugc.imgix.net/assets/014/902/839/26015a0935c8b1ebd7e932c86eb7589d_original.png?w=700&fit=max&v=1481857599&auto=format&q=92&s=5db3806dccc6bf0120b7779044443446"
      }
    },
    "id": 2662843,
    "link_background_color": "f39200",
    "link_text": "Pre-order NOW!",
    "link_text_color": "",
    "link_url": "http://www.qiaerista.com",
    "name": "Qi Aerista - Smart Tea Brewer for Every Type of Tea",
    "project_id": 2662843,
    "should_show_feature_image_section": true,
    "show_feature_image": true,
    "state": "active",
    "state_changed_at": 1481850370,
    "text_color": ""
  },
  "slug": "qi-aerista-the-ultimate-wi-fi-enabled-smart-tea-ma",
  "spotlight": true,
  "staff_pick": true,
  "state": "successful",
  "state_changed_at": 1481817073,
  "static_usd_rate": 0.12889299,
  "urls": {
    "web": {
      "project": "https://www.kickstarter.com/projects/rickha/qi-aerista-the-ultimate-wi-fi-enabled-smart-tea-ma?ref=category_newest",
      "rewards": "https://www.kickstarter.com/projects/rickha/qi-aerista-the-ultimate-wi-fi-enabled-smart-tea-ma/rewards"
    }
  },
  "usd_pledged": "173216.32472223",
  "usd_type": "international"
}