{
  "backers_count": 0,
  "blurb": "SkyLark.com provides memorable travel & entertainment experiences that you can book instantly & within budget.",
  "category": {
    "color": 6526716,
    "id": 342,
    "name": "Web",
    "parent_id": 16,
    "position": 15,
    "slug": "technology/web",
    "urls": {
      "web": {
        "discover": "http://www.kickstarter.com/discover/categories/technology/web"
      }
    }
  },
  "converted_pledged_amount": 0,
  "country": "US",
  "created_at": 1426461473,
  "creator": {
    "avatar": {
      "medium": "https://ksr-ugc.imgix.net/assets/007/571/609/a8a32cde741ed9ea1f95a0b50c9bb068_original.JPG?w=160&h=160&fit=crop&v=1461465023&auto=format&q=92&s=0cad0396b92a325eecad914535681f5d",
      "small": "https://ksr-ugc.imgix.net/assets/007/571/609/a8a32cde741ed9ea1f95a0b50c9bb068_original.JPG?w=160&h=160&fit=crop&v=1461465023&auto=format&q=92&s=0cad0396b92a325eecad914535681f5d",
      "thumb": "https://ksr-ugc.imgix.net/assets/007/571/609/a8a32cde741ed9ea1f95a0b50c9bb068_original.JPG?w=40&h=40&fit=crop&v=1461465023&auto=format&q=92&s=2b3c5abbf9d960efe0f379a9aea7979d"
    },
    "chosen_currency": null,
    "id": 46840925,
    "is_registered": true,
    "name": "SHERPA Reviews, LLC",
    "urls": {
      "api": {
        "user": "https://api.kickstarter.com/v1/users/46840925?signature=1524103134.29b943ffe5da39d7fcf66ad853473217abaa39ca"
      },
      "web": {
        "user": "https://www.kickstarter.com/profile/46840925"
      }
    }
  },
  "currency": "USD",
  "currency_symbol": "$",
  "currency_trailing_code": true,
  "current_currency": "USD",
  "deadline": 1428987600,
  "disable_communication": false,
  "fx_rate": 1.0,
  "goal": 250000.0,
  "id": 1004131124,
  "is_starrable": false,
  "launched_at": 1428454025,
  "location": {
    "country": "US",
    "displayable_name": "Streeterville, Chicago, IL",
    "id": 23511927,
    "is_root": false,
    "localized_name": "Streeterville",
    "name": "Streeterville",
    "short_name": "Streeterville, IL",
    "slug": "streeterville-chicago-il",
    "state": "IL",
    "type": "Suburb",
    "urls": {
      "api": {
        "nearby_projects": "https://api.kickstarter.com/v1/discover?signature=1524091988.ef29b429e303db8c69e61d63259e4aff9b7ef973&woe_id=23511927"
      },
      "web": {
        "discover": "https://www.kickstarter.com/discover/places/streeterville-chicago-il",
        "location": "https://www.kickstarter.com/locations/streeterville-chicago-il"
      }
    }
  },
  "name": "Inhale Sunrises.",
  "photo": {
    "1024x576": "https://ksr-ugc.imgix.net/assets/012/070/162/96593550127e3627ccd5ee83bbc4dea4_original.JPG?crop=faces&w=1024&h=576&fit=crop&v=1463729259&auto=format&q=92&s=52f1c410ba7be60d9f4c07e2c171f7fa",
    "1536x864": "https://ksr-ugc.imgix.net/assets/012/070/162/96593550127e3627ccd5ee83bbc4dea4_original.JPG?crop=faces&w=1552&h=873&fit=crop&v=1463729259&auto=format&q=92&s=ff69b1279c14d5111b3d246179106068",
    "ed": "https://ksr-ugc.imgix.net/assets/012/070/162/96593550127e3627ccd5ee83bbc4dea4_original.JPG?crop=faces&w=352&h=198&fit=crop&v=1463729259&auto=format&q=92&s=243cf242abbbf4c0612a29a0fc5a39a8",
    "full": "https://ksr-ugc.imgix.net/assets/012/070/162/96593550127e3627ccd5ee83bbc4dea4_original.JPG?crop=faces&w=560&h=315&fit=crop&v=1463729259&auto=format&q=92&s=fa30642f9ae093e804d54b81bd0bf1da",
    "key": "assets/012/070/162/96593550127e3627ccd5ee83bbc4dea4_original.JPG",
    "little": "https://ksr-ugc.imgix.net/assets/012/070/162/96593550127e3627ccd5ee83bbc4dea4_original.JPG?crop=faces&w=208&h=117&fit=crop&v=1463729259&auto=format&q=92&s=05385dfa9ba432bded37b8e4d86a3604",
    "med": "https://ksr-ugc.imgix.net/assets/012/070/162/96593550127e3627ccd5ee83bbc4dea4_original.JPG?crop=faces&w=272&h=153&fit=crop&v=1463729259&auto=format&q=92&s=3ff7577fc4b2d8428945292618fc5966",
    "small": "https://ksr-ugc.imgix.net/assets/012/070/162/96593550127e3627ccd5ee83bbc4dea4_original.JPG?crop=faces&w=160&h=90&fit=crop&v=1463729259&auto=format&q=92&s=c3f5794461f9303e8d15f664c33eafea",
    "thumb": "https://ksr-ugc.imgix.net/assets/012/070/162/96593550127e3627ccd5ee83bbc4dea4_original.JPG?crop=faces&w=48&h=27&fit=crop&v=1463729259&auto=format&q=92&s=afc379a633371e7c55847ef0353ae185"
  },
  "pledged": 0.0,
  "profile": {
    "background_color": null,
    "background_image_opacity": 0.8,
    "blurb": null,
    "feature_image_attributes": {
      "image_urls": {
        "baseball_card": "https://ksr-ugc.imgix.net/assets/012/070/162/96593550127e3627ccd5ee83bbc4dea4_original.JPG?crop=faces&w=560&h=315&fit=crop&v=1463729259&auto=format&q=92&s=fa30642f9ae093e804d54b81bd0bf1da",
        "default": "https://ksr-ugc.imgix.net/assets/012/070/162/96593550127e3627ccd5ee83bbc4dea4_original.JPG?crop=faces&w=1552&h=873&fit=crop&v=1463729259&auto=format&q=92&s=ff69b1279c14d5111b3d246179106068"
      }
    },
    "id": 1771716,
    "link_background_color": null,
    "link_text": null,
    "link_text_color": null,
    "link_url": null,
    "name": null,
    "project_id": 1771716,
    "should_show_feature_image_section": true,
    "show_feature_image": false,
    "state": "inactive",
    "state_changed_at": 1426461473,
    "text_color": null
  },
  "slug": "rule-no-1-inhale-sunrises",
  "spotlight": false,
  "staff_pick": false,
  "state": "failed",
  "state_changed_at": 1428987612,
  "static_usd_rate": 1.0,
  "urls": {
    "web": {
      "project": "https://www.kickstarter.com/projects/46840925/rule-no-1-inhale-sunrises?ref=category_newest",
      "rewards": "https://www.kickstarter.com/projects/46840925/rule-no-1-inhale-sunrises/rewards"
    }
  },
  "usd_pledged": "0.0",
  "usd_type": "international"
}