{
  "backers_count": 565,
  "blurb": "The iCamera KEEP Pro from iSmartAlarm is the most advanced DIY smart home security camera in the world, and works with Alexa and IFTTT",
  "category": {
    "color": 6526716,
    "id": 337,
    "name": "Gadgets",
    "parent_id": 16,
    "position": 7,
    "slug": "technology/gadgets",
    "urls": {
      "web": {
        "discover": "http://www.kickstarter.com/discover/categories/technology/gadgets"
      }
    }
  },
  "converted_pledged_amount": 81510,
  "country": "US",
  "created_at": 1470951333,
  "creator": {
    "avatar": {
      "medium": "https://ksr-ugc.imgix.net/assets/010/306/025/3e4d2efae0cde954e3e75a87ee78bb21_original.png?w=160&h=160&fit=crop&v=1461680069&auto=format&q=92&s=68f357db26ca96cb8eef7a60cf6c9329",
      "small": "https://ksr-ugc.imgix.net/assets/010/306/025/3e4d2efae0cde954e3e75a87ee78bb21_original.png?w=160&h=160&fit=crop&v=1461680069&auto=format&q=92&s=68f357db26ca96cb8eef7a60cf6c9329",
      "thumb": "https://ksr-ugc.imgix.net/assets/010/306/025/3e4d2efae0cde954e3e75a87ee78bb21_original.png?w=40&h=40&fit=crop&v=1461680069&auto=format&q=92&s=12ba707954ecaee4a263fae0ede10ed8"
    },
    "chosen_currency": null,
    "id": 1900861684,
    "is_registered": true,
    "name": "iSmartAlarm",
    "slug": "ismartalarm",
    "urls": {
      "api": {
        "user": "https://api.kickstarter.com/v1/users/1900861684?signature=1524101052.a35003c6b118c636b62f7174ff812e3d2f80474b"
      },
      "web": {
        "user": "https://www.kickstarter.com/profile/ismartalarm"
      }
    }
  },
  "currency": "USD",
  "currency_symbol": "$",
  "currency_trailing_code": true,
  "current_currency": "USD",
  "deadline": 1483152872,
  "disable_communication": false,
  "fx_rate": 1.0,
  "goal": 25000.0,
  "id": 1005848496,
  "is_starrable": false,
  "launched_at": 1477965272,
  "location": {
    "country": "US",
    "displayable_name": "Sunnyvale, CA",
    "id": 2502265,
    "is_root": false,
    "localized_name": "Sunnyvale",
    "name": "Sunnyvale",
    "short_name": "Sunnyvale, CA",
    "slug": "sunnyvale-ca",
    "state": "CA",
    "type": "Town",
    "urls": {
      "api": {
        "nearby_projects": "https://api.kickstarter.com/v1/discover?signature=1524082118.7cbfa932d1026f1557b71fb94bcec1a5cd72bf30&woe_id=2502265"
      },
      "web": {
        "discover": "https://www.kickstarter.com/discover/places/sunnyvale-ca",
        "location": "https://www.kickstarter.com/locations/sunnyvale-ca"
      }
    }
  },
  "name": "The 1st Motion Tracking DIY Smart Home Security Camera",
  "photo": {
    "1024x576": "https://ksr-ugc.imgix.net/assets/013/483/456/8b57fde8a6bc13c56e721b5e1d708c27_original.jpg?crop=faces&w=1024&h=576&fit=crop&v=1477584524&auto=format&q=92&s=e31d368ed0885c43183365c777bf0c7e",
    "1536x864": "https://ksr-ugc.imgix.net/assets/013/483/456/8b57fde8a6bc13c56e721b5e1d708c27_original.jpg?crop=faces&w=1552&h=873&fit=crop&v=1477584524&auto=format&q=92&s=b30d979ce0059cab53b2a4d784bf4208",
    "ed": "https://ksr-ugc.imgix.net/assets/013/483/456/8b57fde8a6bc13c56e721b5e1d708c27_original.jpg?crop=faces&w=352&h=198&fit=crop&v=1477584524&auto=format&q=92&s=08bce1ab34db82f237d14bcff43b8d21",
    "full": "https://ksr-ugc.imgix.net/assets/013/483/456/8b57fde8a6bc13c56e721b5e1d708c27_original.jpg?crop=faces&w=560&h=315&fit=crop&v=1477584524&auto=format&q=92&s=39686235fed9fac3a89ec4f6c5e3eca0",
    "key": "assets/013/483/456/8b57fde8a6bc13c56e721b5e1d708c27_original.jpg",
    "little": "https://ksr-ugc.imgix.net/assets/013/483/456/8b57fde8a6bc13c56e721b5e1d708c27_original.jpg?crop=faces&w=208&h=117&fit=crop&v=1477584524&auto=format&q=92&s=0997be9aa1d3547344bc03080f3e69bb",
    "med": "https://ksr-ugc.imgix.net/assets/013/483/456/8b57fde8a6bc13c56e721b5e1d708c27_original.jpg?crop=faces&w=272&h=153&fit=crop&v=1477584524&auto=format&q=92&s=63a7545e3bfdf1a9697b09aa957dde1d",
    "small": "https://ksr-ugc.imgix.net/assets/013/483/456/8b57fde8a6bc13c56e721b5e1d708c27_original.jpg?crop=faces&w=160&h=90&fit=crop&v=1477584524&auto=format&q=92&s=193153bf37dae449bcd20393dbdde99b",
    "thumb": "https://ksr-ugc.imgix.net/assets/013/483/456/8b57fde8a6bc13c56e721b5e1d708c27_original.jpg?crop=faces&w=48&h=27&fit=crop&v=1477584524&auto=format&q=92&s=167462954ef018be5a95724903d33696"
  },
  "pledged": 81510.0,
  "profile": {
    "background_color": "",
    "background_image_opacity": 0.8,
    "blurb": "The iCamera KEEP Pro from iSmartAlarm is the most advanced DIY smart home security camera in the world, and works with Alexa and IFTTT",
    "feature_image_attributes": {
      "image_urls": {
        "baseball_card": "https://ksr-ugc.imgix.net/assets/013/483/456/8b57fde8a6bc13c56e721b5e1d708c27_original.jpg?crop=faces&w=560&h=315&fit=crop&v=1477584524&auto=format&q=92&s=39686235fed9fac3a89ec4f6c5e3eca0",
        "default": "https://ksr-ugc.imgix.net/assets/013/483/456/8b57fde8a6bc13c56e721b5e1d708c27_original.jpg?crop=faces&w=1552&h=873&fit=crop&v=1477584524&auto=format&q=92&s=b30d979ce0059cab53b2a4d784bf4208"
      }
    },
    "id": 2635763,
    "link_background_color": "ff0000",
    "link_text": "CHECK IT OUT",
    "link_text_color": "",
    "link_url": "https://www.ismartalarm.com/devices/cameras/icamera-keep-pro/isa00023.html",
    "name": "The 1st Motion Tracking DIY Smart Home Security Camera",
    "project_id": 2635763,
    "should_show_feature_image_section": true,
    "show_feature_image": false,
    "state": "active",
    "state_changed_at": 1497900579,
    "text_color": ""
  },
  "slug": "the-1st-motion-tracking-diy-smart-home-security-ca",
  "spotlight": true,
  "staff_pick": false,
  "state": "successful",
  "state_changed_at": 1483152872,
  "static_usd_rate": 1.0,
  "urls": {
    "web": {
      "project": "https://www.kickstarter.com/projects/ismartalarm/the-1st-motion-tracking-diy-smart-home-security-ca?ref=category_newest",
      "rewards": "https://www.kickstarter.com/projects/ismartalarm/the-1st-motion-tracking-diy-smart-home-security-ca/rewards"
    }
  },
  "usd_pledged": "81510.0",
  "usd_type": "international"
}