{
  "backers_count": 149,
  "blurb": "3D Food Printer or food printing head, cartridges with printable food, intuitive WIFI user interface and supporting internet platform",
  "category": {
    "color": 6526716,
    "id": 331,
    "name": "3D Printing",
    "parent_id": 16,
    "position": 1,
    "slug": "technology/3d printing",
    "urls": {
      "web": {
        "discover": "http://www.kickstarter.com/discover/categories/technology/3d%20printing"
      }
    }
  },
  "converted_pledged_amount": 45838,
  "country": "DE",
  "created_at": 1430225492,
  "creator": {
    "avatar": {
      "medium": "https://ksr-ugc.imgix.net/assets/009/839/536/f6ee2e60ff9cf89c92617668daab9ccf_original.jpg?w=160&h=160&fit=crop&v=1461638081&auto=format&q=92&s=dd3575eb3b114451679498741ef570f8",
      "small": "https://ksr-ugc.imgix.net/assets/009/839/536/f6ee2e60ff9cf89c92617668daab9ccf_original.jpg?w=160&h=160&fit=crop&v=1461638081&auto=format&q=92&s=dd3575eb3b114451679498741ef570f8",
      "thumb": "https://ksr-ugc.imgix.net/assets/009/839/536/f6ee2e60ff9cf89c92617668daab9ccf_original.jpg?w=40&h=40&fit=crop&v=1461638081&auto=format&q=92&s=83f7af8f6bf530c783f189d9dab5d215"
    },
    "chosen_currency": null,
    "id": 2028227986,
    "is_registered": true,
    "name": "Team Bocusini",
    "urls": {
      "api": {
        "user": "https://api.kickstarter.com/v1/users/2028227986?signature=1524099958.ee12aedf46b208b0ef7ba6ffeb22b333a672c52d"
      },
      "web": {
        "user": "https://www.kickstarter.com/profile/2028227986"
      }
    }
  },
  "currency": "EUR",
  "currency_symbol": "\u20ac",
  "currency_trailing_code": false,
  "current_currency": "USD",
  "deadline": 1434008561,
  "disable_communication": false,
  "fx_rate": 1.23814016,
  "goal": 30000.0,
  "id": 1005423973,
  "is_starrable": false,
  "launched_at": 1431416561,
  "location": {
    "country": "DE",
    "displayable_name": "Munich, Germany",
    "id": 676757,
    "is_root": false,
    "localized_name": "Munich",
    "name": "Munich",
    "short_name": "Munich, Germany",
    "slug": "munich-de",
    "state": "Bavaria",
    "type": "Town",
    "urls": {
      "api": {
        "nearby_projects": "https://api.kickstarter.com/v1/discover?signature=1524082117.e72b8a5a81d756af92c71c870cb3025f3f57acf0&woe_id=676757"
      },
      "web": {
        "discover": "https://www.kickstarter.com/discover/places/munich-de",
        "location": "https://www.kickstarter.com/locations/munich-de"
      }
    }
  },
  "name": "Bocusini - World's first plug & play 3D Food Printing System",
  "photo": {
    "1024x576": "https://ksr-ugc.imgix.net/assets/012/121/704/e9d4765a5aeffce1c89e0cb68c745283_original.jpg?crop=faces&w=1024&h=576&fit=crop&v=1463737855&auto=format&q=92&s=7b7d2f07d734f540049acf3c8e9e85ab",
    "1536x864": "https://ksr-ugc.imgix.net/assets/012/121/704/e9d4765a5aeffce1c89e0cb68c745283_original.jpg?crop=faces&w=1552&h=873&fit=crop&v=1463737855&auto=format&q=92&s=a532dc400e9ac7ff02fcc47792e3d5ad",
    "ed": "https://ksr-ugc.imgix.net/assets/012/121/704/e9d4765a5aeffce1c89e0cb68c745283_original.jpg?crop=faces&w=352&h=198&fit=crop&v=1463737855&auto=format&q=92&s=846b2f7af71be59e8afffe4822c717c0",
    "full": "https://ksr-ugc.imgix.net/assets/012/121/704/e9d4765a5aeffce1c89e0cb68c745283_original.jpg?crop=faces&w=560&h=315&fit=crop&v=1463737855&auto=format&q=92&s=b91284433ccff48015cc2408d4b5b8ad",
    "key": "assets/012/121/704/e9d4765a5aeffce1c89e0cb68c745283_original.jpg",
    "little": "https://ksr-ugc.imgix.net/assets/012/121/704/e9d4765a5aeffce1c89e0cb68c745283_original.jpg?crop=faces&w=208&h=117&fit=crop&v=1463737855&auto=format&q=92&s=c75992b4a7727e4ca1765e57d8059649",
    "med": "https://ksr-ugc.imgix.net/assets/012/121/704/e9d4765a5aeffce1c89e0cb68c745283_original.jpg?crop=faces&w=272&h=153&fit=crop&v=1463737855&auto=format&q=92&s=0f51f88ee5104bb354c6080d6f7e381e",
    "small": "https://ksr-ugc.imgix.net/assets/012/121/704/e9d4765a5aeffce1c89e0cb68c745283_original.jpg?crop=faces&w=160&h=90&fit=crop&v=1463737855&auto=format&q=92&s=ff2fea938c2a410ec3ae265b7f399006",
    "thumb": "https://ksr-ugc.imgix.net/assets/012/121/704/e9d4765a5aeffce1c89e0cb68c745283_original.jpg?crop=faces&w=48&h=27&fit=crop&v=1463737855&auto=format&q=92&s=f9c887a426b740387d604a90978d6f78"
  },
  "pledged": 40581.0,
  "profile": {
    "background_color": "",
    "background_image_opacity": 0.8,
    "blurb": "3D Food Printer or food printing head, cartridges with printable food, intuitive WIFI user interface and supporting internet platform",
    "feature_image_attributes": {
      "image_urls": {
        "baseball_card": "https://ksr-ugc.imgix.net/assets/012/121/704/e9d4765a5aeffce1c89e0cb68c745283_original.jpg?crop=faces&w=560&h=315&fit=crop&v=1463737855&auto=format&q=92&s=b91284433ccff48015cc2408d4b5b8ad",
        "default": "https://ksr-ugc.imgix.net/assets/012/121/704/e9d4765a5aeffce1c89e0cb68c745283_original.jpg?crop=faces&w=1552&h=873&fit=crop&v=1463737855&auto=format&q=92&s=a532dc400e9ac7ff02fcc47792e3d5ad"
      }
    },
    "id": 1867818,
    "link_background_color": "00ff6b",
    "link_text": "Pre-order!",
    "link_text_color": "",
    "link_url": "http://www.print2taste.de/en/online-shop/",
    "name": "Bocusini - World's first plug & play 3D Food Printing System",
    "project_id": 1867818,
    "should_show_feature_image_section": true,
    "show_feature_image": false,
    "state": "active",
    "state_changed_at": 1439445696,
    "text_color": ""
  },
  "slug": "bocusini-worlds-first-plug-and-play-3d-food-printi",
  "spotlight": true,
  "staff_pick": true,
  "state": "successful",
  "state_changed_at": 1434008565,
  "static_usd_rate": 1.11588835,
  "urls": {
    "web": {
      "project": "https://www.kickstarter.com/projects/2028227986/bocusini-worlds-first-plug-and-play-3d-food-printi?ref=category_newest",
      "rewards": "https://www.kickstarter.com/projects/2028227986/bocusini-worlds-first-plug-and-play-3d-food-printi/rewards"
    }
  },
  "usd_pledged": "45283.86513135",
  "usd_type": "international"
}