{
  "backers_count": 290,
  "blurb": "The LittleRP is an affordable, flexible, and open 3D resin printer that is makerspace friendly and easy to self-source.",
  "category": {
    "color": 6526716,
    "id": 331,
    "name": "3D Printing",
    "parent_id": 16,
    "position": 1,
    "slug": "technology/3d printing",
    "urls": {
      "web": {
        "discover": "http://www.kickstarter.com/discover/categories/technology/3d%20printing"
      }
    }
  },
  "converted_pledged_amount": 118923,
  "country": "US",
  "created_at": 1400792924,
  "creator": {
    "avatar": {
      "medium": "https://ksr-ugc.imgix.net/assets/008/759/212/d5b58d638f5b67ea8703e7110c57d682_original.png?w=160&h=160&fit=crop&v=1461542508&auto=format&q=92&s=0a48be4f2518bd5d430666275b54ebcf",
      "small": "https://ksr-ugc.imgix.net/assets/008/759/212/d5b58d638f5b67ea8703e7110c57d682_original.png?w=160&h=160&fit=crop&v=1461542508&auto=format&q=92&s=0a48be4f2518bd5d430666275b54ebcf",
      "thumb": "https://ksr-ugc.imgix.net/assets/008/759/212/d5b58d638f5b67ea8703e7110c57d682_original.png?w=40&h=40&fit=crop&v=1461542508&auto=format&q=92&s=cbbf8e662608932c26a07e15971f5911"
    },
    "chosen_currency": null,
    "id": 362246155,
    "is_registered": true,
    "name": "LittleRP",
    "urls": {
      "api": {
        "user": "https://api.kickstarter.com/v1/users/362246155?signature=1524099949.9502c7bf161af07613c673aaa3ab6c688fc9e8c7"
      },
      "web": {
        "user": "https://www.kickstarter.com/profile/362246155"
      }
    }
  },
  "currency": "USD",
  "currency_symbol": "$",
  "currency_trailing_code": true,
  "current_currency": "USD",
  "deadline": 1410361432,
  "disable_communication": false,
  "fx_rate": 1.0,
  "goal": 25000.0,
  "id": 1005063605,
  "is_starrable": false,
  "launched_at": 1407769432,
  "location": {
    "country": "US",
    "displayable_name": "Santa Barbara, CA",
    "id": 2488828,
    "is_root": false,
    "localized_name": "Santa Barbara",
    "name": "Santa Barbara",
    "short_name": "Santa Barbara, CA",
    "slug": "santa-barbara-ca",
    "state": "CA",
    "type": "Town",
    "urls": {
      "api": {
        "nearby_projects": "https://api.kickstarter.com/v1/discover?signature=1524082113.bb7c2025ccec377133cc68afae2ae30111aa2420&woe_id=2488828"
      },
      "web": {
        "discover": "https://www.kickstarter.com/discover/places/santa-barbara-ca",
        "location": "https://www.kickstarter.com/locations/santa-barbara-ca"
      }
    }
  },
  "name": "LittleRP - Affordable Flexible Open 3D Resin Printer",
  "photo": {
    "1024x576": "https://ksr-ugc.imgix.net/assets/011/710/852/d1dbfdef5a02fececb5cd10c9a57bcad_original.jpg?crop=faces&w=1024&h=576&fit=crop&v=1463687105&auto=format&q=92&s=f668970a47adea0d7fb4b09c77288020",
    "1536x864": "https://ksr-ugc.imgix.net/assets/011/710/852/d1dbfdef5a02fececb5cd10c9a57bcad_original.jpg?crop=faces&w=1552&h=873&fit=crop&v=1463687105&auto=format&q=92&s=e9256d98407f0ccaf5f12f70d4b53aae",
    "ed": "https://ksr-ugc.imgix.net/assets/011/710/852/d1dbfdef5a02fececb5cd10c9a57bcad_original.jpg?crop=faces&w=352&h=198&fit=crop&v=1463687105&auto=format&q=92&s=a29565a154f534343c6e936090f75d90",
    "full": "https://ksr-ugc.imgix.net/assets/011/710/852/d1dbfdef5a02fececb5cd10c9a57bcad_original.jpg?crop=faces&w=560&h=315&fit=crop&v=1463687105&auto=format&q=92&s=3fa414ba3efc84827226d56207560996",
    "key": "assets/011/710/852/d1dbfdef5a02fececb5cd10c9a57bcad_original.jpg",
    "little": "https://ksr-ugc.imgix.net/assets/011/710/852/d1dbfdef5a02fececb5cd10c9a57bcad_original.jpg?crop=faces&w=208&h=117&fit=crop&v=1463687105&auto=format&q=92&s=b428f94ede82c2653fbfc0bc4b1fcb6f",
    "med": "https://ksr-ugc.imgix.net/assets/011/710/852/d1dbfdef5a02fececb5cd10c9a57bcad_original.jpg?crop=faces&w=272&h=153&fit=crop&v=1463687105&auto=format&q=92&s=adc1e1e483cbc40bc84196bf57610bac",
    "small": "https://ksr-ugc.imgix.net/assets/011/710/852/d1dbfdef5a02fececb5cd10c9a57bcad_original.jpg?crop=faces&w=160&h=90&fit=crop&v=1463687105&auto=format&q=92&s=b43af61c981e46f4fecfed066c71d98f",
    "thumb": "https://ksr-ugc.imgix.net/assets/011/710/852/d1dbfdef5a02fececb5cd10c9a57bcad_original.jpg?crop=faces&w=48&h=27&fit=crop&v=1463687105&auto=format&q=92&s=019b545ab484db953ee3fb05a033bbe6"
  },
  "pledged": 118923.5,
  "profile": {
    "background_color": null,
    "background_image_opacity": 0.8,
    "blurb": null,
    "feature_image_attributes": {
      "image_urls": {
        "baseball_card": "https://ksr-ugc.imgix.net/assets/011/710/852/d1dbfdef5a02fececb5cd10c9a57bcad_original.jpg?crop=faces&w=560&h=315&fit=crop&v=1463687105&auto=format&q=92&s=3fa414ba3efc84827226d56207560996",
        "default": "https://ksr-ugc.imgix.net/assets/011/710/852/d1dbfdef5a02fececb5cd10c9a57bcad_original.jpg?crop=faces&w=1552&h=873&fit=crop&v=1463687105&auto=format&q=92&s=e9256d98407f0ccaf5f12f70d4b53aae"
      }
    },
    "id": 1035216,
    "link_background_color": null,
    "link_text": null,
    "link_text_color": null,
    "link_url": null,
    "name": null,
    "project_id": 1035216,
    "should_show_feature_image_section": true,
    "show_feature_image": false,
    "state": "inactive",
    "state_changed_at": 1425915857,
    "text_color": null
  },
  "slug": "littlerp-affordable-flexible-open-3d-resin-printer",
  "spotlight": true,
  "staff_pick": true,
  "state": "successful",
  "state_changed_at": 1410361432,
  "static_usd_rate": 1.0,
  "urls": {
    "web": {
      "project": "https://www.kickstarter.com/projects/362246155/littlerp-affordable-flexible-open-3d-resin-printer?ref=category_newest",
      "rewards": "https://www.kickstarter.com/projects/362246155/littlerp-affordable-flexible-open-3d-resin-printer/rewards"
    }
  },
  "usd_pledged": "118923.5",
  "usd_type": "international"
}