{
  "backers_count": 3,
  "blurb": "Aivot is a gadget for high quality technological projects that links to a PC & Tablet App based on Windows to program unlimitedly.",
  "category": {
    "color": 6526716,
    "id": 341,
    "name": "Wearables",
    "parent_id": 16,
    "position": 14,
    "slug": "technology/wearables",
    "urls": {
      "web": {
        "discover": "http://www.kickstarter.com/discover/categories/technology/wearables"
      }
    }
  },
  "converted_pledged_amount": 9,
  "country": "MX",
  "created_at": 1479322614,
  "creator": {
    "avatar": {
      "medium": "https://ksr-ugc.imgix.net/assets/014/261/648/29623d425f57f2a49787890a622d11a0_original.jpg?w=160&h=160&fit=crop&v=1477434641&auto=format&q=92&s=0d72210c1934365e1d529100143990f9",
      "small": "https://ksr-ugc.imgix.net/assets/014/261/648/29623d425f57f2a49787890a622d11a0_original.jpg?w=160&h=160&fit=crop&v=1477434641&auto=format&q=92&s=0d72210c1934365e1d529100143990f9",
      "thumb": "https://ksr-ugc.imgix.net/assets/014/261/648/29623d425f57f2a49787890a622d11a0_original.jpg?w=40&h=40&fit=crop&v=1477434641&auto=format&q=92&s=6188c48d21e314fa5f4efeae823490b4"
    },
    "chosen_currency": null,
    "id": 1894213877,
    "is_registered": true,
    "name": "Omar Bengoa",
    "urls": {
      "api": {
        "user": "https://api.kickstarter.com/v1/users/1894213877?signature=1524102793.352e44c4b40cd5dfa340dd36d60aa5d527ca2e15"
      },
      "web": {
        "user": "https://www.kickstarter.com/profile/1894213877"
      }
    }
  },
  "currency": "MXN",
  "currency_symbol": "$",
  "currency_trailing_code": true,
  "current_currency": "USD",
  "deadline": 1485555815,
  "disable_communication": false,
  "fx_rate": 0.05552717,
  "goal": 72083.0,
  "id": 1005477477,
  "is_starrable": false,
  "launched_at": 1480371815,
  "location": {
    "country": "MX",
    "displayable_name": "Estado de Mexico, Mexico",
    "id": 55891567,
    "is_root": false,
    "localized_name": "Estado de Mexico",
    "name": "Estado de Mexico",
    "short_name": "Estado de Mexico, Mexico",
    "slug": "estado-de-mexico-ixtapaluca-mx",
    "state": "Mexico",
    "type": "Suburb",
    "urls": {
      "api": {
        "nearby_projects": "https://api.kickstarter.com/v1/discover?signature=1524082118.23c73ff2ccc5ada4cc3c729aaa2d40ebd54251ea&woe_id=55891567"
      },
      "web": {
        "discover": "https://www.kickstarter.com/discover/places/estado-de-mexico-ixtapaluca-mx",
        "location": "https://www.kickstarter.com/locations/estado-de-mexico-ixtapaluca-mx"
      }
    }
  },
  "name": "Aivot",
  "photo": {
    "1024x576": "https://ksr-ugc.imgix.net/assets/014/544/279/2d5e3cb81c6282ddbc2e3b267c34e9d6_original.png?crop=faces&w=1024&h=576&fit=crop&v=1479322713&auto=format&q=92&s=f108a3eafadaf50b167bf929e543cf83",
    "1536x864": "https://ksr-ugc.imgix.net/assets/014/544/279/2d5e3cb81c6282ddbc2e3b267c34e9d6_original.png?crop=faces&w=1552&h=873&fit=crop&v=1479322713&auto=format&q=92&s=820b6922ecf2ac87dca78ee36ad2aa55",
    "ed": "https://ksr-ugc.imgix.net/assets/014/544/279/2d5e3cb81c6282ddbc2e3b267c34e9d6_original.png?crop=faces&w=352&h=198&fit=crop&v=1479322713&auto=format&q=92&s=22d836bc97efe2a03e24a5f3dd994a05",
    "full": "https://ksr-ugc.imgix.net/assets/014/544/279/2d5e3cb81c6282ddbc2e3b267c34e9d6_original.png?crop=faces&w=560&h=315&fit=crop&v=1479322713&auto=format&q=92&s=8018b4b1cf061eb542ca4afbd9463ce7",
    "key": "assets/014/544/279/2d5e3cb81c6282ddbc2e3b267c34e9d6_original.png",
    "little": "https://ksr-ugc.imgix.net/assets/014/544/279/2d5e3cb81c6282ddbc2e3b267c34e9d6_original.png?crop=faces&w=208&h=117&fit=crop&v=1479322713&auto=format&q=92&s=96a291d88e338aea8a14ee5de5e28022",
    "med": "https://ksr-ugc.imgix.net/assets/014/544/279/2d5e3cb81c6282ddbc2e3b267c34e9d6_original.png?crop=faces&w=272&h=153&fit=crop&v=1479322713&auto=format&q=92&s=578f091ff2e948a76e16309413f29f3c",
    "small": "https://ksr-ugc.imgix.net/assets/014/544/279/2d5e3cb81c6282ddbc2e3b267c34e9d6_original.png?crop=faces&w=160&h=90&fit=crop&v=1479322713&auto=format&q=92&s=d47e462f287dcb2cc7dc5353f4d76854",
    "thumb": "https://ksr-ugc.imgix.net/assets/014/544/279/2d5e3cb81c6282ddbc2e3b267c34e9d6_original.png?crop=faces&w=48&h=27&fit=crop&v=1479322713&auto=format&q=92&s=43ab3011c00055c15d2b9bd672a7e7f9"
  },
  "pledged": 200.0,
  "profile": {
    "background_color": null,
    "background_image_opacity": 0.8,
    "blurb": null,
    "feature_image_attributes": {
      "image_urls": {
        "baseball_card": "https://ksr-ugc.imgix.net/assets/014/544/279/2d5e3cb81c6282ddbc2e3b267c34e9d6_original.png?crop=faces&w=560&h=315&fit=crop&v=1479322713&auto=format&q=92&s=8018b4b1cf061eb542ca4afbd9463ce7",
        "default": "https://ksr-ugc.imgix.net/assets/014/544/279/2d5e3cb81c6282ddbc2e3b267c34e9d6_original.png?crop=faces&w=1552&h=873&fit=crop&v=1479322713&auto=format&q=92&s=820b6922ecf2ac87dca78ee36ad2aa55"
      }
    },
    "id": 2762440,
    "link_background_color": null,
    "link_text": null,
    "link_text_color": null,
    "link_url": null,
    "name": null,
    "project_id": 2762440,
    "should_show_feature_image_section": true,
    "show_feature_image": false,
    "state": "inactive",
    "state_changed_at": 1479322614,
    "text_color": null
  },
  "slug": "aivot",
  "spotlight": false,
  "staff_pick": false,
  "state": "failed",
  "state_changed_at": 1485555830,
  "static_usd_rate": 0.04839173,
  "urls": {
    "web": {
      "project": "https://www.kickstarter.com/projects/1894213877/aivot?ref=category_newest",
      "rewards": "https://www.kickstarter.com/projects/1894213877/aivot/rewards"
    }
  },
  "usd_pledged": "9.678346",
  "usd_type": "international"
}