{
  "backers_count": 11,
  "blurb": "Please help us keep up with all the big companies at this summer's NAMM show!! We need help funding our marketing materials!\nThanks!",
  "category": {
    "color": 6526716,
    "id": 339,
    "name": "Sound",
    "parent_id": 16,
    "position": 12,
    "slug": "technology/sound",
    "urls": {
      "web": {
        "discover": "http://www.kickstarter.com/discover/categories/technology/sound"
      }
    }
  },
  "converted_pledged_amount": 545,
  "country": "US",
  "created_at": 1401395638,
  "creator": {
    "avatar": {
      "medium": "https://ksr-ugc.imgix.net/assets/008/794/705/94355e3c5e152409d6b758e8413d8ac7_original.JPG?w=160&h=160&fit=crop&v=1461544082&auto=format&q=92&s=5f30db6c1f92dd9f9f2d868373fb0be8",
      "small": "https://ksr-ugc.imgix.net/assets/008/794/705/94355e3c5e152409d6b758e8413d8ac7_original.JPG?w=160&h=160&fit=crop&v=1461544082&auto=format&q=92&s=5f30db6c1f92dd9f9f2d868373fb0be8",
      "thumb": "https://ksr-ugc.imgix.net/assets/008/794/705/94355e3c5e152409d6b758e8413d8ac7_original.JPG?w=40&h=40&fit=crop&v=1461544082&auto=format&q=92&s=3093e54a984e4e5c30d25c754a24a9d7"
    },
    "chosen_currency": null,
    "id": 187332861,
    "is_registered": true,
    "name": "John Benson",
    "urls": {
      "api": {
        "user": "https://api.kickstarter.com/v1/users/187332861?signature=1524102489.07e61fac15b93138af177ee341b22c0192bb0b72"
      },
      "web": {
        "user": "https://www.kickstarter.com/profile/187332861"
      }
    }
  },
  "currency": "USD",
  "currency_symbol": "$",
  "currency_trailing_code": true,
  "current_currency": "USD",
  "deadline": 1403740747,
  "disable_communication": false,
  "fx_rate": 1.0,
  "goal": 2800.0,
  "id": 1005413300,
  "is_starrable": false,
  "launched_at": 1402531147,
  "location": {
    "country": "US",
    "displayable_name": "Lockport, NY",
    "id": 2440846,
    "is_root": false,
    "localized_name": "Lockport",
    "name": "Lockport",
    "short_name": "Lockport, NY",
    "slug": "lockport-ny",
    "state": "NY",
    "type": "Town",
    "urls": {
      "api": {
        "nearby_projects": "https://api.kickstarter.com/v1/discover?signature=1524082707.cffe5ee1000722ab741528970f356ab1d4da1b28&woe_id=2440846"
      },
      "web": {
        "discover": "https://www.kickstarter.com/discover/places/lockport-ny",
        "location": "https://www.kickstarter.com/locations/lockport-ny"
      }
    }
  },
  "name": "NAMM Marketing -keeping up with the big dogs",
  "photo": {
    "1024x576": "https://ksr-ugc.imgix.net/assets/011/714/981/604f784f1613de03dcee6796e8ace174_original.jpg?crop=faces&w=1024&h=576&fit=crop&v=1463687193&auto=format&q=92&s=934c303bbbcbd4d94610aecc2ecf3815",
    "1536x864": "https://ksr-ugc.imgix.net/assets/011/714/981/604f784f1613de03dcee6796e8ace174_original.jpg?crop=faces&w=1552&h=873&fit=crop&v=1463687193&auto=format&q=92&s=2e63428165f44732f6c82b64893d5ff7",
    "ed": "https://ksr-ugc.imgix.net/assets/011/714/981/604f784f1613de03dcee6796e8ace174_original.jpg?crop=faces&w=352&h=198&fit=crop&v=1463687193&auto=format&q=92&s=16e22e8778080b5f6584236ccc480e5c",
    "full": "https://ksr-ugc.imgix.net/assets/011/714/981/604f784f1613de03dcee6796e8ace174_original.jpg?crop=faces&w=560&h=315&fit=crop&v=1463687193&auto=format&q=92&s=ee3713952f962e99af4732e8575e5311",
    "key": "assets/011/714/981/604f784f1613de03dcee6796e8ace174_original.jpg",
    "little": "https://ksr-ugc.imgix.net/assets/011/714/981/604f784f1613de03dcee6796e8ace174_original.jpg?crop=faces&w=208&h=117&fit=crop&v=1463687193&auto=format&q=92&s=402ed10243a9697f1f0a33929665c5cc",
    "med": "https://ksr-ugc.imgix.net/assets/011/714/981/604f784f1613de03dcee6796e8ace174_original.jpg?crop=faces&w=272&h=153&fit=crop&v=1463687193&auto=format&q=92&s=f5f1e77a55ce62d832c78d027ce55a1f",
    "small": "https://ksr-ugc.imgix.net/assets/011/714/981/604f784f1613de03dcee6796e8ace174_original.jpg?crop=faces&w=160&h=90&fit=crop&v=1463687193&auto=format&q=92&s=67bd296618b754655ad82230f49edbc9",
    "thumb": "https://ksr-ugc.imgix.net/assets/011/714/981/604f784f1613de03dcee6796e8ace174_original.jpg?crop=faces&w=48&h=27&fit=crop&v=1463687193&auto=format&q=92&s=13e901e05d86a7b921beeadf76e2f575"
  },
  "pledged": 545.0,
  "profile": {
    "background_color": null,
    "background_image_opacity": 0.8,
    "blurb": null,
    "feature_image_attributes": {
      "image_urls": {
        "baseball_card": "https://ksr-ugc.imgix.net/assets/011/714/981/604f784f1613de03dcee6796e8ace174_original.jpg?crop=faces&w=560&h=315&fit=crop&v=1463687193&auto=format&q=92&s=ee3713952f962e99af4732e8575e5311",
        "default": "https://ksr-ugc.imgix.net/assets/011/714/981/604f784f1613de03dcee6796e8ace174_original.jpg?crop=faces&w=1552&h=873&fit=crop&v=1463687193&auto=format&q=92&s=2e63428165f44732f6c82b64893d5ff7"
      }
    },
    "id": 1044835,
    "link_background_color": null,
    "link_text": null,
    "link_text_color": null,
    "link_url": null,
    "name": null,
    "project_id": 1044835,
    "should_show_feature_image_section": true,
    "show_feature_image": false,
    "state": "inactive",
    "state_changed_at": 1425915858,
    "text_color": null
  },
  "slug": "namm-marketing-keeping-up-with-the-big-dogs",
  "spotlight": false,
  "staff_pick": false,
  "state": "failed",
  "state_changed_at": 1403740747,
  "static_usd_rate": 1.0,
  "urls": {
    "web": {
      "project": "https://www.kickstarter.com/projects/187332861/namm-marketing-keeping-up-with-the-big-dogs?ref=category_newest",
      "rewards": "https://www.kickstarter.com/projects/187332861/namm-marketing-keeping-up-with-the-big-dogs/rewards"
    }
  },
  "usd_pledged": "545.0",
  "usd_type": "international"
}