{
  "backers_count": 1068,
  "blurb": "Truu - True wireless earbuds with wireless charging. No more charging cords or cases, just pure freedom.",
  "category": {
    "color": 6526716,
    "id": 52,
    "name": "Hardware",
    "parent_id": 16,
    "position": 8,
    "slug": "technology/hardware",
    "urls": {
      "web": {
        "discover": "http://www.kickstarter.com/discover/categories/technology/hardware"
      }
    }
  },
  "converted_pledged_amount": 192500,
  "country": "DE",
  "created_at": 1459520671,
  "creator": {
    "avatar": {
      "medium": "https://ksr-ugc.imgix.net/assets/005/720/679/234e15ed22f57ae01f7ae7783ced22b1_original.png?w=160&h=160&fit=crop&v=1513863895&auto=format&q=92&s=bea89bdb808e650933656d241a84744f",
      "small": "https://ksr-ugc.imgix.net/assets/005/720/679/234e15ed22f57ae01f7ae7783ced22b1_original.png?w=160&h=160&fit=crop&v=1513863895&auto=format&q=92&s=bea89bdb808e650933656d241a84744f",
      "thumb": "https://ksr-ugc.imgix.net/assets/005/720/679/234e15ed22f57ae01f7ae7783ced22b1_original.png?w=40&h=40&fit=crop&v=1513863895&auto=format&q=92&s=c0c3c0149d6543ec552e91ca83125ac1"
    },
    "chosen_currency": null,
    "id": 1012683372,
    "is_registered": true,
    "name": "Truu",
    "urls": {
      "api": {
        "user": "https://api.kickstarter.com/v1/users/1012683372?signature=1524101581.cc43a980a432f2ee6da1dc29182b461f3d84566a"
      },
      "web": {
        "user": "https://www.kickstarter.com/profile/1012683372"
      }
    }
  },
  "currency": "EUR",
  "currency_symbol": "\u20ac",
  "currency_trailing_code": false,
  "current_currency": "USD",
  "deadline": 1464246026,
  "disable_communication": false,
  "fx_rate": 1.23814016,
  "goal": 50000.0,
  "id": 100635918,
  "is_starrable": false,
  "launched_at": 1461654026,
  "location": {
    "country": "SE",
    "displayable_name": "Stockholm, Sweden",
    "id": 906057,
    "is_root": false,
    "localized_name": "Stockholm",
    "name": "Stockholm",
    "short_name": "Stockholm, Sweden",
    "slug": "stockholm-stockholm-se",
    "state": "Stockholm",
    "type": "Town",
    "urls": {
      "api": {
        "nearby_projects": "https://api.kickstarter.com/v1/discover?signature=1524082111.258314aa262f6d2c46fca5ba024d6dd13983ef1b&woe_id=906057"
      },
      "web": {
        "discover": "https://www.kickstarter.com/discover/places/stockholm-stockholm-se",
        "location": "https://www.kickstarter.com/locations/stockholm-stockholm-se"
      }
    }
  },
  "name": "World's first wirelessly charged earbuds",
  "photo": {
    "1024x576": "https://ksr-ugc.imgix.net/assets/012/419/797/3d9bf23de27a42250fbb987ada67983b_original.png?crop=faces&w=1024&h=576&fit=crop&v=1463760345&auto=format&q=92&s=e6fd7b980f2df9ac255f1dd3d877bcc8",
    "1536x864": "https://ksr-ugc.imgix.net/assets/012/419/797/3d9bf23de27a42250fbb987ada67983b_original.png?crop=faces&w=1552&h=873&fit=crop&v=1463760345&auto=format&q=92&s=995fd9d1f974bb9ad00a0e2e600f6d7e",
    "ed": "https://ksr-ugc.imgix.net/assets/012/419/797/3d9bf23de27a42250fbb987ada67983b_original.png?crop=faces&w=352&h=198&fit=crop&v=1463760345&auto=format&q=92&s=ba7bd0eb7281fc42621ea4ccb596a67d",
    "full": "https://ksr-ugc.imgix.net/assets/012/419/797/3d9bf23de27a42250fbb987ada67983b_original.png?crop=faces&w=560&h=315&fit=crop&v=1463760345&auto=format&q=92&s=06973a489d1ae3c9b93004e728f2be19",
    "key": "assets/012/419/797/3d9bf23de27a42250fbb987ada67983b_original.png",
    "little": "https://ksr-ugc.imgix.net/assets/012/419/797/3d9bf23de27a42250fbb987ada67983b_original.png?crop=faces&w=208&h=117&fit=crop&v=1463760345&auto=format&q=92&s=c879a58fde75cfa168fb9367f169d546",
    "med": "https://ksr-ugc.imgix.net/assets/012/419/797/3d9bf23de27a42250fbb987ada67983b_original.png?crop=faces&w=272&h=153&fit=crop&v=1463760345&auto=format&q=92&s=3b078d49b7f320b218e53073bb70780e",
    "small": "https://ksr-ugc.imgix.net/assets/012/419/797/3d9bf23de27a42250fbb987ada67983b_original.png?crop=faces&w=160&h=90&fit=crop&v=1463760345&auto=format&q=92&s=a9805f2d235ea6800b178b2c7e54599d",
    "thumb": "https://ksr-ugc.imgix.net/assets/012/419/797/3d9bf23de27a42250fbb987ada67983b_original.png?crop=faces&w=48&h=27&fit=crop&v=1463760345&auto=format&q=92&s=037fb491935511546df37790cf916ec8"
  },
  "pledged": 172228.0,
  "profile": {
    "background_color": "",
    "background_image_opacity": 0.8,
    "blurb": "Truu - True wireless earbuds with wireless charging. No more charging cords or cases, just pure freedom.",
    "feature_image_attributes": {
      "image_urls": {
        "baseball_card": "https://ksr-ugc.imgix.net/assets/012/419/797/3d9bf23de27a42250fbb987ada67983b_original.png?crop=faces&w=560&h=315&fit=crop&v=1463760345&auto=format&q=92&s=06973a489d1ae3c9b93004e728f2be19",
        "default": "https://ksr-ugc.imgix.net/assets/012/419/797/3d9bf23de27a42250fbb987ada67983b_original.png?crop=faces&w=1552&h=873&fit=crop&v=1463760345&auto=format&q=92&s=995fd9d1f974bb9ad00a0e2e600f6d7e"
      }
    },
    "id": 2450752,
    "link_background_color": "",
    "link_text": "",
    "link_text_color": "",
    "link_url": "",
    "name": "World's first wirelessly charged earbuds",
    "project_id": 2450752,
    "should_show_feature_image_section": true,
    "show_feature_image": false,
    "state": "active",
    "state_changed_at": 1465459076,
    "text_color": ""
  },
  "slug": "truu-join-the-wireless-revolution",
  "spotlight": true,
  "staff_pick": false,
  "state": "successful",
  "state_changed_at": 1464246026,
  "static_usd_rate": 1.12422204,
  "urls": {
    "web": {
      "project": "https://www.kickstarter.com/projects/1012683372/truu-join-the-wireless-revolution?ref=category_newest",
      "rewards": "https://www.kickstarter.com/projects/1012683372/truu-join-the-wireless-revolution/rewards"
    }
  },
  "usd_pledged": "193622.51350512",
  "usd_type": "international"
}