{
  "backers_count": 57,
  "blurb": "A simple device that uses a calming pattern of light to help users fall asleep by training their breathing",
  "category": {
    "color": 6526716,
    "id": 334,
    "name": "DIY Electronics",
    "parent_id": 16,
    "position": 4,
    "slug": "technology/diy electronics",
    "urls": {
      "web": {
        "discover": "http://www.kickstarter.com/discover/categories/technology/diy%20electronics"
      }
    }
  },
  "converted_pledged_amount": 2666,
  "country": "US",
  "created_at": 1412212049,
  "creator": {
    "avatar": {
      "medium": "https://ksr-ugc.imgix.net/assets/006/887/447/5d5c270c30a8e3c75f6a547912caf033_original.JPG?w=160&h=160&fit=crop&v=1461418364&auto=format&q=92&s=5e0cf2c47767b9b6a293a719e1d08253",
      "small": "https://ksr-ugc.imgix.net/assets/006/887/447/5d5c270c30a8e3c75f6a547912caf033_original.JPG?w=160&h=160&fit=crop&v=1461418364&auto=format&q=92&s=5e0cf2c47767b9b6a293a719e1d08253",
      "thumb": "https://ksr-ugc.imgix.net/assets/006/887/447/5d5c270c30a8e3c75f6a547912caf033_original.JPG?w=40&h=40&fit=crop&v=1461418364&auto=format&q=92&s=f9341eae9bfdb5dd672b78504a7d541d"
    },
    "chosen_currency": null,
    "id": 1999114877,
    "is_registered": true,
    "name": "Jeremy Wilson",
    "urls": {
      "api": {
        "user": "https://api.kickstarter.com/v1/users/1999114877?signature=1524100715.df9b9692d3394a953cff88099d80401796da14b7"
      },
      "web": {
        "user": "https://www.kickstarter.com/profile/1999114877"
      }
    }
  },
  "currency": "USD",
  "currency_symbol": "$",
  "currency_trailing_code": true,
  "current_currency": "USD",
  "deadline": 1418709540,
  "disable_communication": false,
  "fx_rate": 1.0,
  "goal": 25000.0,
  "id": 1006230786,
  "is_starrable": false,
  "launched_at": 1414439107,
  "location": {
    "country": "US",
    "displayable_name": "Houston, TX",
    "id": 2424766,
    "is_root": false,
    "localized_name": "Houston",
    "name": "Houston",
    "short_name": "Houston, TX",
    "slug": "houston-tx",
    "state": "TX",
    "type": "Town",
    "urls": {
      "api": {
        "nearby_projects": "https://api.kickstarter.com/v1/discover?signature=1524082110.d515a4d0da140649118811d7c8495340c1099473&woe_id=2424766"
      },
      "web": {
        "discover": "https://www.kickstarter.com/discover/places/houston-tx",
        "location": "https://www.kickstarter.com/locations/houston-tx"
      }
    }
  },
  "name": "The Sleep Sensei - Fall Asleep Faster Without Medication",
  "photo": {
    "1024x576": "https://ksr-ugc.imgix.net/assets/011/891/484/87668e20ac774af5bf30ed19a521b019_original.png?crop=faces&w=1024&h=576&fit=crop&v=1463711381&auto=format&q=92&s=6d46c5afba3fc3e91b3e9cd8c6c9d81e",
    "1536x864": "https://ksr-ugc.imgix.net/assets/011/891/484/87668e20ac774af5bf30ed19a521b019_original.png?crop=faces&w=1552&h=873&fit=crop&v=1463711381&auto=format&q=92&s=b695943ec2b17721972d37369b37efc2",
    "ed": "https://ksr-ugc.imgix.net/assets/011/891/484/87668e20ac774af5bf30ed19a521b019_original.png?crop=faces&w=352&h=198&fit=crop&v=1463711381&auto=format&q=92&s=33d75714c54b3c115e3e43489a83ad62",
    "full": "https://ksr-ugc.imgix.net/assets/011/891/484/87668e20ac774af5bf30ed19a521b019_original.png?crop=faces&w=560&h=315&fit=crop&v=1463711381&auto=format&q=92&s=7da39d5a8f6386530d488cb9e545741c",
    "key": "assets/011/891/484/87668e20ac774af5bf30ed19a521b019_original.png",
    "little": "https://ksr-ugc.imgix.net/assets/011/891/484/87668e20ac774af5bf30ed19a521b019_original.png?crop=faces&w=208&h=117&fit=crop&v=1463711381&auto=format&q=92&s=12e843bddf445fc725ae66e1e7077f81",
    "med": "https://ksr-ugc.imgix.net/assets/011/891/484/87668e20ac774af5bf30ed19a521b019_original.png?crop=faces&w=272&h=153&fit=crop&v=1463711381&auto=format&q=92&s=9257860804a34fa2861176a3f4836ddb",
    "small": "https://ksr-ugc.imgix.net/assets/011/891/484/87668e20ac774af5bf30ed19a521b019_original.png?crop=faces&w=160&h=90&fit=crop&v=1463711381&auto=format&q=92&s=a7233e8cb465ff410b0dd59f7f93030a",
    "thumb": "https://ksr-ugc.imgix.net/assets/011/891/484/87668e20ac774af5bf30ed19a521b019_original.png?crop=faces&w=48&h=27&fit=crop&v=1463711381&auto=format&q=92&s=7f8b9779549840c258336453106c4c24"
  },
  "pledged": 2666.0,
  "profile": {
    "background_color": null,
    "background_image_opacity": 0.8,
    "blurb": null,
    "feature_image_attributes": {
      "image_urls": {
        "baseball_card": "https://ksr-ugc.imgix.net/assets/011/891/484/87668e20ac774af5bf30ed19a521b019_original.png?crop=faces&w=560&h=315&fit=crop&v=1463711381&auto=format&q=92&s=7da39d5a8f6386530d488cb9e545741c",
        "default": "https://ksr-ugc.imgix.net/assets/011/891/484/87668e20ac774af5bf30ed19a521b019_original.png?crop=faces&w=1552&h=873&fit=crop&v=1463711381&auto=format&q=92&s=b695943ec2b17721972d37369b37efc2"
      }
    },
    "id": 1405240,
    "link_background_color": null,
    "link_text": null,
    "link_text_color": null,
    "link_url": null,
    "name": null,
    "project_id": 1405240,
    "should_show_feature_image_section": true,
    "show_feature_image": false,
    "state": "inactive",
    "state_changed_at": 1425915877,
    "text_color": null
  },
  "slug": "the-sleep-sensei-fall-asleep-faster-without-medica",
  "spotlight": false,
  "staff_pick": false,
  "state": "failed",
  "state_changed_at": 1418709541,
  "static_usd_rate": 1.0,
  "urls": {
    "web": {
      "project": "https://www.kickstarter.com/projects/1999114877/the-sleep-sensei-fall-asleep-faster-without-medica?ref=category_newest",
      "rewards": "https://www.kickstarter.com/projects/1999114877/the-sleep-sensei-fall-asleep-faster-without-medica/rewards"
    }
  },
  "usd_pledged": "2666.0",
  "usd_type": "international"
}