{
  "backers_count": 121,
  "blurb": "An online course and book series to teach you how to code by building a web app using Python and Django. Updated for 2018.",
  "category": {
    "color": 6526716,
    "id": 51,
    "name": "Software",
    "parent_id": 16,
    "position": 11,
    "slug": "technology/software",
    "urls": {
      "web": {
        "discover": "http://www.kickstarter.com/discover/categories/technology/software"
      }
    }
  },
  "converted_pledged_amount": 6397,
  "country": "CA",
  "created_at": 1515617664,
  "creator": {
    "avatar": {
      "medium": "https://ksr-ugc.imgix.net/assets/006/141/670/856b5b4069db1c9add5c80652f480639_original.png?w=160&h=160&fit=crop&v=1461369197&auto=format&q=92&s=e162a542be28147a90f9e7257ef37b8f",
      "small": "https://ksr-ugc.imgix.net/assets/006/141/670/856b5b4069db1c9add5c80652f480639_original.png?w=160&h=160&fit=crop&v=1461369197&auto=format&q=92&s=e162a542be28147a90f9e7257ef37b8f",
      "thumb": "https://ksr-ugc.imgix.net/assets/006/141/670/856b5b4069db1c9add5c80652f480639_original.png?w=40&h=40&fit=crop&v=1461369197&auto=format&q=92&s=90a2afca040b735e974a7e25a2d370ed"
    },
    "chosen_currency": "USD",
    "id": 1868398473,
    "is_registered": true,
    "name": "Tracy Osborn",
    "urls": {
      "api": {
        "user": "https://api.kickstarter.com/v1/users/1868398473?signature=1524102067.4a88953bd0349b238023e4cc53238671fb12242a"
      },
      "web": {
        "user": "https://www.kickstarter.com/profile/1868398473"
      }
    }
  },
  "currency": "CAD",
  "currency_symbol": "$",
  "currency_trailing_code": true,
  "current_currency": "USD",
  "deadline": 1522507692,
  "disable_communication": false,
  "fx_rate": 0.79525709,
  "goal": 4000.0,
  "id": 1006569581,
  "is_starrable": false,
  "launched_at": 1519919292,
  "location": {
    "country": "CA",
    "displayable_name": "Toronto, Canada",
    "id": 4118,
    "is_root": false,
    "localized_name": "Toronto",
    "name": "Toronto",
    "short_name": "Toronto, Canada",
    "slug": "toronto-on-ca",
    "state": "ON",
    "type": "Town",
    "urls": {
      "api": {
        "nearby_projects": "https://api.kickstarter.com/v1/discover?signature=1524082110.0954501205692c6090629918dde236901dc79f21&woe_id=4118"
      },
      "web": {
        "discover": "https://www.kickstarter.com/discover/places/toronto-on-ca",
        "location": "https://www.kickstarter.com/locations/toronto-on-ca"
      }
    }
  },
  "name": "Hello Web App 2.0: Build Your First Web App with Django 2",
  "photo": {
    "1024x576": "https://ksr-ugc.imgix.net/assets/020/002/358/25dcf1f836da36749990bdfcf93697c0_original.png?crop=faces&w=1024&h=576&fit=crop&v=1517169107&auto=format&q=92&s=fe4ef64e9b467371b6dc16f8930002c9",
    "1536x864": "https://ksr-ugc.imgix.net/assets/020/002/358/25dcf1f836da36749990bdfcf93697c0_original.png?crop=faces&w=1552&h=873&fit=crop&v=1517169107&auto=format&q=92&s=103e8dff36b49edd89657d9241cf4297",
    "ed": "https://ksr-ugc.imgix.net/assets/020/002/358/25dcf1f836da36749990bdfcf93697c0_original.png?crop=faces&w=352&h=198&fit=crop&v=1517169107&auto=format&q=92&s=1362907d3394b0e50a32d61b1feffc2f",
    "full": "https://ksr-ugc.imgix.net/assets/020/002/358/25dcf1f836da36749990bdfcf93697c0_original.png?crop=faces&w=560&h=315&fit=crop&v=1517169107&auto=format&q=92&s=12994db06125528c143360220ace13a1",
    "key": "assets/020/002/358/25dcf1f836da36749990bdfcf93697c0_original.png",
    "little": "https://ksr-ugc.imgix.net/assets/020/002/358/25dcf1f836da36749990bdfcf93697c0_original.png?crop=faces&w=208&h=117&fit=crop&v=1517169107&auto=format&q=92&s=4acb9dd4c8ed0da3dd62b7ab7725e5f5",
    "med": "https://ksr-ugc.imgix.net/assets/020/002/358/25dcf1f836da36749990bdfcf93697c0_original.png?crop=faces&w=272&h=153&fit=crop&v=1517169107&auto=format&q=92&s=3238a7d3d7084d291dc969423bd5c84d",
    "small": "https://ksr-ugc.imgix.net/assets/020/002/358/25dcf1f836da36749990bdfcf93697c0_original.png?crop=faces&w=160&h=90&fit=crop&v=1517169107&auto=format&q=92&s=4ed9b8278cd8b61ac372306a7824516e",
    "thumb": "https://ksr-ugc.imgix.net/assets/020/002/358/25dcf1f836da36749990bdfcf93697c0_original.png?crop=faces&w=48&h=27&fit=crop&v=1517169107&auto=format&q=92&s=afeb7c5bd44c13f55eea6bf694ff03b5"
  },
  "pledged": 8254.0,
  "profile": {
    "background_color": null,
    "background_image_opacity": 0.8,
    "blurb": null,
    "feature_image_attributes": {
      "image_urls": {
        "baseball_card": "https://ksr-ugc.imgix.net/assets/020/002/358/25dcf1f836da36749990bdfcf93697c0_original.png?crop=faces&w=560&h=315&fit=crop&v=1517169107&auto=format&q=92&s=12994db06125528c143360220ace13a1",
        "default": "https://ksr-ugc.imgix.net/assets/020/002/358/25dcf1f836da36749990bdfcf93697c0_original.png?crop=faces&w=1552&h=873&fit=crop&v=1517169107&auto=format&q=92&s=103e8dff36b49edd89657d9241cf4297"
      }
    },
    "id": 3272709,
    "link_background_color": null,
    "link_text": null,
    "link_text_color": null,
    "link_url": null,
    "name": null,
    "project_id": 3272709,
    "should_show_feature_image_section": true,
    "show_feature_image": false,
    "state": "inactive",
    "state_changed_at": 1515617664,
    "text_color": null
  },
  "slug": "hello-web-app-20-build-your-first-web-app-with-dja",
  "spotlight": true,
  "staff_pick": false,
  "state": "successful",
  "state_changed_at": 1522507693,
  "static_usd_rate": 0.78295292,
  "urls": {
    "web": {
      "project": "https://www.kickstarter.com/projects/1868398473/hello-web-app-20-build-your-first-web-app-with-dja?ref=category_newest",
      "rewards": "https://www.kickstarter.com/projects/1868398473/hello-web-app-20-build-your-first-web-app-with-dja/rewards"
    }
  },
  "usd_pledged": "6462.49340168",
  "usd_type": "international"
}