{
  "backers_count": 49,
  "blurb": "Zwim is the smart goggles that enables you to monitor real-time data while swimming.",
  "category": {
    "color": 6526716,
    "id": 341,
    "name": "Wearables",
    "parent_id": 16,
    "position": 14,
    "slug": "technology/wearables",
    "urls": {
      "web": {
        "discover": "http://www.kickstarter.com/discover/categories/technology/wearables"
      }
    }
  },
  "converted_pledged_amount": 16569,
  "country": "US",
  "created_at": 1506125121,
  "creator": {
    "avatar": {
      "medium": "https://ksr-ugc.imgix.net/assets/018/444/374/6d5874f18164acc66989504b5dd22405_original.jpg?w=160&h=160&fit=crop&v=1508001269&auto=format&q=92&s=c8a2a73757a1b70a2c63b95d79d71831",
      "small": "https://ksr-ugc.imgix.net/assets/018/444/374/6d5874f18164acc66989504b5dd22405_original.jpg?w=160&h=160&fit=crop&v=1508001269&auto=format&q=92&s=c8a2a73757a1b70a2c63b95d79d71831",
      "thumb": "https://ksr-ugc.imgix.net/assets/018/444/374/6d5874f18164acc66989504b5dd22405_original.jpg?w=40&h=40&fit=crop&v=1508001269&auto=format&q=92&s=83bb20cdf41c90def2cc27e29be27cb3"
    },
    "chosen_currency": null,
    "id": 1230127227,
    "is_registered": true,
    "name": "Fisically Inc.",
    "slug": "zwim",
    "urls": {
      "api": {
        "user": "https://api.kickstarter.com/v1/users/1230127227?signature=1524102860.198e81b702e3060592af1a79db9ba583bc219b2c"
      },
      "web": {
        "user": "https://www.kickstarter.com/profile/zwim"
      }
    }
  },
  "currency": "USD",
  "currency_symbol": "$",
  "currency_trailing_code": true,
  "current_currency": "USD",
  "deadline": 1512216000,
  "disable_communication": false,
  "fx_rate": 1.0,
  "goal": 50000.0,
  "id": 1006623565,
  "is_starrable": false,
  "launched_at": 1508238139,
  "location": {
    "country": "US",
    "displayable_name": "Palo Alto, CA",
    "id": 2467861,
    "is_root": false,
    "localized_name": "Palo Alto",
    "name": "Palo Alto",
    "short_name": "Palo Alto, CA",
    "slug": "palo-alto-ca",
    "state": "CA",
    "type": "Town",
    "urls": {
      "api": {
        "nearby_projects": "https://api.kickstarter.com/v1/discover?signature=1524082111.310cb0f22bdadd14e6073aad6f92c1d0951903e8&woe_id=2467861"
      },
      "web": {
        "discover": "https://www.kickstarter.com/discover/places/palo-alto-ca",
        "location": "https://www.kickstarter.com/locations/palo-alto-ca"
      }
    }
  },
  "name": "Zwim (Canceled)",
  "photo": {
    "1024x576": "https://ksr-ugc.imgix.net/assets/018/616/885/02021506025e2bbf0b9307b499cba748_original.jpg?crop=faces&w=1024&h=576&fit=crop&v=1507195613&auto=format&q=92&s=254eb42ab40b4df991768d7b92d068d2",
    "1536x864": "https://ksr-ugc.imgix.net/assets/018/616/885/02021506025e2bbf0b9307b499cba748_original.jpg?crop=faces&w=1552&h=873&fit=crop&v=1507195613&auto=format&q=92&s=0950c2ad17323cf69909fa1af9a53533",
    "ed": "https://ksr-ugc.imgix.net/assets/018/616/885/02021506025e2bbf0b9307b499cba748_original.jpg?crop=faces&w=352&h=198&fit=crop&v=1507195613&auto=format&q=92&s=c5c0a61a69aa3ece4643d0429f58326f",
    "full": "https://ksr-ugc.imgix.net/assets/018/616/885/02021506025e2bbf0b9307b499cba748_original.jpg?crop=faces&w=560&h=315&fit=crop&v=1507195613&auto=format&q=92&s=b558cdb96b9327a582ff66d8f15cd6a2",
    "key": "assets/018/616/885/02021506025e2bbf0b9307b499cba748_original.jpg",
    "little": "https://ksr-ugc.imgix.net/assets/018/616/885/02021506025e2bbf0b9307b499cba748_original.jpg?crop=faces&w=208&h=117&fit=crop&v=1507195613&auto=format&q=92&s=9092732ecd547561318e2803509d54c8",
    "med": "https://ksr-ugc.imgix.net/assets/018/616/885/02021506025e2bbf0b9307b499cba748_original.jpg?crop=faces&w=272&h=153&fit=crop&v=1507195613&auto=format&q=92&s=728d1278cdf312409d5e391c88509a6c",
    "small": "https://ksr-ugc.imgix.net/assets/018/616/885/02021506025e2bbf0b9307b499cba748_original.jpg?crop=faces&w=160&h=90&fit=crop&v=1507195613&auto=format&q=92&s=6b2b64736197de8f5d2cead2f762a6b9",
    "thumb": "https://ksr-ugc.imgix.net/assets/018/616/885/02021506025e2bbf0b9307b499cba748_original.jpg?crop=faces&w=48&h=27&fit=crop&v=1507195613&auto=format&q=92&s=c7f8735beab54af1c9965c99bb56275d"
  },
  "pledged": 16569.0,
  "profile": {
    "background_color": null,
    "background_image_opacity": 0.8,
    "blurb": null,
    "feature_image_attributes": {
      "image_urls": {
        "baseball_card": "https://ksr-ugc.imgix.net/assets/018/616/885/02021506025e2bbf0b9307b499cba748_original.jpg?crop=faces&w=560&h=315&fit=crop&v=1507195613&auto=format&q=92&s=b558cdb96b9327a582ff66d8f15cd6a2",
        "default": "https://ksr-ugc.imgix.net/assets/018/616/885/02021506025e2bbf0b9307b499cba748_original.jpg?crop=faces&w=1552&h=873&fit=crop&v=1507195613&auto=format&q=92&s=0950c2ad17323cf69909fa1af9a53533"
      }
    },
    "id": 3151332,
    "link_background_color": null,
    "link_text": null,
    "link_text_color": null,
    "link_url": null,
    "name": null,
    "project_id": 3151332,
    "should_show_feature_image_section": true,
    "show_feature_image": false,
    "state": "inactive",
    "state_changed_at": 1506125121,
    "text_color": null
  },
  "slug": "zwim-smart-swimming-goggles",
  "spotlight": false,
  "staff_pick": false,
  "state": "canceled",
  "state_changed_at": 1508763712,
  "static_usd_rate": 1.0,
  "urls": {
    "web": {
      "project": "https://www.kickstarter.com/projects/zwim/zwim-smart-swimming-goggles?ref=category_newest",
      "rewards": "https://www.kickstarter.com/projects/zwim/zwim-smart-swimming-goggles/rewards"
    }
  },
  "usd_pledged": "16569.0",
  "usd_type": "international"
}