{
  "backers_count": 20,
  "blurb": "We build smart, personal light fixtures that bring the sun's energizing rays to work...making us happier, healthier & more productive!",
  "category": {
    "color": 6526716,
    "id": 52,
    "name": "Hardware",
    "parent_id": 16,
    "position": 8,
    "slug": "technology/hardware",
    "urls": {
      "web": {
        "discover": "http://www.kickstarter.com/discover/categories/technology/hardware"
      }
    }
  },
  "converted_pledged_amount": 7333,
  "country": "US",
  "created_at": 1392129785,
  "creator": {
    "avatar": {
      "medium": "https://ksr-ugc.imgix.net/assets/008/405/867/b457f3bddf1dffbc19c0a32cbd04a220_original.jpg?w=160&h=160&fit=crop&v=1461522155&auto=format&q=92&s=d91acd642293cba3ffb68935dabaa782",
      "small": "https://ksr-ugc.imgix.net/assets/008/405/867/b457f3bddf1dffbc19c0a32cbd04a220_original.jpg?w=160&h=160&fit=crop&v=1461522155&auto=format&q=92&s=d91acd642293cba3ffb68935dabaa782",
      "thumb": "https://ksr-ugc.imgix.net/assets/008/405/867/b457f3bddf1dffbc19c0a32cbd04a220_original.jpg?w=40&h=40&fit=crop&v=1461522155&auto=format&q=92&s=98b4052923535c394ea8f5ffd74ccfd1"
    },
    "chosen_currency": null,
    "id": 329365370,
    "is_registered": true,
    "name": "Gary D. Grimard",
    "urls": {
      "api": {
        "user": "https://api.kickstarter.com/v1/users/329365370?signature=1524101762.7399e25396481f2fd7a003835678045e039ac644"
      },
      "web": {
        "user": "https://www.kickstarter.com/profile/329365370"
      }
    }
  },
  "currency": "USD",
  "currency_symbol": "$",
  "currency_trailing_code": true,
  "current_currency": "USD",
  "deadline": 1404918334,
  "disable_communication": false,
  "fx_rate": 1.0,
  "goal": 150000.0,
  "id": 1006933983,
  "is_starrable": false,
  "launched_at": 1402326334,
  "location": {
    "country": "US",
    "displayable_name": "Boston, MA",
    "id": 2367105,
    "is_root": false,
    "localized_name": "Boston",
    "name": "Boston",
    "short_name": "Boston, MA",
    "slug": "boston-ma",
    "state": "MA",
    "type": "Town",
    "urls": {
      "api": {
        "nearby_projects": "https://api.kickstarter.com/v1/discover?signature=1524082109.e7aa82920740a69e8332cd7cddc4327d6790667b&woe_id=2367105"
      },
      "web": {
        "discover": "https://www.kickstarter.com/discover/places/boston-ma",
        "location": "https://www.kickstarter.com/locations/boston-ma"
      }
    }
  },
  "name": "Let the Sun Shine In...Always & Forever with Sun LifeLight!",
  "photo": {
    "1024x576": "https://ksr-ugc.imgix.net/assets/011/650/068/669dd5f6684bdbd299e5768f0e7969d0_original.jpg?crop=faces&w=1024&h=576&fit=crop&v=1463686234&auto=format&q=92&s=c1e63d9bd4abada417c856b7452ef6f3",
    "1536x864": "https://ksr-ugc.imgix.net/assets/011/650/068/669dd5f6684bdbd299e5768f0e7969d0_original.jpg?crop=faces&w=1552&h=873&fit=crop&v=1463686234&auto=format&q=92&s=1e0868c19e30c763b4a38927f27ea793",
    "ed": "https://ksr-ugc.imgix.net/assets/011/650/068/669dd5f6684bdbd299e5768f0e7969d0_original.jpg?crop=faces&w=352&h=198&fit=crop&v=1463686234&auto=format&q=92&s=c5e91d839123b9bb507f76558dc451bc",
    "full": "https://ksr-ugc.imgix.net/assets/011/650/068/669dd5f6684bdbd299e5768f0e7969d0_original.jpg?crop=faces&w=560&h=315&fit=crop&v=1463686234&auto=format&q=92&s=7afa9f3fe62cecf0efc96b88ae755e8f",
    "key": "assets/011/650/068/669dd5f6684bdbd299e5768f0e7969d0_original.jpg",
    "little": "https://ksr-ugc.imgix.net/assets/011/650/068/669dd5f6684bdbd299e5768f0e7969d0_original.jpg?crop=faces&w=208&h=117&fit=crop&v=1463686234&auto=format&q=92&s=bd72eb1ce650b2b32d15fe3da26bebb1",
    "med": "https://ksr-ugc.imgix.net/assets/011/650/068/669dd5f6684bdbd299e5768f0e7969d0_original.jpg?crop=faces&w=272&h=153&fit=crop&v=1463686234&auto=format&q=92&s=ff4e6d4611fc5107edd5a1a2cda213d1",
    "small": "https://ksr-ugc.imgix.net/assets/011/650/068/669dd5f6684bdbd299e5768f0e7969d0_original.jpg?crop=faces&w=160&h=90&fit=crop&v=1463686234&auto=format&q=92&s=20d304a874b2a8723bb3d1d258e1a979",
    "thumb": "https://ksr-ugc.imgix.net/assets/011/650/068/669dd5f6684bdbd299e5768f0e7969d0_original.jpg?crop=faces&w=48&h=27&fit=crop&v=1463686234&auto=format&q=92&s=d28f807c636a96bd3a509c144e50c70d"
  },
  "pledged": 7333.0,
  "profile": {
    "background_color": null,
    "background_image_opacity": 0.8,
    "blurb": null,
    "feature_image_attributes": {
      "image_urls": {
        "baseball_card": "https://ksr-ugc.imgix.net/assets/011/650/068/669dd5f6684bdbd299e5768f0e7969d0_original.jpg?crop=faces&w=560&h=315&fit=crop&v=1463686234&auto=format&q=92&s=7afa9f3fe62cecf0efc96b88ae755e8f",
        "default": "https://ksr-ugc.imgix.net/assets/011/650/068/669dd5f6684bdbd299e5768f0e7969d0_original.jpg?crop=faces&w=1552&h=873&fit=crop&v=1463686234&auto=format&q=92&s=1e0868c19e30c763b4a38927f27ea793"
      }
    },
    "id": 885762,
    "link_background_color": null,
    "link_text": null,
    "link_text_color": null,
    "link_url": null,
    "name": null,
    "project_id": 885762,
    "should_show_feature_image_section": true,
    "show_feature_image": false,
    "state": "inactive",
    "state_changed_at": 1425915848,
    "text_color": null
  },
  "slug": "let-the-sun-shine-inalways-and-forever",
  "spotlight": false,
  "staff_pick": false,
  "state": "failed",
  "state_changed_at": 1404918334,
  "static_usd_rate": 1.0,
  "urls": {
    "web": {
      "project": "https://www.kickstarter.com/projects/329365370/let-the-sun-shine-inalways-and-forever?ref=category_newest",
      "rewards": "https://www.kickstarter.com/projects/329365370/let-the-sun-shine-inalways-and-forever/rewards"
    }
  },
  "usd_pledged": "7333.0",
  "usd_type": "international"
}