{
  "backers_count": 29,
  "blurb": "One simple solution, for two common problems!  A reusable cable label for easy identification and eliminating a tangled mess.",
  "category": {
    "color": 6526716,
    "id": 337,
    "name": "Gadgets",
    "parent_id": 16,
    "position": 7,
    "slug": "technology/gadgets",
    "urls": {
      "web": {
        "discover": "http://www.kickstarter.com/discover/categories/technology/gadgets"
      }
    }
  },
  "converted_pledged_amount": 1019,
  "country": "US",
  "created_at": 1490225042,
  "creator": {
    "avatar": {
      "medium": "https://ksr-ugc.imgix.net/assets/016/537/097/a47e95618f0625a9a21ac897a8c8e5cd_original.png?w=160&h=160&fit=crop&v=1493948623&auto=format&q=92&s=ed38bd05364f94798d1c7ee3dff6888b",
      "small": "https://ksr-ugc.imgix.net/assets/016/537/097/a47e95618f0625a9a21ac897a8c8e5cd_original.png?w=160&h=160&fit=crop&v=1493948623&auto=format&q=92&s=ed38bd05364f94798d1c7ee3dff6888b",
      "thumb": "https://ksr-ugc.imgix.net/assets/016/537/097/a47e95618f0625a9a21ac897a8c8e5cd_original.png?w=40&h=40&fit=crop&v=1493948623&auto=format&q=92&s=bf6db38de7c4446db2695d1d18364038"
    },
    "chosen_currency": null,
    "id": 1623458304,
    "is_registered": true,
    "name": "Greater Gadget",
    "urls": {
      "api": {
        "user": "https://api.kickstarter.com/v1/users/1623458304?signature=1524101372.afdbc84e905da5c2896d71162416e47bd0a32b24"
      },
      "web": {
        "user": "https://www.kickstarter.com/profile/1623458304"
      }
    }
  },
  "currency": "USD",
  "currency_symbol": "$",
  "currency_trailing_code": true,
  "current_currency": "USD",
  "deadline": 1498837892,
  "disable_communication": false,
  "fx_rate": 1.0,
  "goal": 3000.0,
  "id": 100626161,
  "is_starrable": false,
  "launched_at": 1496245892,
  "location": {
    "country": "US",
    "displayable_name": "Newport Beach, CA",
    "id": 23417205,
    "is_root": false,
    "localized_name": "Newport Beach",
    "name": "Newport Beach",
    "short_name": "Newport Beach, CA",
    "slug": "newport-beach-ca",
    "state": "CA",
    "type": "Town",
    "urls": {
      "api": {
        "nearby_projects": "https://api.kickstarter.com/v1/discover?signature=1524082110.2ea528eeb23f39dc92993e0e1eddfd571fe59c26&woe_id=23417205"
      },
      "web": {
        "discover": "https://www.kickstarter.com/discover/places/newport-beach-ca",
        "location": "https://www.kickstarter.com/locations/newport-beach-ca"
      }
    }
  },
  "name": "Cable Label",
  "photo": {
    "1024x576": "https://ksr-ugc.imgix.net/assets/015/969/531/f954731ecc5fb60fde1e92aa52d3c2a3_original.jpg?crop=faces&w=1024&h=576&fit=crop&v=1498067785&auto=format&q=92&s=97ff2344d65ff2968f9b4029231906e0",
    "1536x864": "https://ksr-ugc.imgix.net/assets/015/969/531/f954731ecc5fb60fde1e92aa52d3c2a3_original.jpg?crop=faces&w=1552&h=873&fit=crop&v=1498067785&auto=format&q=92&s=dc48670d29916deaf320fb6071f83e07",
    "ed": "https://ksr-ugc.imgix.net/assets/015/969/531/f954731ecc5fb60fde1e92aa52d3c2a3_original.jpg?crop=faces&w=352&h=198&fit=crop&v=1498067785&auto=format&q=92&s=0991ef4c939e36bf600ec035d1a88367",
    "full": "https://ksr-ugc.imgix.net/assets/015/969/531/f954731ecc5fb60fde1e92aa52d3c2a3_original.jpg?crop=faces&w=560&h=315&fit=crop&v=1498067785&auto=format&q=92&s=38fca5d274b5e3158107442d42c26593",
    "key": "assets/015/969/531/f954731ecc5fb60fde1e92aa52d3c2a3_original.jpg",
    "little": "https://ksr-ugc.imgix.net/assets/015/969/531/f954731ecc5fb60fde1e92aa52d3c2a3_original.jpg?crop=faces&w=208&h=117&fit=crop&v=1498067785&auto=format&q=92&s=bd155d99bd4615333213ea2c3f81b96e",
    "med": "https://ksr-ugc.imgix.net/assets/015/969/531/f954731ecc5fb60fde1e92aa52d3c2a3_original.jpg?crop=faces&w=272&h=153&fit=crop&v=1498067785&auto=format&q=92&s=b03777ff6426cfc559174f22a6716857",
    "small": "https://ksr-ugc.imgix.net/assets/015/969/531/f954731ecc5fb60fde1e92aa52d3c2a3_original.jpg?crop=faces&w=160&h=90&fit=crop&v=1498067785&auto=format&q=92&s=3362c7a174580e79412bae7822f8794a",
    "thumb": "https://ksr-ugc.imgix.net/assets/015/969/531/f954731ecc5fb60fde1e92aa52d3c2a3_original.jpg?crop=faces&w=48&h=27&fit=crop&v=1498067785&auto=format&q=92&s=85fe82ef4556be62a088a8a074d6f42e"
  },
  "pledged": 1019.77,
  "profile": {
    "background_color": null,
    "background_image_opacity": 0.8,
    "blurb": null,
    "feature_image_attributes": {
      "image_urls": {
        "baseball_card": "https://ksr-ugc.imgix.net/assets/015/969/531/f954731ecc5fb60fde1e92aa52d3c2a3_original.jpg?crop=faces&w=560&h=315&fit=crop&v=1498067785&auto=format&q=92&s=38fca5d274b5e3158107442d42c26593",
        "default": "https://ksr-ugc.imgix.net/assets/015/969/531/f954731ecc5fb60fde1e92aa52d3c2a3_original.jpg?crop=faces&w=1552&h=873&fit=crop&v=1498067785&auto=format&q=92&s=dc48670d29916deaf320fb6071f83e07"
      }
    },
    "id": 2931346,
    "link_background_color": null,
    "link_text": null,
    "link_text_color": null,
    "link_url": null,
    "name": null,
    "project_id": 2931346,
    "should_show_feature_image_section": true,
    "show_feature_image": false,
    "state": "inactive",
    "state_changed_at": 1490225042,
    "text_color": null
  },
  "slug": "cable-label",
  "spotlight": false,
  "staff_pick": false,
  "state": "failed",
  "state_changed_at": 1498837892,
  "static_usd_rate": 1.0,
  "urls": {
    "web": {
      "project": "https://www.kickstarter.com/projects/1623458304/cable-label?ref=category_newest",
      "rewards": "https://www.kickstarter.com/projects/1623458304/cable-label/rewards"
    }
  },
  "usd_pledged": "1019.77",
  "usd_type": "international"
}