{
  "backers_count": 85,
  "blurb": "A mobile toolkit powered by next-generation technology that delivers ALL of YOUR election info into the palm of your hand",
  "category": {
    "color": 6526716,
    "id": 332,
    "name": "Apps",
    "parent_id": 16,
    "position": 2,
    "slug": "technology/apps",
    "urls": {
      "web": {
        "discover": "http://www.kickstarter.com/discover/categories/technology/apps"
      }
    }
  },
  "converted_pledged_amount": 7697,
  "country": "US",
  "created_at": 1395683295,
  "creator": {
    "avatar": {
      "medium": "https://ksr-ugc.imgix.net/assets/007/386/940/869996f7433d1e64dfbbe6cabdfc4e2a_original.png?w=160&h=160&fit=crop&v=1461454253&auto=format&q=92&s=2636dc0e14b65d6a36a662022e630ab4",
      "small": "https://ksr-ugc.imgix.net/assets/007/386/940/869996f7433d1e64dfbbe6cabdfc4e2a_original.png?w=160&h=160&fit=crop&v=1461454253&auto=format&q=92&s=2636dc0e14b65d6a36a662022e630ab4",
      "thumb": "https://ksr-ugc.imgix.net/assets/007/386/940/869996f7433d1e64dfbbe6cabdfc4e2a_original.png?w=40&h=40&fit=crop&v=1461454253&auto=format&q=92&s=a8a7b32fc750be4f16ecc171c5e03460"
    },
    "chosen_currency": null,
    "id": 1496464868,
    "is_registered": true,
    "name": "Think Voting Inc.",
    "urls": {
      "api": {
        "user": "https://api.kickstarter.com/v1/users/1496464868?signature=1524100169.f532fba1567d9b555205fc79c7959eb3af09326d"
      },
      "web": {
        "user": "https://www.kickstarter.com/profile/1496464868"
      }
    }
  },
  "currency": "USD",
  "currency_symbol": "$",
  "currency_trailing_code": true,
  "current_currency": "USD",
  "deadline": 1402503106,
  "disable_communication": false,
  "fx_rate": 1.0,
  "goal": 50000.0,
  "id": 1006641104,
  "is_starrable": false,
  "launched_at": 1399911106,
  "location": {
    "country": "US",
    "displayable_name": "Austin, TX",
    "id": 2357536,
    "is_root": false,
    "localized_name": "Austin",
    "name": "Austin",
    "short_name": "Austin, TX",
    "slug": "austin-tx",
    "state": "TX",
    "type": "Town",
    "urls": {
      "api": {
        "nearby_projects": "https://api.kickstarter.com/v1/discover?signature=1524082111.22cb86afd9fb826f6bbd3d7a6e8cf731a1757ab7&woe_id=2357536"
      },
      "web": {
        "discover": "https://www.kickstarter.com/discover/places/austin-tx",
        "location": "https://www.kickstarter.com/locations/austin-tx"
      }
    }
  },
  "name": "The Voting App - It's in YOUR hands!",
  "photo": {
    "1024x576": "https://ksr-ugc.imgix.net/assets/011/672/560/d3e82860aec9ae84d9711fe7cd767d99_original.jpg?crop=faces&w=1024&h=576&fit=crop&v=1463686596&auto=format&q=92&s=40266748ce7878ca16cf55f72eccd2b0",
    "1536x864": "https://ksr-ugc.imgix.net/assets/011/672/560/d3e82860aec9ae84d9711fe7cd767d99_original.jpg?crop=faces&w=1552&h=873&fit=crop&v=1463686596&auto=format&q=92&s=099790088af2dd7fe9fb928daf26b813",
    "ed": "https://ksr-ugc.imgix.net/assets/011/672/560/d3e82860aec9ae84d9711fe7cd767d99_original.jpg?crop=faces&w=352&h=198&fit=crop&v=1463686596&auto=format&q=92&s=4f1d1ff3bfda292db37fad5e47575232",
    "full": "https://ksr-ugc.imgix.net/assets/011/672/560/d3e82860aec9ae84d9711fe7cd767d99_original.jpg?crop=faces&w=560&h=315&fit=crop&v=1463686596&auto=format&q=92&s=1c0cae126b7125dfcc0a5399134f9d3b",
    "key": "assets/011/672/560/d3e82860aec9ae84d9711fe7cd767d99_original.jpg",
    "little": "https://ksr-ugc.imgix.net/assets/011/672/560/d3e82860aec9ae84d9711fe7cd767d99_original.jpg?crop=faces&w=208&h=117&fit=crop&v=1463686596&auto=format&q=92&s=3ab0408d01301d23832be52477b253d1",
    "med": "https://ksr-ugc.imgix.net/assets/011/672/560/d3e82860aec9ae84d9711fe7cd767d99_original.jpg?crop=faces&w=272&h=153&fit=crop&v=1463686596&auto=format&q=92&s=a588161011f0f66986e22dda5718e69f",
    "small": "https://ksr-ugc.imgix.net/assets/011/672/560/d3e82860aec9ae84d9711fe7cd767d99_original.jpg?crop=faces&w=160&h=90&fit=crop&v=1463686596&auto=format&q=92&s=6b757d5d327d30da55b174070282a3cc",
    "thumb": "https://ksr-ugc.imgix.net/assets/011/672/560/d3e82860aec9ae84d9711fe7cd767d99_original.jpg?crop=faces&w=48&h=27&fit=crop&v=1463686596&auto=format&q=92&s=2a4770559ef863ee36f1eada061f9d82"
  },
  "pledged": 7697.0,
  "profile": {
    "background_color": null,
    "background_image_opacity": 0.8,
    "blurb": null,
    "feature_image_attributes": {
      "image_urls": {
        "baseball_card": "https://ksr-ugc.imgix.net/assets/011/672/560/d3e82860aec9ae84d9711fe7cd767d99_original.jpg?crop=faces&w=560&h=315&fit=crop&v=1463686596&auto=format&q=92&s=1c0cae126b7125dfcc0a5399134f9d3b",
        "default": "https://ksr-ugc.imgix.net/assets/011/672/560/d3e82860aec9ae84d9711fe7cd767d99_original.jpg?crop=faces&w=1552&h=873&fit=crop&v=1463686596&auto=format&q=92&s=099790088af2dd7fe9fb928daf26b813"
      }
    },
    "id": 943556,
    "link_background_color": null,
    "link_text": null,
    "link_text_color": null,
    "link_url": null,
    "name": null,
    "project_id": 943556,
    "should_show_feature_image_section": true,
    "show_feature_image": false,
    "state": "inactive",
    "state_changed_at": 1425915852,
    "text_color": null
  },
  "slug": "the-voting-app-its-in-your-hands",
  "spotlight": false,
  "staff_pick": false,
  "state": "failed",
  "state_changed_at": 1402503106,
  "static_usd_rate": 1.0,
  "urls": {
    "web": {
      "project": "https://www.kickstarter.com/projects/1496464868/the-voting-app-its-in-your-hands?ref=category_newest",
      "rewards": "https://www.kickstarter.com/projects/1496464868/the-voting-app-its-in-your-hands/rewards"
    }
  },
  "usd_pledged": "7697.0",
  "usd_type": "international"
}