{
  "backers_count": 24,
  "blurb": "The most Amazing MUSIC TOY!!\r\n           Make + Play + Share",
  "category": {
    "color": 6526716,
    "id": 339,
    "name": "Sound",
    "parent_id": 16,
    "position": 12,
    "slug": "technology/sound",
    "urls": {
      "web": {
        "discover": "http://www.kickstarter.com/discover/categories/technology/sound"
      }
    }
  },
  "converted_pledged_amount": 1428,
  "country": "MX",
  "created_at": 1485448796,
  "creator": {
    "avatar": {
      "medium": "https://ksr-ugc.imgix.net/assets/015/296/114/fc21650c16e93f64bffac59e82c1f6ef_original.png?w=160&h=160&fit=crop&v=1485448425&auto=format&q=92&s=184b72b4b116d97d9ca1ce31344e6238",
      "small": "https://ksr-ugc.imgix.net/assets/015/296/114/fc21650c16e93f64bffac59e82c1f6ef_original.png?w=160&h=160&fit=crop&v=1485448425&auto=format&q=92&s=184b72b4b116d97d9ca1ce31344e6238",
      "thumb": "https://ksr-ugc.imgix.net/assets/015/296/114/fc21650c16e93f64bffac59e82c1f6ef_original.png?w=40&h=40&fit=crop&v=1485448425&auto=format&q=92&s=917ea5e71f7ebd67f4aa810eae147d1c"
    },
    "chosen_currency": null,
    "id": 1587369101,
    "is_registered": true,
    "name": "Hombre Orchestra",
    "urls": {
      "api": {
        "user": "https://api.kickstarter.com/v1/users/1587369101?signature=1524102539.fb4ef873cd8bd24fa28eb7df13d7f8f295b6e99a"
      },
      "web": {
        "user": "https://www.kickstarter.com/profile/1587369101"
      }
    }
  },
  "currency": "MXN",
  "currency_symbol": "$",
  "currency_trailing_code": true,
  "current_currency": "USD",
  "deadline": 1510598375,
  "disable_communication": false,
  "fx_rate": 0.05552717,
  "goal": 2400000.0,
  "id": 1007217653,
  "is_starrable": false,
  "launched_at": 1506879575,
  "location": {
    "country": "MX",
    "displayable_name": "Mexico, Mexico",
    "id": 55889096,
    "is_root": false,
    "localized_name": "Mexico",
    "name": "Mexico",
    "short_name": "Mexico, Mexico",
    "slug": "mexico-tijuana-mx",
    "state": "Baja California",
    "type": "Suburb",
    "urls": {
      "api": {
        "nearby_projects": "https://api.kickstarter.com/v1/discover?signature=1524082117.9fa4f14d03a7cb2ccfcd830f1db54eacb8d20a9f&woe_id=55889096"
      },
      "web": {
        "discover": "https://www.kickstarter.com/discover/places/mexico-tijuana-mx",
        "location": "https://www.kickstarter.com/locations/mexico-tijuana-mx"
      }
    }
  },
  "name": "QUIUBO",
  "photo": {
    "1024x576": "https://ksr-ugc.imgix.net/assets/015/296/196/a2c157dee79d2ac034eb63aa475a2741_original.jpg?crop=faces&w=1024&h=576&fit=crop&v=1504756680&auto=format&q=92&s=df05960bcba59c98a520262d3e906437",
    "1536x864": "https://ksr-ugc.imgix.net/assets/015/296/196/a2c157dee79d2ac034eb63aa475a2741_original.jpg?crop=faces&w=1552&h=873&fit=crop&v=1504756680&auto=format&q=92&s=0a9d7e75bb4a5fedc8bf3416f68efb9f",
    "ed": "https://ksr-ugc.imgix.net/assets/015/296/196/a2c157dee79d2ac034eb63aa475a2741_original.jpg?crop=faces&w=352&h=198&fit=crop&v=1504756680&auto=format&q=92&s=49ecda1fe78a6d0d2e733a9b5b357a19",
    "full": "https://ksr-ugc.imgix.net/assets/015/296/196/a2c157dee79d2ac034eb63aa475a2741_original.jpg?crop=faces&w=560&h=315&fit=crop&v=1504756680&auto=format&q=92&s=0b2f539cef2caad97ba2d7f98ba2d663",
    "key": "assets/015/296/196/a2c157dee79d2ac034eb63aa475a2741_original.jpg",
    "little": "https://ksr-ugc.imgix.net/assets/015/296/196/a2c157dee79d2ac034eb63aa475a2741_original.jpg?crop=faces&w=208&h=117&fit=crop&v=1504756680&auto=format&q=92&s=fecafbcda7ffe00d998614b709e92cd4",
    "med": "https://ksr-ugc.imgix.net/assets/015/296/196/a2c157dee79d2ac034eb63aa475a2741_original.jpg?crop=faces&w=272&h=153&fit=crop&v=1504756680&auto=format&q=92&s=7f119b0f4e93fc5835d0c20e4bc9087c",
    "small": "https://ksr-ugc.imgix.net/assets/015/296/196/a2c157dee79d2ac034eb63aa475a2741_original.jpg?crop=faces&w=160&h=90&fit=crop&v=1504756680&auto=format&q=92&s=c8b737aa2d1b944f86c23a8b7f1feb26",
    "thumb": "https://ksr-ugc.imgix.net/assets/015/296/196/a2c157dee79d2ac034eb63aa475a2741_original.jpg?crop=faces&w=48&h=27&fit=crop&v=1504756680&auto=format&q=92&s=0f7fbef45c822051b8acbe9ce6796547"
  },
  "pledged": 27296.0,
  "profile": {
    "background_color": null,
    "background_image_opacity": 0.8,
    "blurb": null,
    "feature_image_attributes": {
      "image_urls": {
        "baseball_card": "https://ksr-ugc.imgix.net/assets/015/296/196/a2c157dee79d2ac034eb63aa475a2741_original.jpg?crop=faces&w=560&h=315&fit=crop&v=1504756680&auto=format&q=92&s=0b2f539cef2caad97ba2d7f98ba2d663",
        "default": "https://ksr-ugc.imgix.net/assets/015/296/196/a2c157dee79d2ac034eb63aa475a2741_original.jpg?crop=faces&w=1552&h=873&fit=crop&v=1504756680&auto=format&q=92&s=0a9d7e75bb4a5fedc8bf3416f68efb9f"
      }
    },
    "id": 2852495,
    "link_background_color": null,
    "link_text": null,
    "link_text_color": null,
    "link_url": null,
    "name": null,
    "project_id": 2852495,
    "should_show_feature_image_section": true,
    "show_feature_image": false,
    "state": "inactive",
    "state_changed_at": 1485448796,
    "text_color": null
  },
  "slug": "quiubo",
  "spotlight": false,
  "staff_pick": false,
  "state": "failed",
  "state_changed_at": 1510598375,
  "static_usd_rate": 0.05477426,
  "urls": {
    "web": {
      "project": "https://www.kickstarter.com/projects/1587369101/quiubo?ref=category_newest",
      "rewards": "https://www.kickstarter.com/projects/1587369101/quiubo/rewards"
    }
  },
  "usd_pledged": "1495.11820096",
  "usd_type": "international"
}