{
  "backers_count": 47,
  "blurb": "An innovative iPhone app making the process of donating to charities easier and more convenient through your iTunes account.",
  "category": {
    "color": 6526716,
    "id": 332,
    "name": "Apps",
    "parent_id": 16,
    "position": 2,
    "slug": "technology/apps",
    "urls": {
      "web": {
        "discover": "http://www.kickstarter.com/discover/categories/technology/apps"
      }
    }
  },
  "converted_pledged_amount": 4566,
  "country": "US",
  "created_at": 1404770014,
  "creator": {
    "avatar": {
      "medium": "https://ksr-ugc.imgix.net/assets/008/961/288/9d431e2d1f8a7fb191a41e87f1cf0c6c_original.jpg?w=160&h=160&fit=crop&v=1461551758&auto=format&q=92&s=1f40cb3b3b49e5c27cf0bac702f2d490",
      "small": "https://ksr-ugc.imgix.net/assets/008/961/288/9d431e2d1f8a7fb191a41e87f1cf0c6c_original.jpg?w=160&h=160&fit=crop&v=1461551758&auto=format&q=92&s=1f40cb3b3b49e5c27cf0bac702f2d490",
      "thumb": "https://ksr-ugc.imgix.net/assets/008/961/288/9d431e2d1f8a7fb191a41e87f1cf0c6c_original.jpg?w=40&h=40&fit=crop&v=1461551758&auto=format&q=92&s=aeb0dd6dee0bddf6a93ebf32adab49b0"
    },
    "chosen_currency": null,
    "id": 524792882,
    "is_registered": true,
    "name": "Beau Russell",
    "urls": {
      "api": {
        "user": "https://api.kickstarter.com/v1/users/524792882?signature=1524100097.e96a0b3445af6f45519e2a15565b5ea1190f88fc"
      },
      "web": {
        "user": "https://www.kickstarter.com/profile/524792882"
      }
    }
  },
  "currency": "USD",
  "currency_symbol": "$",
  "currency_trailing_code": true,
  "current_currency": "USD",
  "deadline": 1406313851,
  "disable_communication": false,
  "fx_rate": 1.0,
  "goal": 4500.0,
  "id": 1007993089,
  "is_starrable": false,
  "launched_at": 1405709574,
  "location": {
    "country": "US",
    "displayable_name": "Hollywood, Los Angeles, CA",
    "id": 2423474,
    "is_root": false,
    "localized_name": "Hollywood",
    "name": "Hollywood",
    "short_name": "Hollywood, CA",
    "slug": "hollywood-los-angeles-ca",
    "state": "CA",
    "type": "Suburb",
    "urls": {
      "api": {
        "nearby_projects": "https://api.kickstarter.com/v1/discover?signature=1524082112.06ecbe16ea79fca7cf7567ba51bf4383be838fc6&woe_id=2423474"
      },
      "web": {
        "discover": "https://www.kickstarter.com/discover/places/hollywood-los-angeles-ca",
        "location": "https://www.kickstarter.com/locations/hollywood-los-angeles-ca"
      }
    }
  },
  "name": "Remedy Resolutions",
  "photo": {
    "1024x576": "https://ksr-ugc.imgix.net/assets/011/744/336/f32d68393efc3fa04f9914eb58f3f896_original.jpg?crop=faces&w=1024&h=576&fit=crop&v=1463688956&auto=format&q=92&s=c194eaed1b2fc1ac5a58040d4864553c",
    "1536x864": "https://ksr-ugc.imgix.net/assets/011/744/336/f32d68393efc3fa04f9914eb58f3f896_original.jpg?crop=faces&w=1552&h=873&fit=crop&v=1463688956&auto=format&q=92&s=5c89fb3b481d5d708e7b16e06f0ba2df",
    "ed": "https://ksr-ugc.imgix.net/assets/011/744/336/f32d68393efc3fa04f9914eb58f3f896_original.jpg?crop=faces&w=352&h=198&fit=crop&v=1463688956&auto=format&q=92&s=16dafb1ba279dea32ba0ec8665639d24",
    "full": "https://ksr-ugc.imgix.net/assets/011/744/336/f32d68393efc3fa04f9914eb58f3f896_original.jpg?crop=faces&w=560&h=315&fit=crop&v=1463688956&auto=format&q=92&s=4db80dad0e0679b6cb153aaf61e91f7a",
    "key": "assets/011/744/336/f32d68393efc3fa04f9914eb58f3f896_original.jpg",
    "little": "https://ksr-ugc.imgix.net/assets/011/744/336/f32d68393efc3fa04f9914eb58f3f896_original.jpg?crop=faces&w=208&h=117&fit=crop&v=1463688956&auto=format&q=92&s=0b4c726df6db64dffb9c5ce5d8a0a851",
    "med": "https://ksr-ugc.imgix.net/assets/011/744/336/f32d68393efc3fa04f9914eb58f3f896_original.jpg?crop=faces&w=272&h=153&fit=crop&v=1463688956&auto=format&q=92&s=c9b64816a3e463720454f5cef9a25917",
    "small": "https://ksr-ugc.imgix.net/assets/011/744/336/f32d68393efc3fa04f9914eb58f3f896_original.jpg?crop=faces&w=160&h=90&fit=crop&v=1463688956&auto=format&q=92&s=e69839b02a1591c5135af9d4cf3bdf75",
    "thumb": "https://ksr-ugc.imgix.net/assets/011/744/336/f32d68393efc3fa04f9914eb58f3f896_original.jpg?crop=faces&w=48&h=27&fit=crop&v=1463688956&auto=format&q=92&s=f63de64a9d6849f3fdfbb0465353b466"
  },
  "pledged": 4566.0,
  "profile": {
    "background_color": null,
    "background_image_opacity": 0.8,
    "blurb": null,
    "feature_image_attributes": {
      "image_urls": {
        "baseball_card": "https://ksr-ugc.imgix.net/assets/011/744/336/f32d68393efc3fa04f9914eb58f3f896_original.jpg?crop=faces&w=560&h=315&fit=crop&v=1463688956&auto=format&q=92&s=4db80dad0e0679b6cb153aaf61e91f7a",
        "default": "https://ksr-ugc.imgix.net/assets/011/744/336/f32d68393efc3fa04f9914eb58f3f896_original.jpg?crop=faces&w=1552&h=873&fit=crop&v=1463688956&auto=format&q=92&s=5c89fb3b481d5d708e7b16e06f0ba2df"
      }
    },
    "id": 1108032,
    "link_background_color": null,
    "link_text": null,
    "link_text_color": null,
    "link_url": null,
    "name": null,
    "project_id": 1108032,
    "should_show_feature_image_section": true,
    "show_feature_image": false,
    "state": "inactive",
    "state_changed_at": 1425915861,
    "text_color": null
  },
  "slug": "remedy-resolutions",
  "spotlight": true,
  "staff_pick": false,
  "state": "successful",
  "state_changed_at": 1406313911,
  "static_usd_rate": 1.0,
  "urls": {
    "web": {
      "project": "https://www.kickstarter.com/projects/524792882/remedy-resolutions?ref=category_newest",
      "rewards": "https://www.kickstarter.com/projects/524792882/remedy-resolutions/rewards"
    }
  },
  "usd_pledged": "4566.0",
  "usd_type": "international"
}