{
  "backers_count": 1503,
  "blurb": "Adventure Tape\u00ae is the perfect rescue solution when the unexpected happens to your gear at the worst time and location possible!",
  "category": {
    "color": 6526716,
    "id": 335,
    "name": "Fabrication Tools",
    "parent_id": 16,
    "position": 5,
    "slug": "technology/fabrication tools",
    "urls": {
      "web": {
        "discover": "http://www.kickstarter.com/discover/categories/technology/fabrication%20tools"
      }
    }
  },
  "converted_pledged_amount": 59082,
  "country": "GB",
  "created_at": 1496914040,
  "creator": {
    "avatar": {
      "medium": "https://ksr-ugc.imgix.net/assets/017/111/045/df170c156427097584b3fad12c5acd21_original.jpg?w=160&h=160&fit=crop&v=1506439914&auto=format&q=92&s=ca6785ec76105c35d05d979b7b7c82b6",
      "small": "https://ksr-ugc.imgix.net/assets/017/111/045/df170c156427097584b3fad12c5acd21_original.jpg?w=160&h=160&fit=crop&v=1506439914&auto=format&q=92&s=ca6785ec76105c35d05d979b7b7c82b6",
      "thumb": "https://ksr-ugc.imgix.net/assets/017/111/045/df170c156427097584b3fad12c5acd21_original.jpg?w=40&h=40&fit=crop&v=1506439914&auto=format&q=92&s=6563689b395a198e8692a919142c2b12"
    },
    "chosen_currency": null,
    "id": 1674089452,
    "is_registered": true,
    "name": "Adventure Tape",
    "slug": "adventuretape",
    "urls": {
      "api": {
        "user": "https://api.kickstarter.com/v1/users/1674089452?signature=1524100807.b479564127948c8f0706c2b246cff784401347c3"
      },
      "web": {
        "user": "https://www.kickstarter.com/profile/adventuretape"
      }
    }
  },
  "currency": "GBP",
  "currency_symbol": "\u00a3",
  "currency_trailing_code": false,
  "current_currency": "USD",
  "deadline": 1509706860,
  "disable_communication": false,
  "fx_rate": 1.43358488,
  "goal": 15000.0,
  "id": 100741369,
  "is_starrable": false,
  "launched_at": 1507114860,
  "location": {
    "country": "GB",
    "displayable_name": "Lydney, UK",
    "id": 28033,
    "is_root": false,
    "localized_name": "Lydney",
    "name": "Lydney",
    "short_name": "Lydney, UK",
    "slug": "lydney-gb",
    "state": "England",
    "type": "Town",
    "urls": {
      "api": {
        "nearby_projects": "https://api.kickstarter.com/v1/discover?signature=1524082184.17297604e8b2972a4d745df3acc186cbe76ca7c7&woe_id=28033"
      },
      "web": {
        "discover": "https://www.kickstarter.com/discover/places/lydney-gb",
        "location": "https://www.kickstarter.com/locations/lydney-gb"
      }
    }
  },
  "name": "Adventure Tape - The Ultimate Rescue Solution For Your Gear",
  "photo": {
    "1024x576": "https://ksr-ugc.imgix.net/assets/017/014/210/10641131e86ad7858699df2a6e6d0102_original.jpg?crop=faces&w=1024&h=576&fit=crop&v=1507218425&auto=format&q=92&s=8aae9e04085392270f2dbe6b83c7c486",
    "1536x864": "https://ksr-ugc.imgix.net/assets/017/014/210/10641131e86ad7858699df2a6e6d0102_original.jpg?crop=faces&w=1552&h=873&fit=crop&v=1507218425&auto=format&q=92&s=5f605545e79d7bd2123b4e9bfec441da",
    "ed": "https://ksr-ugc.imgix.net/assets/017/014/210/10641131e86ad7858699df2a6e6d0102_original.jpg?crop=faces&w=352&h=198&fit=crop&v=1507218425&auto=format&q=92&s=4fcb12f224a0067592e0703d804aca34",
    "full": "https://ksr-ugc.imgix.net/assets/017/014/210/10641131e86ad7858699df2a6e6d0102_original.jpg?crop=faces&w=560&h=315&fit=crop&v=1507218425&auto=format&q=92&s=a26569e9884432d10287a0b95d55bdc3",
    "key": "assets/017/014/210/10641131e86ad7858699df2a6e6d0102_original.jpg",
    "little": "https://ksr-ugc.imgix.net/assets/017/014/210/10641131e86ad7858699df2a6e6d0102_original.jpg?crop=faces&w=208&h=117&fit=crop&v=1507218425&auto=format&q=92&s=45c4e44768d97d5f1abf3c470c78d0b6",
    "med": "https://ksr-ugc.imgix.net/assets/017/014/210/10641131e86ad7858699df2a6e6d0102_original.jpg?crop=faces&w=272&h=153&fit=crop&v=1507218425&auto=format&q=92&s=0be1c5eebb29ecccfaf9f85751589df9",
    "small": "https://ksr-ugc.imgix.net/assets/017/014/210/10641131e86ad7858699df2a6e6d0102_original.jpg?crop=faces&w=160&h=90&fit=crop&v=1507218425&auto=format&q=92&s=2370c74130c592e86bb4ce67be8254b3",
    "thumb": "https://ksr-ugc.imgix.net/assets/017/014/210/10641131e86ad7858699df2a6e6d0102_original.jpg?crop=faces&w=48&h=27&fit=crop&v=1507218425&auto=format&q=92&s=e4fe2a7616005978f9c2e16ff4041dd5"
  },
  "pledged": 45210.0,
  "profile": {
    "background_color": "",
    "background_image_opacity": 0.8,
    "blurb": "Adventure Tape\u00ae is the perfect rescue solution when the unexpected happens to your gear at the worst time and location possible!",
    "feature_image_attributes": {
      "id": 19197443,
      "image_urls": {
        "baseball_card": "https://ksr-ugc.imgix.net/assets/019/197/443/8b50fd9fd402eff1f080e1c4a50e2dfe_original.jpg?crop=faces,edges&w=560&h=315&fit=crop&v=1510564948&auto=format&q=92&s=dde1fb6c4318e9008216490bbffd1729",
        "default": "https://ksr-ugc.imgix.net/assets/019/197/443/8b50fd9fd402eff1f080e1c4a50e2dfe_original.jpg?w=700&fit=max&v=1510564948&auto=format&q=92&s=e75e942f603bf19a326adcdf38efb27f"
      }
    },
    "id": 3032103,
    "link_background_color": "",
    "link_text": "Follow along!",
    "link_text_color": "",
    "link_url": "https://www.kickstarter.com/projects/adventuretape/adventure-tape-the-ultimate-rescue-solution-for-yo?ref=user_menu",
    "name": "Adventure Tape - The Ultimate Rescue Solution For Your Gear",
    "project_id": 3032103,
    "should_show_feature_image_section": true,
    "show_feature_image": true,
    "state": "active",
    "state_changed_at": 1510566781,
    "text_color": ""
  },
  "slug": "adventure-tape-the-ultimate-rescue-solution-for-yo",
  "spotlight": true,
  "staff_pick": false,
  "state": "successful",
  "state_changed_at": 1509706860,
  "static_usd_rate": 1.32517555,
  "urls": {
    "web": {
      "project": "https://www.kickstarter.com/projects/adventuretape/adventure-tape-the-ultimate-rescue-solution-for-yo?ref=category_newest",
      "rewards": "https://www.kickstarter.com/projects/adventuretape/adventure-tape-the-ultimate-rescue-solution-for-yo/rewards"
    }
  },
  "usd_pledged": "59911.1866155",
  "usd_type": "international"
}