{
  "backers_count": 0,
  "blurb": "Jujube redefines messaging with machines learning human emotions. Forget decoding what a text based message really means. Ask JuJuBe",
  "category": {
    "color": 6526716,
    "id": 51,
    "name": "Software",
    "parent_id": 16,
    "position": 11,
    "slug": "technology/software",
    "urls": {
      "web": {
        "discover": "http://www.kickstarter.com/discover/categories/technology/software"
      }
    }
  },
  "converted_pledged_amount": 0,
  "country": "US",
  "created_at": 1473441495,
  "creator": {
    "avatar": {
      "medium": "https://ksr-ugc.imgix.net/assets/013/670/740/e0835c9a902fd0bf455109e8fd56cb13_original.png?w=160&h=160&fit=crop&v=1473448418&auto=format&q=92&s=5a4ddc1086915e39dcb9a9f8b75fdec2",
      "small": "https://ksr-ugc.imgix.net/assets/013/670/740/e0835c9a902fd0bf455109e8fd56cb13_original.png?w=160&h=160&fit=crop&v=1473448418&auto=format&q=92&s=5a4ddc1086915e39dcb9a9f8b75fdec2",
      "thumb": "https://ksr-ugc.imgix.net/assets/013/670/740/e0835c9a902fd0bf455109e8fd56cb13_original.png?w=40&h=40&fit=crop&v=1473448418&auto=format&q=92&s=03a0ed656817324f5ae17c220e78cb81"
    },
    "chosen_currency": null,
    "id": 347066025,
    "is_registered": true,
    "name": "Neil Patel (deleted)",
    "urls": {
      "api": {
        "user": "https://api.kickstarter.com/v1/users/347066025?signature=1524102393.741537176b433391df1b50c1c33a4c21e01e2f23"
      },
      "web": {
        "user": "https://www.kickstarter.com/profile/347066025"
      }
    }
  },
  "currency": "USD",
  "currency_symbol": "$",
  "currency_trailing_code": true,
  "current_currency": "USD",
  "deadline": 1476624223,
  "disable_communication": false,
  "fx_rate": 1.0,
  "goal": 25000.0,
  "id": 1007545243,
  "is_starrable": false,
  "launched_at": 1474032223,
  "location": {
    "country": "US",
    "displayable_name": "Dallas, TX",
    "id": 2388929,
    "is_root": false,
    "localized_name": "Dallas",
    "name": "Dallas",
    "short_name": "Dallas, TX",
    "slug": "dallas-tx",
    "state": "TX",
    "type": "Town",
    "urls": {
      "api": {
        "nearby_projects": "https://api.kickstarter.com/v1/discover?signature=1524082110.d2826be8fede2d3c72743e6796c855e330bc128d&woe_id=2388929"
      },
      "web": {
        "discover": "https://www.kickstarter.com/discover/places/dallas-tx",
        "location": "https://www.kickstarter.com/locations/dallas-tx"
      }
    }
  },
  "name": "JuJube : the Frasier Crane for your text messages",
  "photo": {
    "1024x576": "https://ksr-ugc.imgix.net/assets/013/669/236/a8778c18ea060cd8778586a1cbc9dc8a_original.jpg?crop=faces&w=1024&h=576&fit=crop&v=1473457268&auto=format&q=92&s=9ecf36e8b8342cb596cd123495169e08",
    "1536x864": "https://ksr-ugc.imgix.net/assets/013/669/236/a8778c18ea060cd8778586a1cbc9dc8a_original.jpg?crop=faces&w=1552&h=873&fit=crop&v=1473457268&auto=format&q=92&s=fde3ab251d7c72b1a88679620e4c5193",
    "ed": "https://ksr-ugc.imgix.net/assets/013/669/236/a8778c18ea060cd8778586a1cbc9dc8a_original.jpg?crop=faces&w=352&h=198&fit=crop&v=1473457268&auto=format&q=92&s=cc294b56e61db61b067c28101427308b",
    "full": "https://ksr-ugc.imgix.net/assets/013/669/236/a8778c18ea060cd8778586a1cbc9dc8a_original.jpg?crop=faces&w=560&h=315&fit=crop&v=1473457268&auto=format&q=92&s=bc3b38e33fcffa0b634a8eea232777ab",
    "key": "assets/013/669/236/a8778c18ea060cd8778586a1cbc9dc8a_original.jpg",
    "little": "https://ksr-ugc.imgix.net/assets/013/669/236/a8778c18ea060cd8778586a1cbc9dc8a_original.jpg?crop=faces&w=208&h=117&fit=crop&v=1473457268&auto=format&q=92&s=2be9191390770e54b2d76a0968102a20",
    "med": "https://ksr-ugc.imgix.net/assets/013/669/236/a8778c18ea060cd8778586a1cbc9dc8a_original.jpg?crop=faces&w=272&h=153&fit=crop&v=1473457268&auto=format&q=92&s=b1f9b1a72408db8272e05416e2e070b0",
    "small": "https://ksr-ugc.imgix.net/assets/013/669/236/a8778c18ea060cd8778586a1cbc9dc8a_original.jpg?crop=faces&w=160&h=90&fit=crop&v=1473457268&auto=format&q=92&s=50247ec9228ed304c134b90991069114",
    "thumb": "https://ksr-ugc.imgix.net/assets/013/669/236/a8778c18ea060cd8778586a1cbc9dc8a_original.jpg?crop=faces&w=48&h=27&fit=crop&v=1473457268&auto=format&q=92&s=2bd6d2b6f5c64ce141e145f38cdaeb9c"
  },
  "pledged": 0.0,
  "profile": {
    "background_color": null,
    "background_image_opacity": 0.8,
    "blurb": null,
    "feature_image_attributes": {
      "image_urls": {
        "baseball_card": "https://ksr-ugc.imgix.net/assets/013/669/236/a8778c18ea060cd8778586a1cbc9dc8a_original.jpg?crop=faces&w=560&h=315&fit=crop&v=1473457268&auto=format&q=92&s=bc3b38e33fcffa0b634a8eea232777ab",
        "default": "https://ksr-ugc.imgix.net/assets/013/669/236/a8778c18ea060cd8778586a1cbc9dc8a_original.jpg?crop=faces&w=1552&h=873&fit=crop&v=1473457268&auto=format&q=92&s=fde3ab251d7c72b1a88679620e4c5193"
      }
    },
    "id": 2672309,
    "link_background_color": null,
    "link_text": null,
    "link_text_color": null,
    "link_url": null,
    "name": null,
    "project_id": 2672309,
    "should_show_feature_image_section": true,
    "show_feature_image": false,
    "state": "inactive",
    "state_changed_at": 1473441495,
    "text_color": null
  },
  "slug": "jujube-the-frasier-crane-for-your-text-messages",
  "spotlight": false,
  "staff_pick": false,
  "state": "failed",
  "state_changed_at": 1476624224,
  "static_usd_rate": 1.0,
  "urls": {
    "web": {
      "project": "https://www.kickstarter.com/projects/347066025/jujube-the-frasier-crane-for-your-text-messages?ref=category_newest",
      "rewards": "https://www.kickstarter.com/projects/347066025/jujube-the-frasier-crane-for-your-text-messages/rewards"
    }
  },
  "usd_pledged": "0.0",
  "usd_type": "international"
}