{
  "backers_count": 368,
  "blurb": "Stay connected without the tangle- enjoy music, phone, Siri, and more wirelessly. Make any headset and headphone wireless.",
  "category": {
    "color": 6526716,
    "id": 337,
    "name": "Gadgets",
    "parent_id": 16,
    "position": 7,
    "slug": "technology/gadgets",
    "urls": {
      "web": {
        "discover": "http://www.kickstarter.com/discover/categories/technology/gadgets"
      }
    }
  },
  "converted_pledged_amount": 18594,
  "country": "US",
  "created_at": 1502248390,
  "creator": {
    "avatar": {
      "medium": "https://ksr-ugc.imgix.net/assets/017/891/222/ff2bef0d492975a88253f26141622f40_original.jpg?w=160&h=160&fit=crop&v=1502523227&auto=format&q=92&s=cc4b1d1e1b82d3725b092b6236d8e5a4",
      "small": "https://ksr-ugc.imgix.net/assets/017/891/222/ff2bef0d492975a88253f26141622f40_original.jpg?w=160&h=160&fit=crop&v=1502523227&auto=format&q=92&s=cc4b1d1e1b82d3725b092b6236d8e5a4",
      "thumb": "https://ksr-ugc.imgix.net/assets/017/891/222/ff2bef0d492975a88253f26141622f40_original.jpg?w=40&h=40&fit=crop&v=1502523227&auto=format&q=92&s=8983d548effeea9ec882f62e90416698"
    },
    "chosen_currency": null,
    "id": 1855286214,
    "is_registered": true,
    "name": "Vik Labs",
    "urls": {
      "api": {
        "user": "https://api.kickstarter.com/v1/users/1855286214?signature=1524101090.18f7db50f01a918291525664ea245ea7a377157e"
      },
      "web": {
        "user": "https://www.kickstarter.com/profile/1855286214"
      }
    }
  },
  "currency": "USD",
  "currency_symbol": "$",
  "currency_trailing_code": true,
  "current_currency": "USD",
  "deadline": 1505739600,
  "disable_communication": false,
  "fx_rate": 1.0,
  "goal": 5000.0,
  "id": 1007202487,
  "is_starrable": false,
  "launched_at": 1502979746,
  "location": {
    "country": "US",
    "displayable_name": "San Francisco, CA",
    "id": 2487956,
    "is_root": false,
    "localized_name": "San Francisco",
    "name": "San Francisco",
    "short_name": "San Francisco, CA",
    "slug": "san-francisco-ca",
    "state": "CA",
    "type": "Town",
    "urls": {
      "api": {
        "nearby_projects": "https://api.kickstarter.com/v1/discover?signature=1524082109.c4369d87b612e47a06f937efb32dacd18d659505&woe_id=2487956"
      },
      "web": {
        "discover": "https://www.kickstarter.com/discover/places/san-francisco-ca",
        "location": "https://www.kickstarter.com/locations/san-francisco-ca"
      }
    }
  },
  "name": "Jackster: Make Any Headset Wireless",
  "photo": {
    "1024x576": "https://ksr-ugc.imgix.net/assets/017/890/662/d79caaab954b0566a54bcecf92535825_original.jpg?crop=faces&w=1024&h=576&fit=crop&v=1502949242&auto=format&q=92&s=7bd8995aa705768000b6c4bcef2cbcff",
    "1536x864": "https://ksr-ugc.imgix.net/assets/017/890/662/d79caaab954b0566a54bcecf92535825_original.jpg?crop=faces&w=1552&h=873&fit=crop&v=1502949242&auto=format&q=92&s=19347b3a43568ee06aac7ee180e0f9de",
    "ed": "https://ksr-ugc.imgix.net/assets/017/890/662/d79caaab954b0566a54bcecf92535825_original.jpg?crop=faces&w=352&h=198&fit=crop&v=1502949242&auto=format&q=92&s=b0c37aefd21b48472534429e22d31451",
    "full": "https://ksr-ugc.imgix.net/assets/017/890/662/d79caaab954b0566a54bcecf92535825_original.jpg?crop=faces&w=560&h=315&fit=crop&v=1502949242&auto=format&q=92&s=6a38474fb05dc63d03bd8dbb13e96dcb",
    "key": "assets/017/890/662/d79caaab954b0566a54bcecf92535825_original.jpg",
    "little": "https://ksr-ugc.imgix.net/assets/017/890/662/d79caaab954b0566a54bcecf92535825_original.jpg?crop=faces&w=208&h=117&fit=crop&v=1502949242&auto=format&q=92&s=67c35b022fc769ea05c0299f45cecc78",
    "med": "https://ksr-ugc.imgix.net/assets/017/890/662/d79caaab954b0566a54bcecf92535825_original.jpg?crop=faces&w=272&h=153&fit=crop&v=1502949242&auto=format&q=92&s=b4b8ad0c1c9fb3fe9155df506795efd0",
    "small": "https://ksr-ugc.imgix.net/assets/017/890/662/d79caaab954b0566a54bcecf92535825_original.jpg?crop=faces&w=160&h=90&fit=crop&v=1502949242&auto=format&q=92&s=c5acbd8062f36c11b368182b1141f3af",
    "thumb": "https://ksr-ugc.imgix.net/assets/017/890/662/d79caaab954b0566a54bcecf92535825_original.jpg?crop=faces&w=48&h=27&fit=crop&v=1502949242&auto=format&q=92&s=14331c6303cb774f4debf0e50e1f0249"
  },
  "pledged": 18594.0,
  "profile": {
    "background_color": null,
    "background_image_opacity": 0.8,
    "blurb": null,
    "feature_image_attributes": {
      "image_urls": {
        "baseball_card": "https://ksr-ugc.imgix.net/assets/017/890/662/d79caaab954b0566a54bcecf92535825_original.jpg?crop=faces&w=560&h=315&fit=crop&v=1502949242&auto=format&q=92&s=6a38474fb05dc63d03bd8dbb13e96dcb",
        "default": "https://ksr-ugc.imgix.net/assets/017/890/662/d79caaab954b0566a54bcecf92535825_original.jpg?crop=faces&w=1552&h=873&fit=crop&v=1502949242&auto=format&q=92&s=19347b3a43568ee06aac7ee180e0f9de"
      }
    },
    "id": 3102191,
    "link_background_color": null,
    "link_text": null,
    "link_text_color": null,
    "link_url": null,
    "name": null,
    "project_id": 3102191,
    "should_show_feature_image_section": true,
    "show_feature_image": false,
    "state": "inactive",
    "state_changed_at": 1502248390,
    "text_color": null
  },
  "slug": "jackster-make-any-headset-wireless",
  "spotlight": true,
  "staff_pick": false,
  "state": "successful",
  "state_changed_at": 1505739601,
  "static_usd_rate": 1.0,
  "urls": {
    "web": {
      "project": "https://www.kickstarter.com/projects/1855286214/jackster-make-any-headset-wireless?ref=category_newest",
      "rewards": "https://www.kickstarter.com/projects/1855286214/jackster-make-any-headset-wireless/rewards"
    }
  },
  "usd_pledged": "18594.0",
  "usd_type": "international"
}