{
  "backers_count": 58,
  "blurb": "a member-based digital fabrication workshop in austin, texas. your pledge helps make a down payment on a laser cutter and cnc router.",
  "category": {
    "color": 6526716,
    "id": 52,
    "name": "Hardware",
    "parent_id": 16,
    "position": 8,
    "slug": "technology/hardware",
    "urls": {
      "web": {
        "discover": "http://www.kickstarter.com/discover/categories/technology/hardware"
      }
    }
  },
  "converted_pledged_amount": 5843,
  "country": "US",
  "created_at": 1288929665,
  "creator": {
    "avatar": {
      "medium": "https://ksr-ugc.imgix.net/assets/005/854/101/b21db38fe27d9a70c3cae52e7418eddb_original.jpeg?w=160&h=160&fit=crop&v=1461089243&auto=format&q=92&s=df3f6825cb5a66ec6500121fbea24a58",
      "small": "https://ksr-ugc.imgix.net/assets/005/854/101/b21db38fe27d9a70c3cae52e7418eddb_original.jpeg?w=160&h=160&fit=crop&v=1461089243&auto=format&q=92&s=df3f6825cb5a66ec6500121fbea24a58",
      "thumb": "https://ksr-ugc.imgix.net/assets/005/854/101/b21db38fe27d9a70c3cae52e7418eddb_original.jpeg?w=40&h=40&fit=crop&v=1461089243&auto=format&q=92&s=d8a4284e381a0fe4dde50e4e5a1ed12f"
    },
    "chosen_currency": null,
    "id": 1276765289,
    "is_registered": true,
    "name": "MAKEatx",
    "urls": {
      "api": {
        "user": "https://api.kickstarter.com/v1/users/1276765289?signature=1524101399.90d42e94ac359eec36d441f32a026d786c10c736"
      },
      "web": {
        "user": "https://www.kickstarter.com/profile/1276765289"
      }
    }
  },
  "currency": "USD",
  "currency_symbol": "$",
  "currency_trailing_code": true,
  "current_currency": "USD",
  "deadline": 1299390137,
  "disable_communication": false,
  "fx_rate": 1.0,
  "goal": 5000.0,
  "id": 1007566985,
  "is_starrable": false,
  "launched_at": 1294206137,
  "location": {
    "country": "US",
    "displayable_name": "Austin, TX",
    "id": 2357536,
    "is_root": false,
    "localized_name": "Austin",
    "name": "Austin",
    "short_name": "Austin, TX",
    "slug": "austin-tx",
    "state": "TX",
    "type": "Town",
    "urls": {
      "api": {
        "nearby_projects": "https://api.kickstarter.com/v1/discover?signature=1524082111.22cb86afd9fb826f6bbd3d7a6e8cf731a1757ab7&woe_id=2357536"
      },
      "web": {
        "discover": "https://www.kickstarter.com/discover/places/austin-tx",
        "location": "https://www.kickstarter.com/locations/austin-tx"
      }
    }
  },
  "name": "MAKEatx : a digital fabrication workshop",
  "photo": {
    "1024x576": "https://ksr-ugc.imgix.net/assets/011/269/700/63e97cf5782a4d85ede7dfaba66d8949_original.jpg?crop=faces&w=1024&h=576&fit=crop&v=1463673858&auto=format&q=92&s=753e21caec963ebee58f89bed8f9e2a5",
    "1536x864": "https://ksr-ugc.imgix.net/assets/011/269/700/63e97cf5782a4d85ede7dfaba66d8949_original.jpg?crop=faces&w=1552&h=873&fit=crop&v=1463673858&auto=format&q=92&s=805b0f555b0042aeb4562e5bb72bb378",
    "ed": "https://ksr-ugc.imgix.net/assets/011/269/700/63e97cf5782a4d85ede7dfaba66d8949_original.jpg?crop=faces&w=352&h=198&fit=crop&v=1463673858&auto=format&q=92&s=c264c6b692f43c478eab4a7aec5a165f",
    "full": "https://ksr-ugc.imgix.net/assets/011/269/700/63e97cf5782a4d85ede7dfaba66d8949_original.jpg?crop=faces&w=560&h=315&fit=crop&v=1463673858&auto=format&q=92&s=e4518556b5c09b0c83111bd9115b05d1",
    "key": "assets/011/269/700/63e97cf5782a4d85ede7dfaba66d8949_original.jpg",
    "little": "https://ksr-ugc.imgix.net/assets/011/269/700/63e97cf5782a4d85ede7dfaba66d8949_original.jpg?crop=faces&w=208&h=117&fit=crop&v=1463673858&auto=format&q=92&s=9b2933252ccd28ae3b0cb24adc7e9474",
    "med": "https://ksr-ugc.imgix.net/assets/011/269/700/63e97cf5782a4d85ede7dfaba66d8949_original.jpg?crop=faces&w=272&h=153&fit=crop&v=1463673858&auto=format&q=92&s=bb101dba76d0239a53fa84fdec6e8472",
    "small": "https://ksr-ugc.imgix.net/assets/011/269/700/63e97cf5782a4d85ede7dfaba66d8949_original.jpg?crop=faces&w=160&h=90&fit=crop&v=1463673858&auto=format&q=92&s=5e8c36fbb98c6adf14be603b50287a19",
    "thumb": "https://ksr-ugc.imgix.net/assets/011/269/700/63e97cf5782a4d85ede7dfaba66d8949_original.jpg?crop=faces&w=48&h=27&fit=crop&v=1463673858&auto=format&q=92&s=8bbfc8534c5230f3b67108f9a709f568"
  },
  "pledged": 5843.0,
  "profile": {
    "background_color": null,
    "background_image_opacity": 0.8,
    "blurb": null,
    "feature_image_attributes": {
      "image_urls": {
        "baseball_card": "https://ksr-ugc.imgix.net/assets/011/269/700/63e97cf5782a4d85ede7dfaba66d8949_original.jpg?crop=faces&w=560&h=315&fit=crop&v=1463673858&auto=format&q=92&s=e4518556b5c09b0c83111bd9115b05d1",
        "default": "https://ksr-ugc.imgix.net/assets/011/269/700/63e97cf5782a4d85ede7dfaba66d8949_original.jpg?crop=faces&w=1552&h=873&fit=crop&v=1463673858&auto=format&q=92&s=805b0f555b0042aeb4562e5bb72bb378"
      }
    },
    "id": 15360,
    "link_background_color": null,
    "link_text": null,
    "link_text_color": null,
    "link_url": null,
    "name": null,
    "project_id": 15360,
    "should_show_feature_image_section": true,
    "show_feature_image": false,
    "state": "inactive",
    "state_changed_at": 1425915801,
    "text_color": null
  },
  "slug": "makeatx-a-digital-fabrication-workshop",
  "spotlight": true,
  "staff_pick": false,
  "state": "successful",
  "state_changed_at": 1299390140,
  "static_usd_rate": 1.0,
  "urls": {
    "web": {
      "project": "https://www.kickstarter.com/projects/1276765289/makeatx-a-digital-fabrication-workshop?ref=category_newest",
      "rewards": "https://www.kickstarter.com/projects/1276765289/makeatx-a-digital-fabrication-workshop/rewards"
    }
  },
  "usd_pledged": "5843.0",
  "usd_type": "international"
}