{
  "backers_count": 2,
  "blurb": "Is your gate or garage door open or closed?  This will transmit up to one mile away: encrypted and wireless.  A Green LED means closed!",
  "category": {
    "color": 6526716,
    "id": 337,
    "name": "Gadgets",
    "parent_id": 16,
    "position": 7,
    "slug": "technology/gadgets",
    "urls": {
      "web": {
        "discover": "http://www.kickstarter.com/discover/categories/technology/gadgets"
      }
    }
  },
  "converted_pledged_amount": 250,
  "country": "US",
  "created_at": 1479051091,
  "creator": {
    "avatar": {
      "medium": "https://ksr-ugc.imgix.net/assets/007/228/019/30a05185de7de9f9d2534bd86b6eeb5c_original.JPG?w=160&h=160&fit=crop&v=1480866112&auto=format&q=92&s=f3d6d08c2401d0fcd83b3eac956cb8d5",
      "small": "https://ksr-ugc.imgix.net/assets/007/228/019/30a05185de7de9f9d2534bd86b6eeb5c_original.JPG?w=160&h=160&fit=crop&v=1480866112&auto=format&q=92&s=f3d6d08c2401d0fcd83b3eac956cb8d5",
      "thumb": "https://ksr-ugc.imgix.net/assets/007/228/019/30a05185de7de9f9d2534bd86b6eeb5c_original.JPG?w=40&h=40&fit=crop&v=1480866112&auto=format&q=92&s=d6c8211a1a1ffb29ab6106da3f5d4831"
    },
    "chosen_currency": null,
    "id": 277080784,
    "is_registered": true,
    "name": "Mike Robb",
    "urls": {
      "api": {
        "user": "https://api.kickstarter.com/v1/users/277080784?signature=1524101345.e4e09f87fe80997527c048062fb8490527798a35"
      },
      "web": {
        "user": "https://www.kickstarter.com/profile/277080784"
      }
    }
  },
  "currency": "USD",
  "currency_symbol": "$",
  "currency_trailing_code": true,
  "current_currency": "USD",
  "deadline": 1488676946,
  "disable_communication": false,
  "fx_rate": 1.0,
  "goal": 75000.0,
  "id": 100776900,
  "is_starrable": false,
  "launched_at": 1483492946,
  "location": {
    "country": "US",
    "displayable_name": "Dallas, TX",
    "id": 2388929,
    "is_root": false,
    "localized_name": "Dallas",
    "name": "Dallas",
    "short_name": "Dallas, TX",
    "slug": "dallas-tx",
    "state": "TX",
    "type": "Town",
    "urls": {
      "api": {
        "nearby_projects": "https://api.kickstarter.com/v1/discover?signature=1524082110.d2826be8fede2d3c72743e6796c855e330bc128d&woe_id=2388929"
      },
      "web": {
        "discover": "https://www.kickstarter.com/discover/places/dallas-tx",
        "location": "https://www.kickstarter.com/locations/dallas-tx"
      }
    }
  },
  "name": "Gate Safety - Remote Wireless Visibility: Open or Closed?",
  "photo": {
    "1024x576": "https://ksr-ugc.imgix.net/assets/014/495/930/a26ff5c38da42cef5314be9083cc7db6_original.png?crop=faces&w=1024&h=576&fit=crop&v=1480864636&auto=format&q=92&s=f6fc578bc79f0f827d29741a41602b35",
    "1536x864": "https://ksr-ugc.imgix.net/assets/014/495/930/a26ff5c38da42cef5314be9083cc7db6_original.png?crop=faces&w=1552&h=873&fit=crop&v=1480864636&auto=format&q=92&s=d92df0bde2be0aa2c7c65c5483219ee5",
    "ed": "https://ksr-ugc.imgix.net/assets/014/495/930/a26ff5c38da42cef5314be9083cc7db6_original.png?crop=faces&w=352&h=198&fit=crop&v=1480864636&auto=format&q=92&s=efcba1b37dced39692edcd77133692f5",
    "full": "https://ksr-ugc.imgix.net/assets/014/495/930/a26ff5c38da42cef5314be9083cc7db6_original.png?crop=faces&w=560&h=315&fit=crop&v=1480864636&auto=format&q=92&s=ce09d76008f481d80f140e3837ed742a",
    "key": "assets/014/495/930/a26ff5c38da42cef5314be9083cc7db6_original.png",
    "little": "https://ksr-ugc.imgix.net/assets/014/495/930/a26ff5c38da42cef5314be9083cc7db6_original.png?crop=faces&w=208&h=117&fit=crop&v=1480864636&auto=format&q=92&s=85e25fd65732ffd957927f5464b3472e",
    "med": "https://ksr-ugc.imgix.net/assets/014/495/930/a26ff5c38da42cef5314be9083cc7db6_original.png?crop=faces&w=272&h=153&fit=crop&v=1480864636&auto=format&q=92&s=faa7b24e0d0ab1f285f80487c1ccff31",
    "small": "https://ksr-ugc.imgix.net/assets/014/495/930/a26ff5c38da42cef5314be9083cc7db6_original.png?crop=faces&w=160&h=90&fit=crop&v=1480864636&auto=format&q=92&s=dbbd09c561c4bb042a69a879eaf9ac2a",
    "thumb": "https://ksr-ugc.imgix.net/assets/014/495/930/a26ff5c38da42cef5314be9083cc7db6_original.png?crop=faces&w=48&h=27&fit=crop&v=1480864636&auto=format&q=92&s=67ed5f39daa2cd066c9508b5ff3b947a"
  },
  "pledged": 250.0,
  "profile": {
    "background_color": null,
    "background_image_opacity": 0.8,
    "blurb": null,
    "feature_image_attributes": {
      "image_urls": {
        "baseball_card": "https://ksr-ugc.imgix.net/assets/014/495/930/a26ff5c38da42cef5314be9083cc7db6_original.png?crop=faces&w=560&h=315&fit=crop&v=1480864636&auto=format&q=92&s=ce09d76008f481d80f140e3837ed742a",
        "default": "https://ksr-ugc.imgix.net/assets/014/495/930/a26ff5c38da42cef5314be9083cc7db6_original.png?crop=faces&w=1552&h=873&fit=crop&v=1480864636&auto=format&q=92&s=d92df0bde2be0aa2c7c65c5483219ee5"
      }
    },
    "id": 2757605,
    "link_background_color": null,
    "link_text": null,
    "link_text_color": null,
    "link_url": null,
    "name": null,
    "project_id": 2757605,
    "should_show_feature_image_section": true,
    "show_feature_image": false,
    "state": "inactive",
    "state_changed_at": 1479051091,
    "text_color": null
  },
  "slug": "gate-safety-remote-wireless-visibility-open-or-clo",
  "spotlight": false,
  "staff_pick": false,
  "state": "failed",
  "state_changed_at": 1488676946,
  "static_usd_rate": 1.0,
  "urls": {
    "web": {
      "project": "https://www.kickstarter.com/projects/277080784/gate-safety-remote-wireless-visibility-open-or-clo?ref=category_newest",
      "rewards": "https://www.kickstarter.com/projects/277080784/gate-safety-remote-wireless-visibility-open-or-clo/rewards"
    }
  },
  "usd_pledged": "250.0",
  "usd_type": "international"
}