{
  "backers_count": 0,
  "blurb": "connect with people in your area",
  "category": {
    "color": 6526716,
    "id": 336,
    "name": "Flight",
    "parent_id": 16,
    "position": 6,
    "slug": "technology/flight",
    "urls": {
      "web": {
        "discover": "http://www.kickstarter.com/discover/categories/technology/flight"
      }
    }
  },
  "converted_pledged_amount": 0,
  "country": "US",
  "created_at": 1425603990,
  "creator": {
    "avatar": {
      "medium": "https://ksr-ugc.imgix.net/assets/008/089/196/839e419f4d65a7e1dacfa8d2aec65df1_original.jpeg?w=160&h=160&fit=crop&v=1461501952&auto=format&q=92&s=3b1d97cc3ec8db09b2e2a1c2b3bf5524",
      "small": "https://ksr-ugc.imgix.net/assets/008/089/196/839e419f4d65a7e1dacfa8d2aec65df1_original.jpeg?w=160&h=160&fit=crop&v=1461501952&auto=format&q=92&s=3b1d97cc3ec8db09b2e2a1c2b3bf5524",
      "thumb": "https://ksr-ugc.imgix.net/assets/008/089/196/839e419f4d65a7e1dacfa8d2aec65df1_original.jpeg?w=40&h=40&fit=crop&v=1461501952&auto=format&q=92&s=d0d30c44695cc89ceccbf04c7460378f"
    },
    "chosen_currency": null,
    "id": 1240501088,
    "is_registered": true,
    "name": "Zach Dickinson",
    "urls": {
      "api": {
        "user": "https://api.kickstarter.com/v1/users/1240501088?signature=1524100918.ab448dbc8c4638463d5eba0ff214f5da0ef97921"
      },
      "web": {
        "user": "https://www.kickstarter.com/profile/1240501088"
      }
    }
  },
  "currency": "USD",
  "currency_symbol": "$",
  "currency_trailing_code": true,
  "current_currency": "USD",
  "deadline": 1428258227,
  "disable_communication": false,
  "fx_rate": 1.0,
  "goal": 285000.0,
  "id": 1008137613,
  "is_starrable": false,
  "launched_at": 1425669827,
  "location": {
    "country": "US",
    "displayable_name": "San Francisco, CA",
    "id": 2487956,
    "is_root": false,
    "localized_name": "San Francisco",
    "name": "San Francisco",
    "short_name": "San Francisco, CA",
    "slug": "san-francisco-ca",
    "state": "CA",
    "type": "Town",
    "urls": {
      "api": {
        "nearby_projects": "https://api.kickstarter.com/v1/discover?signature=1524082109.c4369d87b612e47a06f937efb32dacd18d659505&woe_id=2487956"
      },
      "web": {
        "discover": "https://www.kickstarter.com/discover/places/san-francisco-ca",
        "location": "https://www.kickstarter.com/locations/san-francisco-ca"
      }
    }
  },
  "name": "Mobileproximity (Canceled)",
  "photo": {
    "1024x576": "https://ksr-ugc.imgix.net/assets/012/060/114/07fa55542222b75eed6217a8e8c48c7b_original.jpg?crop=faces&w=1024&h=576&fit=crop&v=1463728285&auto=format&q=92&s=527ceeaa72e5f5a389837dc4a0c932d2",
    "1536x864": "https://ksr-ugc.imgix.net/assets/012/060/114/07fa55542222b75eed6217a8e8c48c7b_original.jpg?crop=faces&w=1552&h=873&fit=crop&v=1463728285&auto=format&q=92&s=71f371c5b23dad7761c51baccff0e15b",
    "ed": "https://ksr-ugc.imgix.net/assets/012/060/114/07fa55542222b75eed6217a8e8c48c7b_original.jpg?crop=faces&w=352&h=198&fit=crop&v=1463728285&auto=format&q=92&s=480aa5df511b53efc81f4bfa25ac1a96",
    "full": "https://ksr-ugc.imgix.net/assets/012/060/114/07fa55542222b75eed6217a8e8c48c7b_original.jpg?crop=faces&w=560&h=315&fit=crop&v=1463728285&auto=format&q=92&s=5ea1147c94b725e4cd2ca3a8b287e512",
    "key": "assets/012/060/114/07fa55542222b75eed6217a8e8c48c7b_original.jpg",
    "little": "https://ksr-ugc.imgix.net/assets/012/060/114/07fa55542222b75eed6217a8e8c48c7b_original.jpg?crop=faces&w=208&h=117&fit=crop&v=1463728285&auto=format&q=92&s=61cfeb5eac60459b852ab00e29c0205c",
    "med": "https://ksr-ugc.imgix.net/assets/012/060/114/07fa55542222b75eed6217a8e8c48c7b_original.jpg?crop=faces&w=272&h=153&fit=crop&v=1463728285&auto=format&q=92&s=f66353778cd1607c65fbb6633073f64e",
    "small": "https://ksr-ugc.imgix.net/assets/012/060/114/07fa55542222b75eed6217a8e8c48c7b_original.jpg?crop=faces&w=160&h=90&fit=crop&v=1463728285&auto=format&q=92&s=8cdc2b7ad076f377e655a1599adee574",
    "thumb": "https://ksr-ugc.imgix.net/assets/012/060/114/07fa55542222b75eed6217a8e8c48c7b_original.jpg?crop=faces&w=48&h=27&fit=crop&v=1463728285&auto=format&q=92&s=14f919c0b897a4b8cee5287b1d05b491"
  },
  "pledged": 0.0,
  "profile": {
    "background_color": null,
    "background_image_opacity": 0.8,
    "blurb": null,
    "feature_image_attributes": {
      "image_urls": {
        "baseball_card": "https://ksr-ugc.imgix.net/assets/012/060/114/07fa55542222b75eed6217a8e8c48c7b_original.jpg?crop=faces&w=560&h=315&fit=crop&v=1463728285&auto=format&q=92&s=5ea1147c94b725e4cd2ca3a8b287e512",
        "default": "https://ksr-ugc.imgix.net/assets/012/060/114/07fa55542222b75eed6217a8e8c48c7b_original.jpg?crop=faces&w=1552&h=873&fit=crop&v=1463728285&auto=format&q=92&s=71f371c5b23dad7761c51baccff0e15b"
      }
    },
    "id": 1751780,
    "link_background_color": null,
    "link_text": null,
    "link_text_color": null,
    "link_url": null,
    "name": null,
    "project_id": 1751780,
    "should_show_feature_image_section": true,
    "show_feature_image": false,
    "state": "inactive",
    "state_changed_at": 1425915896,
    "text_color": null
  },
  "slug": "mobile-proximity-keyword-sync-application",
  "spotlight": false,
  "staff_pick": false,
  "state": "canceled",
  "state_changed_at": 1425683277,
  "static_usd_rate": 1.0,
  "urls": {
    "web": {
      "project": "https://www.kickstarter.com/projects/1240501088/mobile-proximity-keyword-sync-application?ref=category_newest",
      "rewards": "https://www.kickstarter.com/projects/1240501088/mobile-proximity-keyword-sync-application/rewards"
    }
  },
  "usd_pledged": "0.0",
  "usd_type": "international"
}