{
  "backers_count": 0,
  "blurb": "This is a social media application represented as a virtual environment that gives each user a user-customizable room (iOS and Android)",
  "category": {
    "color": 6526716,
    "id": 332,
    "name": "Apps",
    "parent_id": 16,
    "position": 2,
    "slug": "technology/apps",
    "urls": {
      "web": {
        "discover": "http://www.kickstarter.com/discover/categories/technology/apps"
      }
    }
  },
  "converted_pledged_amount": 0,
  "country": "US",
  "created_at": 1422368695,
  "creator": {
    "avatar": {
      "medium": "https://ksr-ugc.imgix.net/assets/009/414/889/4ce40c529571cb837cb4c5ead47fb0bd_original.jpeg?w=160&h=160&fit=crop&v=1461593499&auto=format&q=92&s=0dbefc1024c23559578b73ca7c5fc58d",
      "small": "https://ksr-ugc.imgix.net/assets/009/414/889/4ce40c529571cb837cb4c5ead47fb0bd_original.jpeg?w=160&h=160&fit=crop&v=1461593499&auto=format&q=92&s=0dbefc1024c23559578b73ca7c5fc58d",
      "thumb": "https://ksr-ugc.imgix.net/assets/009/414/889/4ce40c529571cb837cb4c5ead47fb0bd_original.jpeg?w=40&h=40&fit=crop&v=1461593499&auto=format&q=92&s=7d50afaa2a3b3d613ccf95faee8fb66e"
    },
    "chosen_currency": null,
    "id": 2143100432,
    "is_registered": true,
    "name": "John Santos",
    "slug": "futurepastor79",
    "urls": {
      "api": {
        "user": "https://api.kickstarter.com/v1/users/2143100432?signature=1524100510.c10c7b877fb814aea89d255e45e871e884cc8002"
      },
      "web": {
        "user": "https://www.kickstarter.com/profile/futurepastor79"
      }
    }
  },
  "currency": "USD",
  "currency_symbol": "$",
  "currency_trailing_code": true,
  "current_currency": "USD",
  "deadline": 1437418145,
  "disable_communication": false,
  "fx_rate": 1.0,
  "goal": 12000.0,
  "id": 1008610169,
  "is_starrable": false,
  "launched_at": 1434826145,
  "location": {
    "country": "US",
    "displayable_name": "Fort Worth, TX",
    "id": 2406080,
    "is_root": false,
    "localized_name": "Fort Worth",
    "name": "Fort Worth",
    "short_name": "Fort Worth, TX",
    "slug": "fort-worth-tarrant-tx",
    "state": "TX",
    "type": "Town",
    "urls": {
      "api": {
        "nearby_projects": "https://api.kickstarter.com/v1/discover?signature=1524082113.85afb96ecb3843b56d7e63622f2368c931d22168&woe_id=2406080"
      },
      "web": {
        "discover": "https://www.kickstarter.com/discover/places/fort-worth-tarrant-tx",
        "location": "https://www.kickstarter.com/locations/fort-worth-tarrant-tx"
      }
    }
  },
  "name": "Room: The Evolution of Social Media",
  "photo": {
    "1024x576": "https://ksr-ugc.imgix.net/assets/012/015/727/ef26b2c9048b2b3b146da04bc64a73fc_original.png?crop=faces&w=1024&h=576&fit=crop&v=1463724250&auto=format&q=92&s=7f796177e1b07d01f1c1dc8902d0169c",
    "1536x864": "https://ksr-ugc.imgix.net/assets/012/015/727/ef26b2c9048b2b3b146da04bc64a73fc_original.png?crop=faces&w=1552&h=873&fit=crop&v=1463724250&auto=format&q=92&s=b54d15d53911b57da4fc3a80246a7443",
    "ed": "https://ksr-ugc.imgix.net/assets/012/015/727/ef26b2c9048b2b3b146da04bc64a73fc_original.png?crop=faces&w=352&h=198&fit=crop&v=1463724250&auto=format&q=92&s=7df277d3a378454c6a499d19c0284a85",
    "full": "https://ksr-ugc.imgix.net/assets/012/015/727/ef26b2c9048b2b3b146da04bc64a73fc_original.png?crop=faces&w=560&h=315&fit=crop&v=1463724250&auto=format&q=92&s=308eaf04db818b244a1d7e6dcec70682",
    "key": "assets/012/015/727/ef26b2c9048b2b3b146da04bc64a73fc_original.png",
    "little": "https://ksr-ugc.imgix.net/assets/012/015/727/ef26b2c9048b2b3b146da04bc64a73fc_original.png?crop=faces&w=208&h=117&fit=crop&v=1463724250&auto=format&q=92&s=74cc0de9523d00fb9bd7c44f8936ce6a",
    "med": "https://ksr-ugc.imgix.net/assets/012/015/727/ef26b2c9048b2b3b146da04bc64a73fc_original.png?crop=faces&w=272&h=153&fit=crop&v=1463724250&auto=format&q=92&s=a833709d5007b6b2f948da48ed481533",
    "small": "https://ksr-ugc.imgix.net/assets/012/015/727/ef26b2c9048b2b3b146da04bc64a73fc_original.png?crop=faces&w=160&h=90&fit=crop&v=1463724250&auto=format&q=92&s=92a87ad1ccbabe828b525cac1ebafc99",
    "thumb": "https://ksr-ugc.imgix.net/assets/012/015/727/ef26b2c9048b2b3b146da04bc64a73fc_original.png?crop=faces&w=48&h=27&fit=crop&v=1463724250&auto=format&q=92&s=b57042a97a96b38b571699f19850cd22"
  },
  "pledged": 0.0,
  "profile": {
    "background_color": null,
    "background_image_opacity": 0.8,
    "blurb": null,
    "feature_image_attributes": {
      "image_urls": {
        "baseball_card": "https://ksr-ugc.imgix.net/assets/012/015/727/ef26b2c9048b2b3b146da04bc64a73fc_original.png?crop=faces&w=560&h=315&fit=crop&v=1463724250&auto=format&q=92&s=308eaf04db818b244a1d7e6dcec70682",
        "default": "https://ksr-ugc.imgix.net/assets/012/015/727/ef26b2c9048b2b3b146da04bc64a73fc_original.png?crop=faces&w=1552&h=873&fit=crop&v=1463724250&auto=format&q=92&s=b54d15d53911b57da4fc3a80246a7443"
      }
    },
    "id": 1662500,
    "link_background_color": null,
    "link_text": null,
    "link_text_color": null,
    "link_url": null,
    "name": null,
    "project_id": 1662500,
    "should_show_feature_image_section": true,
    "show_feature_image": false,
    "state": "inactive",
    "state_changed_at": 1425915891,
    "text_color": null
  },
  "slug": "room-the-evolution-of-social-media",
  "spotlight": false,
  "staff_pick": false,
  "state": "failed",
  "state_changed_at": 1437418145,
  "static_usd_rate": 1.0,
  "urls": {
    "web": {
      "project": "https://www.kickstarter.com/projects/futurepastor79/room-the-evolution-of-social-media?ref=category_newest",
      "rewards": "https://www.kickstarter.com/projects/futurepastor79/room-the-evolution-of-social-media/rewards"
    }
  },
  "usd_pledged": "0.0",
  "usd_type": "international"
}