{
  "backers_count": 1023,
  "blurb": "The world's first Arduino compatible built-in breadboard with Arduino shields, LEGO\u00ae bricks and native USB support.",
  "category": {
    "color": 6526716,
    "id": 334,
    "name": "DIY Electronics",
    "parent_id": 16,
    "position": 4,
    "slug": "technology/diy electronics",
    "urls": {
      "web": {
        "discover": "http://www.kickstarter.com/discover/categories/technology/diy%20electronics"
      }
    }
  },
  "converted_pledged_amount": 67408,
  "country": "US",
  "created_at": 1463364674,
  "creator": {
    "avatar": {
      "medium": "https://ksr-ugc.imgix.net/assets/013/714/355/1f3b9d5fd71be6258afa4f036d23bec7_original.png?w=160&h=160&fit=crop&v=1473750797&auto=format&q=92&s=b57a5d62c1504ba55efc9efa649a7d5a",
      "small": "https://ksr-ugc.imgix.net/assets/013/714/355/1f3b9d5fd71be6258afa4f036d23bec7_original.png?w=160&h=160&fit=crop&v=1473750797&auto=format&q=92&s=b57a5d62c1504ba55efc9efa649a7d5a",
      "thumb": "https://ksr-ugc.imgix.net/assets/013/714/355/1f3b9d5fd71be6258afa4f036d23bec7_original.png?w=40&h=40&fit=crop&v=1473750797&auto=format&q=92&s=d49c619179695c10415f8fa262052b0e"
    },
    "chosen_currency": null,
    "id": 1212291684,
    "is_registered": true,
    "name": "STEMTera",
    "slug": "stemtera",
    "urls": {
      "api": {
        "user": "https://api.kickstarter.com/v1/users/1212291684?signature=1524100682.b8c9df8910c26054e067eff6658b23555da4dd87"
      },
      "web": {
        "user": "https://www.kickstarter.com/profile/stemtera"
      }
    }
  },
  "currency": "USD",
  "currency_symbol": "$",
  "currency_trailing_code": true,
  "current_currency": "USD",
  "deadline": 1477650712,
  "disable_communication": false,
  "fx_rate": 1.0,
  "goal": 35000.0,
  "id": 1008135768,
  "is_starrable": false,
  "launched_at": 1475058712,
  "location": {
    "country": "US",
    "displayable_name": "Niwot, CO",
    "id": 2460120,
    "is_root": false,
    "localized_name": "Niwot",
    "name": "Niwot",
    "short_name": "Niwot, CO",
    "slug": "niwot-co",
    "state": "CO",
    "type": "Town",
    "urls": {
      "api": {
        "nearby_projects": "https://api.kickstarter.com/v1/discover?signature=1524082396.88cae2e9f13d2ae851731bc56d613525edb831f9&woe_id=2460120"
      },
      "web": {
        "discover": "https://www.kickstarter.com/discover/places/niwot-co",
        "location": "https://www.kickstarter.com/locations/niwot-co"
      }
    }
  },
  "name": "STEMTera Breadboard - Arduino compatible built-in breadboard",
  "photo": {
    "1024x576": "https://ksr-ugc.imgix.net/assets/013/715/078/fc039c43b45dd3b226244a9f7dd03bd9_original.jpg?crop=faces&w=1024&h=576&fit=crop&v=1473757137&auto=format&q=92&s=db0c27ace5cbc2c24b854723678ad13c",
    "1536x864": "https://ksr-ugc.imgix.net/assets/013/715/078/fc039c43b45dd3b226244a9f7dd03bd9_original.jpg?crop=faces&w=1552&h=873&fit=crop&v=1473757137&auto=format&q=92&s=eae2a8814df24bef2bce7cbbe3dbf89b",
    "ed": "https://ksr-ugc.imgix.net/assets/013/715/078/fc039c43b45dd3b226244a9f7dd03bd9_original.jpg?crop=faces&w=352&h=198&fit=crop&v=1473757137&auto=format&q=92&s=24b065e073841bd95330f2bb104191d6",
    "full": "https://ksr-ugc.imgix.net/assets/013/715/078/fc039c43b45dd3b226244a9f7dd03bd9_original.jpg?crop=faces&w=560&h=315&fit=crop&v=1473757137&auto=format&q=92&s=63f6f314ae2bdf702cf48fa79d2ce470",
    "key": "assets/013/715/078/fc039c43b45dd3b226244a9f7dd03bd9_original.jpg",
    "little": "https://ksr-ugc.imgix.net/assets/013/715/078/fc039c43b45dd3b226244a9f7dd03bd9_original.jpg?crop=faces&w=208&h=117&fit=crop&v=1473757137&auto=format&q=92&s=1dd535302edfdb0c3fdfaf47a760c940",
    "med": "https://ksr-ugc.imgix.net/assets/013/715/078/fc039c43b45dd3b226244a9f7dd03bd9_original.jpg?crop=faces&w=272&h=153&fit=crop&v=1473757137&auto=format&q=92&s=dca22b09db39c985ac60687410aedfec",
    "small": "https://ksr-ugc.imgix.net/assets/013/715/078/fc039c43b45dd3b226244a9f7dd03bd9_original.jpg?crop=faces&w=160&h=90&fit=crop&v=1473757137&auto=format&q=92&s=b6ed17b2945e9311c57154a8bcac36de",
    "thumb": "https://ksr-ugc.imgix.net/assets/013/715/078/fc039c43b45dd3b226244a9f7dd03bd9_original.jpg?crop=faces&w=48&h=27&fit=crop&v=1473757137&auto=format&q=92&s=79c49df17e649cf401827b2822ecbb2a"
  },
  "pledged": 67408.0,
  "profile": {
    "background_color": "",
    "background_image_attributes": {
      "id": 14296239,
      "image_urls": {
        "baseball_card": "https://ksr-ugc.imgix.net/assets/014/296/239/c21e000bb06193763773c4de3d70e600_original.jpg?w=460&fit=max&v=1477652942&auto=format&q=92&s=869b7f38b8fb9866237278ce8e28ddf5",
        "default": "https://ksr-ugc.imgix.net/assets/014/296/239/c21e000bb06193763773c4de3d70e600_original.jpg?w=1600&fit=max&v=1477652942&auto=format&q=92&s=8a116940bacc6fffaf432995ade59509"
      }
    },
    "background_image_opacity": 0.8,
    "blurb": "The world's first Arduino compatible built-in breadboard with Arduino shields, LEGO\u00ae bricks and native USB support.",
    "feature_image_attributes": {
      "image_urls": {
        "baseball_card": "https://ksr-ugc.imgix.net/assets/013/715/078/fc039c43b45dd3b226244a9f7dd03bd9_original.jpg?crop=faces&w=560&h=315&fit=crop&v=1473757137&auto=format&q=92&s=63f6f314ae2bdf702cf48fa79d2ce470",
        "default": "https://ksr-ugc.imgix.net/assets/013/715/078/fc039c43b45dd3b226244a9f7dd03bd9_original.jpg?crop=faces&w=1552&h=873&fit=crop&v=1473757137&auto=format&q=92&s=eae2a8814df24bef2bce7cbbe3dbf89b"
      }
    },
    "id": 2517259,
    "link_background_color": "2fd47f",
    "link_text": "Pre-order Now",
    "link_text_color": "",
    "link_url": "http://stemtera.com",
    "name": "STEMTera Breadboard - Arduino compatible built-in breadboard",
    "project_id": 2517259,
    "should_show_feature_image_section": false,
    "show_feature_image": true,
    "state": "active",
    "state_changed_at": 1477654016,
    "text_color": "eeeeee"
  },
  "slug": "stemtera-breadboard-arduino-compatible-built-in-br",
  "spotlight": true,
  "staff_pick": true,
  "state": "successful",
  "state_changed_at": 1477650713,
  "static_usd_rate": 1.0,
  "urls": {
    "web": {
      "project": "https://www.kickstarter.com/projects/stemtera/stemtera-breadboard-arduino-compatible-built-in-br?ref=category_newest",
      "rewards": "https://www.kickstarter.com/projects/stemtera/stemtera-breadboard-arduino-compatible-built-in-br/rewards"
    }
  },
  "usd_pledged": "67408.0",
  "usd_type": "international"
}