{
  "backers_count": 23,
  "blurb": "Mit einem v\u00f6llig neuen Taschenger\u00e4t l\u00e4sst sich der aktuelle \u00d6lzustand\u00a0im Motor\u00a0pr\u00e4zise in wenigen Sekunden ermitteln.",
  "category": {
    "color": 6526716,
    "id": 335,
    "name": "Fabrication Tools",
    "parent_id": 16,
    "position": 5,
    "slug": "technology/fabrication tools",
    "urls": {
      "web": {
        "discover": "http://www.kickstarter.com/discover/categories/technology/fabrication%20tools"
      }
    }
  },
  "converted_pledged_amount": 1080,
  "country": "AT",
  "created_at": 1463759271,
  "creator": {
    "avatar": {
      "medium": "https://ksr-ugc.imgix.net/assets/012/573/928/15557b77910c902d601e1dd57be1646f_original.jpg?w=160&h=160&fit=crop&v=1464626339&auto=format&q=92&s=163543661c04717435e43df2ff7e111a",
      "small": "https://ksr-ugc.imgix.net/assets/012/573/928/15557b77910c902d601e1dd57be1646f_original.jpg?w=160&h=160&fit=crop&v=1464626339&auto=format&q=92&s=163543661c04717435e43df2ff7e111a",
      "thumb": "https://ksr-ugc.imgix.net/assets/012/573/928/15557b77910c902d601e1dd57be1646f_original.jpg?w=40&h=40&fit=crop&v=1464626339&auto=format&q=92&s=b6bde3b37e83bc10e4728a618f45d569"
    },
    "chosen_currency": null,
    "id": 961173095,
    "is_registered": true,
    "name": "Reinhard Moser",
    "urls": {
      "api": {
        "user": "https://api.kickstarter.com/v1/users/961173095?signature=1524100829.af739b454e44d78aff14937393f1a9f469e6b1cc"
      },
      "web": {
        "user": "https://www.kickstarter.com/profile/961173095"
      }
    }
  },
  "currency": "EUR",
  "currency_symbol": "\u20ac",
  "currency_trailing_code": false,
  "current_currency": "USD",
  "deadline": 1467534082,
  "disable_communication": false,
  "fx_rate": 1.23814016,
  "goal": 85000.0,
  "id": 1008789148,
  "is_starrable": false,
  "launched_at": 1464942082,
  "location": {
    "country": "AT",
    "displayable_name": "Vienna, Austria",
    "id": 551801,
    "is_root": false,
    "localized_name": "Vienna",
    "name": "Vienna",
    "short_name": "Vienna, Austria",
    "slug": "vienna-at",
    "state": "Vienna",
    "type": "Town",
    "urls": {
      "api": {
        "nearby_projects": "https://api.kickstarter.com/v1/discover?signature=1524082112.da99e54f54d0ac8ccf56a6506f1e545c97cb55a0&woe_id=551801"
      },
      "web": {
        "discover": "https://www.kickstarter.com/discover/places/vienna-at",
        "location": "https://www.kickstarter.com/locations/vienna-at"
      }
    }
  },
  "name": "\u00d6ltester",
  "photo": {
    "1024x576": "https://ksr-ugc.imgix.net/assets/012/403/698/18253c5e224619ef1de777d241b5b8fc_original.JPG?crop=faces&w=1024&h=576&fit=crop&v=1463759481&auto=format&q=92&s=a4d93a8e0e19947bbfdb116e78a3a7f9",
    "1536x864": "https://ksr-ugc.imgix.net/assets/012/403/698/18253c5e224619ef1de777d241b5b8fc_original.JPG?crop=faces&w=1552&h=873&fit=crop&v=1463759481&auto=format&q=92&s=979e43b76bfc19559306b5596c1c11f6",
    "ed": "https://ksr-ugc.imgix.net/assets/012/403/698/18253c5e224619ef1de777d241b5b8fc_original.JPG?crop=faces&w=352&h=198&fit=crop&v=1463759481&auto=format&q=92&s=5571754e51e7d461a858c375f59d96f1",
    "full": "https://ksr-ugc.imgix.net/assets/012/403/698/18253c5e224619ef1de777d241b5b8fc_original.JPG?crop=faces&w=560&h=315&fit=crop&v=1463759481&auto=format&q=92&s=d9b7af95c1ea7928252704a6ae404735",
    "key": "assets/012/403/698/18253c5e224619ef1de777d241b5b8fc_original.JPG",
    "little": "https://ksr-ugc.imgix.net/assets/012/403/698/18253c5e224619ef1de777d241b5b8fc_original.JPG?crop=faces&w=208&h=117&fit=crop&v=1463759481&auto=format&q=92&s=f3d4a582cbb9d92678b04d51fc97aa6a",
    "med": "https://ksr-ugc.imgix.net/assets/012/403/698/18253c5e224619ef1de777d241b5b8fc_original.JPG?crop=faces&w=272&h=153&fit=crop&v=1463759481&auto=format&q=92&s=1f15612232338a1fd735f55b6a5338c6",
    "small": "https://ksr-ugc.imgix.net/assets/012/403/698/18253c5e224619ef1de777d241b5b8fc_original.JPG?crop=faces&w=160&h=90&fit=crop&v=1463759481&auto=format&q=92&s=22bf0ab2cef00b6fcebbf80482d1d260",
    "thumb": "https://ksr-ugc.imgix.net/assets/012/403/698/18253c5e224619ef1de777d241b5b8fc_original.JPG?crop=faces&w=48&h=27&fit=crop&v=1463759481&auto=format&q=92&s=2c2112f7963110a9ac3eeb1ef7048838"
  },
  "pledged": 970.0,
  "profile": {
    "background_color": null,
    "background_image_opacity": 0.8,
    "blurb": null,
    "feature_image_attributes": {
      "image_urls": {
        "baseball_card": "https://ksr-ugc.imgix.net/assets/012/403/698/18253c5e224619ef1de777d241b5b8fc_original.JPG?crop=faces&w=560&h=315&fit=crop&v=1463759481&auto=format&q=92&s=d9b7af95c1ea7928252704a6ae404735",
        "default": "https://ksr-ugc.imgix.net/assets/012/403/698/18253c5e224619ef1de777d241b5b8fc_original.JPG?crop=faces&w=1552&h=873&fit=crop&v=1463759481&auto=format&q=92&s=979e43b76bfc19559306b5596c1c11f6"
      }
    },
    "id": 2524347,
    "link_background_color": null,
    "link_text": null,
    "link_text_color": null,
    "link_url": null,
    "name": null,
    "project_id": 2524347,
    "should_show_feature_image_section": true,
    "show_feature_image": false,
    "state": "inactive",
    "state_changed_at": 1463759271,
    "text_color": null
  },
  "slug": "oltester",
  "spotlight": false,
  "staff_pick": false,
  "state": "failed",
  "state_changed_at": 1467534082,
  "static_usd_rate": 1.12078724,
  "urls": {
    "web": {
      "project": "https://www.kickstarter.com/projects/961173095/oltester?ref=category_newest",
      "rewards": "https://www.kickstarter.com/projects/961173095/oltester/rewards"
    }
  },
  "usd_pledged": "1087.1636228",
  "usd_type": "international"
}