{
  "backers_count": 762,
  "blurb": "\u26a1 Power off-the-grid, Lithium booster built-in, Charge by USB, 128GB flash, Quick charge cable, Phone data backup",
  "category": {
    "color": 6526716,
    "id": 337,
    "name": "Gadgets",
    "parent_id": 16,
    "position": 7,
    "slug": "technology/gadgets",
    "urls": {
      "web": {
        "discover": "http://www.kickstarter.com/discover/categories/technology/gadgets"
      }
    }
  },
  "converted_pledged_amount": 75069,
  "country": "US",
  "created_at": 1508996197,
  "creator": {
    "avatar": {
      "medium": "https://ksr-ugc.imgix.net/assets/007/196/804/8f63d969809d4507106c69fbcb42682d_original.jpg?w=160&h=160&fit=crop&v=1509666861&auto=format&q=92&s=de3aa564bc002b03c2c19973b643108c",
      "small": "https://ksr-ugc.imgix.net/assets/007/196/804/8f63d969809d4507106c69fbcb42682d_original.jpg?w=160&h=160&fit=crop&v=1509666861&auto=format&q=92&s=de3aa564bc002b03c2c19973b643108c",
      "thumb": "https://ksr-ugc.imgix.net/assets/007/196/804/8f63d969809d4507106c69fbcb42682d_original.jpg?w=40&h=40&fit=crop&v=1509666861&auto=format&q=92&s=7420de3734eb5e79daba99da5ed2a737"
    },
    "chosen_currency": null,
    "id": 1838401618,
    "is_registered": true,
    "name": "Flintu",
    "slug": "flintu",
    "urls": {
      "api": {
        "user": "https://api.kickstarter.com/v1/users/1838401618?signature=1524101103.de77db2ca14c1ed10b70884d6eaa7ac030dac4b4"
      },
      "web": {
        "user": "https://www.kickstarter.com/profile/flintu"
      }
    }
  },
  "currency": "USD",
  "currency_symbol": "$",
  "currency_trailing_code": true,
  "current_currency": "USD",
  "deadline": 1512655678,
  "disable_communication": false,
  "fx_rate": 1.0,
  "goal": 30000.0,
  "id": 1008080850,
  "is_starrable": false,
  "launched_at": 1510063678,
  "location": {
    "country": "US",
    "displayable_name": "San Francisco, CA",
    "id": 2487956,
    "is_root": false,
    "localized_name": "San Francisco",
    "name": "San Francisco",
    "short_name": "San Francisco, CA",
    "slug": "san-francisco-ca",
    "state": "CA",
    "type": "Town",
    "urls": {
      "api": {
        "nearby_projects": "https://api.kickstarter.com/v1/discover?signature=1524082109.c4369d87b612e47a06f937efb32dacd18d659505&woe_id=2487956"
      },
      "web": {
        "discover": "https://www.kickstarter.com/discover/places/san-francisco-ca",
        "location": "https://www.kickstarter.com/locations/san-francisco-ca"
      }
    }
  },
  "name": "SideKick: Everyday Carry Phone Back-up & Portable Charger",
  "photo": {
    "1024x576": "https://ksr-ugc.imgix.net/assets/019/029/266/a3f26c58859a4d47a45b20f57bec295c_original.jpg?crop=faces&w=1024&h=576&fit=crop&v=1510885989&auto=format&q=92&s=7c37f560946a7bf146fbc8a2f8a3cb4e",
    "1536x864": "https://ksr-ugc.imgix.net/assets/019/029/266/a3f26c58859a4d47a45b20f57bec295c_original.jpg?crop=faces&w=1552&h=873&fit=crop&v=1510885989&auto=format&q=92&s=b8dd8647d97ca678502e8fb08207b13b",
    "ed": "https://ksr-ugc.imgix.net/assets/019/029/266/a3f26c58859a4d47a45b20f57bec295c_original.jpg?crop=faces&w=352&h=198&fit=crop&v=1510885989&auto=format&q=92&s=578df8f69a721b453a2263dd8db56ee3",
    "full": "https://ksr-ugc.imgix.net/assets/019/029/266/a3f26c58859a4d47a45b20f57bec295c_original.jpg?crop=faces&w=560&h=315&fit=crop&v=1510885989&auto=format&q=92&s=ef7be7ebafc25676785dc4351c26f6b4",
    "key": "assets/019/029/266/a3f26c58859a4d47a45b20f57bec295c_original.jpg",
    "little": "https://ksr-ugc.imgix.net/assets/019/029/266/a3f26c58859a4d47a45b20f57bec295c_original.jpg?crop=faces&w=208&h=117&fit=crop&v=1510885989&auto=format&q=92&s=3e1f0ad16f21dc869a7a94980293e2b7",
    "med": "https://ksr-ugc.imgix.net/assets/019/029/266/a3f26c58859a4d47a45b20f57bec295c_original.jpg?crop=faces&w=272&h=153&fit=crop&v=1510885989&auto=format&q=92&s=cbe4aaa5cc198b9d97613377d28b3bc8",
    "small": "https://ksr-ugc.imgix.net/assets/019/029/266/a3f26c58859a4d47a45b20f57bec295c_original.jpg?crop=faces&w=160&h=90&fit=crop&v=1510885989&auto=format&q=92&s=e6ea4960d3fbe2e1beabe6ed3619c8c2",
    "thumb": "https://ksr-ugc.imgix.net/assets/019/029/266/a3f26c58859a4d47a45b20f57bec295c_original.jpg?crop=faces&w=48&h=27&fit=crop&v=1510885989&auto=format&q=92&s=32fd9ddeb5549bf684df66dff1cdf652"
  },
  "pledged": 75069.01,
  "profile": {
    "background_color": "",
    "background_image_opacity": 0.8,
    "blurb": "Go to flintu.com to find out more",
    "feature_image_attributes": {
      "image_urls": {
        "baseball_card": "https://ksr-ugc.imgix.net/assets/019/029/266/a3f26c58859a4d47a45b20f57bec295c_original.jpg?crop=faces&w=560&h=315&fit=crop&v=1510885989&auto=format&q=92&s=ef7be7ebafc25676785dc4351c26f6b4",
        "default": "https://ksr-ugc.imgix.net/assets/019/029/266/a3f26c58859a4d47a45b20f57bec295c_original.jpg?crop=faces&w=1552&h=873&fit=crop&v=1510885989&auto=format&q=92&s=b8dd8647d97ca678502e8fb08207b13b"
      }
    },
    "id": 3197478,
    "link_background_color": "",
    "link_text": "Pre-order",
    "link_text_color": "",
    "link_url": "http://flintu.com",
    "name": "SideKick: Everyday Carry Portable Charger - flintu.com",
    "project_id": 3197478,
    "should_show_feature_image_section": true,
    "show_feature_image": false,
    "state": "active",
    "state_changed_at": 1512685657,
    "text_color": ""
  },
  "slug": "sidekick-everyday-carry-phone-back-up-and-portable",
  "spotlight": true,
  "staff_pick": false,
  "state": "successful",
  "state_changed_at": 1512655678,
  "static_usd_rate": 1.0,
  "urls": {
    "web": {
      "project": "https://www.kickstarter.com/projects/flintu/sidekick-everyday-carry-phone-back-up-and-portable?ref=category_newest",
      "rewards": "https://www.kickstarter.com/projects/flintu/sidekick-everyday-carry-phone-back-up-and-portable/rewards"
    }
  },
  "usd_pledged": "75069.01",
  "usd_type": "international"
}