{
  "backers_count": 0,
  "blurb": "Respect nature's power to disrupt our everyday living.  Prepare for emergencies.  We consult, equip and help prepare.",
  "category": {
    "color": 6526716,
    "id": 52,
    "name": "Hardware",
    "parent_id": 16,
    "position": 8,
    "slug": "technology/hardware",
    "urls": {
      "web": {
        "discover": "http://www.kickstarter.com/discover/categories/technology/hardware"
      }
    }
  },
  "converted_pledged_amount": 0,
  "country": "US",
  "created_at": 1373502388,
  "creator": {
    "avatar": {
      "medium": "https://ksr-ugc.imgix.net/assets/007/765/812/27b736d1cd480117f8c18041efc444a1_original.JPG?w=160&h=160&fit=crop&v=1461478107&auto=format&q=92&s=7c0d165e079ddfe6ac3baad985a4e48c",
      "small": "https://ksr-ugc.imgix.net/assets/007/765/812/27b736d1cd480117f8c18041efc444a1_original.JPG?w=160&h=160&fit=crop&v=1461478107&auto=format&q=92&s=7c0d165e079ddfe6ac3baad985a4e48c",
      "thumb": "https://ksr-ugc.imgix.net/assets/007/765/812/27b736d1cd480117f8c18041efc444a1_original.JPG?w=40&h=40&fit=crop&v=1461478107&auto=format&q=92&s=4037df2b46165fc46ea910ee0d92e38d"
    },
    "chosen_currency": null,
    "id": 1674681707,
    "is_registered": true,
    "name": "Peter L Kutrubes",
    "urls": {
      "api": {
        "user": "https://api.kickstarter.com/v1/users/1674681707?signature=1524101825.e3b7cb5d791c889ea8c1ce1944d08bcd8b1c8b06"
      },
      "web": {
        "user": "https://www.kickstarter.com/profile/1674681707"
      }
    }
  },
  "currency": "USD",
  "currency_symbol": "$",
  "currency_trailing_code": true,
  "current_currency": "USD",
  "deadline": 1428525247,
  "disable_communication": false,
  "fx_rate": 1.0,
  "goal": 20000.0,
  "id": 100842436,
  "is_starrable": false,
  "launched_at": 1425933247,
  "location": {
    "country": "US",
    "displayable_name": "Londonderry, NH",
    "id": 2441309,
    "is_root": false,
    "localized_name": "Londonderry",
    "name": "Londonderry",
    "short_name": "Londonderry, NH",
    "slug": "londonderry-nh",
    "state": "NH",
    "type": "Town",
    "urls": {
      "api": {
        "nearby_projects": "https://api.kickstarter.com/v1/discover?signature=1524082113.ebe9737bec9f5cec9608eedfa8e32ffe0898ef84&woe_id=2441309"
      },
      "web": {
        "discover": "https://www.kickstarter.com/discover/places/londonderry-nh",
        "location": "https://www.kickstarter.com/locations/londonderry-nh"
      }
    }
  },
  "name": "Safe Survival of Common Natural Emergencies",
  "photo": {
    "1024x576": "https://ksr-ugc.imgix.net/assets/011/548/655/bcca716eeafa2669062b208112639ab5_original.JPG?crop=faces&w=1024&h=576&fit=crop&v=1463684312&auto=format&q=92&s=be2029541751a2959a1d6deef7e79fe0",
    "1536x864": "https://ksr-ugc.imgix.net/assets/011/548/655/bcca716eeafa2669062b208112639ab5_original.JPG?crop=faces&w=1552&h=873&fit=crop&v=1463684312&auto=format&q=92&s=2722412442287e17eb23b6c2fb246573",
    "ed": "https://ksr-ugc.imgix.net/assets/011/548/655/bcca716eeafa2669062b208112639ab5_original.JPG?crop=faces&w=352&h=198&fit=crop&v=1463684312&auto=format&q=92&s=f82f7f35c95858197e55b583b5f3a86a",
    "full": "https://ksr-ugc.imgix.net/assets/011/548/655/bcca716eeafa2669062b208112639ab5_original.JPG?crop=faces&w=560&h=315&fit=crop&v=1463684312&auto=format&q=92&s=b2ea1d68e21e0ba065a84c15f516b523",
    "key": "assets/011/548/655/bcca716eeafa2669062b208112639ab5_original.JPG",
    "little": "https://ksr-ugc.imgix.net/assets/011/548/655/bcca716eeafa2669062b208112639ab5_original.JPG?crop=faces&w=208&h=117&fit=crop&v=1463684312&auto=format&q=92&s=96c9ce18a59ad5c64a3bc22ca1576289",
    "med": "https://ksr-ugc.imgix.net/assets/011/548/655/bcca716eeafa2669062b208112639ab5_original.JPG?crop=faces&w=272&h=153&fit=crop&v=1463684312&auto=format&q=92&s=0c90292e09e997ad480cfc1e5073f940",
    "small": "https://ksr-ugc.imgix.net/assets/011/548/655/bcca716eeafa2669062b208112639ab5_original.JPG?crop=faces&w=160&h=90&fit=crop&v=1463684312&auto=format&q=92&s=5e9d622520d60e9e3ccd1c5d29860e90",
    "thumb": "https://ksr-ugc.imgix.net/assets/011/548/655/bcca716eeafa2669062b208112639ab5_original.JPG?crop=faces&w=48&h=27&fit=crop&v=1463684312&auto=format&q=92&s=d41a318d45d8b12c8ed1713e0df15434"
  },
  "pledged": 0.0,
  "profile": {
    "background_color": null,
    "background_image_opacity": 0.8,
    "blurb": null,
    "feature_image_attributes": {
      "image_urls": {
        "baseball_card": "https://ksr-ugc.imgix.net/assets/011/548/655/bcca716eeafa2669062b208112639ab5_original.JPG?crop=faces&w=560&h=315&fit=crop&v=1463684312&auto=format&q=92&s=b2ea1d68e21e0ba065a84c15f516b523",
        "default": "https://ksr-ugc.imgix.net/assets/011/548/655/bcca716eeafa2669062b208112639ab5_original.JPG?crop=faces&w=1552&h=873&fit=crop&v=1463684312&auto=format&q=92&s=2722412442287e17eb23b6c2fb246573"
      }
    },
    "id": 628958,
    "link_background_color": null,
    "link_text": null,
    "link_text_color": null,
    "link_url": null,
    "name": null,
    "project_id": 628958,
    "should_show_feature_image_section": true,
    "show_feature_image": false,
    "state": "inactive",
    "state_changed_at": 1425915834,
    "text_color": null
  },
  "slug": "safe-survival-of-common-natural-emergencies",
  "spotlight": false,
  "staff_pick": false,
  "state": "failed",
  "state_changed_at": 1428525249,
  "static_usd_rate": 1.0,
  "urls": {
    "web": {
      "project": "https://www.kickstarter.com/projects/1674681707/safe-survival-of-common-natural-emergencies?ref=category_newest",
      "rewards": "https://www.kickstarter.com/projects/1674681707/safe-survival-of-common-natural-emergencies/rewards"
    }
  },
  "usd_pledged": "0.0",
  "usd_type": "international"
}