{
  "backers_count": 6,
  "blurb": "Tweeting small satellite tracking data from Cube Satellites from 6 Major Cities around the World",
  "category": {
    "color": 6526716,
    "id": 340,
    "name": "Space Exploration",
    "parent_id": 16,
    "position": 13,
    "slug": "technology/space exploration",
    "urls": {
      "web": {
        "discover": "http://www.kickstarter.com/discover/categories/technology/space%20exploration"
      }
    }
  },
  "converted_pledged_amount": 135,
  "country": "US",
  "created_at": 1436424819,
  "creator": {
    "avatar": {
      "medium": "https://ksr-ugc.imgix.net/assets/009/503/965/45a57d2d8beeef5206082c664c6037e0_original.png?w=160&h=160&fit=crop&v=1461599651&auto=format&q=92&s=89862c07b1fca63b91b8afab5b521294",
      "small": "https://ksr-ugc.imgix.net/assets/009/503/965/45a57d2d8beeef5206082c664c6037e0_original.png?w=160&h=160&fit=crop&v=1461599651&auto=format&q=92&s=89862c07b1fca63b91b8afab5b521294",
      "thumb": "https://ksr-ugc.imgix.net/assets/009/503/965/45a57d2d8beeef5206082c664c6037e0_original.png?w=40&h=40&fit=crop&v=1461599651&auto=format&q=92&s=28803d3646d0db1ea9445b77c4f7b0b2"
    },
    "chosen_currency": null,
    "id": 1841518278,
    "is_registered": true,
    "name": "Aleks Bologna",
    "urls": {
      "api": {
        "user": "https://api.kickstarter.com/v1/users/1841518278?signature=1524102579.34edb652aabfcd3bb81fe5966efe4c99667ae7f2"
      },
      "web": {
        "user": "https://www.kickstarter.com/profile/1841518278"
      }
    }
  },
  "currency": "USD",
  "currency_symbol": "$",
  "currency_trailing_code": true,
  "current_currency": "USD",
  "deadline": 1439862507,
  "disable_communication": false,
  "fx_rate": 1.0,
  "goal": 100.0,
  "id": 1009749695,
  "is_starrable": false,
  "launched_at": 1437270507,
  "location": {
    "country": "US",
    "displayable_name": "Cape Canaveral, FL",
    "id": 2374623,
    "is_root": false,
    "localized_name": "Cape Canaveral",
    "name": "Cape Canaveral",
    "short_name": "Cape Canaveral, FL",
    "slug": "cape-canaveral-fl",
    "state": "FL",
    "type": "Town",
    "urls": {
      "api": {
        "nearby_projects": "https://api.kickstarter.com/v1/discover?signature=1524082141.f3c41f546afbd5f284aaa2919ed98951575f8af0&woe_id=2374623"
      },
      "web": {
        "discover": "https://www.kickstarter.com/discover/places/cape-canaveral-fl",
        "location": "https://www.kickstarter.com/locations/cape-canaveral-fl"
      }
    }
  },
  "name": "MyCubeSat.com",
  "photo": {
    "1024x576": "https://ksr-ugc.imgix.net/assets/012/191/972/195d71c9de0e30f22b4037315e962e9a_original.png?crop=faces&w=1024&h=576&fit=crop&v=1463740604&auto=format&q=92&s=02140f00c850fa4681b9a01f7cbd665a",
    "1536x864": "https://ksr-ugc.imgix.net/assets/012/191/972/195d71c9de0e30f22b4037315e962e9a_original.png?crop=faces&w=1552&h=873&fit=crop&v=1463740604&auto=format&q=92&s=c6ffa21888e95589789c875a8cf99a01",
    "ed": "https://ksr-ugc.imgix.net/assets/012/191/972/195d71c9de0e30f22b4037315e962e9a_original.png?crop=faces&w=352&h=198&fit=crop&v=1463740604&auto=format&q=92&s=ac8429a70fde8ead1135cd9f8e77d788",
    "full": "https://ksr-ugc.imgix.net/assets/012/191/972/195d71c9de0e30f22b4037315e962e9a_original.png?crop=faces&w=560&h=315&fit=crop&v=1463740604&auto=format&q=92&s=b9f6463a7e70c6f9b895515b072f16a1",
    "key": "assets/012/191/972/195d71c9de0e30f22b4037315e962e9a_original.png",
    "little": "https://ksr-ugc.imgix.net/assets/012/191/972/195d71c9de0e30f22b4037315e962e9a_original.png?crop=faces&w=208&h=117&fit=crop&v=1463740604&auto=format&q=92&s=b4726ed4f8bc273140637f08ae6c9468",
    "med": "https://ksr-ugc.imgix.net/assets/012/191/972/195d71c9de0e30f22b4037315e962e9a_original.png?crop=faces&w=272&h=153&fit=crop&v=1463740604&auto=format&q=92&s=dfc61847b912497434214ee2ac027846",
    "small": "https://ksr-ugc.imgix.net/assets/012/191/972/195d71c9de0e30f22b4037315e962e9a_original.png?crop=faces&w=160&h=90&fit=crop&v=1463740604&auto=format&q=92&s=7fce0cd48963c3dfbf650142b7b2d7c8",
    "thumb": "https://ksr-ugc.imgix.net/assets/012/191/972/195d71c9de0e30f22b4037315e962e9a_original.png?crop=faces&w=48&h=27&fit=crop&v=1463740604&auto=format&q=92&s=63fc82188554d0cf69985b4d53a477e2"
  },
  "pledged": 135.0,
  "profile": {
    "background_color": null,
    "background_image_opacity": 0.8,
    "blurb": null,
    "feature_image_attributes": {
      "image_urls": {
        "baseball_card": "https://ksr-ugc.imgix.net/assets/012/191/972/195d71c9de0e30f22b4037315e962e9a_original.png?crop=faces&w=560&h=315&fit=crop&v=1463740604&auto=format&q=92&s=b9f6463a7e70c6f9b895515b072f16a1",
        "default": "https://ksr-ugc.imgix.net/assets/012/191/972/195d71c9de0e30f22b4037315e962e9a_original.png?crop=faces&w=1552&h=873&fit=crop&v=1463740604&auto=format&q=92&s=c6ffa21888e95589789c875a8cf99a01"
      }
    },
    "id": 2005281,
    "link_background_color": null,
    "link_text": null,
    "link_text_color": null,
    "link_url": null,
    "name": null,
    "project_id": 2005281,
    "should_show_feature_image_section": true,
    "show_feature_image": false,
    "state": "inactive",
    "state_changed_at": 1436424819,
    "text_color": null
  },
  "slug": "mycubesatcom",
  "spotlight": true,
  "staff_pick": false,
  "state": "successful",
  "state_changed_at": 1439862507,
  "static_usd_rate": 1.0,
  "urls": {
    "web": {
      "project": "https://www.kickstarter.com/projects/1841518278/mycubesatcom?ref=category_newest",
      "rewards": "https://www.kickstarter.com/projects/1841518278/mycubesatcom/rewards"
    }
  },
  "usd_pledged": "135.0",
  "usd_type": "international"
}