{
  "backers_count": 37,
  "blurb": "The world's smallest wireless IMU - ARM Cortex M0+ 256KB, up to 48MHz. Wireless mesh, Zigbee, 9-DoF IMU, temperature, altimeter.",
  "category": {
    "color": 6526716,
    "id": 52,
    "name": "Hardware",
    "parent_id": 16,
    "position": 8,
    "slug": "technology/hardware",
    "urls": {
      "web": {
        "discover": "http://www.kickstarter.com/discover/categories/technology/hardware"
      }
    }
  },
  "converted_pledged_amount": 3801,
  "country": "US",
  "created_at": 1427527568,
  "creator": {
    "avatar": {
      "medium": "https://ksr-ugc.imgix.net/assets/008/431/491/d06800a48cf5138448b72e3b7e74b59f_original.JPG?w=160&h=160&fit=crop&v=1461523651&auto=format&q=92&s=363f04258d3860811285cb63669a01ff",
      "small": "https://ksr-ugc.imgix.net/assets/008/431/491/d06800a48cf5138448b72e3b7e74b59f_original.JPG?w=160&h=160&fit=crop&v=1461523651&auto=format&q=92&s=363f04258d3860811285cb63669a01ff",
      "thumb": "https://ksr-ugc.imgix.net/assets/008/431/491/d06800a48cf5138448b72e3b7e74b59f_original.JPG?w=40&h=40&fit=crop&v=1461523651&auto=format&q=92&s=a9267873d20328a6a3a2908adacea8df"
    },
    "chosen_currency": null,
    "id": 1265095814,
    "is_registered": true,
    "name": "Femtoduino.com",
    "urls": {
      "api": {
        "user": "https://api.kickstarter.com/v1/users/1265095814?signature=1524101538.69230c971203f707390d71e152a93198fb5994ee"
      },
      "web": {
        "user": "https://www.kickstarter.com/profile/1265095814"
      }
    }
  },
  "currency": "USD",
  "currency_symbol": "$",
  "currency_trailing_code": true,
  "current_currency": "USD",
  "deadline": 1434043830,
  "disable_communication": false,
  "fx_rate": 1.0,
  "goal": 500.0,
  "id": 1009809497,
  "is_starrable": false,
  "launched_at": 1431451830,
  "location": {
    "country": "US",
    "displayable_name": "San Francisco, CA",
    "id": 2487956,
    "is_root": false,
    "localized_name": "San Francisco",
    "name": "San Francisco",
    "short_name": "San Francisco, CA",
    "slug": "san-francisco-ca",
    "state": "CA",
    "type": "Town",
    "urls": {
      "api": {
        "nearby_projects": "https://api.kickstarter.com/v1/discover?signature=1524082109.c4369d87b612e47a06f937efb32dacd18d659505&woe_id=2487956"
      },
      "web": {
        "discover": "https://www.kickstarter.com/discover/places/san-francisco-ca",
        "location": "https://www.kickstarter.com/locations/san-francisco-ca"
      }
    }
  },
  "name": "The dime-sized FemtoBeacon - Wireless IMU, ARM Cortex M0+",
  "photo": {
    "1024x576": "https://ksr-ugc.imgix.net/assets/012/087/307/ac0ae7da77d965498efcdaa1265fe6b8_original.jpg?crop=faces&w=1024&h=576&fit=crop&v=1463730743&auto=format&q=92&s=9b02e22b172955b23d6fc2040302ec2a",
    "1536x864": "https://ksr-ugc.imgix.net/assets/012/087/307/ac0ae7da77d965498efcdaa1265fe6b8_original.jpg?crop=faces&w=1552&h=873&fit=crop&v=1463730743&auto=format&q=92&s=2489b7dadeff7c5f1ce3ae3d2f8c9bcf",
    "ed": "https://ksr-ugc.imgix.net/assets/012/087/307/ac0ae7da77d965498efcdaa1265fe6b8_original.jpg?crop=faces&w=352&h=198&fit=crop&v=1463730743&auto=format&q=92&s=024961c4cfb0117e2d2a8a794e29e399",
    "full": "https://ksr-ugc.imgix.net/assets/012/087/307/ac0ae7da77d965498efcdaa1265fe6b8_original.jpg?crop=faces&w=560&h=315&fit=crop&v=1463730743&auto=format&q=92&s=6455336dd8139c7c687dc3fff20b30f8",
    "key": "assets/012/087/307/ac0ae7da77d965498efcdaa1265fe6b8_original.jpg",
    "little": "https://ksr-ugc.imgix.net/assets/012/087/307/ac0ae7da77d965498efcdaa1265fe6b8_original.jpg?crop=faces&w=208&h=117&fit=crop&v=1463730743&auto=format&q=92&s=90b0f8a1aff6763f4ddd5392291ce995",
    "med": "https://ksr-ugc.imgix.net/assets/012/087/307/ac0ae7da77d965498efcdaa1265fe6b8_original.jpg?crop=faces&w=272&h=153&fit=crop&v=1463730743&auto=format&q=92&s=245d9b5bb13b2015ec6dd46955eba10f",
    "small": "https://ksr-ugc.imgix.net/assets/012/087/307/ac0ae7da77d965498efcdaa1265fe6b8_original.jpg?crop=faces&w=160&h=90&fit=crop&v=1463730743&auto=format&q=92&s=6881ff98ee12c2cf27fb70d6e2c094e2",
    "thumb": "https://ksr-ugc.imgix.net/assets/012/087/307/ac0ae7da77d965498efcdaa1265fe6b8_original.jpg?crop=faces&w=48&h=27&fit=crop&v=1463730743&auto=format&q=92&s=acb2c67a5101b49b3206a02297f90290"
  },
  "pledged": 3801.0,
  "profile": {
    "background_color": "",
    "background_image_opacity": 0.8,
    "blurb": "The world's smallest wireless IMU - ARM Cortex M0+ 256KB, up to 48MHz. Wireless mesh, Zigbee, 9-DoF IMU, temperature, altimeter.",
    "feature_image_attributes": {
      "image_urls": {
        "baseball_card": "https://ksr-ugc.imgix.net/assets/012/087/307/ac0ae7da77d965498efcdaa1265fe6b8_original.jpg?crop=faces&w=560&h=315&fit=crop&v=1463730743&auto=format&q=92&s=6455336dd8139c7c687dc3fff20b30f8",
        "default": "https://ksr-ugc.imgix.net/assets/012/087/307/ac0ae7da77d965498efcdaa1265fe6b8_original.jpg?crop=faces&w=1552&h=873&fit=crop&v=1463730743&auto=format&q=92&s=2489b7dadeff7c5f1ce3ae3d2f8c9bcf"
      }
    },
    "id": 1803940,
    "link_background_color": "",
    "link_text": "BUY NOW on Tindie",
    "link_text_color": "",
    "link_url": "https://www.tindie.com/search/#q=femtobeacon",
    "name": "The dime-sized FemtoBeacon - Wireless IMU, ARM Cortex M0+",
    "project_id": 1803940,
    "should_show_feature_image_section": true,
    "show_feature_image": false,
    "state": "active",
    "state_changed_at": 1473898991,
    "text_color": ""
  },
  "slug": "the-dime-sized-femtobeacon-wireless-imu-arm-cortex",
  "spotlight": true,
  "staff_pick": false,
  "state": "successful",
  "state_changed_at": 1434043834,
  "static_usd_rate": 1.0,
  "urls": {
    "web": {
      "project": "https://www.kickstarter.com/projects/1265095814/the-dime-sized-femtobeacon-wireless-imu-arm-cortex?ref=category_newest",
      "rewards": "https://www.kickstarter.com/projects/1265095814/the-dime-sized-femtobeacon-wireless-imu-arm-cortex/rewards"
    }
  },
  "usd_pledged": "3801.0",
  "usd_type": "international"
}