{
  "backers_count": 60,
  "blurb": "University of Louisville NASA Student Launch High Powered Rocket by University of Louisville River City Rocketry",
  "category": {
    "color": 6526716,
    "id": 16,
    "name": "Technology",
    "position": 14,
    "slug": "technology",
    "urls": {
      "web": {
        "discover": "http://www.kickstarter.com/discover/categories/technology"
      }
    }
  },
  "converted_pledged_amount": 2313,
  "country": "US",
  "created_at": 1392341639,
  "creator": {
    "avatar": {
      "medium": "https://ksr-ugc.imgix.net/assets/008/415/691/95e8ba62ea73422e7ebd867204d9fa51_original.jpg?w=160&h=160&fit=crop&v=1461522748&auto=format&q=92&s=04ad6ff1f822cfdc1f5ba59e7cfdb1da",
      "small": "https://ksr-ugc.imgix.net/assets/008/415/691/95e8ba62ea73422e7ebd867204d9fa51_original.jpg?w=160&h=160&fit=crop&v=1461522748&auto=format&q=92&s=04ad6ff1f822cfdc1f5ba59e7cfdb1da",
      "thumb": "https://ksr-ugc.imgix.net/assets/008/415/691/95e8ba62ea73422e7ebd867204d9fa51_original.jpg?w=40&h=40&fit=crop&v=1461522748&auto=format&q=92&s=49daa28e23ef5a8d65804aaed93f4a14"
    },
    "chosen_currency": null,
    "id": 352995238,
    "is_registered": true,
    "name": "River City Rocketry",
    "urls": {
      "api": {
        "user": "https://api.kickstarter.com/v1/users/352995238?signature=1524099796.cabe88590775160a58ca45aff6e69c28a798f5ba"
      },
      "web": {
        "user": "https://www.kickstarter.com/profile/352995238"
      }
    }
  },
  "currency": "USD",
  "currency_symbol": "$",
  "currency_trailing_code": true,
  "current_currency": "USD",
  "deadline": 1396491062,
  "disable_communication": false,
  "fx_rate": 1.0,
  "goal": 1500.0,
  "id": 1009851957,
  "is_starrable": false,
  "launched_at": 1393902662,
  "location": {
    "country": "US",
    "displayable_name": "Louisville, KY",
    "id": 2442327,
    "is_root": false,
    "localized_name": "Louisville",
    "name": "Louisville",
    "short_name": "Louisville, KY",
    "slug": "louisville-ky",
    "state": "KY",
    "type": "Town",
    "urls": {
      "api": {
        "nearby_projects": "https://api.kickstarter.com/v1/discover?signature=1524082114.e9cd29dd2e3527280d0a9b5d3292b3205fb22243&woe_id=2442327"
      },
      "web": {
        "discover": "https://www.kickstarter.com/discover/places/louisville-ky",
        "location": "https://www.kickstarter.com/locations/louisville-ky"
      }
    }
  },
  "name": "University of Louisville NASA Student Launch 2013-2014",
  "photo": {
    "1024x576": "https://ksr-ugc.imgix.net/assets/011/651/406/fb9ce20466fb21446d3ef216309e6cf2_original.jpg?crop=faces&w=1024&h=576&fit=crop&v=1463686267&auto=format&q=92&s=ce826b6e5b42f5ed1d89e381fabcbd3e",
    "1536x864": "https://ksr-ugc.imgix.net/assets/011/651/406/fb9ce20466fb21446d3ef216309e6cf2_original.jpg?crop=faces&w=1552&h=873&fit=crop&v=1463686267&auto=format&q=92&s=0d24e2597fbca1728fd23076557ff7b1",
    "ed": "https://ksr-ugc.imgix.net/assets/011/651/406/fb9ce20466fb21446d3ef216309e6cf2_original.jpg?crop=faces&w=352&h=198&fit=crop&v=1463686267&auto=format&q=92&s=f9ebc8567105ce979d07dd02d6ebc0fe",
    "full": "https://ksr-ugc.imgix.net/assets/011/651/406/fb9ce20466fb21446d3ef216309e6cf2_original.jpg?crop=faces&w=560&h=315&fit=crop&v=1463686267&auto=format&q=92&s=73ae4a480949764493c70b795e946e84",
    "key": "assets/011/651/406/fb9ce20466fb21446d3ef216309e6cf2_original.jpg",
    "little": "https://ksr-ugc.imgix.net/assets/011/651/406/fb9ce20466fb21446d3ef216309e6cf2_original.jpg?crop=faces&w=208&h=117&fit=crop&v=1463686267&auto=format&q=92&s=66c8b75e554b42b607502fec1de1c1b9",
    "med": "https://ksr-ugc.imgix.net/assets/011/651/406/fb9ce20466fb21446d3ef216309e6cf2_original.jpg?crop=faces&w=272&h=153&fit=crop&v=1463686267&auto=format&q=92&s=fe30ff049550873550f9014bd17e28b2",
    "small": "https://ksr-ugc.imgix.net/assets/011/651/406/fb9ce20466fb21446d3ef216309e6cf2_original.jpg?crop=faces&w=160&h=90&fit=crop&v=1463686267&auto=format&q=92&s=fae5c77aed94b6892113e00ea29b2fe1",
    "thumb": "https://ksr-ugc.imgix.net/assets/011/651/406/fb9ce20466fb21446d3ef216309e6cf2_original.jpg?crop=faces&w=48&h=27&fit=crop&v=1463686267&auto=format&q=92&s=5de0e27509ba45812c7ea57011596636"
  },
  "pledged": 2313.0,
  "profile": {
    "background_color": null,
    "background_image_opacity": 0.8,
    "blurb": null,
    "feature_image_attributes": {
      "image_urls": {
        "baseball_card": "https://ksr-ugc.imgix.net/assets/011/651/406/fb9ce20466fb21446d3ef216309e6cf2_original.jpg?crop=faces&w=560&h=315&fit=crop&v=1463686267&auto=format&q=92&s=73ae4a480949764493c70b795e946e84",
        "default": "https://ksr-ugc.imgix.net/assets/011/651/406/fb9ce20466fb21446d3ef216309e6cf2_original.jpg?crop=faces&w=1552&h=873&fit=crop&v=1463686267&auto=format&q=92&s=0d24e2597fbca1728fd23076557ff7b1"
      }
    },
    "id": 889537,
    "link_background_color": null,
    "link_text": null,
    "link_text_color": null,
    "link_url": null,
    "name": null,
    "project_id": 889537,
    "should_show_feature_image_section": true,
    "show_feature_image": false,
    "state": "inactive",
    "state_changed_at": 1425915849,
    "text_color": null
  },
  "slug": "university-of-louisville-nasa-student-launch-2013",
  "spotlight": true,
  "staff_pick": false,
  "state": "successful",
  "state_changed_at": 1396491062,
  "static_usd_rate": 1.0,
  "urls": {
    "web": {
      "project": "https://www.kickstarter.com/projects/352995238/university-of-louisville-nasa-student-launch-2013?ref=category_newest",
      "rewards": "https://www.kickstarter.com/projects/352995238/university-of-louisville-nasa-student-launch-2013/rewards"
    }
  },
  "usd_pledged": "2313.0",
  "usd_type": "international"
}