{
  "backers_count": 8,
  "blurb": "Edge Goalkeeping is a new goalkeeper glove brand to come. Sports equipement project, funds needed. Soccer, football, passion, sports.",
  "category": {
    "color": 6526716,
    "id": 341,
    "name": "Wearables",
    "parent_id": 16,
    "position": 14,
    "slug": "technology/wearables",
    "urls": {
      "web": {
        "discover": "http://www.kickstarter.com/discover/categories/technology/wearables"
      }
    }
  },
  "converted_pledged_amount": 275,
  "country": "CA",
  "created_at": 1426277734,
  "creator": {
    "avatar": {
      "medium": "https://ksr-ugc.imgix.net/assets/009/677/753/eff92b42db91055be3b037cd7e727b9e_original.jpg?w=160&h=160&fit=crop&v=1461619926&auto=format&q=92&s=bda0bb5dd94bd0407d1ff173ac3b0df9",
      "small": "https://ksr-ugc.imgix.net/assets/009/677/753/eff92b42db91055be3b037cd7e727b9e_original.jpg?w=160&h=160&fit=crop&v=1461619926&auto=format&q=92&s=bda0bb5dd94bd0407d1ff173ac3b0df9",
      "thumb": "https://ksr-ugc.imgix.net/assets/009/677/753/eff92b42db91055be3b037cd7e727b9e_original.jpg?w=40&h=40&fit=crop&v=1461619926&auto=format&q=92&s=2ba8bfbc146979d98ede5d8796cc7e6e"
    },
    "chosen_currency": null,
    "id": 2063705490,
    "is_registered": true,
    "name": "Martin Paquin",
    "urls": {
      "api": {
        "user": "https://api.kickstarter.com/v1/users/2063705490?signature=1524102734.f18cfc2876ef368725e711bd491d2401828e2832"
      },
      "web": {
        "user": "https://www.kickstarter.com/profile/2063705490"
      }
    }
  },
  "currency": "CAD",
  "currency_symbol": "$",
  "currency_trailing_code": true,
  "current_currency": "USD",
  "deadline": 1428103800,
  "disable_communication": false,
  "fx_rate": 0.79525709,
  "goal": 2500.0,
  "id": 1009489171,
  "is_starrable": false,
  "launched_at": 1426518458,
  "location": {
    "country": "CA",
    "displayable_name": "Montreal, Canada",
    "id": 3534,
    "is_root": false,
    "localized_name": "Montreal",
    "name": "Montreal",
    "short_name": "Montreal, Canada",
    "slug": "montreal-ca",
    "state": "QC",
    "type": "Town",
    "urls": {
      "api": {
        "nearby_projects": "https://api.kickstarter.com/v1/discover?signature=1524082111.ec6a33c49f56a514191c901fefdba9a00b5027b8&woe_id=3534"
      },
      "web": {
        "discover": "https://www.kickstarter.com/discover/places/montreal-ca",
        "location": "https://www.kickstarter.com/locations/montreal-ca"
      }
    }
  },
  "name": "Edge Goalkeeping, a new approach to goalkeeper gloves",
  "photo": {
    "1024x576": "https://ksr-ugc.imgix.net/assets/012/068/247/c2c81c221f069df9defe9b4f4424edb7_original.jpg?crop=faces&w=1024&h=576&fit=crop&v=1463729063&auto=format&q=92&s=fd74e46093a9db3413ab3c4bfa7bd6e8",
    "1536x864": "https://ksr-ugc.imgix.net/assets/012/068/247/c2c81c221f069df9defe9b4f4424edb7_original.jpg?crop=faces&w=1552&h=873&fit=crop&v=1463729063&auto=format&q=92&s=07852269ce27f5796d2b5c1fad02d06a",
    "ed": "https://ksr-ugc.imgix.net/assets/012/068/247/c2c81c221f069df9defe9b4f4424edb7_original.jpg?crop=faces&w=352&h=198&fit=crop&v=1463729063&auto=format&q=92&s=7655aee345fba3f0e57249502bd28f44",
    "full": "https://ksr-ugc.imgix.net/assets/012/068/247/c2c81c221f069df9defe9b4f4424edb7_original.jpg?crop=faces&w=560&h=315&fit=crop&v=1463729063&auto=format&q=92&s=9ac1218fa94e595c764521e4ca71d1c3",
    "key": "assets/012/068/247/c2c81c221f069df9defe9b4f4424edb7_original.jpg",
    "little": "https://ksr-ugc.imgix.net/assets/012/068/247/c2c81c221f069df9defe9b4f4424edb7_original.jpg?crop=faces&w=208&h=117&fit=crop&v=1463729063&auto=format&q=92&s=d27f307efbf8e0b9eab85304086b0004",
    "med": "https://ksr-ugc.imgix.net/assets/012/068/247/c2c81c221f069df9defe9b4f4424edb7_original.jpg?crop=faces&w=272&h=153&fit=crop&v=1463729063&auto=format&q=92&s=58ebb06d770ce45896072910658a85db",
    "small": "https://ksr-ugc.imgix.net/assets/012/068/247/c2c81c221f069df9defe9b4f4424edb7_original.jpg?crop=faces&w=160&h=90&fit=crop&v=1463729063&auto=format&q=92&s=d655d00e21920ab0b954430bd9de75c8",
    "thumb": "https://ksr-ugc.imgix.net/assets/012/068/247/c2c81c221f069df9defe9b4f4424edb7_original.jpg?crop=faces&w=48&h=27&fit=crop&v=1463729063&auto=format&q=92&s=58d0b6c76e77558496182ed7194ea08d"
  },
  "pledged": 346.0,
  "profile": {
    "background_color": null,
    "background_image_opacity": 0.8,
    "blurb": null,
    "feature_image_attributes": {
      "image_urls": {
        "baseball_card": "https://ksr-ugc.imgix.net/assets/012/068/247/c2c81c221f069df9defe9b4f4424edb7_original.jpg?crop=faces&w=560&h=315&fit=crop&v=1463729063&auto=format&q=92&s=9ac1218fa94e595c764521e4ca71d1c3",
        "default": "https://ksr-ugc.imgix.net/assets/012/068/247/c2c81c221f069df9defe9b4f4424edb7_original.jpg?crop=faces&w=1552&h=873&fit=crop&v=1463729063&auto=format&q=92&s=07852269ce27f5796d2b5c1fad02d06a"
      }
    },
    "id": 1768002,
    "link_background_color": null,
    "link_text": null,
    "link_text_color": null,
    "link_url": null,
    "name": null,
    "project_id": 1768002,
    "should_show_feature_image_section": true,
    "show_feature_image": false,
    "state": "inactive",
    "state_changed_at": 1426277734,
    "text_color": null
  },
  "slug": "edge-goalkeeping-a-new-approach-to-goalkeeper-glov",
  "spotlight": false,
  "staff_pick": false,
  "state": "failed",
  "state_changed_at": 1428103819,
  "static_usd_rate": 0.78226511,
  "urls": {
    "web": {
      "project": "https://www.kickstarter.com/projects/2063705490/edge-goalkeeping-a-new-approach-to-goalkeeper-glov?ref=category_newest",
      "rewards": "https://www.kickstarter.com/projects/2063705490/edge-goalkeeping-a-new-approach-to-goalkeeper-glov/rewards"
    }
  },
  "usd_pledged": "270.66372806",
  "usd_type": "international"
}