{
  "backers_count": 120,
  "blurb": "Bring music and sound responsiveness into all your Arduino projects easily, with the MSGEQ7 Breakout Board!",
  "category": {
    "color": 6526716,
    "id": 334,
    "name": "DIY Electronics",
    "parent_id": 16,
    "position": 4,
    "slug": "technology/diy electronics",
    "urls": {
      "web": {
        "discover": "http://www.kickstarter.com/discover/categories/technology/diy%20electronics"
      }
    }
  },
  "converted_pledged_amount": 2780,
  "country": "US",
  "created_at": 1401246710,
  "creator": {
    "avatar": {
      "medium": "https://ksr-ugc.imgix.net/assets/006/782/224/5ff7238e45dd1e416fea406a7867afcd_original.jpg?w=160&h=160&fit=crop&v=1461410941&auto=format&q=92&s=410bf9bbaf65ce8fda6c1220fa97b81f",
      "small": "https://ksr-ugc.imgix.net/assets/006/782/224/5ff7238e45dd1e416fea406a7867afcd_original.jpg?w=160&h=160&fit=crop&v=1461410941&auto=format&q=92&s=410bf9bbaf65ce8fda6c1220fa97b81f",
      "thumb": "https://ksr-ugc.imgix.net/assets/006/782/224/5ff7238e45dd1e416fea406a7867afcd_original.jpg?w=40&h=40&fit=crop&v=1461410941&auto=format&q=92&s=71506086579efeb3a09d10b41b8804f6"
    },
    "chosen_currency": null,
    "id": 1649103139,
    "is_registered": true,
    "name": "Mark Cusimano",
    "urls": {
      "api": {
        "user": "https://api.kickstarter.com/v1/users/1649103139?signature=1524100638.d2eb22363b8e505ff42b027008f304c2404e8e4c"
      },
      "web": {
        "user": "https://www.kickstarter.com/profile/1649103139"
      }
    }
  },
  "currency": "USD",
  "currency_symbol": "$",
  "currency_trailing_code": true,
  "current_currency": "USD",
  "deadline": 1404435448,
  "disable_communication": false,
  "fx_rate": 1.0,
  "goal": 1000.0,
  "id": 1009463663,
  "is_starrable": false,
  "launched_at": 1402016248,
  "location": {
    "country": "US",
    "displayable_name": "Austin, TX",
    "id": 2357536,
    "is_root": false,
    "localized_name": "Austin",
    "name": "Austin",
    "short_name": "Austin, TX",
    "slug": "austin-tx",
    "state": "TX",
    "type": "Town",
    "urls": {
      "api": {
        "nearby_projects": "https://api.kickstarter.com/v1/discover?signature=1524082111.22cb86afd9fb826f6bbd3d7a6e8cf731a1757ab7&woe_id=2357536"
      },
      "web": {
        "discover": "https://www.kickstarter.com/discover/places/austin-tx",
        "location": "https://www.kickstarter.com/locations/austin-tx"
      }
    }
  },
  "name": "Seven Channel Graphic Equalizer Breakout Board for Arduino",
  "photo": {
    "1024x576": "https://ksr-ugc.imgix.net/assets/011/713/689/1c4adaa6ac0ef4d7dfdc2925df898f4b_original.jpg?crop=faces&w=1024&h=576&fit=crop&v=1463687163&auto=format&q=92&s=369cc6acb225540badd45224f5ddbf75",
    "1536x864": "https://ksr-ugc.imgix.net/assets/011/713/689/1c4adaa6ac0ef4d7dfdc2925df898f4b_original.jpg?crop=faces&w=1552&h=873&fit=crop&v=1463687163&auto=format&q=92&s=260f632ed4bb5f0876d902e5588834e5",
    "ed": "https://ksr-ugc.imgix.net/assets/011/713/689/1c4adaa6ac0ef4d7dfdc2925df898f4b_original.jpg?crop=faces&w=352&h=198&fit=crop&v=1463687163&auto=format&q=92&s=16421400fe69f9b74969725d6b9a6eaa",
    "full": "https://ksr-ugc.imgix.net/assets/011/713/689/1c4adaa6ac0ef4d7dfdc2925df898f4b_original.jpg?crop=faces&w=560&h=315&fit=crop&v=1463687163&auto=format&q=92&s=eef3c718268efcd611c00823e3489762",
    "key": "assets/011/713/689/1c4adaa6ac0ef4d7dfdc2925df898f4b_original.jpg",
    "little": "https://ksr-ugc.imgix.net/assets/011/713/689/1c4adaa6ac0ef4d7dfdc2925df898f4b_original.jpg?crop=faces&w=208&h=117&fit=crop&v=1463687163&auto=format&q=92&s=3250eb0b64ca52a206559d19c8b40aba",
    "med": "https://ksr-ugc.imgix.net/assets/011/713/689/1c4adaa6ac0ef4d7dfdc2925df898f4b_original.jpg?crop=faces&w=272&h=153&fit=crop&v=1463687163&auto=format&q=92&s=9822d74f3e0e39de70ee5533c4a079c2",
    "small": "https://ksr-ugc.imgix.net/assets/011/713/689/1c4adaa6ac0ef4d7dfdc2925df898f4b_original.jpg?crop=faces&w=160&h=90&fit=crop&v=1463687163&auto=format&q=92&s=039f496bd39854e0c8d61d6fb16d9c29",
    "thumb": "https://ksr-ugc.imgix.net/assets/011/713/689/1c4adaa6ac0ef4d7dfdc2925df898f4b_original.jpg?crop=faces&w=48&h=27&fit=crop&v=1463687163&auto=format&q=92&s=6a177e2f5a6a5c63afc10341b4ce7499"
  },
  "pledged": 2780.0,
  "profile": {
    "background_color": null,
    "background_image_opacity": 0.8,
    "blurb": null,
    "feature_image_attributes": {
      "image_urls": {
        "baseball_card": "https://ksr-ugc.imgix.net/assets/011/713/689/1c4adaa6ac0ef4d7dfdc2925df898f4b_original.jpg?crop=faces&w=560&h=315&fit=crop&v=1463687163&auto=format&q=92&s=eef3c718268efcd611c00823e3489762",
        "default": "https://ksr-ugc.imgix.net/assets/011/713/689/1c4adaa6ac0ef4d7dfdc2925df898f4b_original.jpg?crop=faces&w=1552&h=873&fit=crop&v=1463687163&auto=format&q=92&s=260f632ed4bb5f0876d902e5588834e5"
      }
    },
    "id": 1041813,
    "link_background_color": null,
    "link_text": null,
    "link_text_color": null,
    "link_url": null,
    "name": null,
    "project_id": 1041813,
    "should_show_feature_image_section": true,
    "show_feature_image": false,
    "state": "inactive",
    "state_changed_at": 1425915858,
    "text_color": null
  },
  "slug": "seven-channel-graphic-equalizer-breakout-board-for",
  "spotlight": true,
  "staff_pick": false,
  "state": "successful",
  "state_changed_at": 1404435449,
  "static_usd_rate": 1.0,
  "urls": {
    "web": {
      "project": "https://www.kickstarter.com/projects/1649103139/seven-channel-graphic-equalizer-breakout-board-for?ref=category_newest",
      "rewards": "https://www.kickstarter.com/projects/1649103139/seven-channel-graphic-equalizer-breakout-board-for/rewards"
    }
  },
  "usd_pledged": "2780.0",
  "usd_type": "international"
}