{
  "backers_count": 40,
  "blurb": "Introducing the First Lifelike 3D Photo Figurine Studio in the U.S. - Greater Boston Area",
  "category": {
    "color": 6526716,
    "id": 331,
    "name": "3D Printing",
    "parent_id": 16,
    "position": 1,
    "slug": "technology/3d printing",
    "urls": {
      "web": {
        "discover": "http://www.kickstarter.com/discover/categories/technology/3d%20printing"
      }
    }
  },
  "converted_pledged_amount": 13020,
  "country": "US",
  "created_at": 1409926790,
  "creator": {
    "avatar": {
      "medium": "https://ksr-ugc.imgix.net/assets/009/050/661/aff14e75c8737f820480b5fb3e0c05af_original.jpg?w=160&h=160&fit=crop&v=1461555301&auto=format&q=92&s=a612100446f2e267b3f395fdf01ac6f3",
      "small": "https://ksr-ugc.imgix.net/assets/009/050/661/aff14e75c8737f820480b5fb3e0c05af_original.jpg?w=160&h=160&fit=crop&v=1461555301&auto=format&q=92&s=a612100446f2e267b3f395fdf01ac6f3",
      "thumb": "https://ksr-ugc.imgix.net/assets/009/050/661/aff14e75c8737f820480b5fb3e0c05af_original.jpg?w=40&h=40&fit=crop&v=1461555301&auto=format&q=92&s=d5f53950d8d1d3a227d1dc56b107acd8"
    },
    "chosen_currency": null,
    "id": 652791210,
    "is_registered": true,
    "name": "Yifei Zhang",
    "slug": "yifei",
    "urls": {
      "api": {
        "user": "https://api.kickstarter.com/v1/users/652791210?signature=1524099999.5d3cfd617921b6ae952a30eb6f657b1b6c5206c3"
      },
      "web": {
        "user": "https://www.kickstarter.com/profile/yifei"
      }
    }
  },
  "currency": "USD",
  "currency_symbol": "$",
  "currency_trailing_code": true,
  "current_currency": "USD",
  "deadline": 1416682440,
  "disable_communication": false,
  "fx_rate": 1.0,
  "goal": 20000.0,
  "id": 1009041597,
  "is_starrable": false,
  "launched_at": 1411494840,
  "location": {
    "country": "US",
    "displayable_name": "Boston, MA",
    "id": 2367105,
    "is_root": false,
    "localized_name": "Boston",
    "name": "Boston",
    "short_name": "Boston, MA",
    "slug": "boston-ma",
    "state": "MA",
    "type": "Town",
    "urls": {
      "api": {
        "nearby_projects": "https://api.kickstarter.com/v1/discover?signature=1524082109.e7aa82920740a69e8332cd7cddc4327d6790667b&woe_id=2367105"
      },
      "web": {
        "discover": "https://www.kickstarter.com/discover/places/boston-ma",
        "location": "https://www.kickstarter.com/locations/boston-ma"
      }
    }
  },
  "name": "3D Bean\u2122 | Lifelike Fine 3D Photo Figurines of Yourself",
  "photo": {
    "1024x576": "https://ksr-ugc.imgix.net/assets/011/860/281/7ac4355d5d7e0ee4bf77f180e140a5f1_original.jpg?crop=faces&w=1024&h=576&fit=crop&v=1463705478&auto=format&q=92&s=a0e39e9129edd5c0e76707d6c6b149bf",
    "1536x864": "https://ksr-ugc.imgix.net/assets/011/860/281/7ac4355d5d7e0ee4bf77f180e140a5f1_original.jpg?crop=faces&w=1552&h=873&fit=crop&v=1463705478&auto=format&q=92&s=fda95cc8f3cf035d180e168610f58d75",
    "ed": "https://ksr-ugc.imgix.net/assets/011/860/281/7ac4355d5d7e0ee4bf77f180e140a5f1_original.jpg?crop=faces&w=352&h=198&fit=crop&v=1463705478&auto=format&q=92&s=ebd9013726c41e0fe606410d26d7be9a",
    "full": "https://ksr-ugc.imgix.net/assets/011/860/281/7ac4355d5d7e0ee4bf77f180e140a5f1_original.jpg?crop=faces&w=560&h=315&fit=crop&v=1463705478&auto=format&q=92&s=885a826fec4368fb62b6b0252772f1aa",
    "key": "assets/011/860/281/7ac4355d5d7e0ee4bf77f180e140a5f1_original.jpg",
    "little": "https://ksr-ugc.imgix.net/assets/011/860/281/7ac4355d5d7e0ee4bf77f180e140a5f1_original.jpg?crop=faces&w=208&h=117&fit=crop&v=1463705478&auto=format&q=92&s=3a5ec9936c5dd6b4b2da4670900c9cdd",
    "med": "https://ksr-ugc.imgix.net/assets/011/860/281/7ac4355d5d7e0ee4bf77f180e140a5f1_original.jpg?crop=faces&w=272&h=153&fit=crop&v=1463705478&auto=format&q=92&s=2857ee64703ba51cede60afbf1e9c04e",
    "small": "https://ksr-ugc.imgix.net/assets/011/860/281/7ac4355d5d7e0ee4bf77f180e140a5f1_original.jpg?crop=faces&w=160&h=90&fit=crop&v=1463705478&auto=format&q=92&s=fc0624389fe3ab38cbfa383ff06557ab",
    "thumb": "https://ksr-ugc.imgix.net/assets/011/860/281/7ac4355d5d7e0ee4bf77f180e140a5f1_original.jpg?crop=faces&w=48&h=27&fit=crop&v=1463705478&auto=format&q=92&s=36f2ddd3e14e240a6b78e9045eaf8430"
  },
  "pledged": 13020.0,
  "profile": {
    "background_color": null,
    "background_image_opacity": 0.8,
    "blurb": null,
    "feature_image_attributes": {
      "image_urls": {
        "baseball_card": "https://ksr-ugc.imgix.net/assets/011/860/281/7ac4355d5d7e0ee4bf77f180e140a5f1_original.jpg?crop=faces&w=560&h=315&fit=crop&v=1463705478&auto=format&q=92&s=885a826fec4368fb62b6b0252772f1aa",
        "default": "https://ksr-ugc.imgix.net/assets/011/860/281/7ac4355d5d7e0ee4bf77f180e140a5f1_original.jpg?crop=faces&w=1552&h=873&fit=crop&v=1463705478&auto=format&q=92&s=fda95cc8f3cf035d180e168610f58d75"
      }
    },
    "id": 1341042,
    "link_background_color": null,
    "link_text": null,
    "link_text_color": null,
    "link_url": null,
    "name": null,
    "project_id": 1341042,
    "should_show_feature_image_section": true,
    "show_feature_image": false,
    "state": "inactive",
    "state_changed_at": 1425915874,
    "text_color": null
  },
  "slug": "3d-beantm-lifelike-fine-3d-photo-figurines-of-your",
  "spotlight": false,
  "staff_pick": true,
  "state": "failed",
  "state_changed_at": 1416682440,
  "static_usd_rate": 1.0,
  "urls": {
    "web": {
      "project": "https://www.kickstarter.com/projects/yifei/3d-beantm-lifelike-fine-3d-photo-figurines-of-your?ref=category_newest",
      "rewards": "https://www.kickstarter.com/projects/yifei/3d-beantm-lifelike-fine-3d-photo-figurines-of-your/rewards"
    }
  },
  "usd_pledged": "13020.0",
  "usd_type": "international"
}