{
  "backers_count": 14,
  "blurb": "Make full apps for your tablet, on your tablet. Without Progamming.\nAn equally powerful alternative for software development!",
  "category": {
    "color": 6526716,
    "id": 51,
    "name": "Software",
    "parent_id": 16,
    "position": 11,
    "slug": "technology/software",
    "urls": {
      "web": {
        "discover": "http://www.kickstarter.com/discover/categories/technology/software"
      }
    }
  },
  "converted_pledged_amount": 280,
  "country": "US",
  "created_at": 1354225994,
  "creator": {
    "avatar": {
      "medium": "https://ksr-ugc.imgix.net/assets/006/383/483/bdf503464fbc184b9a31295b243a3e8a_original.png?w=160&h=160&fit=crop&v=1461385577&auto=format&q=92&s=b9ff4e2bec2e1603fca488267fec31db",
      "small": "https://ksr-ugc.imgix.net/assets/006/383/483/bdf503464fbc184b9a31295b243a3e8a_original.png?w=160&h=160&fit=crop&v=1461385577&auto=format&q=92&s=b9ff4e2bec2e1603fca488267fec31db",
      "thumb": "https://ksr-ugc.imgix.net/assets/006/383/483/bdf503464fbc184b9a31295b243a3e8a_original.png?w=40&h=40&fit=crop&v=1461385577&auto=format&q=92&s=15e8b4a5f657f35a25ea12d2227be98c"
    },
    "chosen_currency": null,
    "id": 630666129,
    "is_registered": true,
    "name": "Andrew Savage",
    "slug": "drublu1215",
    "urls": {
      "api": {
        "user": "https://api.kickstarter.com/v1/users/630666129?signature=1524102141.7f0bf652e59c8627ae5f2b546f9b389b1881f9a6"
      },
      "web": {
        "user": "https://www.kickstarter.com/profile/drublu1215"
      }
    }
  },
  "currency": "USD",
  "currency_symbol": "$",
  "currency_trailing_code": true,
  "current_currency": "USD",
  "deadline": 1386271269,
  "disable_communication": false,
  "fx_rate": 1.0,
  "goal": 20000.0,
  "id": 1009809110,
  "is_starrable": false,
  "launched_at": 1383679269,
  "location": {
    "country": "US",
    "displayable_name": "Denver, CO",
    "id": 2391279,
    "is_root": false,
    "localized_name": "Denver",
    "name": "Denver",
    "short_name": "Denver, CO",
    "slug": "denver-co",
    "state": "CO",
    "type": "Town",
    "urls": {
      "api": {
        "nearby_projects": "https://api.kickstarter.com/v1/discover?signature=1524082110.9dd41181eb570766e7a512b487b79e78dfba63f3&woe_id=2391279"
      },
      "web": {
        "discover": "https://www.kickstarter.com/discover/places/denver-co",
        "location": "https://www.kickstarter.com/locations/denver-co"
      }
    }
  },
  "name": "Objects",
  "photo": {
    "1024x576": "https://ksr-ugc.imgix.net/assets/011/455/653/12ffec579d8ec5d1bb1ac86d31f07d8a_original.png?crop=faces&w=1024&h=576&fit=crop&v=1463682965&auto=format&q=92&s=a4af47aa340821edbc4ac239783be4e5",
    "1536x864": "https://ksr-ugc.imgix.net/assets/011/455/653/12ffec579d8ec5d1bb1ac86d31f07d8a_original.png?crop=faces&w=1552&h=873&fit=crop&v=1463682965&auto=format&q=92&s=5294ba341b90c10a278ea4bbf3a94231",
    "ed": "https://ksr-ugc.imgix.net/assets/011/455/653/12ffec579d8ec5d1bb1ac86d31f07d8a_original.png?crop=faces&w=352&h=198&fit=crop&v=1463682965&auto=format&q=92&s=017401bb45389218d7f4bb1d9971c0e4",
    "full": "https://ksr-ugc.imgix.net/assets/011/455/653/12ffec579d8ec5d1bb1ac86d31f07d8a_original.png?crop=faces&w=560&h=315&fit=crop&v=1463682965&auto=format&q=92&s=9f8a03ad290a0b1ac52e113acc824d9a",
    "key": "assets/011/455/653/12ffec579d8ec5d1bb1ac86d31f07d8a_original.png",
    "little": "https://ksr-ugc.imgix.net/assets/011/455/653/12ffec579d8ec5d1bb1ac86d31f07d8a_original.png?crop=faces&w=208&h=117&fit=crop&v=1463682965&auto=format&q=92&s=355f6594c4dfc47aad399a84a78c4501",
    "med": "https://ksr-ugc.imgix.net/assets/011/455/653/12ffec579d8ec5d1bb1ac86d31f07d8a_original.png?crop=faces&w=272&h=153&fit=crop&v=1463682965&auto=format&q=92&s=cf1105955e0520fa70adebccbc2e1e48",
    "small": "https://ksr-ugc.imgix.net/assets/011/455/653/12ffec579d8ec5d1bb1ac86d31f07d8a_original.png?crop=faces&w=160&h=90&fit=crop&v=1463682965&auto=format&q=92&s=5a3500ed24f65601c90ef5c76232e66e",
    "thumb": "https://ksr-ugc.imgix.net/assets/011/455/653/12ffec579d8ec5d1bb1ac86d31f07d8a_original.png?crop=faces&w=48&h=27&fit=crop&v=1463682965&auto=format&q=92&s=0362efdf28e8fa04efff6cecfe3e1474"
  },
  "pledged": 280.0,
  "profile": {
    "background_color": null,
    "background_image_opacity": 0.8,
    "blurb": null,
    "feature_image_attributes": {
      "image_urls": {
        "baseball_card": "https://ksr-ugc.imgix.net/assets/011/455/653/12ffec579d8ec5d1bb1ac86d31f07d8a_original.png?crop=faces&w=560&h=315&fit=crop&v=1463682965&auto=format&q=92&s=9f8a03ad290a0b1ac52e113acc824d9a",
        "default": "https://ksr-ugc.imgix.net/assets/011/455/653/12ffec579d8ec5d1bb1ac86d31f07d8a_original.png?crop=faces&w=1552&h=873&fit=crop&v=1463682965&auto=format&q=92&s=5294ba341b90c10a278ea4bbf3a94231"
      }
    },
    "id": 412214,
    "link_background_color": null,
    "link_text": null,
    "link_text_color": null,
    "link_url": null,
    "name": null,
    "project_id": 412214,
    "should_show_feature_image_section": true,
    "show_feature_image": false,
    "state": "inactive",
    "state_changed_at": 1425915822,
    "text_color": null
  },
  "slug": "objects",
  "spotlight": false,
  "staff_pick": false,
  "state": "failed",
  "state_changed_at": 1386271269,
  "static_usd_rate": 1.0,
  "urls": {
    "web": {
      "project": "https://www.kickstarter.com/projects/drublu1215/objects?ref=category_newest",
      "rewards": "https://www.kickstarter.com/projects/drublu1215/objects/rewards"
    }
  },
  "usd_pledged": "280.0",
  "usd_type": "international"
}