{
  "backers_count": 21,
  "blurb": "An eBook to teach how-to build a dynamic, data-driven web site using PHP programming and MySQL databases.",
  "category": {
    "color": 6526716,
    "id": 51,
    "name": "Software",
    "parent_id": 16,
    "position": 11,
    "slug": "technology/software",
    "urls": {
      "web": {
        "discover": "http://www.kickstarter.com/discover/categories/technology/software"
      }
    }
  },
  "converted_pledged_amount": 435,
  "country": "US",
  "created_at": 1438734525,
  "creator": {
    "avatar": {
      "medium": "https://ksr-ugc.imgix.net/assets/010/207/125/fbf1f0814a38269414792496c96a9254_original.jpg?w=160&h=160&fit=crop&v=1461673861&auto=format&q=92&s=8024daf94ef52f2bf83200b864f14548",
      "small": "https://ksr-ugc.imgix.net/assets/010/207/125/fbf1f0814a38269414792496c96a9254_original.jpg?w=160&h=160&fit=crop&v=1461673861&auto=format&q=92&s=8024daf94ef52f2bf83200b864f14548",
      "thumb": "https://ksr-ugc.imgix.net/assets/010/207/125/fbf1f0814a38269414792496c96a9254_original.jpg?w=40&h=40&fit=crop&v=1461673861&auto=format&q=92&s=8b3ab1241e4fcb58fa52a571211ec2e0"
    },
    "chosen_currency": null,
    "id": 977624383,
    "is_registered": true,
    "name": "Scott Walker",
    "urls": {
      "api": {
        "user": "https://api.kickstarter.com/v1/users/977624383?signature=1524102301.59fab62c827bbabd4174aa14bfa4d4674eaaed14"
      },
      "web": {
        "user": "https://www.kickstarter.com/profile/977624383"
      }
    }
  },
  "currency": "USD",
  "currency_symbol": "$",
  "currency_trailing_code": true,
  "current_currency": "USD",
  "deadline": 1441928740,
  "disable_communication": false,
  "fx_rate": 1.0,
  "goal": 3000.0,
  "id": 1009639152,
  "is_starrable": false,
  "launched_at": 1439336740,
  "location": {
    "country": "US",
    "displayable_name": "San Antonio, TX",
    "id": 2487796,
    "is_root": false,
    "localized_name": "San Antonio",
    "name": "San Antonio",
    "short_name": "San Antonio, TX",
    "slug": "san-antonio-tx",
    "state": "TX",
    "type": "Town",
    "urls": {
      "api": {
        "nearby_projects": "https://api.kickstarter.com/v1/discover?signature=1524082111.b19d82756cfc74e3339d367479e15f66c917f7e5&woe_id=2487796"
      },
      "web": {
        "discover": "https://www.kickstarter.com/discover/places/san-antonio-tx",
        "location": "https://www.kickstarter.com/locations/san-antonio-tx"
      }
    }
  },
  "name": "The Art of PHP and MySQL Programming",
  "photo": {
    "1024x576": "https://ksr-ugc.imgix.net/assets/012/216/382/1d196dc4acc5e90b06a4c24057c59770_original.jpg?crop=faces&w=1024&h=576&fit=crop&v=1463743057&auto=format&q=92&s=1e3abfc2fd591f7e1033b3470aad9cbd",
    "1536x864": "https://ksr-ugc.imgix.net/assets/012/216/382/1d196dc4acc5e90b06a4c24057c59770_original.jpg?crop=faces&w=1552&h=873&fit=crop&v=1463743057&auto=format&q=92&s=6af33745e13838e2d2168500b863fcb9",
    "ed": "https://ksr-ugc.imgix.net/assets/012/216/382/1d196dc4acc5e90b06a4c24057c59770_original.jpg?crop=faces&w=352&h=198&fit=crop&v=1463743057&auto=format&q=92&s=a817eddb4f6e29c2b22190208581f7cd",
    "full": "https://ksr-ugc.imgix.net/assets/012/216/382/1d196dc4acc5e90b06a4c24057c59770_original.jpg?crop=faces&w=560&h=315&fit=crop&v=1463743057&auto=format&q=92&s=c4c94bc6139dc5f17abe7b0aa6b633a6",
    "key": "assets/012/216/382/1d196dc4acc5e90b06a4c24057c59770_original.jpg",
    "little": "https://ksr-ugc.imgix.net/assets/012/216/382/1d196dc4acc5e90b06a4c24057c59770_original.jpg?crop=faces&w=208&h=117&fit=crop&v=1463743057&auto=format&q=92&s=679f3587dbcecea6823783cae735e086",
    "med": "https://ksr-ugc.imgix.net/assets/012/216/382/1d196dc4acc5e90b06a4c24057c59770_original.jpg?crop=faces&w=272&h=153&fit=crop&v=1463743057&auto=format&q=92&s=986b005391095a65599d8c2dcfca77e4",
    "small": "https://ksr-ugc.imgix.net/assets/012/216/382/1d196dc4acc5e90b06a4c24057c59770_original.jpg?crop=faces&w=160&h=90&fit=crop&v=1463743057&auto=format&q=92&s=a10824d2f52692a36941b69a5d763849",
    "thumb": "https://ksr-ugc.imgix.net/assets/012/216/382/1d196dc4acc5e90b06a4c24057c59770_original.jpg?crop=faces&w=48&h=27&fit=crop&v=1463743057&auto=format&q=92&s=25ae9bfc901f01a6393498c7c825892e"
  },
  "pledged": 435.0,
  "profile": {
    "background_color": null,
    "background_image_opacity": 0.8,
    "blurb": null,
    "feature_image_attributes": {
      "image_urls": {
        "baseball_card": "https://ksr-ugc.imgix.net/assets/012/216/382/1d196dc4acc5e90b06a4c24057c59770_original.jpg?crop=faces&w=560&h=315&fit=crop&v=1463743057&auto=format&q=92&s=c4c94bc6139dc5f17abe7b0aa6b633a6",
        "default": "https://ksr-ugc.imgix.net/assets/012/216/382/1d196dc4acc5e90b06a4c24057c59770_original.jpg?crop=faces&w=1552&h=873&fit=crop&v=1463743057&auto=format&q=92&s=6af33745e13838e2d2168500b863fcb9"
      }
    },
    "id": 2051334,
    "link_background_color": null,
    "link_text": null,
    "link_text_color": null,
    "link_url": null,
    "name": null,
    "project_id": 2051334,
    "should_show_feature_image_section": true,
    "show_feature_image": false,
    "state": "inactive",
    "state_changed_at": 1438734525,
    "text_color": null
  },
  "slug": "the-art-of-php-and-mysql-programming",
  "spotlight": false,
  "staff_pick": false,
  "state": "failed",
  "state_changed_at": 1441928740,
  "static_usd_rate": 1.0,
  "urls": {
    "web": {
      "project": "https://www.kickstarter.com/projects/977624383/the-art-of-php-and-mysql-programming?ref=category_newest",
      "rewards": "https://www.kickstarter.com/projects/977624383/the-art-of-php-and-mysql-programming/rewards"
    }
  },
  "usd_pledged": "435.0",
  "usd_type": "international"
}