{
  "backers_count": 32,
  "blurb": "iSi offers California drivers basic auto insurance information, policy summaries, and policy comparisons, instantaneously!",
  "category": {
    "color": 6526716,
    "id": 51,
    "name": "Software",
    "parent_id": 16,
    "position": 11,
    "slug": "technology/software",
    "urls": {
      "web": {
        "discover": "http://www.kickstarter.com/discover/categories/technology/software"
      }
    }
  },
  "converted_pledged_amount": 4502,
  "country": "US",
  "created_at": 1409018063,
  "creator": {
    "avatar": {
      "medium": "https://ksr-ugc.imgix.net/assets/009/205/517/54aaf56e08fd424a3057ddac81a97dfa_original.jpg?w=160&h=160&fit=crop&v=1461564435&auto=format&q=92&s=4aa1b5b1a977be324e02a2abd3607c7a",
      "small": "https://ksr-ugc.imgix.net/assets/009/205/517/54aaf56e08fd424a3057ddac81a97dfa_original.jpg?w=160&h=160&fit=crop&v=1461564435&auto=format&q=92&s=4aa1b5b1a977be324e02a2abd3607c7a",
      "thumb": "https://ksr-ugc.imgix.net/assets/009/205/517/54aaf56e08fd424a3057ddac81a97dfa_original.jpg?w=40&h=40&fit=crop&v=1461564435&auto=format&q=92&s=2be907a42c126405848fd5740827e608"
    },
    "chosen_currency": null,
    "id": 2142235419,
    "is_registered": true,
    "name": "Lonzie Johnson",
    "urls": {
      "api": {
        "user": "https://api.kickstarter.com/v1/users/2142235419?signature=1524102033.c6820a666d9cc59f1ae62d6d5aaec70300ad20dd"
      },
      "web": {
        "user": "https://www.kickstarter.com/profile/2142235419"
      }
    }
  },
  "currency": "USD",
  "currency_symbol": "$",
  "currency_trailing_code": true,
  "current_currency": "USD",
  "deadline": 1418165402,
  "disable_communication": false,
  "fx_rate": 1.0,
  "goal": 4400.0,
  "id": 1009210646,
  "is_starrable": false,
  "launched_at": 1412977802,
  "location": {
    "country": "US",
    "displayable_name": "Altadena, CA",
    "id": 2353857,
    "is_root": false,
    "localized_name": "Altadena",
    "name": "Altadena",
    "short_name": "Altadena, CA",
    "slug": "altadena-ca",
    "state": "CA",
    "type": "Town",
    "urls": {
      "api": {
        "nearby_projects": "https://api.kickstarter.com/v1/discover?signature=1524082423.65f1e13ecca078e6ac3c188179bad82e832e2c9a&woe_id=2353857"
      },
      "web": {
        "discover": "https://www.kickstarter.com/discover/places/altadena-ca",
        "location": "https://www.kickstarter.com/locations/altadena-ca"
      }
    }
  },
  "name": "Insurance Snoopers, Inc. (iSi)",
  "photo": {
    "1024x576": "https://ksr-ugc.imgix.net/assets/011/848/835/732964704f647d0b2b107920a3d2b88c_original.jpg?crop=faces&w=1024&h=576&fit=crop&v=1463703696&auto=format&q=92&s=99295e960e3b796a71321307a9ae72ff",
    "1536x864": "https://ksr-ugc.imgix.net/assets/011/848/835/732964704f647d0b2b107920a3d2b88c_original.jpg?crop=faces&w=1552&h=873&fit=crop&v=1463703696&auto=format&q=92&s=2288ef5af1ee1709641f6e3b85e9e47b",
    "ed": "https://ksr-ugc.imgix.net/assets/011/848/835/732964704f647d0b2b107920a3d2b88c_original.jpg?crop=faces&w=352&h=198&fit=crop&v=1463703696&auto=format&q=92&s=a1868563b83ea5b01a79fff659062800",
    "full": "https://ksr-ugc.imgix.net/assets/011/848/835/732964704f647d0b2b107920a3d2b88c_original.jpg?crop=faces&w=560&h=315&fit=crop&v=1463703696&auto=format&q=92&s=6f5ba1f68346c241b2941ebce82bc27c",
    "key": "assets/011/848/835/732964704f647d0b2b107920a3d2b88c_original.jpg",
    "little": "https://ksr-ugc.imgix.net/assets/011/848/835/732964704f647d0b2b107920a3d2b88c_original.jpg?crop=faces&w=208&h=117&fit=crop&v=1463703696&auto=format&q=92&s=ecfd5e3d223aa6e749a32d484cd01758",
    "med": "https://ksr-ugc.imgix.net/assets/011/848/835/732964704f647d0b2b107920a3d2b88c_original.jpg?crop=faces&w=272&h=153&fit=crop&v=1463703696&auto=format&q=92&s=964962a6cd3fc8cc95d35dca146d86b8",
    "small": "https://ksr-ugc.imgix.net/assets/011/848/835/732964704f647d0b2b107920a3d2b88c_original.jpg?crop=faces&w=160&h=90&fit=crop&v=1463703696&auto=format&q=92&s=9e1a76984e6eba1bdea5944b6594b10d",
    "thumb": "https://ksr-ugc.imgix.net/assets/011/848/835/732964704f647d0b2b107920a3d2b88c_original.jpg?crop=faces&w=48&h=27&fit=crop&v=1463703696&auto=format&q=92&s=e714f8cb30811f9326f997e5864b9823"
  },
  "pledged": 4502.0,
  "profile": {
    "background_color": null,
    "background_image_opacity": 0.8,
    "blurb": null,
    "feature_image_attributes": {
      "image_urls": {
        "baseball_card": "https://ksr-ugc.imgix.net/assets/011/848/835/732964704f647d0b2b107920a3d2b88c_original.jpg?crop=faces&w=560&h=315&fit=crop&v=1463703696&auto=format&q=92&s=6f5ba1f68346c241b2941ebce82bc27c",
        "default": "https://ksr-ugc.imgix.net/assets/011/848/835/732964704f647d0b2b107920a3d2b88c_original.jpg?crop=faces&w=1552&h=873&fit=crop&v=1463703696&auto=format&q=92&s=2288ef5af1ee1709641f6e3b85e9e47b"
      }
    },
    "id": 1316562,
    "link_background_color": null,
    "link_text": null,
    "link_text_color": null,
    "link_url": null,
    "name": null,
    "project_id": 1316562,
    "should_show_feature_image_section": true,
    "show_feature_image": false,
    "state": "inactive",
    "state_changed_at": 1425915873,
    "text_color": null
  },
  "slug": "insurance-snoopers-inc-isi",
  "spotlight": true,
  "staff_pick": false,
  "state": "successful",
  "state_changed_at": 1418165403,
  "static_usd_rate": 1.0,
  "urls": {
    "web": {
      "project": "https://www.kickstarter.com/projects/2142235419/insurance-snoopers-inc-isi?ref=category_newest",
      "rewards": "https://www.kickstarter.com/projects/2142235419/insurance-snoopers-inc-isi/rewards"
    }
  },
  "usd_pledged": "4502.0",
  "usd_type": "international"
}