{
  "backers_count": 8,
  "blurb": "This project is a World Record Setting STEM Toy tower! Your pledge will be used for the tower & after we'll send the pieces to you.",
  "category": {
    "color": 6526716,
    "id": 362,
    "name": "Makerspaces",
    "parent_id": 16,
    "position": 9,
    "slug": "technology/makerspaces",
    "urls": {
      "web": {
        "discover": "http://www.kickstarter.com/discover/categories/technology/makerspaces"
      }
    }
  },
  "converted_pledged_amount": 896,
  "country": "US",
  "created_at": 1480461216,
  "creator": {
    "avatar": {
      "medium": "https://ksr-ugc.imgix.net/assets/008/343/737/1ff9c036b08d3ab4b8ab4d7ba8105012_original.jpg?w=160&h=160&fit=crop&v=1480464318&auto=format&q=92&s=5dde86abdf34e430938ad1eb48c17c1b",
      "small": "https://ksr-ugc.imgix.net/assets/008/343/737/1ff9c036b08d3ab4b8ab4d7ba8105012_original.jpg?w=160&h=160&fit=crop&v=1480464318&auto=format&q=92&s=5dde86abdf34e430938ad1eb48c17c1b",
      "thumb": "https://ksr-ugc.imgix.net/assets/008/343/737/1ff9c036b08d3ab4b8ab4d7ba8105012_original.jpg?w=40&h=40&fit=crop&v=1480464318&auto=format&q=92&s=6081175f1e7d699996c841ff8f49e239"
    },
    "chosen_currency": null,
    "id": 2065588545,
    "is_registered": true,
    "name": "Lisa and Mark Burginger",
    "urls": {
      "api": {
        "user": "https://api.kickstarter.com/v1/users/2065588545?signature=1524101869.b032a04f0719cf4dbfcf22dba9087944a5c6a6da"
      },
      "web": {
        "user": "https://www.kickstarter.com/profile/2065588545"
      }
    }
  },
  "currency": "USD",
  "currency_symbol": "$",
  "currency_trailing_code": true,
  "current_currency": "USD",
  "deadline": 1482687286,
  "disable_communication": false,
  "fx_rate": 1.0,
  "goal": 2500.0,
  "id": 1010800390,
  "is_starrable": false,
  "launched_at": 1480527286,
  "location": {
    "country": "US",
    "displayable_name": "Palm Coast, FL",
    "id": 2467673,
    "is_root": false,
    "localized_name": "Palm Coast",
    "name": "Palm Coast",
    "short_name": "Palm Coast, FL",
    "slug": "palm-coast-fl",
    "state": "FL",
    "type": "Town",
    "urls": {
      "api": {
        "nearby_projects": "https://api.kickstarter.com/v1/discover?signature=1524082161.b89af8ec7b46b61739223ce09c44d1b154eb08a6&woe_id=2467673"
      },
      "web": {
        "discover": "https://www.kickstarter.com/discover/places/palm-coast-fl",
        "location": "https://www.kickstarter.com/locations/palm-coast-fl"
      }
    }
  },
  "name": "To build this world record Qubits\u00ae tower, we need you!",
  "photo": {
    "1024x576": "https://ksr-ugc.imgix.net/assets/014/710/495/1ea6abe537b4af0e6490e357b5365a87_original.jpg?crop=faces&w=1024&h=576&fit=crop&v=1480517125&auto=format&q=92&s=e1ee2e16a61b9108370fba16d748c23b",
    "1536x864": "https://ksr-ugc.imgix.net/assets/014/710/495/1ea6abe537b4af0e6490e357b5365a87_original.jpg?crop=faces&w=1552&h=873&fit=crop&v=1480517125&auto=format&q=92&s=b4daa15d89cfe9210940c4ecbfbb853e",
    "ed": "https://ksr-ugc.imgix.net/assets/014/710/495/1ea6abe537b4af0e6490e357b5365a87_original.jpg?crop=faces&w=352&h=198&fit=crop&v=1480517125&auto=format&q=92&s=fd6450fc97ee07ac30706dd29fda897f",
    "full": "https://ksr-ugc.imgix.net/assets/014/710/495/1ea6abe537b4af0e6490e357b5365a87_original.jpg?crop=faces&w=560&h=315&fit=crop&v=1480517125&auto=format&q=92&s=11d28813dab3d0054b85b25617f8ded0",
    "key": "assets/014/710/495/1ea6abe537b4af0e6490e357b5365a87_original.jpg",
    "little": "https://ksr-ugc.imgix.net/assets/014/710/495/1ea6abe537b4af0e6490e357b5365a87_original.jpg?crop=faces&w=208&h=117&fit=crop&v=1480517125&auto=format&q=92&s=753ea7ae33af9ad91aaa7da389903162",
    "med": "https://ksr-ugc.imgix.net/assets/014/710/495/1ea6abe537b4af0e6490e357b5365a87_original.jpg?crop=faces&w=272&h=153&fit=crop&v=1480517125&auto=format&q=92&s=1b792450df290009ec5ce16e5bbdb5f9",
    "small": "https://ksr-ugc.imgix.net/assets/014/710/495/1ea6abe537b4af0e6490e357b5365a87_original.jpg?crop=faces&w=160&h=90&fit=crop&v=1480517125&auto=format&q=92&s=c66d679d0b09ed0a6f74c5022d07c5e4",
    "thumb": "https://ksr-ugc.imgix.net/assets/014/710/495/1ea6abe537b4af0e6490e357b5365a87_original.jpg?crop=faces&w=48&h=27&fit=crop&v=1480517125&auto=format&q=92&s=b03cc3f315134cf9b7bf5a1b80fec5c8"
  },
  "pledged": 896.0,
  "profile": {
    "background_color": null,
    "background_image_opacity": 0.8,
    "blurb": null,
    "feature_image_attributes": {
      "image_urls": {
        "baseball_card": "https://ksr-ugc.imgix.net/assets/014/710/495/1ea6abe537b4af0e6490e357b5365a87_original.jpg?crop=faces&w=560&h=315&fit=crop&v=1480517125&auto=format&q=92&s=11d28813dab3d0054b85b25617f8ded0",
        "default": "https://ksr-ugc.imgix.net/assets/014/710/495/1ea6abe537b4af0e6490e357b5365a87_original.jpg?crop=faces&w=1552&h=873&fit=crop&v=1480517125&auto=format&q=92&s=b4daa15d89cfe9210940c4ecbfbb853e"
      }
    },
    "id": 2780053,
    "link_background_color": null,
    "link_text": null,
    "link_text_color": null,
    "link_url": null,
    "name": null,
    "project_id": 2780053,
    "should_show_feature_image_section": true,
    "show_feature_image": false,
    "state": "inactive",
    "state_changed_at": 1480461217,
    "text_color": null
  },
  "slug": "be-a-part-of-the-17ft-tall-world-record-tower",
  "spotlight": false,
  "staff_pick": false,
  "state": "failed",
  "state_changed_at": 1482687287,
  "static_usd_rate": 1.0,
  "urls": {
    "web": {
      "project": "https://www.kickstarter.com/projects/2065588545/be-a-part-of-the-17ft-tall-world-record-tower?ref=category_newest",
      "rewards": "https://www.kickstarter.com/projects/2065588545/be-a-part-of-the-17ft-tall-world-record-tower/rewards"
    }
  },
  "usd_pledged": "896.0",
  "usd_type": "international"
}