{
  "backers_count": 0,
  "blurb": "LinkUp! Is a social networking app for business professionals.",
  "category": {
    "color": 6526716,
    "id": 51,
    "name": "Software",
    "parent_id": 16,
    "position": 11,
    "slug": "technology/software",
    "urls": {
      "web": {
        "discover": "http://www.kickstarter.com/discover/categories/technology/software"
      }
    }
  },
  "converted_pledged_amount": 0,
  "country": "AU",
  "created_at": 1431951265,
  "creator": {
    "avatar": {
      "medium": "https://ksr-ugc.imgix.net/assets/009/885/545/eb0f0ff413aafb387288c8f14410484b_original.jpg?w=160&h=160&fit=crop&v=1461641008&auto=format&q=92&s=d228ba03fad979eb8e68c40e95695b17",
      "small": "https://ksr-ugc.imgix.net/assets/009/885/545/eb0f0ff413aafb387288c8f14410484b_original.jpg?w=160&h=160&fit=crop&v=1461641008&auto=format&q=92&s=d228ba03fad979eb8e68c40e95695b17",
      "thumb": "https://ksr-ugc.imgix.net/assets/009/885/545/eb0f0ff413aafb387288c8f14410484b_original.jpg?w=40&h=40&fit=crop&v=1461641008&auto=format&q=92&s=48fe0c49bf5d3dbee071a51981ea00f7"
    },
    "chosen_currency": null,
    "id": 1964658613,
    "is_registered": true,
    "name": "Waqar",
    "slug": "ikkon",
    "urls": {
      "api": {
        "user": "https://api.kickstarter.com/v1/users/1964658613?signature=1524102295.60e8d831e7c3a6e016f4fea9fed12684c40d2cc3"
      },
      "web": {
        "user": "https://www.kickstarter.com/profile/ikkon"
      }
    }
  },
  "currency": "AUD",
  "currency_symbol": "$",
  "currency_trailing_code": true,
  "current_currency": "USD",
  "deadline": 1439416898,
  "disable_communication": false,
  "fx_rate": 0.77656633,
  "goal": 50000.0,
  "id": 1010643909,
  "is_starrable": false,
  "launched_at": 1436824898,
  "location": {
    "country": "AU",
    "displayable_name": "Sydney, AU",
    "id": 1105779,
    "is_root": false,
    "localized_name": "Sydney",
    "name": "Sydney",
    "short_name": "Sydney, AU",
    "slug": "sydney-au",
    "state": "NSW",
    "type": "Town",
    "urls": {
      "api": {
        "nearby_projects": "https://api.kickstarter.com/v1/discover?signature=1524082110.b9fdee45ce4e7d5af303362d3ac9585affd5b0ce&woe_id=1105779"
      },
      "web": {
        "discover": "https://www.kickstarter.com/discover/places/sydney-au",
        "location": "https://www.kickstarter.com/locations/sydney-au"
      }
    }
  },
  "name": "LinkUP! App for Business Professionals to meet",
  "photo": {
    "1024x576": "https://ksr-ugc.imgix.net/assets/012/141/577/d17aa89928d51d0e132164108e29c03e_original.jpg?crop=faces&w=1024&h=576&fit=crop&v=1463738391&auto=format&q=92&s=9aac1aa343893eada790809577d8e051",
    "1536x864": "https://ksr-ugc.imgix.net/assets/012/141/577/d17aa89928d51d0e132164108e29c03e_original.jpg?crop=faces&w=1552&h=873&fit=crop&v=1463738391&auto=format&q=92&s=cd3e76b352374725192189c386ec2570",
    "ed": "https://ksr-ugc.imgix.net/assets/012/141/577/d17aa89928d51d0e132164108e29c03e_original.jpg?crop=faces&w=352&h=198&fit=crop&v=1463738391&auto=format&q=92&s=77d828d71776d3292b433af74f0b96ff",
    "full": "https://ksr-ugc.imgix.net/assets/012/141/577/d17aa89928d51d0e132164108e29c03e_original.jpg?crop=faces&w=560&h=315&fit=crop&v=1463738391&auto=format&q=92&s=3d16f2bc68afe446a89eda2c2284dc04",
    "key": "assets/012/141/577/d17aa89928d51d0e132164108e29c03e_original.jpg",
    "little": "https://ksr-ugc.imgix.net/assets/012/141/577/d17aa89928d51d0e132164108e29c03e_original.jpg?crop=faces&w=208&h=117&fit=crop&v=1463738391&auto=format&q=92&s=e39427e28f5c629691ac6c646bbb6e4a",
    "med": "https://ksr-ugc.imgix.net/assets/012/141/577/d17aa89928d51d0e132164108e29c03e_original.jpg?crop=faces&w=272&h=153&fit=crop&v=1463738391&auto=format&q=92&s=8dd34ae679c34ec615059c13cb0388d2",
    "small": "https://ksr-ugc.imgix.net/assets/012/141/577/d17aa89928d51d0e132164108e29c03e_original.jpg?crop=faces&w=160&h=90&fit=crop&v=1463738391&auto=format&q=92&s=b1b51a1356eaba3b47cf25b1bc0e6058",
    "thumb": "https://ksr-ugc.imgix.net/assets/012/141/577/d17aa89928d51d0e132164108e29c03e_original.jpg?crop=faces&w=48&h=27&fit=crop&v=1463738391&auto=format&q=92&s=d3b3c04d56a82c30b04ec36680739583"
  },
  "pledged": 0.0,
  "profile": {
    "background_color": null,
    "background_image_opacity": 0.8,
    "blurb": null,
    "feature_image_attributes": {
      "image_urls": {
        "baseball_card": "https://ksr-ugc.imgix.net/assets/012/141/577/d17aa89928d51d0e132164108e29c03e_original.jpg?crop=faces&w=560&h=315&fit=crop&v=1463738391&auto=format&q=92&s=3d16f2bc68afe446a89eda2c2284dc04",
        "default": "https://ksr-ugc.imgix.net/assets/012/141/577/d17aa89928d51d0e132164108e29c03e_original.jpg?crop=faces&w=1552&h=873&fit=crop&v=1463738391&auto=format&q=92&s=cd3e76b352374725192189c386ec2570"
      }
    },
    "id": 1906582,
    "link_background_color": null,
    "link_text": null,
    "link_text_color": null,
    "link_url": null,
    "name": null,
    "project_id": 1906582,
    "should_show_feature_image_section": true,
    "show_feature_image": false,
    "state": "inactive",
    "state_changed_at": 1431951265,
    "text_color": null
  },
  "slug": "linkup-an-ios-app-for-business-professionals",
  "spotlight": false,
  "staff_pick": false,
  "state": "failed",
  "state_changed_at": 1439416898,
  "static_usd_rate": 0.74452125,
  "urls": {
    "web": {
      "project": "https://www.kickstarter.com/projects/ikkon/linkup-an-ios-app-for-business-professionals?ref=category_newest",
      "rewards": "https://www.kickstarter.com/projects/ikkon/linkup-an-ios-app-for-business-professionals/rewards"
    }
  },
  "usd_pledged": "0.0",
  "usd_type": "international"
}