{
  "backers_count": 273,
  "blurb": "NODE Chroma, the first Bluetooth 4.0 color sensor that accurately scans any surface color into iOS apps.",
  "category": {
    "color": 6526716,
    "id": 52,
    "name": "Hardware",
    "parent_id": 16,
    "position": 8,
    "slug": "technology/hardware",
    "urls": {
      "web": {
        "discover": "http://www.kickstarter.com/discover/categories/technology/hardware"
      }
    }
  },
  "converted_pledged_amount": 39473,
  "country": "US",
  "created_at": 1351051579,
  "creator": {
    "avatar": {
      "medium": "https://ksr-ugc.imgix.net/assets/006/328/706/cc71978fa43e5d63f52429c6de5a500f_original.jpg?w=160&h=160&fit=crop&v=1461381220&auto=format&q=92&s=fcd9897e5a42444c8258251989885ea8",
      "small": "https://ksr-ugc.imgix.net/assets/006/328/706/cc71978fa43e5d63f52429c6de5a500f_original.jpg?w=160&h=160&fit=crop&v=1461381220&auto=format&q=92&s=fcd9897e5a42444c8258251989885ea8",
      "thumb": "https://ksr-ugc.imgix.net/assets/006/328/706/cc71978fa43e5d63f52429c6de5a500f_original.jpg?w=40&h=40&fit=crop&v=1461381220&auto=format&q=92&s=0e50c6e4f2aadcf68b02e93c830913ba"
    },
    "chosen_currency": null,
    "id": 108684420,
    "is_registered": true,
    "name": "George Yu",
    "slug": "soldermaster",
    "urls": {
      "api": {
        "user": "https://api.kickstarter.com/v1/users/108684420?signature=1524101417.2b2c7a121cbb94ca40dd95567309618490ac09fa"
      },
      "web": {
        "user": "https://www.kickstarter.com/profile/soldermaster"
      }
    }
  },
  "currency": "USD",
  "currency_symbol": "$",
  "currency_trailing_code": true,
  "current_currency": "USD",
  "deadline": 1354928400,
  "disable_communication": false,
  "fx_rate": 1.0,
  "goal": 15000.0,
  "id": 1010535635,
  "is_starrable": false,
  "launched_at": 1352088758,
  "location": {
    "country": "US",
    "displayable_name": "Chattanooga, TN",
    "id": 2378695,
    "is_root": false,
    "localized_name": "Chattanooga",
    "name": "Chattanooga",
    "short_name": "Chattanooga, TN",
    "slug": "chattanooga-tn",
    "state": "TN",
    "type": "Town",
    "urls": {
      "api": {
        "nearby_projects": "https://api.kickstarter.com/v1/discover?signature=1524082111.2211f42e460f17f9280d887a6c92fa8a522d282b&woe_id=2378695"
      },
      "web": {
        "discover": "https://www.kickstarter.com/discover/places/chattanooga-tn",
        "location": "https://www.kickstarter.com/locations/chattanooga-tn"
      }
    }
  },
  "name": "NODE Chroma, a wireless color scanner for iOS and computers",
  "photo": {
    "1024x576": "https://ksr-ugc.imgix.net/assets/011/443/228/b8129e9ad690e224751d178eabeb22e5_original.png?crop=faces&w=1024&h=576&fit=crop&v=1463682808&auto=format&q=92&s=9000288a271eee521707175262896fc2",
    "1536x864": "https://ksr-ugc.imgix.net/assets/011/443/228/b8129e9ad690e224751d178eabeb22e5_original.png?crop=faces&w=1552&h=873&fit=crop&v=1463682808&auto=format&q=92&s=b114d3d2fc956eb47656029187a9e90b",
    "ed": "https://ksr-ugc.imgix.net/assets/011/443/228/b8129e9ad690e224751d178eabeb22e5_original.png?crop=faces&w=352&h=198&fit=crop&v=1463682808&auto=format&q=92&s=a8d56b315f48a380626394037cfb6fea",
    "full": "https://ksr-ugc.imgix.net/assets/011/443/228/b8129e9ad690e224751d178eabeb22e5_original.png?crop=faces&w=560&h=315&fit=crop&v=1463682808&auto=format&q=92&s=258ab0f887d1dc9448e0458f5b8298c8",
    "key": "assets/011/443/228/b8129e9ad690e224751d178eabeb22e5_original.png",
    "little": "https://ksr-ugc.imgix.net/assets/011/443/228/b8129e9ad690e224751d178eabeb22e5_original.png?crop=faces&w=208&h=117&fit=crop&v=1463682808&auto=format&q=92&s=e538548ca12fb6b126824beb8e1cc788",
    "med": "https://ksr-ugc.imgix.net/assets/011/443/228/b8129e9ad690e224751d178eabeb22e5_original.png?crop=faces&w=272&h=153&fit=crop&v=1463682808&auto=format&q=92&s=6c79717d71c5f6dd6fe576bd808b5a4c",
    "small": "https://ksr-ugc.imgix.net/assets/011/443/228/b8129e9ad690e224751d178eabeb22e5_original.png?crop=faces&w=160&h=90&fit=crop&v=1463682808&auto=format&q=92&s=834a958a3e3630b8434289210ae5a611",
    "thumb": "https://ksr-ugc.imgix.net/assets/011/443/228/b8129e9ad690e224751d178eabeb22e5_original.png?crop=faces&w=48&h=27&fit=crop&v=1463682808&auto=format&q=92&s=0cd429f930ae1ea6bbc3d31d830dd7ba"
  },
  "pledged": 39473.14,
  "profile": {
    "background_color": "",
    "background_image_opacity": 0.8,
    "blurb": "NODE Chroma, the first Bluetooth 4.0 color sensor that accurately scans any surface color into iOS apps.",
    "feature_image_attributes": {
      "image_urls": {
        "baseball_card": "https://ksr-ugc.imgix.net/assets/011/443/228/b8129e9ad690e224751d178eabeb22e5_original.png?crop=faces&w=560&h=315&fit=crop&v=1463682808&auto=format&q=92&s=258ab0f887d1dc9448e0458f5b8298c8",
        "default": "https://ksr-ugc.imgix.net/assets/011/443/228/b8129e9ad690e224751d178eabeb22e5_original.png?crop=faces&w=1552&h=873&fit=crop&v=1463682808&auto=format&q=92&s=b114d3d2fc956eb47656029187a9e90b"
      }
    },
    "id": 383184,
    "link_background_color": "",
    "link_text": "Follow along!",
    "link_text_color": "",
    "link_url": "http://www.variableinc.com/#!inspire/c1djx",
    "name": "NODE Chroma, a wireless color scanner for iOS and computers",
    "project_id": 383184,
    "should_show_feature_image_section": true,
    "show_feature_image": false,
    "state": "active",
    "state_changed_at": 1438624825,
    "text_color": ""
  },
  "slug": "node-chroma-an-accurate-bluetooth-40-color-sensor",
  "spotlight": true,
  "staff_pick": false,
  "state": "successful",
  "state_changed_at": 1354928432,
  "static_usd_rate": 1.0,
  "urls": {
    "web": {
      "project": "https://www.kickstarter.com/projects/soldermaster/node-chroma-an-accurate-bluetooth-40-color-sensor?ref=category_newest",
      "rewards": "https://www.kickstarter.com/projects/soldermaster/node-chroma-an-accurate-bluetooth-40-color-sensor/rewards"
    }
  },
  "usd_pledged": "39473.14",
  "usd_type": "international"
}