{
  "backers_count": 5,
  "blurb": "Foneeyes is a earphone holder that combines utility, functionality and style in one piece.",
  "category": {
    "color": 6526716,
    "id": 337,
    "name": "Gadgets",
    "parent_id": 16,
    "position": 7,
    "slug": "technology/gadgets",
    "urls": {
      "web": {
        "discover": "http://www.kickstarter.com/discover/categories/technology/gadgets"
      }
    }
  },
  "converted_pledged_amount": 86,
  "country": "FR",
  "created_at": 1460114188,
  "creator": {
    "avatar": {
      "medium": "https://ksr-ugc.imgix.net/assets/009/742/510/86d954b4a1bb123e9b06e4fe954047ec_original.jpg?w=160&h=160&fit=crop&v=1461625118&auto=format&q=92&s=e7a24bd0b4f65642fc0e07623706c78c",
      "small": "https://ksr-ugc.imgix.net/assets/009/742/510/86d954b4a1bb123e9b06e4fe954047ec_original.jpg?w=160&h=160&fit=crop&v=1461625118&auto=format&q=92&s=e7a24bd0b4f65642fc0e07623706c78c",
      "thumb": "https://ksr-ugc.imgix.net/assets/009/742/510/86d954b4a1bb123e9b06e4fe954047ec_original.jpg?w=40&h=40&fit=crop&v=1461625118&auto=format&q=92&s=8178639e6effc03ba374bef45ad59cec"
    },
    "chosen_currency": null,
    "id": 1985596790,
    "is_registered": true,
    "name": "Nelio Manuel Lopes Duarte",
    "slug": "sharktool",
    "urls": {
      "api": {
        "user": "https://api.kickstarter.com/v1/users/1985596790?signature=1524101290.f6cf895e8ede5559dc040273db30d3ed8bcee233"
      },
      "web": {
        "user": "https://www.kickstarter.com/profile/sharktool"
      }
    }
  },
  "currency": "EUR",
  "currency_symbol": "\u20ac",
  "currency_trailing_code": false,
  "current_currency": "USD",
  "deadline": 1465051518,
  "disable_communication": false,
  "fx_rate": 1.23814016,
  "goal": 500.0,
  "id": 101011400,
  "is_starrable": false,
  "launched_at": 1462459518,
  "location": {
    "country": "PT",
    "displayable_name": "Marinha Grande, Portugal",
    "id": 743171,
    "is_root": false,
    "localized_name": "Marinha Grande",
    "name": "Marinha Grande",
    "short_name": "Marinha Grande, Portugal",
    "slug": "marinha-grande-pt",
    "state": "Leiria",
    "type": "Town",
    "urls": {
      "api": {
        "nearby_projects": "https://api.kickstarter.com/v1/discover?signature=1524083065.4cdb9d655f86213a29390cc3b82e02367a656427&woe_id=743171"
      },
      "web": {
        "discover": "https://www.kickstarter.com/discover/places/marinha-grande-pt",
        "location": "https://www.kickstarter.com/locations/marinha-grande-pt"
      }
    }
  },
  "name": "Foneeyes",
  "photo": {
    "1024x576": "https://ksr-ugc.imgix.net/assets/012/425/087/103b2f4b18136efc9a42d4897ce65a35_original.jpg?crop=faces&w=1024&h=576&fit=crop&v=1463760569&auto=format&q=92&s=2703d747be3fedcbafc42e6361677f7f",
    "1536x864": "https://ksr-ugc.imgix.net/assets/012/425/087/103b2f4b18136efc9a42d4897ce65a35_original.jpg?crop=faces&w=1552&h=873&fit=crop&v=1463760569&auto=format&q=92&s=d64b99fbd515c17529641f1fee13c962",
    "ed": "https://ksr-ugc.imgix.net/assets/012/425/087/103b2f4b18136efc9a42d4897ce65a35_original.jpg?crop=faces&w=352&h=198&fit=crop&v=1463760569&auto=format&q=92&s=cbfeb7b64811bc393d4550e1cc54c405",
    "full": "https://ksr-ugc.imgix.net/assets/012/425/087/103b2f4b18136efc9a42d4897ce65a35_original.jpg?crop=faces&w=560&h=315&fit=crop&v=1463760569&auto=format&q=92&s=15daa0ad43d3a962983574264972f830",
    "key": "assets/012/425/087/103b2f4b18136efc9a42d4897ce65a35_original.jpg",
    "little": "https://ksr-ugc.imgix.net/assets/012/425/087/103b2f4b18136efc9a42d4897ce65a35_original.jpg?crop=faces&w=208&h=117&fit=crop&v=1463760569&auto=format&q=92&s=4a9c87d7ad5241b8eeef5a58e799d663",
    "med": "https://ksr-ugc.imgix.net/assets/012/425/087/103b2f4b18136efc9a42d4897ce65a35_original.jpg?crop=faces&w=272&h=153&fit=crop&v=1463760569&auto=format&q=92&s=3b846429e782bac9644c21be8d3b8500",
    "small": "https://ksr-ugc.imgix.net/assets/012/425/087/103b2f4b18136efc9a42d4897ce65a35_original.jpg?crop=faces&w=160&h=90&fit=crop&v=1463760569&auto=format&q=92&s=cffb11b7d7a1ef4b43c573d6d8d40e37",
    "thumb": "https://ksr-ugc.imgix.net/assets/012/425/087/103b2f4b18136efc9a42d4897ce65a35_original.jpg?crop=faces&w=48&h=27&fit=crop&v=1463760569&auto=format&q=92&s=0697a73536dc58baa17f49403709d5cc"
  },
  "pledged": 76.0,
  "profile": {
    "background_color": null,
    "background_image_opacity": 0.8,
    "blurb": null,
    "feature_image_attributes": {
      "image_urls": {
        "baseball_card": "https://ksr-ugc.imgix.net/assets/012/425/087/103b2f4b18136efc9a42d4897ce65a35_original.jpg?crop=faces&w=560&h=315&fit=crop&v=1463760569&auto=format&q=92&s=15daa0ad43d3a962983574264972f830",
        "default": "https://ksr-ugc.imgix.net/assets/012/425/087/103b2f4b18136efc9a42d4897ce65a35_original.jpg?crop=faces&w=1552&h=873&fit=crop&v=1463760569&auto=format&q=92&s=d64b99fbd515c17529641f1fee13c962"
      }
    },
    "id": 2461177,
    "link_background_color": null,
    "link_text": null,
    "link_text_color": null,
    "link_url": null,
    "name": null,
    "project_id": 2461177,
    "should_show_feature_image_section": true,
    "show_feature_image": false,
    "state": "inactive",
    "state_changed_at": 1460114188,
    "text_color": null
  },
  "slug": "foneeyes",
  "spotlight": false,
  "staff_pick": false,
  "state": "failed",
  "state_changed_at": 1465051518,
  "static_usd_rate": 1.1480305,
  "urls": {
    "web": {
      "project": "https://www.kickstarter.com/projects/sharktool/foneeyes?ref=category_newest",
      "rewards": "https://www.kickstarter.com/projects/sharktool/foneeyes/rewards"
    }
  },
  "usd_pledged": "87.250318",
  "usd_type": "international"
}