{
  "backers_count": 7,
  "blurb": "A software that immunize your computer from the majority of ransomware",
  "category": {
    "color": 6526716,
    "id": 51,
    "name": "Software",
    "parent_id": 16,
    "position": 11,
    "slug": "technology/software",
    "urls": {
      "web": {
        "discover": "http://www.kickstarter.com/discover/categories/technology/software"
      }
    }
  },
  "converted_pledged_amount": 836,
  "country": "IT",
  "created_at": 1471550439,
  "creator": {
    "avatar": {
      "medium": "https://ksr-ugc.imgix.net/assets/006/734/718/56115b10fea27175c32a6941c098f0ce_original.jpeg?w=160&h=160&fit=crop&v=1461407860&auto=format&q=92&s=f443e7ab7e513258cc5a16337f23babe",
      "small": "https://ksr-ugc.imgix.net/assets/006/734/718/56115b10fea27175c32a6941c098f0ce_original.jpeg?w=160&h=160&fit=crop&v=1461407860&auto=format&q=92&s=f443e7ab7e513258cc5a16337f23babe",
      "thumb": "https://ksr-ugc.imgix.net/assets/006/734/718/56115b10fea27175c32a6941c098f0ce_original.jpeg?w=40&h=40&fit=crop&v=1461407860&auto=format&q=92&s=e3585763e9589ac6dccd3e0b8e6447ed"
    },
    "chosen_currency": null,
    "id": 1707157687,
    "is_registered": true,
    "name": "Roberto",
    "urls": {
      "api": {
        "user": "https://api.kickstarter.com/v1/users/1707157687?signature=1524102389.485df7b169134fa6757ac4ffb8c2b98178688afe"
      },
      "web": {
        "user": "https://www.kickstarter.com/profile/1707157687"
      }
    }
  },
  "currency": "EUR",
  "currency_symbol": "\u20ac",
  "currency_trailing_code": false,
  "current_currency": "USD",
  "deadline": 1476525420,
  "disable_communication": false,
  "fx_rate": 1.23814016,
  "goal": 10500.0,
  "id": 1010876444,
  "is_starrable": false,
  "launched_at": 1472822827,
  "location": {
    "country": "IT",
    "displayable_name": "Italia, Italy",
    "id": 20150549,
    "is_root": false,
    "localized_name": "Italia",
    "name": "Italia",
    "short_name": "Italia, Italy",
    "slug": "italia-turin-it",
    "state": "Piedmont",
    "type": "Suburb",
    "urls": {
      "api": {
        "nearby_projects": "https://api.kickstarter.com/v1/discover?signature=1524082112.ead27017c3aba494b59ce079948cf286a1af8a7d&woe_id=20150549"
      },
      "web": {
        "discover": "https://www.kickstarter.com/discover/places/italia-turin-it",
        "location": "https://www.kickstarter.com/locations/italia-turin-it"
      }
    }
  },
  "name": "Ransomware immunizer",
  "photo": {
    "1024x576": "https://ksr-ugc.imgix.net/assets/013/553/534/c67bb8f983abcaa650e67496ef3eac9b_original.jpg?crop=faces&w=1024&h=576&fit=crop&v=1472633530&auto=format&q=92&s=5777bed8e9301fec77d931826e9bf339",
    "1536x864": "https://ksr-ugc.imgix.net/assets/013/553/534/c67bb8f983abcaa650e67496ef3eac9b_original.jpg?crop=faces&w=1552&h=873&fit=crop&v=1472633530&auto=format&q=92&s=03ec941bb925792f4078628d2c8cdac7",
    "ed": "https://ksr-ugc.imgix.net/assets/013/553/534/c67bb8f983abcaa650e67496ef3eac9b_original.jpg?crop=faces&w=352&h=198&fit=crop&v=1472633530&auto=format&q=92&s=7f6e430db3e969578521fe37498f6fd1",
    "full": "https://ksr-ugc.imgix.net/assets/013/553/534/c67bb8f983abcaa650e67496ef3eac9b_original.jpg?crop=faces&w=560&h=315&fit=crop&v=1472633530&auto=format&q=92&s=b28f3fc7b7ed10ed20daf9aa8e90aaa7",
    "key": "assets/013/553/534/c67bb8f983abcaa650e67496ef3eac9b_original.jpg",
    "little": "https://ksr-ugc.imgix.net/assets/013/553/534/c67bb8f983abcaa650e67496ef3eac9b_original.jpg?crop=faces&w=208&h=117&fit=crop&v=1472633530&auto=format&q=92&s=12bd628bbae7975d466ee80a8886b3e6",
    "med": "https://ksr-ugc.imgix.net/assets/013/553/534/c67bb8f983abcaa650e67496ef3eac9b_original.jpg?crop=faces&w=272&h=153&fit=crop&v=1472633530&auto=format&q=92&s=951adb4a65173b4da06a2f3f6f7a9da0",
    "small": "https://ksr-ugc.imgix.net/assets/013/553/534/c67bb8f983abcaa650e67496ef3eac9b_original.jpg?crop=faces&w=160&h=90&fit=crop&v=1472633530&auto=format&q=92&s=aecc3abab7fe1ab573cb2db38c7c6b57",
    "thumb": "https://ksr-ugc.imgix.net/assets/013/553/534/c67bb8f983abcaa650e67496ef3eac9b_original.jpg?crop=faces&w=48&h=27&fit=crop&v=1472633530&auto=format&q=92&s=47cdb302fa58e650778841260a8ba337"
  },
  "pledged": 762.0,
  "profile": {
    "background_color": null,
    "background_image_opacity": 0.8,
    "blurb": null,
    "feature_image_attributes": {
      "image_urls": {
        "baseball_card": "https://ksr-ugc.imgix.net/assets/013/553/534/c67bb8f983abcaa650e67496ef3eac9b_original.jpg?crop=faces&w=560&h=315&fit=crop&v=1472633530&auto=format&q=92&s=b28f3fc7b7ed10ed20daf9aa8e90aaa7",
        "default": "https://ksr-ugc.imgix.net/assets/013/553/534/c67bb8f983abcaa650e67496ef3eac9b_original.jpg?crop=faces&w=1552&h=873&fit=crop&v=1472633530&auto=format&q=92&s=03ec941bb925792f4078628d2c8cdac7"
      }
    },
    "id": 2643970,
    "link_background_color": null,
    "link_text": null,
    "link_text_color": null,
    "link_url": null,
    "name": null,
    "project_id": 2643970,
    "should_show_feature_image_section": true,
    "show_feature_image": false,
    "state": "inactive",
    "state_changed_at": 1471550439,
    "text_color": null
  },
  "slug": "ransomware-immunizer",
  "spotlight": false,
  "staff_pick": false,
  "state": "failed",
  "state_changed_at": 1476525421,
  "static_usd_rate": 1.11594688,
  "urls": {
    "web": {
      "project": "https://www.kickstarter.com/projects/1707157687/ransomware-immunizer?ref=category_newest",
      "rewards": "https://www.kickstarter.com/projects/1707157687/ransomware-immunizer/rewards"
    }
  },
  "usd_pledged": "850.35152256",
  "usd_type": "international"
}