{
  "backers_count": 202,
  "blurb": "The Creation Station is a high performance, low cost CNC router designed for the maker, hobbyist, artist or educator.",
  "category": {
    "color": 6526716,
    "id": 335,
    "name": "Fabrication Tools",
    "parent_id": 16,
    "position": 5,
    "slug": "technology/fabrication tools",
    "urls": {
      "web": {
        "discover": "http://www.kickstarter.com/discover/categories/technology/fabrication%20tools"
      }
    }
  },
  "converted_pledged_amount": 150986,
  "country": "US",
  "created_at": 1401307321,
  "creator": {
    "avatar": {
      "medium": "https://ksr-ugc.imgix.net/assets/006/104/384/a5b14321ba72751687f4e8256fd55023_original.png?w=160&h=160&fit=crop&v=1461366809&auto=format&q=92&s=0537af91018e858dd1e144d2db9b98dc",
      "small": "https://ksr-ugc.imgix.net/assets/006/104/384/a5b14321ba72751687f4e8256fd55023_original.png?w=160&h=160&fit=crop&v=1461366809&auto=format&q=92&s=0537af91018e858dd1e144d2db9b98dc",
      "thumb": "https://ksr-ugc.imgix.net/assets/006/104/384/a5b14321ba72751687f4e8256fd55023_original.png?w=40&h=40&fit=crop&v=1461366809&auto=format&q=92&s=edb72d47eeb5bb905973ce78a9ceecf8"
    },
    "chosen_currency": null,
    "id": 1417197574,
    "is_registered": true,
    "name": "Innovation Squared LLC",
    "urls": {
      "api": {
        "user": "https://api.kickstarter.com/v1/users/1417197574?signature=1524100799.ae6d1f7c0032891d05404bbea310c5b15289db9d"
      },
      "web": {
        "user": "https://www.kickstarter.com/profile/1417197574"
      }
    }
  },
  "currency": "USD",
  "currency_symbol": "$",
  "currency_trailing_code": true,
  "current_currency": "USD",
  "deadline": 1406937600,
  "disable_communication": false,
  "fx_rate": 1.0,
  "goal": 80000.0,
  "id": 1010018624,
  "is_starrable": false,
  "launched_at": 1404151240,
  "location": {
    "country": "US",
    "displayable_name": "Buffalo, NY",
    "id": 2371464,
    "is_root": false,
    "localized_name": "Buffalo",
    "name": "Buffalo",
    "short_name": "Buffalo, NY",
    "slug": "buffalo-ny",
    "state": "NY",
    "type": "Town",
    "urls": {
      "api": {
        "nearby_projects": "https://api.kickstarter.com/v1/discover?signature=1524082111.63700885dfd06a0a465a2ddce65a7d581deb122d&woe_id=2371464"
      },
      "web": {
        "discover": "https://www.kickstarter.com/discover/places/buffalo-ny",
        "location": "https://www.kickstarter.com/locations/buffalo-ny"
      }
    }
  },
  "name": "The Creation Station Open Source CNC Router",
  "photo": {
    "1024x576": "https://ksr-ugc.imgix.net/assets/011/714/114/8ba22eb7dee80ac1c113498c2f1a0738_original.png?crop=faces&w=1024&h=576&fit=crop&v=1463687172&auto=format&q=92&s=920a2c5e5c010037abe3191bc0c9d4fe",
    "1536x864": "https://ksr-ugc.imgix.net/assets/011/714/114/8ba22eb7dee80ac1c113498c2f1a0738_original.png?crop=faces&w=1552&h=873&fit=crop&v=1463687172&auto=format&q=92&s=3e0ba3dfd882194ca7d16e0469bde106",
    "ed": "https://ksr-ugc.imgix.net/assets/011/714/114/8ba22eb7dee80ac1c113498c2f1a0738_original.png?crop=faces&w=352&h=198&fit=crop&v=1463687172&auto=format&q=92&s=ef6a5d1a51206bf264a249bd5e18b412",
    "full": "https://ksr-ugc.imgix.net/assets/011/714/114/8ba22eb7dee80ac1c113498c2f1a0738_original.png?crop=faces&w=560&h=315&fit=crop&v=1463687172&auto=format&q=92&s=ef07811f4a693ab068512cfa416a0e7d",
    "key": "assets/011/714/114/8ba22eb7dee80ac1c113498c2f1a0738_original.png",
    "little": "https://ksr-ugc.imgix.net/assets/011/714/114/8ba22eb7dee80ac1c113498c2f1a0738_original.png?crop=faces&w=208&h=117&fit=crop&v=1463687172&auto=format&q=92&s=116606cb86a59cd450c8b4a29b12098e",
    "med": "https://ksr-ugc.imgix.net/assets/011/714/114/8ba22eb7dee80ac1c113498c2f1a0738_original.png?crop=faces&w=272&h=153&fit=crop&v=1463687172&auto=format&q=92&s=c9bf77ecc23d67df6edb73971b33ad55",
    "small": "https://ksr-ugc.imgix.net/assets/011/714/114/8ba22eb7dee80ac1c113498c2f1a0738_original.png?crop=faces&w=160&h=90&fit=crop&v=1463687172&auto=format&q=92&s=eff6ffc5ffac9d58e4d3c17cf5b8d00b",
    "thumb": "https://ksr-ugc.imgix.net/assets/011/714/114/8ba22eb7dee80ac1c113498c2f1a0738_original.png?crop=faces&w=48&h=27&fit=crop&v=1463687172&auto=format&q=92&s=51c8ba82f19bb5f8213462649b2e7d5a"
  },
  "pledged": 150986.0,
  "profile": {
    "background_color": null,
    "background_image_opacity": 0.8,
    "blurb": null,
    "feature_image_attributes": {
      "image_urls": {
        "baseball_card": "https://ksr-ugc.imgix.net/assets/011/714/114/8ba22eb7dee80ac1c113498c2f1a0738_original.png?crop=faces&w=560&h=315&fit=crop&v=1463687172&auto=format&q=92&s=ef07811f4a693ab068512cfa416a0e7d",
        "default": "https://ksr-ugc.imgix.net/assets/011/714/114/8ba22eb7dee80ac1c113498c2f1a0738_original.png?crop=faces&w=1552&h=873&fit=crop&v=1463687172&auto=format&q=92&s=3e0ba3dfd882194ca7d16e0469bde106"
      }
    },
    "id": 1042842,
    "link_background_color": null,
    "link_text": null,
    "link_text_color": null,
    "link_url": null,
    "name": null,
    "project_id": 1042842,
    "should_show_feature_image_section": true,
    "show_feature_image": false,
    "state": "inactive",
    "state_changed_at": 1425915858,
    "text_color": null
  },
  "slug": "the-creation-station-open-source-cnc-router",
  "spotlight": true,
  "staff_pick": true,
  "state": "successful",
  "state_changed_at": 1406937612,
  "static_usd_rate": 1.0,
  "urls": {
    "web": {
      "project": "https://www.kickstarter.com/projects/1417197574/the-creation-station-open-source-cnc-router?ref=category_newest",
      "rewards": "https://www.kickstarter.com/projects/1417197574/the-creation-station-open-source-cnc-router/rewards"
    }
  },
  "usd_pledged": "150986.0",
  "usd_type": "international"
}