{
  "backers_count": 35,
  "blurb": "This gem is unlike any other on Earth. I think it is more sparkly than any other blue gem. It is also a very hard, durable gem!",
  "category": {
    "color": 6526716,
    "id": 341,
    "name": "Wearables",
    "parent_id": 16,
    "position": 14,
    "slug": "technology/wearables",
    "urls": {
      "web": {
        "discover": "http://www.kickstarter.com/discover/categories/technology/wearables"
      }
    }
  },
  "converted_pledged_amount": 3194,
  "country": "US",
  "created_at": 1455929718,
  "creator": {
    "avatar": {
      "medium": "https://ksr-ugc.imgix.net/assets/005/910/750/bdc2d513865ce2f84b308aa522c16de8_original.jpg?w=160&h=160&fit=crop&v=1461098103&auto=format&q=92&s=0cd39bbdea1c990dda327cfa3de96f8a",
      "small": "https://ksr-ugc.imgix.net/assets/005/910/750/bdc2d513865ce2f84b308aa522c16de8_original.jpg?w=160&h=160&fit=crop&v=1461098103&auto=format&q=92&s=0cd39bbdea1c990dda327cfa3de96f8a",
      "thumb": "https://ksr-ugc.imgix.net/assets/005/910/750/bdc2d513865ce2f84b308aa522c16de8_original.jpg?w=40&h=40&fit=crop&v=1461098103&auto=format&q=92&s=efc672093c478d936d15aab2c04119b1"
    },
    "chosen_currency": null,
    "id": 1257885357,
    "is_registered": true,
    "name": "Larry Paul Kelley",
    "slug": "diamondencore",
    "urls": {
      "api": {
        "user": "https://api.kickstarter.com/v1/users/1257885357?signature=1524102764.092deead451bdbd0c65164ce404e53ae69316895"
      },
      "web": {
        "user": "https://www.kickstarter.com/profile/diamondencore"
      }
    }
  },
  "currency": "USD",
  "currency_symbol": "$",
  "currency_trailing_code": true,
  "current_currency": "USD",
  "deadline": 1460582592,
  "disable_communication": false,
  "fx_rate": 1.0,
  "goal": 22500.0,
  "id": 101015450,
  "is_starrable": false,
  "launched_at": 1456266192,
  "location": {
    "country": "US",
    "displayable_name": "Muskegon, MI",
    "id": 2456611,
    "is_root": false,
    "localized_name": "Muskegon",
    "name": "Muskegon",
    "short_name": "Muskegon, MI",
    "slug": "muskegon-mi",
    "state": "MI",
    "type": "Town",
    "urls": {
      "api": {
        "nearby_projects": "https://api.kickstarter.com/v1/discover?signature=1524082255.e272f02c3ed51bc0fd07df68acd489b834ece792&woe_id=2456611"
      },
      "web": {
        "discover": "https://www.kickstarter.com/discover/places/muskegon-mi",
        "location": "https://www.kickstarter.com/locations/muskegon-mi"
      }
    }
  },
  "name": "A Beautiful New Blue Gem!",
  "photo": {
    "1024x576": "https://ksr-ugc.imgix.net/assets/012/385/811/be077d3b499962bde638dc634abdd72e_original.jpg?crop=faces&w=1024&h=576&fit=crop&v=1463758337&auto=format&q=92&s=9f94443e428a2a4cc94c3964d2d8ea77",
    "1536x864": "https://ksr-ugc.imgix.net/assets/012/385/811/be077d3b499962bde638dc634abdd72e_original.jpg?crop=faces&w=1552&h=873&fit=crop&v=1463758337&auto=format&q=92&s=4b3eeeb94dc5cad0add2d3c509ced6eb",
    "ed": "https://ksr-ugc.imgix.net/assets/012/385/811/be077d3b499962bde638dc634abdd72e_original.jpg?crop=faces&w=352&h=198&fit=crop&v=1463758337&auto=format&q=92&s=dae245a6723131ad6d1f2a516fa67148",
    "full": "https://ksr-ugc.imgix.net/assets/012/385/811/be077d3b499962bde638dc634abdd72e_original.jpg?crop=faces&w=560&h=315&fit=crop&v=1463758337&auto=format&q=92&s=051b3538326ba48c51b611e7ac4aa265",
    "key": "assets/012/385/811/be077d3b499962bde638dc634abdd72e_original.jpg",
    "little": "https://ksr-ugc.imgix.net/assets/012/385/811/be077d3b499962bde638dc634abdd72e_original.jpg?crop=faces&w=208&h=117&fit=crop&v=1463758337&auto=format&q=92&s=1814c2700772d2cf822ecb816d4fef09",
    "med": "https://ksr-ugc.imgix.net/assets/012/385/811/be077d3b499962bde638dc634abdd72e_original.jpg?crop=faces&w=272&h=153&fit=crop&v=1463758337&auto=format&q=92&s=61fb7b6a27d597aa03de5a2072bc2d27",
    "small": "https://ksr-ugc.imgix.net/assets/012/385/811/be077d3b499962bde638dc634abdd72e_original.jpg?crop=faces&w=160&h=90&fit=crop&v=1463758337&auto=format&q=92&s=de07936ad62669041717b2b715cedf9b",
    "thumb": "https://ksr-ugc.imgix.net/assets/012/385/811/be077d3b499962bde638dc634abdd72e_original.jpg?crop=faces&w=48&h=27&fit=crop&v=1463758337&auto=format&q=92&s=af4f5449204be60b5ecba170e054af39"
  },
  "pledged": 3194.0,
  "profile": {
    "background_color": null,
    "background_image_opacity": 0.8,
    "blurb": null,
    "feature_image_attributes": {
      "image_urls": {
        "baseball_card": "https://ksr-ugc.imgix.net/assets/012/385/811/be077d3b499962bde638dc634abdd72e_original.jpg?crop=faces&w=560&h=315&fit=crop&v=1463758337&auto=format&q=92&s=051b3538326ba48c51b611e7ac4aa265",
        "default": "https://ksr-ugc.imgix.net/assets/012/385/811/be077d3b499962bde638dc634abdd72e_original.jpg?crop=faces&w=1552&h=873&fit=crop&v=1463758337&auto=format&q=92&s=4b3eeeb94dc5cad0add2d3c509ced6eb"
      }
    },
    "id": 2383773,
    "link_background_color": null,
    "link_text": null,
    "link_text_color": null,
    "link_url": null,
    "name": null,
    "project_id": 2383773,
    "should_show_feature_image_section": true,
    "show_feature_image": false,
    "state": "inactive",
    "state_changed_at": 1455929718,
    "text_color": null
  },
  "slug": "a-beautiful-new-blue-gem",
  "spotlight": false,
  "staff_pick": false,
  "state": "failed",
  "state_changed_at": 1460582592,
  "static_usd_rate": 1.0,
  "urls": {
    "web": {
      "project": "https://www.kickstarter.com/projects/diamondencore/a-beautiful-new-blue-gem?ref=category_newest",
      "rewards": "https://www.kickstarter.com/projects/diamondencore/a-beautiful-new-blue-gem/rewards"
    }
  },
  "usd_pledged": "3194.0",
  "usd_type": "international"
}