{
  "backers_count": 12,
  "blurb": "A new interactive online classroom resource for children, promoting and celebrating reading and writing skills.\n\nBookwormz.co.uk",
  "category": {
    "color": 6526716,
    "id": 342,
    "name": "Web",
    "parent_id": 16,
    "position": 15,
    "slug": "technology/web",
    "urls": {
      "web": {
        "discover": "http://www.kickstarter.com/discover/categories/technology/web"
      }
    }
  },
  "converted_pledged_amount": 4083,
  "country": "GB",
  "created_at": 1439422174,
  "creator": {
    "avatar": {
      "medium": "https://ksr-ugc.imgix.net/assets/007/895/970/d5164b060370926a9327d9b6e2dac22a_original.JPG?w=160&h=160&fit=crop&v=1461489304&auto=format&q=92&s=1baabd05ec803a6767343e439a0ba3ce",
      "small": "https://ksr-ugc.imgix.net/assets/007/895/970/d5164b060370926a9327d9b6e2dac22a_original.JPG?w=160&h=160&fit=crop&v=1461489304&auto=format&q=92&s=1baabd05ec803a6767343e439a0ba3ce",
      "thumb": "https://ksr-ugc.imgix.net/assets/007/895/970/d5164b060370926a9327d9b6e2dac22a_original.JPG?w=40&h=40&fit=crop&v=1461489304&auto=format&q=92&s=eed1636ac2f48c766e27c9231c42ae0e"
    },
    "chosen_currency": null,
    "id": 528484115,
    "is_registered": true,
    "name": "Kelly Hall",
    "urls": {
      "api": {
        "user": "https://api.kickstarter.com/v1/users/528484115?signature=1524103233.e3284d12ca460cb8f6e91473de0f774218395bfb"
      },
      "web": {
        "user": "https://www.kickstarter.com/profile/528484115"
      }
    }
  },
  "currency": "GBP",
  "currency_symbol": "\u00a3",
  "currency_trailing_code": false,
  "current_currency": "USD",
  "deadline": 1446717677,
  "disable_communication": false,
  "fx_rate": 1.43358488,
  "goal": 50000.0,
  "id": 1011131069,
  "is_starrable": false,
  "launched_at": 1443690077,
  "location": {
    "country": "GB",
    "displayable_name": "Essex, UK",
    "id": 12602168,
    "is_root": false,
    "localized_name": "Essex",
    "name": "Essex",
    "short_name": "Essex, UK",
    "slug": "essex-gb",
    "state": "England",
    "type": "County",
    "urls": {
      "api": {
        "nearby_projects": "https://api.kickstarter.com/v1/discover?signature=1524082115.ae83cf2f41e89280da2a9266ff7ab8f03358bbf9&woe_id=12602168"
      },
      "web": {
        "discover": "https://www.kickstarter.com/discover/places/essex-gb",
        "location": "https://www.kickstarter.com/locations/essex-gb"
      }
    }
  },
  "name": "bookwormz.co.uk",
  "photo": {
    "1024x576": "https://ksr-ugc.imgix.net/assets/012/223/344/649ab578147c1074f975dc06e5912514_original.png?crop=faces&w=1024&h=576&fit=crop&v=1463743715&auto=format&q=92&s=d2e7b92237e7b61595cd69bd2f7d4dc8",
    "1536x864": "https://ksr-ugc.imgix.net/assets/012/223/344/649ab578147c1074f975dc06e5912514_original.png?crop=faces&w=1552&h=873&fit=crop&v=1463743715&auto=format&q=92&s=9f42b170043a6ae73c0b22cecb2dfb19",
    "ed": "https://ksr-ugc.imgix.net/assets/012/223/344/649ab578147c1074f975dc06e5912514_original.png?crop=faces&w=352&h=198&fit=crop&v=1463743715&auto=format&q=92&s=0d78c953b912ec41475ff5d68c82f946",
    "full": "https://ksr-ugc.imgix.net/assets/012/223/344/649ab578147c1074f975dc06e5912514_original.png?crop=faces&w=560&h=315&fit=crop&v=1463743715&auto=format&q=92&s=39164c123962f1e9ce32d058efd94f0d",
    "key": "assets/012/223/344/649ab578147c1074f975dc06e5912514_original.png",
    "little": "https://ksr-ugc.imgix.net/assets/012/223/344/649ab578147c1074f975dc06e5912514_original.png?crop=faces&w=208&h=117&fit=crop&v=1463743715&auto=format&q=92&s=45e4659d9baaddcf3ab4670216e7795f",
    "med": "https://ksr-ugc.imgix.net/assets/012/223/344/649ab578147c1074f975dc06e5912514_original.png?crop=faces&w=272&h=153&fit=crop&v=1463743715&auto=format&q=92&s=50b3b011f65b933a64a1dace50bbbb55",
    "small": "https://ksr-ugc.imgix.net/assets/012/223/344/649ab578147c1074f975dc06e5912514_original.png?crop=faces&w=160&h=90&fit=crop&v=1463743715&auto=format&q=92&s=3e6f8e91d7e436c7e683d9893bb3cbd5",
    "thumb": "https://ksr-ugc.imgix.net/assets/012/223/344/649ab578147c1074f975dc06e5912514_original.png?crop=faces&w=48&h=27&fit=crop&v=1463743715&auto=format&q=92&s=8474ce4eab9d5d8a246522cb6dd3d5cd"
  },
  "pledged": 2654.0,
  "profile": {
    "background_color": null,
    "background_image_opacity": 0.8,
    "blurb": null,
    "feature_image_attributes": {
      "image_urls": {
        "baseball_card": "https://ksr-ugc.imgix.net/assets/012/223/344/649ab578147c1074f975dc06e5912514_original.png?crop=faces&w=560&h=315&fit=crop&v=1463743715&auto=format&q=92&s=39164c123962f1e9ce32d058efd94f0d",
        "default": "https://ksr-ugc.imgix.net/assets/012/223/344/649ab578147c1074f975dc06e5912514_original.png?crop=faces&w=1552&h=873&fit=crop&v=1463743715&auto=format&q=92&s=9f42b170043a6ae73c0b22cecb2dfb19"
      }
    },
    "id": 2065141,
    "link_background_color": null,
    "link_text": null,
    "link_text_color": null,
    "link_url": null,
    "name": null,
    "project_id": 2065141,
    "should_show_feature_image_section": true,
    "show_feature_image": false,
    "state": "inactive",
    "state_changed_at": 1439422174,
    "text_color": null
  },
  "slug": "bookwormzcouk",
  "spotlight": false,
  "staff_pick": false,
  "state": "failed",
  "state_changed_at": 1446717680,
  "static_usd_rate": 1.51558552,
  "urls": {
    "web": {
      "project": "https://www.kickstarter.com/projects/528484115/bookwormzcouk?ref=category_newest",
      "rewards": "https://www.kickstarter.com/projects/528484115/bookwormzcouk/rewards"
    }
  },
  "usd_pledged": "4022.36397008",
  "usd_type": "international"
}