{
  "backers_count": 2,
  "blurb": "Compact drone that transmits live video to an LCD screen, that displays the drones status, like return to home, for aerial photography.",
  "category": {
    "color": 6526716,
    "id": 336,
    "name": "Flight",
    "parent_id": 16,
    "position": 6,
    "slug": "technology/flight",
    "urls": {
      "web": {
        "discover": "http://www.kickstarter.com/discover/categories/technology/flight"
      }
    }
  },
  "converted_pledged_amount": 50,
  "country": "US",
  "created_at": 1427705364,
  "creator": {
    "avatar": {
      "medium": "https://ksr-ugc.imgix.net/assets/009/740/568/ec09e002f531fbca5393e55e307c5359_original.jpg?w=160&h=160&fit=crop&v=1461625005&auto=format&q=92&s=6a6c6942a42761b1efada94b12777a11",
      "small": "https://ksr-ugc.imgix.net/assets/009/740/568/ec09e002f531fbca5393e55e307c5359_original.jpg?w=160&h=160&fit=crop&v=1461625005&auto=format&q=92&s=6a6c6942a42761b1efada94b12777a11",
      "thumb": "https://ksr-ugc.imgix.net/assets/009/740/568/ec09e002f531fbca5393e55e307c5359_original.jpg?w=40&h=40&fit=crop&v=1461625005&auto=format&q=92&s=b8b7daeb9e4648c69c234a023e078c25"
    },
    "chosen_currency": null,
    "id": 1886194937,
    "is_registered": true,
    "name": "Raymundo",
    "urls": {
      "api": {
        "user": "https://api.kickstarter.com/v1/users/1886194937?signature=1524100882.01284c0a554e9be4ebf68b86967ea9e28b97f0b9"
      },
      "web": {
        "user": "https://www.kickstarter.com/profile/1886194937"
      }
    }
  },
  "currency": "USD",
  "currency_symbol": "$",
  "currency_trailing_code": true,
  "current_currency": "USD",
  "deadline": 1430931354,
  "disable_communication": false,
  "fx_rate": 1.0,
  "goal": 200.0,
  "id": 1011895837,
  "is_starrable": false,
  "launched_at": 1428339354,
  "location": {
    "country": "US",
    "displayable_name": "Sacramento, CA",
    "id": 2486340,
    "is_root": false,
    "localized_name": "Sacramento",
    "name": "Sacramento",
    "short_name": "Sacramento, CA",
    "slug": "sacramento-ca",
    "state": "CA",
    "type": "Town",
    "urls": {
      "api": {
        "nearby_projects": "https://api.kickstarter.com/v1/discover?signature=1524082111.6f4c94b57e4b9d7c176e92f9af76eccda0e80273&woe_id=2486340"
      },
      "web": {
        "discover": "https://www.kickstarter.com/discover/places/sacramento-ca",
        "location": "https://www.kickstarter.com/locations/sacramento-ca"
      }
    }
  },
  "name": "RC Drone",
  "photo": {
    "1024x576": "https://ksr-ugc.imgix.net/assets/012/089/619/ea71508f87589d82cec43a604a1b176d_original.jpg?crop=faces&w=1024&h=576&fit=crop&v=1463730937&auto=format&q=92&s=213dc250ea80ddce4ebb6adb7fb00da4",
    "1536x864": "https://ksr-ugc.imgix.net/assets/012/089/619/ea71508f87589d82cec43a604a1b176d_original.jpg?crop=faces&w=1552&h=873&fit=crop&v=1463730937&auto=format&q=92&s=9e7d559b6c851e1415dc01a78092a68a",
    "ed": "https://ksr-ugc.imgix.net/assets/012/089/619/ea71508f87589d82cec43a604a1b176d_original.jpg?crop=faces&w=352&h=198&fit=crop&v=1463730937&auto=format&q=92&s=a15f9e30dfe4f109bee12ecad4f73e19",
    "full": "https://ksr-ugc.imgix.net/assets/012/089/619/ea71508f87589d82cec43a604a1b176d_original.jpg?crop=faces&w=560&h=315&fit=crop&v=1463730937&auto=format&q=92&s=cf8c271a82c2643f84a4c92edfc5e322",
    "key": "assets/012/089/619/ea71508f87589d82cec43a604a1b176d_original.jpg",
    "little": "https://ksr-ugc.imgix.net/assets/012/089/619/ea71508f87589d82cec43a604a1b176d_original.jpg?crop=faces&w=208&h=117&fit=crop&v=1463730937&auto=format&q=92&s=cb1f1390435a05b4cc4baca0354eccda",
    "med": "https://ksr-ugc.imgix.net/assets/012/089/619/ea71508f87589d82cec43a604a1b176d_original.jpg?crop=faces&w=272&h=153&fit=crop&v=1463730937&auto=format&q=92&s=40ef3c28519f8769e971ff7f23cabc71",
    "small": "https://ksr-ugc.imgix.net/assets/012/089/619/ea71508f87589d82cec43a604a1b176d_original.jpg?crop=faces&w=160&h=90&fit=crop&v=1463730937&auto=format&q=92&s=f73be0e0b4bc91c496f96256b6df29f1",
    "thumb": "https://ksr-ugc.imgix.net/assets/012/089/619/ea71508f87589d82cec43a604a1b176d_original.jpg?crop=faces&w=48&h=27&fit=crop&v=1463730937&auto=format&q=92&s=abfc9f295b91afaca8d1f0d5aa82e92b"
  },
  "pledged": 50.0,
  "profile": {
    "background_color": null,
    "background_image_opacity": 0.8,
    "blurb": null,
    "feature_image_attributes": {
      "image_urls": {
        "baseball_card": "https://ksr-ugc.imgix.net/assets/012/089/619/ea71508f87589d82cec43a604a1b176d_original.jpg?crop=faces&w=560&h=315&fit=crop&v=1463730937&auto=format&q=92&s=cf8c271a82c2643f84a4c92edfc5e322",
        "default": "https://ksr-ugc.imgix.net/assets/012/089/619/ea71508f87589d82cec43a604a1b176d_original.jpg?crop=faces&w=1552&h=873&fit=crop&v=1463730937&auto=format&q=92&s=9e7d559b6c851e1415dc01a78092a68a"
      }
    },
    "id": 1808428,
    "link_background_color": null,
    "link_text": null,
    "link_text_color": null,
    "link_url": null,
    "name": null,
    "project_id": 1808428,
    "should_show_feature_image_section": true,
    "show_feature_image": false,
    "state": "inactive",
    "state_changed_at": 1427705364,
    "text_color": null
  },
  "slug": "rc-drone",
  "spotlight": false,
  "staff_pick": false,
  "state": "failed",
  "state_changed_at": 1430931359,
  "static_usd_rate": 1.0,
  "urls": {
    "web": {
      "project": "https://www.kickstarter.com/projects/1886194937/rc-drone?ref=category_newest",
      "rewards": "https://www.kickstarter.com/projects/1886194937/rc-drone/rewards"
    }
  },
  "usd_pledged": "50.0",
  "usd_type": "international"
}