{
  "backers_count": 1,
  "blurb": "URL Shrinker with full analytics for all devices. An extension to https://zipl.it",
  "category": {
    "color": 6526716,
    "id": 16,
    "name": "Technology",
    "position": 14,
    "slug": "technology",
    "urls": {
      "web": {
        "discover": "http://www.kickstarter.com/discover/categories/technology"
      }
    }
  },
  "converted_pledged_amount": 1,
  "country": "US",
  "created_at": 1521336047,
  "creator": {
    "avatar": {
      "medium": "https://ksr-ugc.imgix.net/assets/007/562/847/109f779bc115df837537408b48f1b078_original.jpg?w=160&h=160&fit=crop&v=1461464540&auto=format&q=92&s=eaa08fb8182c9010e44781bf50ac572c",
      "small": "https://ksr-ugc.imgix.net/assets/007/562/847/109f779bc115df837537408b48f1b078_original.jpg?w=160&h=160&fit=crop&v=1461464540&auto=format&q=92&s=eaa08fb8182c9010e44781bf50ac572c",
      "thumb": "https://ksr-ugc.imgix.net/assets/007/562/847/109f779bc115df837537408b48f1b078_original.jpg?w=40&h=40&fit=crop&v=1461464540&auto=format&q=92&s=04ed2f2b3991c77cb8ab71c7828bcee8"
    },
    "chosen_currency": null,
    "id": 698500945,
    "is_registered": true,
    "name": "Micheal Dhane",
    "urls": {
      "api": {
        "user": "https://api.kickstarter.com/v1/users/698500945?signature=1524099513.45bbc1a0a28683397d9b845dc41f140eb2791d97"
      },
      "web": {
        "user": "https://www.kickstarter.com/profile/698500945"
      }
    }
  },
  "currency": "USD",
  "currency_symbol": "$",
  "currency_trailing_code": true,
  "current_currency": "USD",
  "deadline": 1524495425,
  "disable_communication": false,
  "fx_rate": 1.0,
  "goal": 10000.0,
  "id": 1011740041,
  "is_starrable": true,
  "launched_at": 1521903425,
  "location": {
    "country": "US",
    "displayable_name": "Waco, TX",
    "id": 2512937,
    "is_root": false,
    "localized_name": "Waco",
    "name": "Waco",
    "short_name": "Waco, TX",
    "slug": "waco-tx",
    "state": "TX",
    "type": "Town",
    "urls": {
      "api": {
        "nearby_projects": "https://api.kickstarter.com/v1/discover?signature=1524082121.903aa1d8deb5401f0f8a2561ae4c428143b0d46d&woe_id=2512937"
      },
      "web": {
        "discover": "https://www.kickstarter.com/discover/places/waco-tx",
        "location": "https://www.kickstarter.com/locations/waco-tx"
      }
    }
  },
  "name": "URL shrinker tracker for all devices with full analytics",
  "photo": {
    "1024x576": "https://ksr-ugc.imgix.net/assets/020/586/240/12d1a8e498ee9bcc7941246af58747b5_original.jpg?crop=faces&w=1024&h=576&fit=crop&v=1521336116&auto=format&q=92&s=c9b14ac626237c2e6445b1658d30878b",
    "1536x864": "https://ksr-ugc.imgix.net/assets/020/586/240/12d1a8e498ee9bcc7941246af58747b5_original.jpg?crop=faces&w=1552&h=873&fit=crop&v=1521336116&auto=format&q=92&s=ff6709a98476e518073d9303bf60337c",
    "ed": "https://ksr-ugc.imgix.net/assets/020/586/240/12d1a8e498ee9bcc7941246af58747b5_original.jpg?crop=faces&w=352&h=198&fit=crop&v=1521336116&auto=format&q=92&s=57bb982f7194e0a6d0d1b131cf261853",
    "full": "https://ksr-ugc.imgix.net/assets/020/586/240/12d1a8e498ee9bcc7941246af58747b5_original.jpg?crop=faces&w=560&h=315&fit=crop&v=1521336116&auto=format&q=92&s=bbe9811e61f36215b3dea5c4fd525666",
    "key": "assets/020/586/240/12d1a8e498ee9bcc7941246af58747b5_original.jpg",
    "little": "https://ksr-ugc.imgix.net/assets/020/586/240/12d1a8e498ee9bcc7941246af58747b5_original.jpg?crop=faces&w=208&h=117&fit=crop&v=1521336116&auto=format&q=92&s=c9a91366951e99712cc3467bd2b0c150",
    "med": "https://ksr-ugc.imgix.net/assets/020/586/240/12d1a8e498ee9bcc7941246af58747b5_original.jpg?crop=faces&w=272&h=153&fit=crop&v=1521336116&auto=format&q=92&s=7b8136db59646c33b2eb9245b7cc2bb2",
    "small": "https://ksr-ugc.imgix.net/assets/020/586/240/12d1a8e498ee9bcc7941246af58747b5_original.jpg?crop=faces&w=160&h=90&fit=crop&v=1521336116&auto=format&q=92&s=111481159476ba6783626677a7432d70",
    "thumb": "https://ksr-ugc.imgix.net/assets/020/586/240/12d1a8e498ee9bcc7941246af58747b5_original.jpg?crop=faces&w=48&h=27&fit=crop&v=1521336116&auto=format&q=92&s=a36c2f6b9994b5d147c94266788d715c"
  },
  "pledged": 1.0,
  "profile": {
    "background_color": null,
    "background_image_opacity": 0.8,
    "blurb": null,
    "feature_image_attributes": {
      "image_urls": {
        "baseball_card": "https://ksr-ugc.imgix.net/assets/020/586/240/12d1a8e498ee9bcc7941246af58747b5_original.jpg?crop=faces&w=560&h=315&fit=crop&v=1521336116&auto=format&q=92&s=bbe9811e61f36215b3dea5c4fd525666",
        "default": "https://ksr-ugc.imgix.net/assets/020/586/240/12d1a8e498ee9bcc7941246af58747b5_original.jpg?crop=faces&w=1552&h=873&fit=crop&v=1521336116&auto=format&q=92&s=ff6709a98476e518073d9303bf60337c"
      }
    },
    "id": 3336217,
    "link_background_color": null,
    "link_text": null,
    "link_text_color": null,
    "link_url": null,
    "name": null,
    "project_id": 3336217,
    "should_show_feature_image_section": true,
    "show_feature_image": false,
    "state": "inactive",
    "state_changed_at": 1521336047,
    "text_color": null
  },
  "slug": "url-shrinker-tracker-for-all-devices-with-full-ana",
  "spotlight": false,
  "staff_pick": false,
  "state": "live",
  "state_changed_at": 1521903425,
  "static_usd_rate": 1.0,
  "urls": {
    "web": {
      "project": "https://www.kickstarter.com/projects/698500945/url-shrinker-tracker-for-all-devices-with-full-ana?ref=category_newest",
      "rewards": "https://www.kickstarter.com/projects/698500945/url-shrinker-tracker-for-all-devices-with-full-ana/rewards"
    }
  },
  "usd_pledged": "1.0",
  "usd_type": "international"
}