{
  "backers_count": 0,
  "blurb": "AccelerRaiser is a unique platform which is not only a crowdfunding marketplace, but a social network and business support service hub.",
  "category": {
    "color": 6526716,
    "id": 342,
    "name": "Web",
    "parent_id": 16,
    "position": 15,
    "slug": "technology/web",
    "urls": {
      "web": {
        "discover": "http://www.kickstarter.com/discover/categories/technology/web"
      }
    }
  },
  "converted_pledged_amount": 0,
  "country": "US",
  "created_at": 1421517109,
  "creator": {
    "avatar": {
      "medium": "https://ksr-ugc.imgix.net/assets/009/427/574/d0913aaf244eea8b8e339cedfadcf654_original.jpeg?w=160&h=160&fit=crop&v=1461594740&auto=format&q=92&s=12536e82cc38f6cdbf8297441a7424a1",
      "small": "https://ksr-ugc.imgix.net/assets/009/427/574/d0913aaf244eea8b8e339cedfadcf654_original.jpeg?w=160&h=160&fit=crop&v=1461594740&auto=format&q=92&s=12536e82cc38f6cdbf8297441a7424a1",
      "thumb": "https://ksr-ugc.imgix.net/assets/009/427/574/d0913aaf244eea8b8e339cedfadcf654_original.jpeg?w=40&h=40&fit=crop&v=1461594740&auto=format&q=92&s=ea4d3a6393f476adb272bf923728b36b"
    },
    "chosen_currency": null,
    "id": 1995970865,
    "is_registered": true,
    "name": "Alex Tuccio",
    "urls": {
      "api": {
        "user": "https://api.kickstarter.com/v1/users/1995970865?signature=1524103069.8f5bfd11c4d00019636bc07e88cbc2f7751e98f5"
      },
      "web": {
        "user": "https://www.kickstarter.com/profile/1995970865"
      }
    }
  },
  "currency": "USD",
  "currency_symbol": "$",
  "currency_trailing_code": true,
  "current_currency": "USD",
  "deadline": 1425691411,
  "disable_communication": false,
  "fx_rate": 1.0,
  "goal": 50000.0,
  "id": 1011026447,
  "is_starrable": false,
  "launched_at": 1421803411,
  "location": {
    "country": "US",
    "displayable_name": "New York, NY",
    "id": 2459115,
    "is_root": false,
    "localized_name": "New York",
    "name": "New York",
    "short_name": "New York, NY",
    "slug": "new-york-ny",
    "state": "NY",
    "type": "Town",
    "urls": {
      "api": {
        "nearby_projects": "https://api.kickstarter.com/v1/discover?signature=1524082109.8b002b19b247f907ed0b409cc04e5ded0a21adce&woe_id=2459115"
      },
      "web": {
        "discover": "https://www.kickstarter.com/discover/places/new-york-ny",
        "location": "https://www.kickstarter.com/locations/new-york-ny"
      }
    }
  },
  "name": "AccelerRaiser",
  "photo": {
    "1024x576": "https://ksr-ugc.imgix.net/assets/012/003/377/1b194bf25dd2722492e8fb8f7a006ff8_original.jpg?crop=faces&w=1024&h=576&fit=crop&v=1463723169&auto=format&q=92&s=9ad79393050e09219044e8eeea597db0",
    "1536x864": "https://ksr-ugc.imgix.net/assets/012/003/377/1b194bf25dd2722492e8fb8f7a006ff8_original.jpg?crop=faces&w=1552&h=873&fit=crop&v=1463723169&auto=format&q=92&s=47ac5cb73833251580c2361f0b6d3267",
    "ed": "https://ksr-ugc.imgix.net/assets/012/003/377/1b194bf25dd2722492e8fb8f7a006ff8_original.jpg?crop=faces&w=352&h=198&fit=crop&v=1463723169&auto=format&q=92&s=491e3fdb9da26782b44f3bf59b16f6b7",
    "full": "https://ksr-ugc.imgix.net/assets/012/003/377/1b194bf25dd2722492e8fb8f7a006ff8_original.jpg?crop=faces&w=560&h=315&fit=crop&v=1463723169&auto=format&q=92&s=749a9bf959aefbb69aac6f54e5ad8e50",
    "key": "assets/012/003/377/1b194bf25dd2722492e8fb8f7a006ff8_original.jpg",
    "little": "https://ksr-ugc.imgix.net/assets/012/003/377/1b194bf25dd2722492e8fb8f7a006ff8_original.jpg?crop=faces&w=208&h=117&fit=crop&v=1463723169&auto=format&q=92&s=a2fc90e0950f000b7bf66bb8b711e3a8",
    "med": "https://ksr-ugc.imgix.net/assets/012/003/377/1b194bf25dd2722492e8fb8f7a006ff8_original.jpg?crop=faces&w=272&h=153&fit=crop&v=1463723169&auto=format&q=92&s=b716db09cef5cfc175a44f0d9e5f99e7",
    "small": "https://ksr-ugc.imgix.net/assets/012/003/377/1b194bf25dd2722492e8fb8f7a006ff8_original.jpg?crop=faces&w=160&h=90&fit=crop&v=1463723169&auto=format&q=92&s=b6e22f813170abdd0c247f9316e5f660",
    "thumb": "https://ksr-ugc.imgix.net/assets/012/003/377/1b194bf25dd2722492e8fb8f7a006ff8_original.jpg?crop=faces&w=48&h=27&fit=crop&v=1463723169&auto=format&q=92&s=c1f4d187670f6844e0b7b798df8b3139"
  },
  "pledged": 0.0,
  "profile": {
    "background_color": null,
    "background_image_opacity": 0.8,
    "blurb": null,
    "feature_image_attributes": {
      "image_urls": {
        "baseball_card": "https://ksr-ugc.imgix.net/assets/012/003/377/1b194bf25dd2722492e8fb8f7a006ff8_original.jpg?crop=faces&w=560&h=315&fit=crop&v=1463723169&auto=format&q=92&s=749a9bf959aefbb69aac6f54e5ad8e50",
        "default": "https://ksr-ugc.imgix.net/assets/012/003/377/1b194bf25dd2722492e8fb8f7a006ff8_original.jpg?crop=faces&w=1552&h=873&fit=crop&v=1463723169&auto=format&q=92&s=47ac5cb73833251580c2361f0b6d3267"
      }
    },
    "id": 1637295,
    "link_background_color": null,
    "link_text": null,
    "link_text_color": null,
    "link_url": null,
    "name": null,
    "project_id": 1637295,
    "should_show_feature_image_section": true,
    "show_feature_image": false,
    "state": "inactive",
    "state_changed_at": 1425915890,
    "text_color": null
  },
  "slug": "accelerraiser",
  "spotlight": false,
  "staff_pick": false,
  "state": "failed",
  "state_changed_at": 1425691412,
  "static_usd_rate": 1.0,
  "urls": {
    "web": {
      "project": "https://www.kickstarter.com/projects/1995970865/accelerraiser?ref=category_newest",
      "rewards": "https://www.kickstarter.com/projects/1995970865/accelerraiser/rewards"
    }
  },
  "usd_pledged": "0.0",
  "usd_type": "international"
}