{
  "backers_count": 27,
  "blurb": "An affordable and feature rich (x86_64 port) iSCSI solution for general and commercial use embracing the RapidDisk modules for speed.",
  "category": {
    "color": 6526716,
    "id": 51,
    "name": "Software",
    "parent_id": 16,
    "position": 11,
    "slug": "technology/software",
    "urls": {
      "web": {
        "discover": "http://www.kickstarter.com/discover/categories/technology/software"
      }
    }
  },
  "converted_pledged_amount": 929,
  "country": "US",
  "created_at": 1343744660,
  "creator": {
    "avatar": {
      "medium": "https://ksr-ugc.imgix.net/assets/005/926/334/f64c693c9bc76d84be8e3af8a760bd37_original.jpg?w=160&h=160&fit=crop&v=1461115471&auto=format&q=92&s=6f66480f34e8269fba9907ab27948c6d",
      "small": "https://ksr-ugc.imgix.net/assets/005/926/334/f64c693c9bc76d84be8e3af8a760bd37_original.jpg?w=160&h=160&fit=crop&v=1461115471&auto=format&q=92&s=6f66480f34e8269fba9907ab27948c6d",
      "thumb": "https://ksr-ugc.imgix.net/assets/005/926/334/f64c693c9bc76d84be8e3af8a760bd37_original.jpg?w=40&h=40&fit=crop&v=1461115471&auto=format&q=92&s=799815b8206ae2279d7872b7b55ec398"
    },
    "chosen_currency": null,
    "id": 1993672464,
    "is_registered": true,
    "name": "Petros Koutoupis",
    "slug": "pkoutoupis",
    "urls": {
      "api": {
        "user": "https://api.kickstarter.com/v1/users/1993672464?signature=1524102110.cccb92c18afa1fba36dc521493f882468f0dd405"
      },
      "web": {
        "user": "https://www.kickstarter.com/profile/pkoutoupis"
      }
    }
  },
  "currency": "USD",
  "currency_symbol": "$",
  "currency_trailing_code": true,
  "current_currency": "USD",
  "deadline": 1350771808,
  "disable_communication": false,
  "fx_rate": 1.0,
  "goal": 2500.0,
  "id": 1011724893,
  "is_starrable": false,
  "launched_at": 1346883808,
  "location": {
    "country": "US",
    "displayable_name": "Chicago, IL",
    "id": 2379574,
    "is_root": false,
    "localized_name": "Chicago",
    "name": "Chicago",
    "short_name": "Chicago, IL",
    "slug": "chicago-il",
    "state": "IL",
    "type": "Town",
    "urls": {
      "api": {
        "nearby_projects": "https://api.kickstarter.com/v1/discover?signature=1524082109.31708ace3e69ccffe11c24591d897227bd8b67f0&woe_id=2379574"
      },
      "web": {
        "discover": "https://www.kickstarter.com/discover/places/chicago-il",
        "location": "https://www.kickstarter.com/locations/chicago-il"
      }
    }
  },
  "name": "RapidDisk LX 2.0: an iSCSI Target Linux Distribution",
  "photo": {
    "1024x576": "https://ksr-ugc.imgix.net/assets/011/404/149/7a695d241285a07abe6abcd13b79501d_original.png?crop=faces&w=1024&h=576&fit=crop&v=1463682189&auto=format&q=92&s=5a6574b6faceb4d4ac1217372ac9e097",
    "1536x864": "https://ksr-ugc.imgix.net/assets/011/404/149/7a695d241285a07abe6abcd13b79501d_original.png?crop=faces&w=1552&h=873&fit=crop&v=1463682189&auto=format&q=92&s=22f97c9f623c4f5074ba46fc2c201874",
    "ed": "https://ksr-ugc.imgix.net/assets/011/404/149/7a695d241285a07abe6abcd13b79501d_original.png?crop=faces&w=352&h=198&fit=crop&v=1463682189&auto=format&q=92&s=f1271644a3adbec3d18dffd8963d4f7d",
    "full": "https://ksr-ugc.imgix.net/assets/011/404/149/7a695d241285a07abe6abcd13b79501d_original.png?crop=faces&w=560&h=315&fit=crop&v=1463682189&auto=format&q=92&s=e3f8ee3cce30ac87c1bb86c759c7567e",
    "key": "assets/011/404/149/7a695d241285a07abe6abcd13b79501d_original.png",
    "little": "https://ksr-ugc.imgix.net/assets/011/404/149/7a695d241285a07abe6abcd13b79501d_original.png?crop=faces&w=208&h=117&fit=crop&v=1463682189&auto=format&q=92&s=28edf8c8770dd0a741b3f49776dae3e9",
    "med": "https://ksr-ugc.imgix.net/assets/011/404/149/7a695d241285a07abe6abcd13b79501d_original.png?crop=faces&w=272&h=153&fit=crop&v=1463682189&auto=format&q=92&s=f4a7b1b1f4aed5e008f2791497531ad1",
    "small": "https://ksr-ugc.imgix.net/assets/011/404/149/7a695d241285a07abe6abcd13b79501d_original.png?crop=faces&w=160&h=90&fit=crop&v=1463682189&auto=format&q=92&s=188b67e92c18bebadeeff2497fe00a50",
    "thumb": "https://ksr-ugc.imgix.net/assets/011/404/149/7a695d241285a07abe6abcd13b79501d_original.png?crop=faces&w=48&h=27&fit=crop&v=1463682189&auto=format&q=92&s=b4a88eb869dac3ba98cc70e09ff7992c"
  },
  "pledged": 929.66,
  "profile": {
    "background_color": null,
    "background_image_opacity": 0.8,
    "blurb": null,
    "feature_image_attributes": {
      "image_urls": {
        "baseball_card": "https://ksr-ugc.imgix.net/assets/011/404/149/7a695d241285a07abe6abcd13b79501d_original.png?crop=faces&w=560&h=315&fit=crop&v=1463682189&auto=format&q=92&s=e3f8ee3cce30ac87c1bb86c759c7567e",
        "default": "https://ksr-ugc.imgix.net/assets/011/404/149/7a695d241285a07abe6abcd13b79501d_original.png?crop=faces&w=1552&h=873&fit=crop&v=1463682189&auto=format&q=92&s=22f97c9f623c4f5074ba46fc2c201874"
      }
    },
    "id": 284584,
    "link_background_color": null,
    "link_text": null,
    "link_text_color": null,
    "link_url": null,
    "name": null,
    "project_id": 284584,
    "should_show_feature_image_section": true,
    "show_feature_image": false,
    "state": "inactive",
    "state_changed_at": 1425915815,
    "text_color": null
  },
  "slug": "rapiddisk-lx-20-an-iscsi-target-linux-distribution",
  "spotlight": false,
  "staff_pick": false,
  "state": "failed",
  "state_changed_at": 1350771809,
  "static_usd_rate": 1.0,
  "urls": {
    "web": {
      "project": "https://www.kickstarter.com/projects/pkoutoupis/rapiddisk-lx-20-an-iscsi-target-linux-distribution?ref=category_newest",
      "rewards": "https://www.kickstarter.com/projects/pkoutoupis/rapiddisk-lx-20-an-iscsi-target-linux-distribution/rewards"
    }
  },
  "usd_pledged": "929.66",
  "usd_type": "international"
}