{
  "backers_count": 2,
  "blurb": "Voter-Ed.com is the place for politicians to tell voters about themselves without political negativity! Elect your candidates wisely.",
  "category": {
    "color": 6526716,
    "id": 342,
    "name": "Web",
    "parent_id": 16,
    "position": 15,
    "slug": "technology/web",
    "urls": {
      "web": {
        "discover": "http://www.kickstarter.com/discover/categories/technology/web"
      }
    }
  },
  "converted_pledged_amount": 43,
  "country": "US",
  "created_at": 1434125587,
  "creator": {
    "avatar": {
      "medium": "https://ksr-ugc.imgix.net/assets/010/013/870/a466fed81886d6380a38e748ceaa9bb8_original.png?w=160&h=160&fit=crop&v=1461661329&auto=format&q=92&s=38f8bf4e8b8c86167fdad2160997008a",
      "small": "https://ksr-ugc.imgix.net/assets/010/013/870/a466fed81886d6380a38e748ceaa9bb8_original.png?w=160&h=160&fit=crop&v=1461661329&auto=format&q=92&s=38f8bf4e8b8c86167fdad2160997008a",
      "thumb": "https://ksr-ugc.imgix.net/assets/010/013/870/a466fed81886d6380a38e748ceaa9bb8_original.png?w=40&h=40&fit=crop&v=1461661329&auto=format&q=92&s=3ee802761ad5c1eab13847c608785168"
    },
    "chosen_currency": null,
    "id": 1847701660,
    "is_registered": true,
    "name": "Tom Knight and Jeff Halpin",
    "urls": {
      "api": {
        "user": "https://api.kickstarter.com/v1/users/1847701660?signature=1524103195.a9fc2e9cb68990508aa2ece3b7ad9e6d548feda3"
      },
      "web": {
        "user": "https://www.kickstarter.com/profile/1847701660"
      }
    }
  },
  "currency": "USD",
  "currency_symbol": "$",
  "currency_trailing_code": true,
  "current_currency": "USD",
  "deadline": 1439398928,
  "disable_communication": false,
  "fx_rate": 1.0,
  "goal": 25000.0,
  "id": 1011428880,
  "is_starrable": false,
  "launched_at": 1436806928,
  "location": {
    "country": "US",
    "displayable_name": "Buffalo, NY",
    "id": 2371464,
    "is_root": false,
    "localized_name": "Buffalo",
    "name": "Buffalo",
    "short_name": "Buffalo, NY",
    "slug": "buffalo-ny",
    "state": "NY",
    "type": "Town",
    "urls": {
      "api": {
        "nearby_projects": "https://api.kickstarter.com/v1/discover?signature=1524082111.63700885dfd06a0a465a2ddce65a7d581deb122d&woe_id=2371464"
      },
      "web": {
        "discover": "https://www.kickstarter.com/discover/places/buffalo-ny",
        "location": "https://www.kickstarter.com/locations/buffalo-ny"
      }
    }
  },
  "name": "Voter-Ed.com",
  "photo": {
    "1024x576": "https://ksr-ugc.imgix.net/assets/012/165/687/8bf488f5fd83bfcac8b747f68dfa0923_original.png?crop=faces&w=1024&h=576&fit=crop&v=1463739195&auto=format&q=92&s=b5b42afca4aee54103e9a0a9346e0fe5",
    "1536x864": "https://ksr-ugc.imgix.net/assets/012/165/687/8bf488f5fd83bfcac8b747f68dfa0923_original.png?crop=faces&w=1552&h=873&fit=crop&v=1463739195&auto=format&q=92&s=6c72cd7ce5e3951128928a249522be00",
    "ed": "https://ksr-ugc.imgix.net/assets/012/165/687/8bf488f5fd83bfcac8b747f68dfa0923_original.png?crop=faces&w=352&h=198&fit=crop&v=1463739195&auto=format&q=92&s=8ff365cf5ec1f20ead31757cb0ce9c60",
    "full": "https://ksr-ugc.imgix.net/assets/012/165/687/8bf488f5fd83bfcac8b747f68dfa0923_original.png?crop=faces&w=560&h=315&fit=crop&v=1463739195&auto=format&q=92&s=a8748e0623d89aa94e15d1bd799ad650",
    "key": "assets/012/165/687/8bf488f5fd83bfcac8b747f68dfa0923_original.png",
    "little": "https://ksr-ugc.imgix.net/assets/012/165/687/8bf488f5fd83bfcac8b747f68dfa0923_original.png?crop=faces&w=208&h=117&fit=crop&v=1463739195&auto=format&q=92&s=fcb33afcbcd7a9e71b61933ba272cc45",
    "med": "https://ksr-ugc.imgix.net/assets/012/165/687/8bf488f5fd83bfcac8b747f68dfa0923_original.png?crop=faces&w=272&h=153&fit=crop&v=1463739195&auto=format&q=92&s=ffff9afeae144517b34a7e8f6b02c700",
    "small": "https://ksr-ugc.imgix.net/assets/012/165/687/8bf488f5fd83bfcac8b747f68dfa0923_original.png?crop=faces&w=160&h=90&fit=crop&v=1463739195&auto=format&q=92&s=240744e6963929b6293f39ef961420ac",
    "thumb": "https://ksr-ugc.imgix.net/assets/012/165/687/8bf488f5fd83bfcac8b747f68dfa0923_original.png?crop=faces&w=48&h=27&fit=crop&v=1463739195&auto=format&q=92&s=228ca3cc9962ec22a47fc507055ec376"
  },
  "pledged": 43.0,
  "profile": {
    "background_color": null,
    "background_image_opacity": 0.8,
    "blurb": null,
    "feature_image_attributes": {
      "image_urls": {
        "baseball_card": "https://ksr-ugc.imgix.net/assets/012/165/687/8bf488f5fd83bfcac8b747f68dfa0923_original.png?crop=faces&w=560&h=315&fit=crop&v=1463739195&auto=format&q=92&s=a8748e0623d89aa94e15d1bd799ad650",
        "default": "https://ksr-ugc.imgix.net/assets/012/165/687/8bf488f5fd83bfcac8b747f68dfa0923_original.png?crop=faces&w=1552&h=873&fit=crop&v=1463739195&auto=format&q=92&s=6c72cd7ce5e3951128928a249522be00"
      }
    },
    "id": 1954502,
    "link_background_color": null,
    "link_text": null,
    "link_text_color": null,
    "link_url": null,
    "name": null,
    "project_id": 1954502,
    "should_show_feature_image_section": true,
    "show_feature_image": false,
    "state": "inactive",
    "state_changed_at": 1434125587,
    "text_color": null
  },
  "slug": "voter-edcom",
  "spotlight": false,
  "staff_pick": false,
  "state": "failed",
  "state_changed_at": 1439398930,
  "static_usd_rate": 1.0,
  "urls": {
    "web": {
      "project": "https://www.kickstarter.com/projects/1847701660/voter-edcom?ref=category_newest",
      "rewards": "https://www.kickstarter.com/projects/1847701660/voter-edcom/rewards"
    }
  },
  "usd_pledged": "43.0",
  "usd_type": "international"
}