{
  "backers_count": 0,
  "blurb": "I already have Developed the ForSaleCallOwner.com design and platform. I will start locally and expand nationwide. Always Free!",
  "category": {
    "color": 6526716,
    "id": 342,
    "name": "Web",
    "parent_id": 16,
    "position": 15,
    "slug": "technology/web",
    "urls": {
      "web": {
        "discover": "http://www.kickstarter.com/discover/categories/technology/web"
      }
    }
  },
  "converted_pledged_amount": 0,
  "country": "US",
  "created_at": 1407342884,
  "creator": {
    "avatar": {
      "medium": "https://ksr-ugc.imgix.net/assets/009/166/837/6836fbf284f8c6ba65c20625bcef87cc_original.jpg?w=160&h=160&fit=crop&v=1461562109&auto=format&q=92&s=bb2c4fe0c9a513fb6acf27a8544e380b",
      "small": "https://ksr-ugc.imgix.net/assets/009/166/837/6836fbf284f8c6ba65c20625bcef87cc_original.jpg?w=160&h=160&fit=crop&v=1461562109&auto=format&q=92&s=bb2c4fe0c9a513fb6acf27a8544e380b",
      "thumb": "https://ksr-ugc.imgix.net/assets/009/166/837/6836fbf284f8c6ba65c20625bcef87cc_original.jpg?w=40&h=40&fit=crop&v=1461562109&auto=format&q=92&s=dc5f378fffe053f4962e973194230929"
    },
    "chosen_currency": null,
    "id": 2047379664,
    "is_registered": true,
    "name": "Jillian Wilder",
    "slug": "forsalecallowner",
    "urls": {
      "api": {
        "user": "https://api.kickstarter.com/v1/users/2047379664?signature=1524102982.33284bb0cbc9ef91736e182018c67b933b7783ef"
      },
      "web": {
        "user": "https://www.kickstarter.com/profile/forsalecallowner"
      }
    }
  },
  "currency": "USD",
  "currency_symbol": "$",
  "currency_trailing_code": true,
  "current_currency": "USD",
  "deadline": 1411235770,
  "disable_communication": false,
  "fx_rate": 1.0,
  "goal": 6300.0,
  "id": 1011687764,
  "is_starrable": false,
  "launched_at": 1408643770,
  "location": {
    "country": "US",
    "displayable_name": "Jupiter, FL",
    "id": 2430365,
    "is_root": false,
    "localized_name": "Jupiter",
    "name": "Jupiter",
    "short_name": "Jupiter, FL",
    "slug": "jupiter-fl",
    "state": "FL",
    "type": "Town",
    "urls": {
      "api": {
        "nearby_projects": "https://api.kickstarter.com/v1/discover?signature=1524082113.909641ef97d6436897d3d9590e6a87d7471e533e&woe_id=2430365"
      },
      "web": {
        "discover": "https://www.kickstarter.com/discover/places/jupiter-fl",
        "location": "https://www.kickstarter.com/locations/jupiter-fl"
      }
    }
  },
  "name": "Best OnLine Classifieds; Ever / No More Spam",
  "photo": {
    "1024x576": "https://ksr-ugc.imgix.net/assets/011/824/819/833950767191fb6c6eb6c26b0f3f57bb_original.jpg?crop=faces&w=1024&h=576&fit=crop&v=1463700038&auto=format&q=92&s=d6572f775f36d52f92cabd869be66e9a",
    "1536x864": "https://ksr-ugc.imgix.net/assets/011/824/819/833950767191fb6c6eb6c26b0f3f57bb_original.jpg?crop=faces&w=1552&h=873&fit=crop&v=1463700038&auto=format&q=92&s=fcc42812a31771e5c0ef6ab29b9285f3",
    "ed": "https://ksr-ugc.imgix.net/assets/011/824/819/833950767191fb6c6eb6c26b0f3f57bb_original.jpg?crop=faces&w=352&h=198&fit=crop&v=1463700038&auto=format&q=92&s=05c853e3f5bcec76e8bb1340f7f6a99c",
    "full": "https://ksr-ugc.imgix.net/assets/011/824/819/833950767191fb6c6eb6c26b0f3f57bb_original.jpg?crop=faces&w=560&h=315&fit=crop&v=1463700038&auto=format&q=92&s=5cf6fab620712da6d064842422effd25",
    "key": "assets/011/824/819/833950767191fb6c6eb6c26b0f3f57bb_original.jpg",
    "little": "https://ksr-ugc.imgix.net/assets/011/824/819/833950767191fb6c6eb6c26b0f3f57bb_original.jpg?crop=faces&w=208&h=117&fit=crop&v=1463700038&auto=format&q=92&s=28304d86557eef84b6513f98c28c7f29",
    "med": "https://ksr-ugc.imgix.net/assets/011/824/819/833950767191fb6c6eb6c26b0f3f57bb_original.jpg?crop=faces&w=272&h=153&fit=crop&v=1463700038&auto=format&q=92&s=88015e4590ea80ec2661706ca26abe22",
    "small": "https://ksr-ugc.imgix.net/assets/011/824/819/833950767191fb6c6eb6c26b0f3f57bb_original.jpg?crop=faces&w=160&h=90&fit=crop&v=1463700038&auto=format&q=92&s=30cad7e773ddef202c821ffd30e0ee9f",
    "thumb": "https://ksr-ugc.imgix.net/assets/011/824/819/833950767191fb6c6eb6c26b0f3f57bb_original.jpg?crop=faces&w=48&h=27&fit=crop&v=1463700038&auto=format&q=92&s=584debe5999d23035578bf4a216f7134"
  },
  "pledged": 0.0,
  "profile": {
    "background_color": null,
    "background_image_opacity": 0.8,
    "blurb": null,
    "feature_image_attributes": {
      "image_urls": {
        "baseball_card": "https://ksr-ugc.imgix.net/assets/011/824/819/833950767191fb6c6eb6c26b0f3f57bb_original.jpg?crop=faces&w=560&h=315&fit=crop&v=1463700038&auto=format&q=92&s=5cf6fab620712da6d064842422effd25",
        "default": "https://ksr-ugc.imgix.net/assets/011/824/819/833950767191fb6c6eb6c26b0f3f57bb_original.jpg?crop=faces&w=1552&h=873&fit=crop&v=1463700038&auto=format&q=92&s=fcc42812a31771e5c0ef6ab29b9285f3"
      }
    },
    "id": 1266142,
    "link_background_color": null,
    "link_text": null,
    "link_text_color": null,
    "link_url": null,
    "name": null,
    "project_id": 1266142,
    "should_show_feature_image_section": true,
    "show_feature_image": false,
    "state": "inactive",
    "state_changed_at": 1425915870,
    "text_color": null
  },
  "slug": "best-online-classifieds-ever-no-more-spam",
  "spotlight": false,
  "staff_pick": false,
  "state": "failed",
  "state_changed_at": 1411235770,
  "static_usd_rate": 1.0,
  "urls": {
    "web": {
      "project": "https://www.kickstarter.com/projects/forsalecallowner/best-online-classifieds-ever-no-more-spam?ref=category_newest",
      "rewards": "https://www.kickstarter.com/projects/forsalecallowner/best-online-classifieds-ever-no-more-spam/rewards"
    }
  },
  "usd_pledged": "0.0",
  "usd_type": "international"
}