{
  "backers_count": 1,
  "blurb": "Patented,2013- 8,425,179 Building manual copyright 2012 Adaptable turbine engine, runs on steam, air, gas, water or in combination.",
  "category": {
    "color": 6526716,
    "id": 52,
    "name": "Hardware",
    "parent_id": 16,
    "position": 8,
    "slug": "technology/hardware",
    "urls": {
      "web": {
        "discover": "http://www.kickstarter.com/discover/categories/technology/hardware"
      }
    }
  },
  "converted_pledged_amount": 100,
  "country": "US",
  "created_at": 1399041169,
  "creator": {
    "avatar": {
      "medium": "https://ksr-ugc.imgix.net/assets/008/650/446/54fe7687523873e0f5523076df8ff45d_original.JPG?w=160&h=160&fit=crop&v=1461536896&auto=format&q=92&s=6936ec4768f7a04bcc4e3bcb1babc269",
      "small": "https://ksr-ugc.imgix.net/assets/008/650/446/54fe7687523873e0f5523076df8ff45d_original.JPG?w=160&h=160&fit=crop&v=1461536896&auto=format&q=92&s=6936ec4768f7a04bcc4e3bcb1babc269",
      "thumb": "https://ksr-ugc.imgix.net/assets/008/650/446/54fe7687523873e0f5523076df8ff45d_original.JPG?w=40&h=40&fit=crop&v=1461536896&auto=format&q=92&s=d44be0cb181c7f341bcfeaa6f4e2d497"
    },
    "chosen_currency": null,
    "id": 281795504,
    "is_registered": true,
    "name": "Daniel O. Hesting",
    "urls": {
      "api": {
        "user": "https://api.kickstarter.com/v1/users/281795504?signature=1524101776.11114c2b3e2e65c2c254ab557ecb9662364ce940"
      },
      "web": {
        "user": "https://www.kickstarter.com/profile/281795504"
      }
    }
  },
  "currency": "USD",
  "currency_symbol": "$",
  "currency_trailing_code": true,
  "current_currency": "USD",
  "deadline": 1411998240,
  "disable_communication": false,
  "fx_rate": 1.0,
  "goal": 5000.0,
  "id": 1011833151,
  "is_starrable": false,
  "launched_at": 1406846486,
  "location": {
    "country": "US",
    "displayable_name": "Wichita, KS",
    "id": 2520077,
    "is_root": false,
    "localized_name": "Wichita",
    "name": "Wichita",
    "short_name": "Wichita, KS",
    "slug": "wichita-ks",
    "state": "KS",
    "type": "Town",
    "urls": {
      "api": {
        "nearby_projects": "https://api.kickstarter.com/v1/discover?signature=1524082178.f2cb7825178fbfa36fac9a395209efafd1fbb7b0&woe_id=2520077"
      },
      "web": {
        "discover": "https://www.kickstarter.com/discover/places/wichita-ks",
        "location": "https://www.kickstarter.com/locations/wichita-ks"
      }
    }
  },
  "name": "Hesting Power Turbine",
  "photo": {
    "1024x576": "https://ksr-ugc.imgix.net/assets/011/697/398/5b81a4b9f883aa2e12da58a284ac9dda_original.JPG?crop=faces&w=1024&h=576&fit=crop&v=1463686934&auto=format&q=92&s=9dfce0c3c80d579c2f6423bc8fd4ce96",
    "1536x864": "https://ksr-ugc.imgix.net/assets/011/697/398/5b81a4b9f883aa2e12da58a284ac9dda_original.JPG?crop=faces&w=1552&h=873&fit=crop&v=1463686934&auto=format&q=92&s=ce9e3d8fda028e03c2c24ea49646b4b7",
    "ed": "https://ksr-ugc.imgix.net/assets/011/697/398/5b81a4b9f883aa2e12da58a284ac9dda_original.JPG?crop=faces&w=352&h=198&fit=crop&v=1463686934&auto=format&q=92&s=769785cfeee556107a6cbaf0ddf12be8",
    "full": "https://ksr-ugc.imgix.net/assets/011/697/398/5b81a4b9f883aa2e12da58a284ac9dda_original.JPG?crop=faces&w=560&h=315&fit=crop&v=1463686934&auto=format&q=92&s=8da0a39a01aaa97361c0cdf598c68f71",
    "key": "assets/011/697/398/5b81a4b9f883aa2e12da58a284ac9dda_original.JPG",
    "little": "https://ksr-ugc.imgix.net/assets/011/697/398/5b81a4b9f883aa2e12da58a284ac9dda_original.JPG?crop=faces&w=208&h=117&fit=crop&v=1463686934&auto=format&q=92&s=47c46d2e76d141edbdba71411b13cabf",
    "med": "https://ksr-ugc.imgix.net/assets/011/697/398/5b81a4b9f883aa2e12da58a284ac9dda_original.JPG?crop=faces&w=272&h=153&fit=crop&v=1463686934&auto=format&q=92&s=3dcb24bd4410aa6593cdb4be279f76fd",
    "small": "https://ksr-ugc.imgix.net/assets/011/697/398/5b81a4b9f883aa2e12da58a284ac9dda_original.JPG?crop=faces&w=160&h=90&fit=crop&v=1463686934&auto=format&q=92&s=e210f3f4ad44555f6fb57f29afae2024",
    "thumb": "https://ksr-ugc.imgix.net/assets/011/697/398/5b81a4b9f883aa2e12da58a284ac9dda_original.JPG?crop=faces&w=48&h=27&fit=crop&v=1463686934&auto=format&q=92&s=eb7c8b978c6bc1b39e3f4d10361c147f"
  },
  "pledged": 100.0,
  "profile": {
    "background_color": null,
    "background_image_opacity": 0.8,
    "blurb": null,
    "feature_image_attributes": {
      "image_urls": {
        "baseball_card": "https://ksr-ugc.imgix.net/assets/011/697/398/5b81a4b9f883aa2e12da58a284ac9dda_original.JPG?crop=faces&w=560&h=315&fit=crop&v=1463686934&auto=format&q=92&s=8da0a39a01aaa97361c0cdf598c68f71",
        "default": "https://ksr-ugc.imgix.net/assets/011/697/398/5b81a4b9f883aa2e12da58a284ac9dda_original.JPG?crop=faces&w=1552&h=873&fit=crop&v=1463686934&auto=format&q=92&s=ce9e3d8fda028e03c2c24ea49646b4b7"
      }
    },
    "id": 1004450,
    "link_background_color": null,
    "link_text": null,
    "link_text_color": null,
    "link_url": null,
    "name": null,
    "project_id": 1004450,
    "should_show_feature_image_section": true,
    "show_feature_image": false,
    "state": "inactive",
    "state_changed_at": 1425915855,
    "text_color": null
  },
  "slug": "hesting-power-turbine",
  "spotlight": false,
  "staff_pick": false,
  "state": "failed",
  "state_changed_at": 1411998240,
  "static_usd_rate": 1.0,
  "urls": {
    "web": {
      "project": "https://www.kickstarter.com/projects/281795504/hesting-power-turbine?ref=category_newest",
      "rewards": "https://www.kickstarter.com/projects/281795504/hesting-power-turbine/rewards"
    }
  },
  "usd_pledged": "100.0",
  "usd_type": "international"
}