{
  "backers_count": 38,
  "blurb": "Continuing the success of NanoSound DAC, we would like to introduce the Digital version - NanoSound Digital and ready-to-run Player",
  "category": {
    "color": 6526716,
    "id": 339,
    "name": "Sound",
    "parent_id": 16,
    "position": 12,
    "slug": "technology/sound",
    "urls": {
      "web": {
        "discover": "http://www.kickstarter.com/discover/categories/technology/sound"
      }
    }
  },
  "converted_pledged_amount": 1955,
  "country": "HK",
  "created_at": 1517498250,
  "creator": {
    "avatar": {
      "medium": "https://ksr-ugc.imgix.net/assets/015/944/348/e0ddc5446661714be5bb766488aca42d_original.png?w=160&h=160&fit=crop&v=1490081870&auto=format&q=92&s=58e5d38deac9574ed2bfd35b1eb5c8dd",
      "small": "https://ksr-ugc.imgix.net/assets/015/944/348/e0ddc5446661714be5bb766488aca42d_original.png?w=160&h=160&fit=crop&v=1490081870&auto=format&q=92&s=58e5d38deac9574ed2bfd35b1eb5c8dd",
      "thumb": "https://ksr-ugc.imgix.net/assets/015/944/348/e0ddc5446661714be5bb766488aca42d_original.png?w=40&h=40&fit=crop&v=1490081870&auto=format&q=92&s=3d5eec052a4f07d4c0f3610b4e9aa08f"
    },
    "chosen_currency": null,
    "id": 139994434,
    "is_registered": true,
    "name": "Nanomesher",
    "slug": "nanomesher",
    "urls": {
      "api": {
        "user": "https://api.kickstarter.com/v1/users/139994434?signature=1524102544.4403a9ff033b0b96099edf9f8e9fbc54e9d91861"
      },
      "web": {
        "user": "https://www.kickstarter.com/profile/nanomesher"
      }
    }
  },
  "currency": "HKD",
  "currency_symbol": "$",
  "currency_trailing_code": true,
  "current_currency": "USD",
  "deadline": 1520188107,
  "disable_communication": false,
  "fx_rate": 0.12739259,
  "goal": 25000.0,
  "id": 1012897355,
  "is_starrable": false,
  "launched_at": 1517596107,
  "location": {
    "country": "HK",
    "displayable_name": "Hong Kong, Hong Kong",
    "id": 2165352,
    "is_root": false,
    "localized_name": "Hong Kong",
    "name": "Hong Kong",
    "short_name": "Hong Kong, Hong Kong",
    "slug": "hong-kong-hk",
    "state": "Hong Kong Island",
    "type": "Town",
    "urls": {
      "api": {
        "nearby_projects": "https://api.kickstarter.com/v1/discover?signature=1524082113.5d479e0d689ac9e7d32eb35653124fc0b374587a&woe_id=2165352"
      },
      "web": {
        "discover": "https://www.kickstarter.com/discover/places/hong-kong-hk",
        "location": "https://www.kickstarter.com/locations/hong-kong-hk"
      }
    }
  },
  "name": "NanoSound Player & Digital Audio Transport for Raspberry Pi",
  "photo": {
    "1024x576": "https://ksr-ugc.imgix.net/assets/020/089/180/9220c122132d9e9141542fb480615f6a_original.jpg?crop=faces&w=1024&h=576&fit=crop&v=1517505842&auto=format&q=92&s=1435b6391f276a9b78b6f8ac2e31302c",
    "1536x864": "https://ksr-ugc.imgix.net/assets/020/089/180/9220c122132d9e9141542fb480615f6a_original.jpg?crop=faces&w=1552&h=873&fit=crop&v=1517505842&auto=format&q=92&s=68fc39978168f22dc0178ca70a21403e",
    "ed": "https://ksr-ugc.imgix.net/assets/020/089/180/9220c122132d9e9141542fb480615f6a_original.jpg?crop=faces&w=352&h=198&fit=crop&v=1517505842&auto=format&q=92&s=f64f13780f61ba2afe3d8323af5db6fd",
    "full": "https://ksr-ugc.imgix.net/assets/020/089/180/9220c122132d9e9141542fb480615f6a_original.jpg?crop=faces&w=560&h=315&fit=crop&v=1517505842&auto=format&q=92&s=94fd5d709446380b82a7487ddb09329a",
    "key": "assets/020/089/180/9220c122132d9e9141542fb480615f6a_original.jpg",
    "little": "https://ksr-ugc.imgix.net/assets/020/089/180/9220c122132d9e9141542fb480615f6a_original.jpg?crop=faces&w=208&h=117&fit=crop&v=1517505842&auto=format&q=92&s=2df3588a56749f136c52dd3af0c7fc45",
    "med": "https://ksr-ugc.imgix.net/assets/020/089/180/9220c122132d9e9141542fb480615f6a_original.jpg?crop=faces&w=272&h=153&fit=crop&v=1517505842&auto=format&q=92&s=906d65887e177319aa8cfe74eb69e2f4",
    "small": "https://ksr-ugc.imgix.net/assets/020/089/180/9220c122132d9e9141542fb480615f6a_original.jpg?crop=faces&w=160&h=90&fit=crop&v=1517505842&auto=format&q=92&s=bfafce41218a71f251a902d71ab66c60",
    "thumb": "https://ksr-ugc.imgix.net/assets/020/089/180/9220c122132d9e9141542fb480615f6a_original.jpg?crop=faces&w=48&h=27&fit=crop&v=1517505842&auto=format&q=92&s=8ad0f9a13e255e7331f50458cca94559"
  },
  "pledged": 15313.0,
  "profile": {
    "background_color": null,
    "background_image_opacity": 0.8,
    "blurb": null,
    "feature_image_attributes": {
      "image_urls": {
        "baseball_card": "https://ksr-ugc.imgix.net/assets/020/089/180/9220c122132d9e9141542fb480615f6a_original.jpg?crop=faces&w=560&h=315&fit=crop&v=1517505842&auto=format&q=92&s=94fd5d709446380b82a7487ddb09329a",
        "default": "https://ksr-ugc.imgix.net/assets/020/089/180/9220c122132d9e9141542fb480615f6a_original.jpg?crop=faces&w=1552&h=873&fit=crop&v=1517505842&auto=format&q=92&s=68fc39978168f22dc0178ca70a21403e"
      }
    },
    "id": 3295910,
    "link_background_color": null,
    "link_text": null,
    "link_text_color": null,
    "link_url": null,
    "name": null,
    "project_id": 3295910,
    "should_show_feature_image_section": true,
    "show_feature_image": false,
    "state": "inactive",
    "state_changed_at": 1517498250,
    "text_color": null
  },
  "slug": "nanosound-player-and-digital-transport-for-raspber",
  "spotlight": false,
  "staff_pick": false,
  "state": "failed",
  "state_changed_at": 1520188107,
  "static_usd_rate": 0.12786824,
  "urls": {
    "web": {
      "project": "https://www.kickstarter.com/projects/nanomesher/nanosound-player-and-digital-transport-for-raspber?ref=category_newest",
      "rewards": "https://www.kickstarter.com/projects/nanomesher/nanosound-player-and-digital-transport-for-raspber/rewards"
    }
  },
  "usd_pledged": "1958.04635912",
  "usd_type": "international"
}