{
  "backers_count": 33,
  "blurb": "Momenta: personalized keychains and pendants that allow you to save and share your life\u2019s unique memories and events.",
  "category": {
    "color": 6526716,
    "id": 341,
    "name": "Wearables",
    "parent_id": 16,
    "position": 14,
    "slug": "technology/wearables",
    "urls": {
      "web": {
        "discover": "http://www.kickstarter.com/discover/categories/technology/wearables"
      }
    }
  },
  "converted_pledged_amount": 2554,
  "country": "US",
  "created_at": 1516623890,
  "creator": {
    "avatar": {
      "medium": "https://ksr-ugc.imgix.net/assets/020/134/169/cfcd463b28427f1f6b2cf9d496700506_original.png?w=160&h=160&fit=crop&v=1517872207&auto=format&q=92&s=689368757a04698e29efb6e2a9b38a7f",
      "small": "https://ksr-ugc.imgix.net/assets/020/134/169/cfcd463b28427f1f6b2cf9d496700506_original.png?w=160&h=160&fit=crop&v=1517872207&auto=format&q=92&s=689368757a04698e29efb6e2a9b38a7f",
      "thumb": "https://ksr-ugc.imgix.net/assets/020/134/169/cfcd463b28427f1f6b2cf9d496700506_original.png?w=40&h=40&fit=crop&v=1517872207&auto=format&q=92&s=27115bb298577682163a580ccb3d77d5"
    },
    "chosen_currency": null,
    "id": 1010066362,
    "is_registered": true,
    "name": "Travis Ziebro & Mark Lancaster",
    "urls": {
      "api": {
        "user": "https://api.kickstarter.com/v1/users/1010066362?signature=1524102820.3d028d6beb3cc39e31a25997104142354245cab4"
      },
      "web": {
        "user": "https://www.kickstarter.com/profile/1010066362"
      }
    }
  },
  "currency": "USD",
  "currency_symbol": "$",
  "currency_trailing_code": true,
  "current_currency": "USD",
  "deadline": 1521126021,
  "disable_communication": false,
  "fx_rate": 1.0,
  "goal": 25000.0,
  "id": 101272312,
  "is_starrable": false,
  "launched_at": 1518537621,
  "location": {
    "country": "US",
    "displayable_name": "Houston, TX",
    "id": 2424766,
    "is_root": false,
    "localized_name": "Houston",
    "name": "Houston",
    "short_name": "Houston, TX",
    "slug": "houston-tx",
    "state": "TX",
    "type": "Town",
    "urls": {
      "api": {
        "nearby_projects": "https://api.kickstarter.com/v1/discover?signature=1524082110.d515a4d0da140649118811d7c8495340c1099473&woe_id=2424766"
      },
      "web": {
        "discover": "https://www.kickstarter.com/discover/places/houston-tx",
        "location": "https://www.kickstarter.com/locations/houston-tx"
      }
    }
  },
  "name": "Momenta :: Save and Share Your Best Memories in a Unique Way",
  "photo": {
    "1024x576": "https://ksr-ugc.imgix.net/assets/020/120/126/f6bf1abdaec04d3e59a779bc128303b3_original.jpg?crop=faces&w=1024&h=576&fit=crop&v=1517769349&auto=format&q=92&s=c6e134d0f2b3763ae2aadb61f1408861",
    "1536x864": "https://ksr-ugc.imgix.net/assets/020/120/126/f6bf1abdaec04d3e59a779bc128303b3_original.jpg?crop=faces&w=1552&h=873&fit=crop&v=1517769349&auto=format&q=92&s=5171939076e583d11b90535bdd99dca7",
    "ed": "https://ksr-ugc.imgix.net/assets/020/120/126/f6bf1abdaec04d3e59a779bc128303b3_original.jpg?crop=faces&w=352&h=198&fit=crop&v=1517769349&auto=format&q=92&s=cfd843f3209c1b0fa011dd8dd73e0145",
    "full": "https://ksr-ugc.imgix.net/assets/020/120/126/f6bf1abdaec04d3e59a779bc128303b3_original.jpg?crop=faces&w=560&h=315&fit=crop&v=1517769349&auto=format&q=92&s=700c89a284eb6ddbec8e61e6df173ccb",
    "key": "assets/020/120/126/f6bf1abdaec04d3e59a779bc128303b3_original.jpg",
    "little": "https://ksr-ugc.imgix.net/assets/020/120/126/f6bf1abdaec04d3e59a779bc128303b3_original.jpg?crop=faces&w=208&h=117&fit=crop&v=1517769349&auto=format&q=92&s=152adb3e36d53ce747e6c5d016129c39",
    "med": "https://ksr-ugc.imgix.net/assets/020/120/126/f6bf1abdaec04d3e59a779bc128303b3_original.jpg?crop=faces&w=272&h=153&fit=crop&v=1517769349&auto=format&q=92&s=1be949d715aace7b1c66b04e45a81293",
    "small": "https://ksr-ugc.imgix.net/assets/020/120/126/f6bf1abdaec04d3e59a779bc128303b3_original.jpg?crop=faces&w=160&h=90&fit=crop&v=1517769349&auto=format&q=92&s=7620d81a98626d17023099a50480a931",
    "thumb": "https://ksr-ugc.imgix.net/assets/020/120/126/f6bf1abdaec04d3e59a779bc128303b3_original.jpg?crop=faces&w=48&h=27&fit=crop&v=1517769349&auto=format&q=92&s=0e6be522be00800a3d39b760693b7974"
  },
  "pledged": 2554.0,
  "profile": {
    "background_color": null,
    "background_image_opacity": 0.8,
    "blurb": null,
    "feature_image_attributes": {
      "image_urls": {
        "baseball_card": "https://ksr-ugc.imgix.net/assets/020/120/126/f6bf1abdaec04d3e59a779bc128303b3_original.jpg?crop=faces&w=560&h=315&fit=crop&v=1517769349&auto=format&q=92&s=700c89a284eb6ddbec8e61e6df173ccb",
        "default": "https://ksr-ugc.imgix.net/assets/020/120/126/f6bf1abdaec04d3e59a779bc128303b3_original.jpg?crop=faces&w=1552&h=873&fit=crop&v=1517769349&auto=format&q=92&s=5171939076e583d11b90535bdd99dca7"
      }
    },
    "id": 3284669,
    "link_background_color": null,
    "link_text": null,
    "link_text_color": null,
    "link_url": null,
    "name": null,
    "project_id": 3284669,
    "should_show_feature_image_section": true,
    "show_feature_image": false,
    "state": "inactive",
    "state_changed_at": 1516623890,
    "text_color": null
  },
  "slug": "momenta-save-and-share-your-best-memories-in-a-uni",
  "spotlight": false,
  "staff_pick": false,
  "state": "failed",
  "state_changed_at": 1521126021,
  "static_usd_rate": 1.0,
  "urls": {
    "web": {
      "project": "https://www.kickstarter.com/projects/1010066362/momenta-save-and-share-your-best-memories-in-a-uni?ref=category_newest",
      "rewards": "https://www.kickstarter.com/projects/1010066362/momenta-save-and-share-your-best-memories-in-a-uni/rewards"
    }
  },
  "usd_pledged": "2554.0",
  "usd_type": "international"
}