{
  "backers_count": 2,
  "blurb": "We aim to buy a 3d printer and start a little Italian company that 3d prints phone covers and accessories at low cost.",
  "category": {
    "color": 6526716,
    "id": 331,
    "name": "3D Printing",
    "parent_id": 16,
    "position": 1,
    "slug": "technology/3d printing",
    "urls": {
      "web": {
        "discover": "http://www.kickstarter.com/discover/categories/technology/3d%20printing"
      }
    }
  },
  "converted_pledged_amount": 39,
  "country": "IT",
  "created_at": 1437055985,
  "creator": {
    "avatar": {
      "medium": "https://ksr-ugc.imgix.net/assets/008/219/581/0050ad4e29b7441921743198deed25ae_original.jpg?w=160&h=160&fit=crop&v=1461510640&auto=format&q=92&s=af7d3d95b61e572add334c59bfeca8a9",
      "small": "https://ksr-ugc.imgix.net/assets/008/219/581/0050ad4e29b7441921743198deed25ae_original.jpg?w=160&h=160&fit=crop&v=1461510640&auto=format&q=92&s=af7d3d95b61e572add334c59bfeca8a9",
      "thumb": "https://ksr-ugc.imgix.net/assets/008/219/581/0050ad4e29b7441921743198deed25ae_original.jpg?w=40&h=40&fit=crop&v=1461510640&auto=format&q=92&s=61cb218ec0d035e1c355455291a24f39"
    },
    "chosen_currency": null,
    "id": 526324365,
    "is_registered": true,
    "name": "Francesco Bossi",
    "urls": {
      "api": {
        "user": "https://api.kickstarter.com/v1/users/526324365?signature=1524100020.68d6622e9a3f173237b752f84df0e2b7fb2388a1"
      },
      "web": {
        "user": "https://www.kickstarter.com/profile/526324365"
      }
    }
  },
  "currency": "EUR",
  "currency_symbol": "\u20ac",
  "currency_trailing_code": false,
  "current_currency": "USD",
  "deadline": 1439652705,
  "disable_communication": false,
  "fx_rate": 1.23814016,
  "goal": 2000.0,
  "id": 1012487499,
  "is_starrable": false,
  "launched_at": 1437060705,
  "location": {
    "country": "IT",
    "displayable_name": "Trieste, Italy",
    "id": 725300,
    "is_root": false,
    "localized_name": "Trieste",
    "name": "Trieste",
    "short_name": "Trieste, Italy",
    "slug": "trieste-trieste-friuli-venezia-giulia",
    "state": "Friuli-Venezia Giulia",
    "type": "Town",
    "urls": {
      "api": {
        "nearby_projects": "https://api.kickstarter.com/v1/discover?signature=1524082196.879489cc6ad32108bab14aae918ddac379a4933e&woe_id=725300"
      },
      "web": {
        "discover": "https://www.kickstarter.com/discover/places/trieste-trieste-friuli-venezia-giulia",
        "location": "https://www.kickstarter.com/locations/trieste-trieste-friuli-venezia-giulia"
      }
    }
  },
  "name": "The cover startup!",
  "photo": {
    "1024x576": "https://ksr-ugc.imgix.net/assets/012/198/820/df54cb2be4c3e6fde5041e2d1cae647a_original.jpg?crop=faces&w=1024&h=576&fit=crop&v=1463741284&auto=format&q=92&s=b666c99aa20acab6078a44bca0c2f6c7",
    "1536x864": "https://ksr-ugc.imgix.net/assets/012/198/820/df54cb2be4c3e6fde5041e2d1cae647a_original.jpg?crop=faces&w=1552&h=873&fit=crop&v=1463741284&auto=format&q=92&s=9e925639317210b220312390e8da5c12",
    "ed": "https://ksr-ugc.imgix.net/assets/012/198/820/df54cb2be4c3e6fde5041e2d1cae647a_original.jpg?crop=faces&w=352&h=198&fit=crop&v=1463741284&auto=format&q=92&s=c6d56db1831257396be4b876ef1b7bfa",
    "full": "https://ksr-ugc.imgix.net/assets/012/198/820/df54cb2be4c3e6fde5041e2d1cae647a_original.jpg?crop=faces&w=560&h=315&fit=crop&v=1463741284&auto=format&q=92&s=6deb5804e706801a64b5ea89c1e8663d",
    "key": "assets/012/198/820/df54cb2be4c3e6fde5041e2d1cae647a_original.jpg",
    "little": "https://ksr-ugc.imgix.net/assets/012/198/820/df54cb2be4c3e6fde5041e2d1cae647a_original.jpg?crop=faces&w=208&h=117&fit=crop&v=1463741284&auto=format&q=92&s=c9e7d60cc47ff820ad4e7b700335d420",
    "med": "https://ksr-ugc.imgix.net/assets/012/198/820/df54cb2be4c3e6fde5041e2d1cae647a_original.jpg?crop=faces&w=272&h=153&fit=crop&v=1463741284&auto=format&q=92&s=0d2aee0c063c8f200e8772f3f51a212b",
    "small": "https://ksr-ugc.imgix.net/assets/012/198/820/df54cb2be4c3e6fde5041e2d1cae647a_original.jpg?crop=faces&w=160&h=90&fit=crop&v=1463741284&auto=format&q=92&s=df5e05479dcc9284b5feba299234135e",
    "thumb": "https://ksr-ugc.imgix.net/assets/012/198/820/df54cb2be4c3e6fde5041e2d1cae647a_original.jpg?crop=faces&w=48&h=27&fit=crop&v=1463741284&auto=format&q=92&s=09687158b993c52dca66b3393f0e95c3"
  },
  "pledged": 36.0,
  "profile": {
    "background_color": null,
    "background_image_opacity": 0.8,
    "blurb": null,
    "feature_image_attributes": {
      "image_urls": {
        "baseball_card": "https://ksr-ugc.imgix.net/assets/012/198/820/df54cb2be4c3e6fde5041e2d1cae647a_original.jpg?crop=faces&w=560&h=315&fit=crop&v=1463741284&auto=format&q=92&s=6deb5804e706801a64b5ea89c1e8663d",
        "default": "https://ksr-ugc.imgix.net/assets/012/198/820/df54cb2be4c3e6fde5041e2d1cae647a_original.jpg?crop=faces&w=1552&h=873&fit=crop&v=1463741284&auto=format&q=92&s=9e925639317210b220312390e8da5c12"
      }
    },
    "id": 2017899,
    "link_background_color": null,
    "link_text": null,
    "link_text_color": null,
    "link_url": null,
    "name": null,
    "project_id": 2017899,
    "should_show_feature_image_section": true,
    "show_feature_image": false,
    "state": "inactive",
    "state_changed_at": 1437055985,
    "text_color": null
  },
  "slug": "the-cover-startup",
  "spotlight": false,
  "staff_pick": false,
  "state": "failed",
  "state_changed_at": 1439652706,
  "static_usd_rate": 1.10004103,
  "urls": {
    "web": {
      "project": "https://www.kickstarter.com/projects/526324365/the-cover-startup?ref=category_newest",
      "rewards": "https://www.kickstarter.com/projects/526324365/the-cover-startup/rewards"
    }
  },
  "usd_pledged": "39.60147708",
  "usd_type": "international"
}