{
  "backers_count": 2,
  "blurb": "Handheld digital TPMS pressure gauge, that measures object temperature along with pressure, then displays the Effective CIP.",
  "category": {
    "color": 6526716,
    "id": 52,
    "name": "Hardware",
    "parent_id": 16,
    "position": 8,
    "slug": "technology/hardware",
    "urls": {
      "web": {
        "discover": "http://www.kickstarter.com/discover/categories/technology/hardware"
      }
    }
  },
  "converted_pledged_amount": 11,
  "country": "US",
  "created_at": 1378731368,
  "creator": {
    "avatar": {
      "medium": "https://ksr-ugc.imgix.net/assets/007/943/367/96501e67fbdcf76015b128ae099eab43_original.jpg?w=160&h=160&fit=crop&v=1461492719&auto=format&q=92&s=75f890174214bebaf01fc4077e5a7d23",
      "small": "https://ksr-ugc.imgix.net/assets/007/943/367/96501e67fbdcf76015b128ae099eab43_original.jpg?w=160&h=160&fit=crop&v=1461492719&auto=format&q=92&s=75f890174214bebaf01fc4077e5a7d23",
      "thumb": "https://ksr-ugc.imgix.net/assets/007/943/367/96501e67fbdcf76015b128ae099eab43_original.jpg?w=40&h=40&fit=crop&v=1461492719&auto=format&q=92&s=3b72f2c07b0f4e72113d50b00b69c47a"
    },
    "chosen_currency": null,
    "id": 1585885325,
    "is_registered": true,
    "name": "Dan Ross",
    "urls": {
      "api": {
        "user": "https://api.kickstarter.com/v1/users/1585885325?signature=1524101717.4f6941d9e4e0db53a51551141741fac59b25f43b"
      },
      "web": {
        "user": "https://www.kickstarter.com/profile/1585885325"
      }
    }
  },
  "currency": "USD",
  "currency_symbol": "$",
  "currency_trailing_code": true,
  "current_currency": "USD",
  "deadline": 1385385494,
  "disable_communication": false,
  "fx_rate": 1.0,
  "goal": 1800.0,
  "id": 101231027,
  "is_starrable": false,
  "launched_at": 1383657494,
  "location": {
    "country": "US",
    "displayable_name": "Romeo, MI",
    "id": 2484277,
    "is_root": false,
    "localized_name": "Romeo",
    "name": "Romeo",
    "short_name": "Romeo, MI",
    "slug": "romeo-mi",
    "state": "MI",
    "type": "Town",
    "urls": {
      "api": {
        "nearby_projects": "https://api.kickstarter.com/v1/discover?signature=1524082422.a4d37b918b5516dbb2e35c487c1ce52896700aea&woe_id=2484277"
      },
      "web": {
        "discover": "https://www.kickstarter.com/discover/places/romeo-mi",
        "location": "https://www.kickstarter.com/locations/romeo-mi"
      }
    }
  },
  "name": "TireBuddy",
  "photo": {
    "1024x576": "https://ksr-ugc.imgix.net/assets/011/574/675/b7fff6e64b50c58db0efa30a84cbdb83_original.JPG?crop=faces&w=1024&h=576&fit=crop&v=1463684681&auto=format&q=92&s=0122564e954be95e349ba84c34449721",
    "1536x864": "https://ksr-ugc.imgix.net/assets/011/574/675/b7fff6e64b50c58db0efa30a84cbdb83_original.JPG?crop=faces&w=1552&h=873&fit=crop&v=1463684681&auto=format&q=92&s=5bdcdc83b72e3a8438b7dd81821c29f6",
    "ed": "https://ksr-ugc.imgix.net/assets/011/574/675/b7fff6e64b50c58db0efa30a84cbdb83_original.JPG?crop=faces&w=352&h=198&fit=crop&v=1463684681&auto=format&q=92&s=0a712b9f157872f6b24a5d0df095894f",
    "full": "https://ksr-ugc.imgix.net/assets/011/574/675/b7fff6e64b50c58db0efa30a84cbdb83_original.JPG?crop=faces&w=560&h=315&fit=crop&v=1463684681&auto=format&q=92&s=19bb833d0d5c1c86c5edf524f9ac2de5",
    "key": "assets/011/574/675/b7fff6e64b50c58db0efa30a84cbdb83_original.JPG",
    "little": "https://ksr-ugc.imgix.net/assets/011/574/675/b7fff6e64b50c58db0efa30a84cbdb83_original.JPG?crop=faces&w=208&h=117&fit=crop&v=1463684681&auto=format&q=92&s=004221bf7b2457e1419b218edd1e197d",
    "med": "https://ksr-ugc.imgix.net/assets/011/574/675/b7fff6e64b50c58db0efa30a84cbdb83_original.JPG?crop=faces&w=272&h=153&fit=crop&v=1463684681&auto=format&q=92&s=4ef35764fbc1766d54be70244cc8a181",
    "small": "https://ksr-ugc.imgix.net/assets/011/574/675/b7fff6e64b50c58db0efa30a84cbdb83_original.JPG?crop=faces&w=160&h=90&fit=crop&v=1463684681&auto=format&q=92&s=4e00937d6ad9caca641cbb604a9f5916",
    "thumb": "https://ksr-ugc.imgix.net/assets/011/574/675/b7fff6e64b50c58db0efa30a84cbdb83_original.JPG?crop=faces&w=48&h=27&fit=crop&v=1463684681&auto=format&q=92&s=9be1d202a5d5c1c36a1220c6ed9c73ac"
  },
  "pledged": 11.0,
  "profile": {
    "background_color": null,
    "background_image_opacity": 0.8,
    "blurb": null,
    "feature_image_attributes": {
      "image_urls": {
        "baseball_card": "https://ksr-ugc.imgix.net/assets/011/574/675/b7fff6e64b50c58db0efa30a84cbdb83_original.JPG?crop=faces&w=560&h=315&fit=crop&v=1463684681&auto=format&q=92&s=19bb833d0d5c1c86c5edf524f9ac2de5",
        "default": "https://ksr-ugc.imgix.net/assets/011/574/675/b7fff6e64b50c58db0efa30a84cbdb83_original.JPG?crop=faces&w=1552&h=873&fit=crop&v=1463684681&auto=format&q=92&s=5bdcdc83b72e3a8438b7dd81821c29f6"
      }
    },
    "id": 691236,
    "link_background_color": null,
    "link_text": null,
    "link_text_color": null,
    "link_url": null,
    "name": null,
    "project_id": 691236,
    "should_show_feature_image_section": true,
    "show_feature_image": false,
    "state": "inactive",
    "state_changed_at": 1425915837,
    "text_color": null
  },
  "slug": "tirebuddy",
  "spotlight": false,
  "staff_pick": false,
  "state": "failed",
  "state_changed_at": 1385385494,
  "static_usd_rate": 1.0,
  "urls": {
    "web": {
      "project": "https://www.kickstarter.com/projects/1585885325/tirebuddy?ref=category_newest",
      "rewards": "https://www.kickstarter.com/projects/1585885325/tirebuddy/rewards"
    }
  },
  "usd_pledged": "11.0",
  "usd_type": "international"
}