{
  "backers_count": 124,
  "blurb": "Custom designed to be extra small. Gives you more space on your breadboard. Environmentally friendly lead-free construction.",
  "category": {
    "color": 6526716,
    "id": 334,
    "name": "DIY Electronics",
    "parent_id": 16,
    "position": 4,
    "slug": "technology/diy electronics",
    "urls": {
      "web": {
        "discover": "http://www.kickstarter.com/discover/categories/technology/diy%20electronics"
      }
    }
  },
  "converted_pledged_amount": 3665,
  "country": "US",
  "created_at": 1461887781,
  "creator": {
    "avatar": {
      "medium": "https://ksr-ugc.imgix.net/assets/011/041/867/1052e0e8a0da1e6adcd57af87a558221_original.jpg?w=160&h=160&fit=crop&v=1461891404&auto=format&q=92&s=101f629a7304e65d5dcd58f5e0428fcf",
      "small": "https://ksr-ugc.imgix.net/assets/011/041/867/1052e0e8a0da1e6adcd57af87a558221_original.jpg?w=160&h=160&fit=crop&v=1461891404&auto=format&q=92&s=101f629a7304e65d5dcd58f5e0428fcf",
      "thumb": "https://ksr-ugc.imgix.net/assets/011/041/867/1052e0e8a0da1e6adcd57af87a558221_original.jpg?w=40&h=40&fit=crop&v=1461891404&auto=format&q=92&s=1a36ef7b94a283425188beb700d84129"
    },
    "chosen_currency": null,
    "id": 1257390142,
    "is_registered": true,
    "name": "Frank Fox",
    "urls": {
      "api": {
        "user": "https://api.kickstarter.com/v1/users/1257390142?signature=1524100688.bd026811f30edf76d78debf29022ededd58be313"
      },
      "web": {
        "user": "https://www.kickstarter.com/profile/1257390142"
      }
    }
  },
  "currency": "USD",
  "currency_symbol": "$",
  "currency_trailing_code": true,
  "current_currency": "USD",
  "deadline": 1490699636,
  "disable_communication": false,
  "fx_rate": 1.0,
  "goal": 500.0,
  "id": 1012787929,
  "is_starrable": false,
  "launched_at": 1488543236,
  "location": {
    "country": "US",
    "displayable_name": "High Point, NC",
    "id": 2421250,
    "is_root": false,
    "localized_name": "High Point",
    "name": "High Point",
    "short_name": "High Point, NC",
    "slug": "high-point-nc",
    "state": "NC",
    "type": "Town",
    "urls": {
      "api": {
        "nearby_projects": "https://api.kickstarter.com/v1/discover?signature=1524082255.627af881a79edcf39383033f28734a638c62a919&woe_id=2421250"
      },
      "web": {
        "discover": "https://www.kickstarter.com/discover/places/high-point-nc",
        "location": "https://www.kickstarter.com/locations/high-point-nc"
      }
    }
  },
  "name": "Basic and Advanced Breakout Boards Plus More!",
  "photo": {
    "1024x576": "https://ksr-ugc.imgix.net/assets/012/440/755/4d89374b4a979314c02bd4a30df760b9_original.png?crop=faces&w=1024&h=576&fit=crop&v=1488165826&auto=format&q=92&s=047d6b5d190ecb71889ad66b264ac331",
    "1536x864": "https://ksr-ugc.imgix.net/assets/012/440/755/4d89374b4a979314c02bd4a30df760b9_original.png?crop=faces&w=1552&h=873&fit=crop&v=1488165826&auto=format&q=92&s=eba2af25f931a370f2db2335df9c4826",
    "ed": "https://ksr-ugc.imgix.net/assets/012/440/755/4d89374b4a979314c02bd4a30df760b9_original.png?crop=faces&w=352&h=198&fit=crop&v=1488165826&auto=format&q=92&s=ff8412674c673f4b230d34d774673690",
    "full": "https://ksr-ugc.imgix.net/assets/012/440/755/4d89374b4a979314c02bd4a30df760b9_original.png?crop=faces&w=560&h=315&fit=crop&v=1488165826&auto=format&q=92&s=47b4e33666b09f86daec3004c3ad4541",
    "key": "assets/012/440/755/4d89374b4a979314c02bd4a30df760b9_original.png",
    "little": "https://ksr-ugc.imgix.net/assets/012/440/755/4d89374b4a979314c02bd4a30df760b9_original.png?crop=faces&w=208&h=117&fit=crop&v=1488165826&auto=format&q=92&s=1ab1f6469b146c0d3ec8dde6e8286356",
    "med": "https://ksr-ugc.imgix.net/assets/012/440/755/4d89374b4a979314c02bd4a30df760b9_original.png?crop=faces&w=272&h=153&fit=crop&v=1488165826&auto=format&q=92&s=cf76467e89a67597c149948c258463ca",
    "small": "https://ksr-ugc.imgix.net/assets/012/440/755/4d89374b4a979314c02bd4a30df760b9_original.png?crop=faces&w=160&h=90&fit=crop&v=1488165826&auto=format&q=92&s=760a3ab7fddfec0c9f358e5acd7edefd",
    "thumb": "https://ksr-ugc.imgix.net/assets/012/440/755/4d89374b4a979314c02bd4a30df760b9_original.png?crop=faces&w=48&h=27&fit=crop&v=1488165826&auto=format&q=92&s=96b2b17b2dd51b352abeed3ba55dc9d6"
  },
  "pledged": 3665.0,
  "profile": {
    "background_color": null,
    "background_image_opacity": 0.8,
    "blurb": null,
    "feature_image_attributes": {
      "image_urls": {
        "baseball_card": "https://ksr-ugc.imgix.net/assets/012/440/755/4d89374b4a979314c02bd4a30df760b9_original.png?crop=faces&w=560&h=315&fit=crop&v=1488165826&auto=format&q=92&s=47b4e33666b09f86daec3004c3ad4541",
        "default": "https://ksr-ugc.imgix.net/assets/012/440/755/4d89374b4a979314c02bd4a30df760b9_original.png?crop=faces&w=1552&h=873&fit=crop&v=1488165826&auto=format&q=92&s=eba2af25f931a370f2db2335df9c4826"
      }
    },
    "id": 2492551,
    "link_background_color": null,
    "link_text": null,
    "link_text_color": null,
    "link_url": null,
    "name": null,
    "project_id": 2492551,
    "should_show_feature_image_section": true,
    "show_feature_image": false,
    "state": "inactive",
    "state_changed_at": 1461887781,
    "text_color": null
  },
  "slug": "basic-and-advanced-breakout-boards-plus-more",
  "spotlight": true,
  "staff_pick": false,
  "state": "successful",
  "state_changed_at": 1490699636,
  "static_usd_rate": 1.0,
  "urls": {
    "web": {
      "project": "https://www.kickstarter.com/projects/1257390142/basic-and-advanced-breakout-boards-plus-more?ref=category_newest",
      "rewards": "https://www.kickstarter.com/projects/1257390142/basic-and-advanced-breakout-boards-plus-more/rewards"
    }
  },
  "usd_pledged": "3665.0",
  "usd_type": "international"
}