{
  "backers_count": 7,
  "blurb": "Blocks that demonstrate the concept of self-replication using levers and magnets",
  "category": {
    "color": 6526716,
    "id": 52,
    "name": "Hardware",
    "parent_id": 16,
    "position": 8,
    "slug": "technology/hardware",
    "urls": {
      "web": {
        "discover": "http://www.kickstarter.com/discover/categories/technology/hardware"
      }
    }
  },
  "converted_pledged_amount": 355,
  "country": "GB",
  "created_at": 1382279534,
  "creator": {
    "avatar": {
      "medium": "https://ksr-ugc.imgix.net/assets/008/078/473/a3aaa1e057850ded59134052ceaa1ada_original.jpg?w=160&h=160&fit=crop&v=1461501287&auto=format&q=92&s=4d459f2b371d32ba02d2f1fe57d59b15",
      "small": "https://ksr-ugc.imgix.net/assets/008/078/473/a3aaa1e057850ded59134052ceaa1ada_original.jpg?w=160&h=160&fit=crop&v=1461501287&auto=format&q=92&s=4d459f2b371d32ba02d2f1fe57d59b15",
      "thumb": "https://ksr-ugc.imgix.net/assets/008/078/473/a3aaa1e057850ded59134052ceaa1ada_original.jpg?w=40&h=40&fit=crop&v=1461501287&auto=format&q=92&s=c05ebf1c2484dddec4655d2ef9269819"
    },
    "chosen_currency": null,
    "id": 958653771,
    "is_registered": true,
    "name": "Alexander Martinez-Marquese",
    "urls": {
      "api": {
        "user": "https://api.kickstarter.com/v1/users/958653771?signature=1524101724.7836fdf4a8ecb5f38140e5e7be3e566e97d9047a"
      },
      "web": {
        "user": "https://www.kickstarter.com/profile/958653771"
      }
    }
  },
  "currency": "GBP",
  "currency_symbol": "\u00a3",
  "currency_trailing_code": false,
  "current_currency": "USD",
  "deadline": 1388221155,
  "disable_communication": false,
  "fx_rate": 1.43358488,
  "goal": 6000.0,
  "id": 1012060419,
  "is_starrable": false,
  "launched_at": 1385629155,
  "location": {
    "country": "GB",
    "displayable_name": "London, UK",
    "id": 44418,
    "is_root": false,
    "localized_name": "London",
    "name": "London",
    "short_name": "London, UK",
    "slug": "london-gb",
    "state": "England",
    "type": "Town",
    "urls": {
      "api": {
        "nearby_projects": "https://api.kickstarter.com/v1/discover?signature=1524082109.5118e135081e740cf60892f6b56ae9d8b8d0db64&woe_id=44418"
      },
      "web": {
        "discover": "https://www.kickstarter.com/discover/places/london-gb",
        "location": "https://www.kickstarter.com/locations/london-gb"
      }
    }
  },
  "name": "Self Replicating Blocks",
  "photo": {
    "1024x576": "https://ksr-ugc.imgix.net/assets/011/594/391/8cbdec326f4300ac89aebdeffc27b17c_original.jpg?crop=faces&w=1024&h=576&fit=crop&v=1463684970&auto=format&q=92&s=0d94c0e1dabe30f3997d4334b9d75107",
    "1536x864": "https://ksr-ugc.imgix.net/assets/011/594/391/8cbdec326f4300ac89aebdeffc27b17c_original.jpg?crop=faces&w=1552&h=873&fit=crop&v=1463684970&auto=format&q=92&s=e8ba747803e762c827c2db38c3c7d216",
    "ed": "https://ksr-ugc.imgix.net/assets/011/594/391/8cbdec326f4300ac89aebdeffc27b17c_original.jpg?crop=faces&w=352&h=198&fit=crop&v=1463684970&auto=format&q=92&s=6a5f7e479ffde9542572dbf40fcf358a",
    "full": "https://ksr-ugc.imgix.net/assets/011/594/391/8cbdec326f4300ac89aebdeffc27b17c_original.jpg?crop=faces&w=560&h=315&fit=crop&v=1463684970&auto=format&q=92&s=794b4e3cc136d08ce9b33a3e4178948b",
    "key": "assets/011/594/391/8cbdec326f4300ac89aebdeffc27b17c_original.jpg",
    "little": "https://ksr-ugc.imgix.net/assets/011/594/391/8cbdec326f4300ac89aebdeffc27b17c_original.jpg?crop=faces&w=208&h=117&fit=crop&v=1463684970&auto=format&q=92&s=99a9c3ffddba75d3006eec4f6ad92e8a",
    "med": "https://ksr-ugc.imgix.net/assets/011/594/391/8cbdec326f4300ac89aebdeffc27b17c_original.jpg?crop=faces&w=272&h=153&fit=crop&v=1463684970&auto=format&q=92&s=3ed7c589e62d76125dece90eede9bc29",
    "small": "https://ksr-ugc.imgix.net/assets/011/594/391/8cbdec326f4300ac89aebdeffc27b17c_original.jpg?crop=faces&w=160&h=90&fit=crop&v=1463684970&auto=format&q=92&s=83466cab7904b2d13d26285e3e65a023",
    "thumb": "https://ksr-ugc.imgix.net/assets/011/594/391/8cbdec326f4300ac89aebdeffc27b17c_original.jpg?crop=faces&w=48&h=27&fit=crop&v=1463684970&auto=format&q=92&s=b8593ba95faf163fa04cd268d40d468a"
  },
  "pledged": 216.0,
  "profile": {
    "background_color": null,
    "background_image_opacity": 0.8,
    "blurb": null,
    "feature_image_attributes": {
      "image_urls": {
        "baseball_card": "https://ksr-ugc.imgix.net/assets/011/594/391/8cbdec326f4300ac89aebdeffc27b17c_original.jpg?crop=faces&w=560&h=315&fit=crop&v=1463684970&auto=format&q=92&s=794b4e3cc136d08ce9b33a3e4178948b",
        "default": "https://ksr-ugc.imgix.net/assets/011/594/391/8cbdec326f4300ac89aebdeffc27b17c_original.jpg?crop=faces&w=1552&h=873&fit=crop&v=1463684970&auto=format&q=92&s=e8ba747803e762c827c2db38c3c7d216"
      }
    },
    "id": 743422,
    "link_background_color": null,
    "link_text": null,
    "link_text_color": null,
    "link_url": null,
    "name": null,
    "project_id": 743422,
    "should_show_feature_image_section": true,
    "show_feature_image": false,
    "state": "inactive",
    "state_changed_at": 1425915840,
    "text_color": null
  },
  "slug": "self-replicating-blocks",
  "spotlight": false,
  "staff_pick": false,
  "state": "failed",
  "state_changed_at": 1388221157,
  "static_usd_rate": 1.62156027,
  "urls": {
    "web": {
      "project": "https://www.kickstarter.com/projects/958653771/self-replicating-blocks?ref=category_newest",
      "rewards": "https://www.kickstarter.com/projects/958653771/self-replicating-blocks/rewards"
    }
  },
  "usd_pledged": "350.25701832",
  "usd_type": "international"
}