{
  "backers_count": 1,
  "blurb": "This web application could help small business salon owner to manage all transaction, expense, and contractor paid.",
  "category": {
    "color": 6526716,
    "id": 332,
    "name": "Apps",
    "parent_id": 16,
    "position": 2,
    "slug": "technology/apps",
    "urls": {
      "web": {
        "discover": "http://www.kickstarter.com/discover/categories/technology/apps"
      }
    }
  },
  "converted_pledged_amount": 10,
  "country": "US",
  "created_at": 1408625267,
  "creator": {
    "avatar": {
      "medium": "https://ksr-ugc.imgix.net/assets/009/219/630/c8cf31cfcdb589ee50de4fa1d1aba44d_original.JPG?w=160&h=160&fit=crop&v=1461565578&auto=format&q=92&s=311b9aa6d2ff76c3b5d51b45a041398a",
      "small": "https://ksr-ugc.imgix.net/assets/009/219/630/c8cf31cfcdb589ee50de4fa1d1aba44d_original.JPG?w=160&h=160&fit=crop&v=1461565578&auto=format&q=92&s=311b9aa6d2ff76c3b5d51b45a041398a",
      "thumb": "https://ksr-ugc.imgix.net/assets/009/219/630/c8cf31cfcdb589ee50de4fa1d1aba44d_original.JPG?w=40&h=40&fit=crop&v=1461565578&auto=format&q=92&s=d903c416f50b946e8e4e7b6e179ce2c4"
    },
    "chosen_currency": null,
    "id": 808091712,
    "is_registered": true,
    "name": "Man Nguyen",
    "slug": "mannguyen",
    "urls": {
      "api": {
        "user": "https://api.kickstarter.com/v1/users/808091712?signature=1524100238.8f1c7a2fce818d212d99045f5fbbb6729b1fe146"
      },
      "web": {
        "user": "https://www.kickstarter.com/profile/mannguyen"
      }
    }
  },
  "currency": "USD",
  "currency_symbol": "$",
  "currency_trailing_code": true,
  "current_currency": "USD",
  "deadline": 1414328937,
  "disable_communication": false,
  "fx_rate": 1.0,
  "goal": 50000.0,
  "id": 1012782986,
  "is_starrable": false,
  "launched_at": 1409144937,
  "location": {
    "country": "US",
    "displayable_name": "Rowlett, TX",
    "id": 2485328,
    "is_root": false,
    "localized_name": "Rowlett",
    "name": "Rowlett",
    "short_name": "Rowlett, TX",
    "slug": "rowlett-tx",
    "state": "TX",
    "type": "Town",
    "urls": {
      "api": {
        "nearby_projects": "https://api.kickstarter.com/v1/discover?signature=1524082201.f1838a574be1159c5cdac1f5de3e5cb5f6c1cc58&woe_id=2485328"
      },
      "web": {
        "discover": "https://www.kickstarter.com/discover/places/rowlett-tx",
        "location": "https://www.kickstarter.com/locations/rowlett-tx"
      }
    }
  },
  "name": "Beauty Salon Owner Tool",
  "photo": {
    "1024x576": "https://ksr-ugc.imgix.net/assets/011/843/980/640a122822ab930b9014b51bfd5f18a5_original.jpg?crop=faces&w=1024&h=576&fit=crop&v=1463702871&auto=format&q=92&s=6846ccd5627e660761d11775e91fc8f9",
    "1536x864": "https://ksr-ugc.imgix.net/assets/011/843/980/640a122822ab930b9014b51bfd5f18a5_original.jpg?crop=faces&w=1552&h=873&fit=crop&v=1463702871&auto=format&q=92&s=e7933d3f39ba3db6f8dc7997ab4b7940",
    "ed": "https://ksr-ugc.imgix.net/assets/011/843/980/640a122822ab930b9014b51bfd5f18a5_original.jpg?crop=faces&w=352&h=198&fit=crop&v=1463702871&auto=format&q=92&s=7ad9bd4a38b194b5d960779271d51183",
    "full": "https://ksr-ugc.imgix.net/assets/011/843/980/640a122822ab930b9014b51bfd5f18a5_original.jpg?crop=faces&w=560&h=315&fit=crop&v=1463702871&auto=format&q=92&s=7461bea3c8b597e783d214f084a95bda",
    "key": "assets/011/843/980/640a122822ab930b9014b51bfd5f18a5_original.jpg",
    "little": "https://ksr-ugc.imgix.net/assets/011/843/980/640a122822ab930b9014b51bfd5f18a5_original.jpg?crop=faces&w=208&h=117&fit=crop&v=1463702871&auto=format&q=92&s=5c9067b1a485b46389a89b6eb71bd572",
    "med": "https://ksr-ugc.imgix.net/assets/011/843/980/640a122822ab930b9014b51bfd5f18a5_original.jpg?crop=faces&w=272&h=153&fit=crop&v=1463702871&auto=format&q=92&s=6aa786905a7c9790c2fcea3e1ec6bb3e",
    "small": "https://ksr-ugc.imgix.net/assets/011/843/980/640a122822ab930b9014b51bfd5f18a5_original.jpg?crop=faces&w=160&h=90&fit=crop&v=1463702871&auto=format&q=92&s=4c29f68610232daa676baec27e963433",
    "thumb": "https://ksr-ugc.imgix.net/assets/011/843/980/640a122822ab930b9014b51bfd5f18a5_original.jpg?crop=faces&w=48&h=27&fit=crop&v=1463702871&auto=format&q=92&s=bc25d3c5c0bf57efa54ea9735544003d"
  },
  "pledged": 10.0,
  "profile": {
    "background_color": null,
    "background_image_opacity": 0.8,
    "blurb": null,
    "feature_image_attributes": {
      "image_urls": {
        "baseball_card": "https://ksr-ugc.imgix.net/assets/011/843/980/640a122822ab930b9014b51bfd5f18a5_original.jpg?crop=faces&w=560&h=315&fit=crop&v=1463702871&auto=format&q=92&s=7461bea3c8b597e783d214f084a95bda",
        "default": "https://ksr-ugc.imgix.net/assets/011/843/980/640a122822ab930b9014b51bfd5f18a5_original.jpg?crop=faces&w=1552&h=873&fit=crop&v=1463702871&auto=format&q=92&s=e7933d3f39ba3db6f8dc7997ab4b7940"
      }
    },
    "id": 1306204,
    "link_background_color": null,
    "link_text": null,
    "link_text_color": null,
    "link_url": null,
    "name": null,
    "project_id": 1306204,
    "should_show_feature_image_section": true,
    "show_feature_image": false,
    "state": "inactive",
    "state_changed_at": 1425915872,
    "text_color": null
  },
  "slug": "beauty-salon-owner-tool",
  "spotlight": false,
  "staff_pick": false,
  "state": "failed",
  "state_changed_at": 1414328937,
  "static_usd_rate": 1.0,
  "urls": {
    "web": {
      "project": "https://www.kickstarter.com/projects/mannguyen/beauty-salon-owner-tool?ref=category_newest",
      "rewards": "https://www.kickstarter.com/projects/mannguyen/beauty-salon-owner-tool/rewards"
    }
  },
  "usd_pledged": "10.0",
  "usd_type": "international"
}