{
  "backers_count": 0,
  "blurb": "Online Bar-/Bat-mitzvah preparation service to help students achieve outstanding Jewish learning and successful celebrations.",
  "category": {
    "color": 6526716,
    "id": 342,
    "name": "Web",
    "parent_id": 16,
    "position": 15,
    "slug": "technology/web",
    "urls": {
      "web": {
        "discover": "http://www.kickstarter.com/discover/categories/technology/web"
      }
    }
  },
  "converted_pledged_amount": 0,
  "country": "CA",
  "created_at": 1402514330,
  "creator": {
    "avatar": {
      "medium": "https://ksr-ugc.imgix.net/assets/008/843/713/faa4542540630b0568a9de78a59168f7_original.jpg?w=160&h=160&fit=crop&v=1461546288&auto=format&q=92&s=737add0ad0366640ecea31f0fe09d9bd",
      "small": "https://ksr-ugc.imgix.net/assets/008/843/713/faa4542540630b0568a9de78a59168f7_original.jpg?w=160&h=160&fit=crop&v=1461546288&auto=format&q=92&s=737add0ad0366640ecea31f0fe09d9bd",
      "thumb": "https://ksr-ugc.imgix.net/assets/008/843/713/faa4542540630b0568a9de78a59168f7_original.jpg?w=40&h=40&fit=crop&v=1461546288&auto=format&q=92&s=8f87a51a2f6057ffe84562a5c875c513"
    },
    "chosen_currency": null,
    "id": 907765198,
    "is_registered": true,
    "name": "Allan Fine",
    "slug": "barmitzvahtraining",
    "urls": {
      "api": {
        "user": "https://api.kickstarter.com/v1/users/907765198?signature=1524102952.e90edb979dfb0d59d81748ad226c908b95f19764"
      },
      "web": {
        "user": "https://www.kickstarter.com/profile/barmitzvahtraining"
      }
    }
  },
  "currency": "CAD",
  "currency_symbol": "$",
  "currency_trailing_code": true,
  "current_currency": "USD",
  "deadline": 1410541188,
  "disable_communication": false,
  "fx_rate": 0.79525709,
  "goal": 25000.0,
  "id": 1012361752,
  "is_starrable": false,
  "launched_at": 1405357188,
  "location": {
    "country": "CA",
    "displayable_name": "Calgary, Canada",
    "id": 8775,
    "is_root": false,
    "localized_name": "Calgary",
    "name": "Calgary",
    "short_name": "Calgary, Canada",
    "slug": "calgary-ca",
    "state": "AB",
    "type": "Town",
    "urls": {
      "api": {
        "nearby_projects": "https://api.kickstarter.com/v1/discover?signature=1524082120.c7a956547960487d7322586f940db0742b5e3a9f&woe_id=8775"
      },
      "web": {
        "discover": "https://www.kickstarter.com/discover/places/calgary-ca",
        "location": "https://www.kickstarter.com/locations/calgary-ca"
      }
    }
  },
  "name": "Bar/Bat Mitzvah Training",
  "photo": {
    "1024x576": "https://ksr-ugc.imgix.net/assets/011/723/594/f891f952c71a4aece551d233e66a8cc3_original.PNG?crop=faces&w=1024&h=576&fit=crop&v=1463687325&auto=format&q=92&s=b8e4c9e296dae8e08b2bd64b3d623d1b",
    "1536x864": "https://ksr-ugc.imgix.net/assets/011/723/594/f891f952c71a4aece551d233e66a8cc3_original.PNG?crop=faces&w=1552&h=873&fit=crop&v=1463687325&auto=format&q=92&s=d26a4932230ef9f559d234f968fe1087",
    "ed": "https://ksr-ugc.imgix.net/assets/011/723/594/f891f952c71a4aece551d233e66a8cc3_original.PNG?crop=faces&w=352&h=198&fit=crop&v=1463687325&auto=format&q=92&s=6f58043b986bf1857909f7da6e1274b7",
    "full": "https://ksr-ugc.imgix.net/assets/011/723/594/f891f952c71a4aece551d233e66a8cc3_original.PNG?crop=faces&w=560&h=315&fit=crop&v=1463687325&auto=format&q=92&s=2328a077406d39ef7ff9c79a4b083d4e",
    "key": "assets/011/723/594/f891f952c71a4aece551d233e66a8cc3_original.PNG",
    "little": "https://ksr-ugc.imgix.net/assets/011/723/594/f891f952c71a4aece551d233e66a8cc3_original.PNG?crop=faces&w=208&h=117&fit=crop&v=1463687325&auto=format&q=92&s=4b4a0792a90e802bea754a7a3dbbba91",
    "med": "https://ksr-ugc.imgix.net/assets/011/723/594/f891f952c71a4aece551d233e66a8cc3_original.PNG?crop=faces&w=272&h=153&fit=crop&v=1463687325&auto=format&q=92&s=2ffa08a933d57ebb198bab02801ee4f4",
    "small": "https://ksr-ugc.imgix.net/assets/011/723/594/f891f952c71a4aece551d233e66a8cc3_original.PNG?crop=faces&w=160&h=90&fit=crop&v=1463687325&auto=format&q=92&s=c19e24f288dc09e2f3c8610b1c631ac7",
    "thumb": "https://ksr-ugc.imgix.net/assets/011/723/594/f891f952c71a4aece551d233e66a8cc3_original.PNG?crop=faces&w=48&h=27&fit=crop&v=1463687325&auto=format&q=92&s=343afabca05d6fde424b6eb94392321e"
  },
  "pledged": 0.0,
  "profile": {
    "background_color": null,
    "background_image_opacity": 0.8,
    "blurb": null,
    "feature_image_attributes": {
      "image_urls": {
        "baseball_card": "https://ksr-ugc.imgix.net/assets/011/723/594/f891f952c71a4aece551d233e66a8cc3_original.PNG?crop=faces&w=560&h=315&fit=crop&v=1463687325&auto=format&q=92&s=2328a077406d39ef7ff9c79a4b083d4e",
        "default": "https://ksr-ugc.imgix.net/assets/011/723/594/f891f952c71a4aece551d233e66a8cc3_original.PNG?crop=faces&w=1552&h=873&fit=crop&v=1463687325&auto=format&q=92&s=d26a4932230ef9f559d234f968fe1087"
      }
    },
    "id": 1064260,
    "link_background_color": null,
    "link_text": null,
    "link_text_color": null,
    "link_url": null,
    "name": null,
    "project_id": 1064260,
    "should_show_feature_image_section": true,
    "show_feature_image": false,
    "state": "inactive",
    "state_changed_at": 1425915859,
    "text_color": null
  },
  "slug": "bar-bat-mitzvah-training",
  "spotlight": false,
  "staff_pick": false,
  "state": "failed",
  "state_changed_at": 1410541211,
  "static_usd_rate": 0.93167904,
  "urls": {
    "web": {
      "project": "https://www.kickstarter.com/projects/barmitzvahtraining/bar-bat-mitzvah-training?ref=category_newest",
      "rewards": "https://www.kickstarter.com/projects/barmitzvahtraining/bar-bat-mitzvah-training/rewards"
    }
  },
  "usd_pledged": "0.0",
  "usd_type": "international"
}