{
  "backers_count": 10,
  "blurb": "A universal PWM kit that can be used to vary the speed, brightness or voltage of almost anything including LED's, Fans and motors.",
  "category": {
    "color": 6526716,
    "id": 334,
    "name": "DIY Electronics",
    "parent_id": 16,
    "position": 4,
    "slug": "technology/diy electronics",
    "urls": {
      "web": {
        "discover": "http://www.kickstarter.com/discover/categories/technology/diy%20electronics"
      }
    }
  },
  "converted_pledged_amount": 190,
  "country": "GB",
  "created_at": 1406819520,
  "creator": {
    "avatar": {
      "medium": "https://ksr-ugc.imgix.net/assets/008/037/863/2b833e0878de42ba231dfc89d6e66222_original.jpg?w=160&h=160&fit=crop&v=1461498845&auto=format&q=92&s=4eede4fed79cf68e57f36254d3201352",
      "small": "https://ksr-ugc.imgix.net/assets/008/037/863/2b833e0878de42ba231dfc89d6e66222_original.jpg?w=160&h=160&fit=crop&v=1461498845&auto=format&q=92&s=4eede4fed79cf68e57f36254d3201352",
      "thumb": "https://ksr-ugc.imgix.net/assets/008/037/863/2b833e0878de42ba231dfc89d6e66222_original.jpg?w=40&h=40&fit=crop&v=1461498845&auto=format&q=92&s=08865712cad3437dd3930d0f27ea628c"
    },
    "chosen_currency": null,
    "id": 1600235162,
    "is_registered": true,
    "name": "Jack Trowbridge",
    "slug": "jackt",
    "urls": {
      "api": {
        "user": "https://api.kickstarter.com/v1/users/1600235162?signature=1524100709.4f73c6421682979405e9424dd160edf3a85c4d99"
      },
      "web": {
        "user": "https://www.kickstarter.com/profile/jackt"
      }
    }
  },
  "currency": "GBP",
  "currency_symbol": "\u00a3",
  "currency_trailing_code": false,
  "current_currency": "USD",
  "deadline": 1409155372,
  "disable_communication": false,
  "fx_rate": 1.43358488,
  "goal": 500.0,
  "id": 1012076836,
  "is_starrable": false,
  "launched_at": 1407168172,
  "location": {
    "country": "GB",
    "displayable_name": "Newcastle upon Tyne, UK",
    "id": 30079,
    "is_root": false,
    "localized_name": "Newcastle upon Tyne",
    "name": "Newcastle upon Tyne",
    "short_name": "Newcastle upon Tyne, UK",
    "slug": "newcastle-upon-tyne-gb",
    "state": "England",
    "type": "Town",
    "urls": {
      "api": {
        "nearby_projects": "https://api.kickstarter.com/v1/discover?signature=1524082114.edc1c9cd9b1bb671f06bcad885cc74bf4414284d&woe_id=30079"
      },
      "web": {
        "discover": "https://www.kickstarter.com/discover/places/newcastle-upon-tyne-gb",
        "location": "https://www.kickstarter.com/locations/newcastle-upon-tyne-gb"
      }
    }
  },
  "name": "Universal PWM Controller Kit",
  "photo": {
    "1024x576": "https://ksr-ugc.imgix.net/assets/011/815/333/36d4e30852a938faeddb2651e098e232_original.JPG?crop=faces&w=1024&h=576&fit=crop&v=1463698582&auto=format&q=92&s=15940bf9c2c568bdcfdb1d5b25b3d914",
    "1536x864": "https://ksr-ugc.imgix.net/assets/011/815/333/36d4e30852a938faeddb2651e098e232_original.JPG?crop=faces&w=1552&h=873&fit=crop&v=1463698582&auto=format&q=92&s=41ac3e754dc84e5f65fa2e5352fd4646",
    "ed": "https://ksr-ugc.imgix.net/assets/011/815/333/36d4e30852a938faeddb2651e098e232_original.JPG?crop=faces&w=352&h=198&fit=crop&v=1463698582&auto=format&q=92&s=c0d67d91d93a7805b09c618e6660538c",
    "full": "https://ksr-ugc.imgix.net/assets/011/815/333/36d4e30852a938faeddb2651e098e232_original.JPG?crop=faces&w=560&h=315&fit=crop&v=1463698582&auto=format&q=92&s=de1958eac3242a193a3f2d2c8560be3a",
    "key": "assets/011/815/333/36d4e30852a938faeddb2651e098e232_original.JPG",
    "little": "https://ksr-ugc.imgix.net/assets/011/815/333/36d4e30852a938faeddb2651e098e232_original.JPG?crop=faces&w=208&h=117&fit=crop&v=1463698582&auto=format&q=92&s=e5087acc3e903ffd06518afd5c58f025",
    "med": "https://ksr-ugc.imgix.net/assets/011/815/333/36d4e30852a938faeddb2651e098e232_original.JPG?crop=faces&w=272&h=153&fit=crop&v=1463698582&auto=format&q=92&s=da289a99271ccac9d5928e52c80198fe",
    "small": "https://ksr-ugc.imgix.net/assets/011/815/333/36d4e30852a938faeddb2651e098e232_original.JPG?crop=faces&w=160&h=90&fit=crop&v=1463698582&auto=format&q=92&s=70340051e2db24c30f9288899edd8d01",
    "thumb": "https://ksr-ugc.imgix.net/assets/011/815/333/36d4e30852a938faeddb2651e098e232_original.JPG?crop=faces&w=48&h=27&fit=crop&v=1463698582&auto=format&q=92&s=6ab896b046ac41761bb2e4fdb00fef86"
  },
  "pledged": 115.0,
  "profile": {
    "background_color": null,
    "background_image_opacity": 0.8,
    "blurb": null,
    "feature_image_attributes": {
      "image_urls": {
        "baseball_card": "https://ksr-ugc.imgix.net/assets/011/815/333/36d4e30852a938faeddb2651e098e232_original.JPG?crop=faces&w=560&h=315&fit=crop&v=1463698582&auto=format&q=92&s=de1958eac3242a193a3f2d2c8560be3a",
        "default": "https://ksr-ugc.imgix.net/assets/011/815/333/36d4e30852a938faeddb2651e098e232_original.JPG?crop=faces&w=1552&h=873&fit=crop&v=1463698582&auto=format&q=92&s=41ac3e754dc84e5f65fa2e5352fd4646"
      }
    },
    "id": 1246538,
    "link_background_color": null,
    "link_text": null,
    "link_text_color": null,
    "link_url": null,
    "name": null,
    "project_id": 1246538,
    "should_show_feature_image_section": true,
    "show_feature_image": false,
    "state": "inactive",
    "state_changed_at": 1425915869,
    "text_color": null
  },
  "slug": "universal-speed-and-brightness-controller",
  "spotlight": false,
  "staff_pick": false,
  "state": "failed",
  "state_changed_at": 1409155372,
  "static_usd_rate": 1.68226123,
  "urls": {
    "web": {
      "project": "https://www.kickstarter.com/projects/jackt/universal-speed-and-brightness-controller?ref=category_newest",
      "rewards": "https://www.kickstarter.com/projects/jackt/universal-speed-and-brightness-controller/rewards"
    }
  },
  "usd_pledged": "193.46004145",
  "usd_type": "international"
}