{
  "backers_count": 3297,
  "blurb": "Set to any single color or color-changing. Worlds Coolest Motion Activated Night Light.",
  "category": {
    "color": 6526716,
    "id": 337,
    "name": "Gadgets",
    "parent_id": 16,
    "position": 7,
    "slug": "technology/gadgets",
    "urls": {
      "web": {
        "discover": "http://www.kickstarter.com/discover/categories/technology/gadgets"
      }
    }
  },
  "converted_pledged_amount": 95399,
  "country": "US",
  "created_at": 1411591844,
  "creator": {
    "avatar": {
      "medium": "https://ksr-ugc.imgix.net/assets/009/279/340/0945b709a6d8f33c056d93448576fef1_original.JPG?w=160&h=160&fit=crop&v=1461572136&auto=format&q=92&s=ca68de67b053a69f2b4331d692a902bf",
      "small": "https://ksr-ugc.imgix.net/assets/009/279/340/0945b709a6d8f33c056d93448576fef1_original.JPG?w=160&h=160&fit=crop&v=1461572136&auto=format&q=92&s=ca68de67b053a69f2b4331d692a902bf",
      "thumb": "https://ksr-ugc.imgix.net/assets/009/279/340/0945b709a6d8f33c056d93448576fef1_original.JPG?w=40&h=40&fit=crop&v=1461572136&auto=format&q=92&s=6f44d258ca75872eb7d3eb0738305fc9"
    },
    "chosen_currency": null,
    "id": 1585372093,
    "is_registered": true,
    "name": "Matt",
    "urls": {
      "api": {
        "user": "https://api.kickstarter.com/v1/users/1585372093?signature=1524100952.9f1669beefb514107f7c780370bac6552fb76b80"
      },
      "web": {
        "user": "https://www.kickstarter.com/profile/1585372093"
      }
    }
  },
  "currency": "USD",
  "currency_symbol": "$",
  "currency_trailing_code": true,
  "current_currency": "USD",
  "deadline": 1417064802,
  "disable_communication": false,
  "fx_rate": 1.0,
  "goal": 20000.0,
  "id": 1012673335,
  "is_starrable": false,
  "launched_at": 1413605202,
  "location": {
    "country": "US",
    "displayable_name": "Provo, UT",
    "id": 2477080,
    "is_root": false,
    "localized_name": "Provo",
    "name": "Provo",
    "short_name": "Provo, UT",
    "slug": "provo-ut",
    "state": "UT",
    "type": "Town",
    "urls": {
      "api": {
        "nearby_projects": "https://api.kickstarter.com/v1/discover?signature=1524082108.cde8dbbb4646a1f7fc7e2efd6912a0a0d67827ce&woe_id=2477080"
      },
      "web": {
        "discover": "https://www.kickstarter.com/discover/places/provo-ut",
        "location": "https://www.kickstarter.com/locations/provo-ut"
      }
    }
  },
  "name": "IllumiBowl Clip-On Toilet Night Light (Motion Activated)",
  "photo": {
    "1024x576": "https://ksr-ugc.imgix.net/assets/011/877/993/519c53d31aac89aaa92d75281c46ffed_original.jpg?crop=faces&w=1024&h=576&fit=crop&v=1463709096&auto=format&q=92&s=6bbfdac1225d4ece0a0f9ef8785088b6",
    "1536x864": "https://ksr-ugc.imgix.net/assets/011/877/993/519c53d31aac89aaa92d75281c46ffed_original.jpg?crop=faces&w=1552&h=873&fit=crop&v=1463709096&auto=format&q=92&s=84d6ca23e59e3c7fe2ea3e2a6534fbbe",
    "ed": "https://ksr-ugc.imgix.net/assets/011/877/993/519c53d31aac89aaa92d75281c46ffed_original.jpg?crop=faces&w=352&h=198&fit=crop&v=1463709096&auto=format&q=92&s=b76a94f7696d76c7c911a0fd0903a307",
    "full": "https://ksr-ugc.imgix.net/assets/011/877/993/519c53d31aac89aaa92d75281c46ffed_original.jpg?crop=faces&w=560&h=315&fit=crop&v=1463709096&auto=format&q=92&s=ee8960b85638206a5405e065161f3945",
    "key": "assets/011/877/993/519c53d31aac89aaa92d75281c46ffed_original.jpg",
    "little": "https://ksr-ugc.imgix.net/assets/011/877/993/519c53d31aac89aaa92d75281c46ffed_original.jpg?crop=faces&w=208&h=117&fit=crop&v=1463709096&auto=format&q=92&s=0d07289053492ff12ee70aa0a1940b1c",
    "med": "https://ksr-ugc.imgix.net/assets/011/877/993/519c53d31aac89aaa92d75281c46ffed_original.jpg?crop=faces&w=272&h=153&fit=crop&v=1463709096&auto=format&q=92&s=68afd45fb739e542735ddb5b46a9df24",
    "small": "https://ksr-ugc.imgix.net/assets/011/877/993/519c53d31aac89aaa92d75281c46ffed_original.jpg?crop=faces&w=160&h=90&fit=crop&v=1463709096&auto=format&q=92&s=4f0f5e30b42262aef0ca0d4ee5317cd1",
    "thumb": "https://ksr-ugc.imgix.net/assets/011/877/993/519c53d31aac89aaa92d75281c46ffed_original.jpg?crop=faces&w=48&h=27&fit=crop&v=1463709096&auto=format&q=92&s=45f81e0f062d8c0e48b5db3898968d1c"
  },
  "pledged": 95399.0,
  "profile": {
    "background_color": "ffffff",
    "background_image_attributes": {
      "id": 12968191,
      "image_urls": {
        "baseball_card": "https://ksr-ugc.imgix.net/assets/012/968/191/d99a8afa63dd13e8cadbcfce2f39f522_original.png?w=460&fit=max&v=1467763549&auto=format&q=92&s=763ae8d446e7c9c449ec87250b043be3",
        "default": "https://ksr-ugc.imgix.net/assets/012/968/191/d99a8afa63dd13e8cadbcfce2f39f522_original.png?w=1600&fit=max&v=1467763549&auto=format&q=92&s=f04caff2a67d08254963bd7c7466b3e1"
      }
    },
    "background_image_opacity": 1.0,
    "blurb": "The World's First Toilet Bowl Night Light! It sets to any single color or color-rotate (8 colors). It's the worlds coolest motion-activated night light. As Seen on Shark Tank!",
    "feature_image_attributes": {
      "id": 12968196,
      "image_urls": {
        "baseball_card": "https://ksr-ugc.imgix.net/assets/012/968/196/30c6a6e0834bc656c14b4476039518a4_original.png?crop=faces,edges&w=560&h=315&fit=crop&v=1467763593&auto=format&q=92&s=40e1d58cf7fd9d2b41fd1305718fa880",
        "default": "https://ksr-ugc.imgix.net/assets/012/968/196/30c6a6e0834bc656c14b4476039518a4_original.png?w=700&fit=max&v=1467763593&auto=format&q=92&s=83b4b1ae5ecdfe3d4e8bfd8d26c36788"
      }
    },
    "id": 1377469,
    "link_background_color": "",
    "link_text": "Follow along!",
    "link_text_color": "",
    "link_url": "https://www.kickstarter.com/projects/1585372093/illumibowl-clip-on-toilet-night-light-motion-activ",
    "name": "IllumiBowl Toilet Night Light - As Seen On Shark Tank",
    "project_id": 1377469,
    "should_show_feature_image_section": true,
    "show_feature_image": true,
    "state": "active",
    "state_changed_at": 1428434963,
    "text_color": "ffffff"
  },
  "slug": "illumibowl-clip-on-toilet-night-light-motion-activ",
  "spotlight": true,
  "staff_pick": false,
  "state": "successful",
  "state_changed_at": 1417064802,
  "static_usd_rate": 1.0,
  "urls": {
    "web": {
      "project": "https://www.kickstarter.com/projects/1585372093/illumibowl-clip-on-toilet-night-light-motion-activ?ref=category_newest",
      "rewards": "https://www.kickstarter.com/projects/1585372093/illumibowl-clip-on-toilet-night-light-motion-activ/rewards"
    }
  },
  "usd_pledged": "95399.0",
  "usd_type": "international"
}