{
  "backers_count": 6,
  "blurb": "A set of fixtures for bicycle framebuilders. Front and rear mounting jigs for attaching ISO disc brake tabs to bicycles frames.",
  "category": {
    "color": 6526716,
    "id": 335,
    "name": "Fabrication Tools",
    "parent_id": 16,
    "position": 5,
    "slug": "technology/fabrication tools",
    "urls": {
      "web": {
        "discover": "http://www.kickstarter.com/discover/categories/technology/fabrication%20tools"
      }
    }
  },
  "converted_pledged_amount": 800,
  "country": "CA",
  "created_at": 1391881040,
  "creator": {
    "avatar": {
      "medium": "https://ksr-ugc.imgix.net/assets/006/011/193/ce61aa34653472c79c6328c6a7096b84_original.jpg?w=160&h=160&fit=crop&v=1461360770&auto=format&q=92&s=3b0da91dd462678f13550bd1ef745cee",
      "small": "https://ksr-ugc.imgix.net/assets/006/011/193/ce61aa34653472c79c6328c6a7096b84_original.jpg?w=160&h=160&fit=crop&v=1461360770&auto=format&q=92&s=3b0da91dd462678f13550bd1ef745cee",
      "thumb": "https://ksr-ugc.imgix.net/assets/006/011/193/ce61aa34653472c79c6328c6a7096b84_original.jpg?w=40&h=40&fit=crop&v=1461360770&auto=format&q=92&s=54843ac61a0a6537763ecfab016e1681"
    },
    "chosen_currency": null,
    "id": 4608648,
    "is_registered": true,
    "name": "Eric Meinert",
    "urls": {
      "api": {
        "user": "https://api.kickstarter.com/v1/users/4608648?signature=1524100816.cc031f13c303515ceafd9b5e6d0140b6449407bb"
      },
      "web": {
        "user": "https://www.kickstarter.com/profile/4608648"
      }
    }
  },
  "currency": "CAD",
  "currency_symbol": "$",
  "currency_trailing_code": true,
  "current_currency": "USD",
  "deadline": 1427040000,
  "disable_communication": false,
  "fx_rate": 0.79525709,
  "goal": 2500.0,
  "id": 1013661120,
  "is_starrable": false,
  "launched_at": 1424462189,
  "location": {
    "country": "CA",
    "displayable_name": "Ottawa, Canada",
    "id": 3369,
    "is_root": false,
    "localized_name": "Ottawa",
    "name": "Ottawa",
    "short_name": "Ottawa, Canada",
    "slug": "ottawa-ca",
    "state": "ON",
    "type": "Town",
    "urls": {
      "api": {
        "nearby_projects": "https://api.kickstarter.com/v1/discover?signature=1524082115.d2a0238772f6f7346457126ac46399fbfbf33d89&woe_id=3369"
      },
      "web": {
        "discover": "https://www.kickstarter.com/discover/places/ottawa-ca",
        "location": "https://www.kickstarter.com/locations/ottawa-ca"
      }
    }
  },
  "name": "Bicycle Disc Brake Tab Attachment Fixture/jig",
  "photo": {
    "1024x576": "https://ksr-ugc.imgix.net/assets/011/648/597/9d236bf4ccc6b934bf99cc621667f19a_original.jpg?crop=faces&w=1024&h=576&fit=crop&v=1463686212&auto=format&q=92&s=cf0af738ac4b280be2e7d19b3fa225c4",
    "1536x864": "https://ksr-ugc.imgix.net/assets/011/648/597/9d236bf4ccc6b934bf99cc621667f19a_original.jpg?crop=faces&w=1552&h=873&fit=crop&v=1463686212&auto=format&q=92&s=e50f5daf36337153510ea977518c60c3",
    "ed": "https://ksr-ugc.imgix.net/assets/011/648/597/9d236bf4ccc6b934bf99cc621667f19a_original.jpg?crop=faces&w=352&h=198&fit=crop&v=1463686212&auto=format&q=92&s=df1c6bb32cc141673994306bafec53f3",
    "full": "https://ksr-ugc.imgix.net/assets/011/648/597/9d236bf4ccc6b934bf99cc621667f19a_original.jpg?crop=faces&w=560&h=315&fit=crop&v=1463686212&auto=format&q=92&s=d32e9ce11326680ab3159d62e0333f0d",
    "key": "assets/011/648/597/9d236bf4ccc6b934bf99cc621667f19a_original.jpg",
    "little": "https://ksr-ugc.imgix.net/assets/011/648/597/9d236bf4ccc6b934bf99cc621667f19a_original.jpg?crop=faces&w=208&h=117&fit=crop&v=1463686212&auto=format&q=92&s=2e09e2f671b449cf366973fd9d765903",
    "med": "https://ksr-ugc.imgix.net/assets/011/648/597/9d236bf4ccc6b934bf99cc621667f19a_original.jpg?crop=faces&w=272&h=153&fit=crop&v=1463686212&auto=format&q=92&s=b82349f1dc452eb66162593b4eb8f9de",
    "small": "https://ksr-ugc.imgix.net/assets/011/648/597/9d236bf4ccc6b934bf99cc621667f19a_original.jpg?crop=faces&w=160&h=90&fit=crop&v=1463686212&auto=format&q=92&s=810d6c5c7e68ba42e59781707c712520",
    "thumb": "https://ksr-ugc.imgix.net/assets/011/648/597/9d236bf4ccc6b934bf99cc621667f19a_original.jpg?crop=faces&w=48&h=27&fit=crop&v=1463686212&auto=format&q=92&s=d5cb841794d35585d7da4bbbe9c8bbc3"
  },
  "pledged": 1005.0,
  "profile": {
    "background_color": null,
    "background_image_opacity": 0.8,
    "blurb": null,
    "feature_image_attributes": {
      "image_urls": {
        "baseball_card": "https://ksr-ugc.imgix.net/assets/011/648/597/9d236bf4ccc6b934bf99cc621667f19a_original.jpg?crop=faces&w=560&h=315&fit=crop&v=1463686212&auto=format&q=92&s=d32e9ce11326680ab3159d62e0333f0d",
        "default": "https://ksr-ugc.imgix.net/assets/011/648/597/9d236bf4ccc6b934bf99cc621667f19a_original.jpg?crop=faces&w=1552&h=873&fit=crop&v=1463686212&auto=format&q=92&s=e50f5daf36337153510ea977518c60c3"
      }
    },
    "id": 882192,
    "link_background_color": null,
    "link_text": null,
    "link_text_color": null,
    "link_url": null,
    "name": null,
    "project_id": 882192,
    "should_show_feature_image_section": true,
    "show_feature_image": false,
    "state": "inactive",
    "state_changed_at": 1425915848,
    "text_color": null
  },
  "slug": "bicycle-disc-brake-tab-attachment-fixtures",
  "spotlight": false,
  "staff_pick": false,
  "state": "failed",
  "state_changed_at": 1427040019,
  "static_usd_rate": 0.80409251,
  "urls": {
    "web": {
      "project": "https://www.kickstarter.com/projects/4608648/bicycle-disc-brake-tab-attachment-fixtures?ref=category_newest",
      "rewards": "https://www.kickstarter.com/projects/4608648/bicycle-disc-brake-tab-attachment-fixtures/rewards"
    }
  },
  "usd_pledged": "808.11297255",
  "usd_type": "international"
}