{
  "backers_count": 539,
  "blurb": "Modular smartphone-based headset with external sensors for 4\" - 5.7\" Android & iOS phones, iPhone 6 Plus included!",
  "category": {
    "color": 6526716,
    "id": 52,
    "name": "Hardware",
    "parent_id": 16,
    "position": 8,
    "slug": "technology/hardware",
    "urls": {
      "web": {
        "discover": "http://www.kickstarter.com/discover/categories/technology/hardware"
      }
    }
  },
  "converted_pledged_amount": 120249,
  "country": "US",
  "created_at": 1414416042,
  "creator": {
    "avatar": {
      "medium": "https://ksr-ugc.imgix.net/assets/008/820/587/e4833d581cd9f8fb3bf02723e0267bd0_original.png?w=160&h=160&fit=crop&v=1461545224&auto=format&q=92&s=0f19a96ce0da87ed9033e1e2a14a1e76",
      "small": "https://ksr-ugc.imgix.net/assets/008/820/587/e4833d581cd9f8fb3bf02723e0267bd0_original.png?w=160&h=160&fit=crop&v=1461545224&auto=format&q=92&s=0f19a96ce0da87ed9033e1e2a14a1e76",
      "thumb": "https://ksr-ugc.imgix.net/assets/008/820/587/e4833d581cd9f8fb3bf02723e0267bd0_original.png?w=40&h=40&fit=crop&v=1461545224&auto=format&q=92&s=ddeaf2e4ec1b8557eab0de04e7dc97a2"
    },
    "chosen_currency": null,
    "id": 706938033,
    "is_registered": true,
    "name": "Cmoar LTD",
    "urls": {
      "api": {
        "user": "https://api.kickstarter.com/v1/users/706938033?signature=1524101525.ce905f581f97fd1e1affd8eb0a00d6356531ef74"
      },
      "web": {
        "user": "https://www.kickstarter.com/profile/706938033"
      }
    }
  },
  "currency": "USD",
  "currency_symbol": "$",
  "currency_trailing_code": true,
  "current_currency": "USD",
  "deadline": 1427740319,
  "disable_communication": false,
  "fx_rate": 1.0,
  "goal": 100000.0,
  "id": 1013408690,
  "is_starrable": false,
  "launched_at": 1423855919,
  "location": {
    "country": "US",
    "displayable_name": "Los Angeles, CA",
    "id": 2442047,
    "is_root": false,
    "localized_name": "Los Angeles",
    "name": "Los Angeles",
    "short_name": "Los Angeles, CA",
    "slug": "los-angeles-ca",
    "state": "CA",
    "type": "Town",
    "urls": {
      "api": {
        "nearby_projects": "https://api.kickstarter.com/v1/discover?signature=1524082109.85e1ac450ea9010763e72751ef0e7aad8408a809&woe_id=2442047"
      },
      "web": {
        "discover": "https://www.kickstarter.com/discover/places/los-angeles-ca",
        "location": "https://www.kickstarter.com/locations/los-angeles-ca"
      }
    }
  },
  "name": "Cmoar Virtual Reality Headset with integrated electronics",
  "photo": {
    "1024x576": "https://ksr-ugc.imgix.net/assets/011/923/973/2b53b6b864ed0f477cfdab60645a80e9_original.jpg?crop=faces&w=1024&h=576&fit=crop&v=1463715609&auto=format&q=92&s=5b7efa2ae78d3705260e8bab79de66f6",
    "1536x864": "https://ksr-ugc.imgix.net/assets/011/923/973/2b53b6b864ed0f477cfdab60645a80e9_original.jpg?crop=faces&w=1552&h=873&fit=crop&v=1463715609&auto=format&q=92&s=2fb1a882f99855feabb0c86a5a08fbf3",
    "ed": "https://ksr-ugc.imgix.net/assets/011/923/973/2b53b6b864ed0f477cfdab60645a80e9_original.jpg?crop=faces&w=352&h=198&fit=crop&v=1463715609&auto=format&q=92&s=3038d7eb38477d56080af3db87e08785",
    "full": "https://ksr-ugc.imgix.net/assets/011/923/973/2b53b6b864ed0f477cfdab60645a80e9_original.jpg?crop=faces&w=560&h=315&fit=crop&v=1463715609&auto=format&q=92&s=8f8151e0ea93c6f23e473434b53c7de4",
    "key": "assets/011/923/973/2b53b6b864ed0f477cfdab60645a80e9_original.jpg",
    "little": "https://ksr-ugc.imgix.net/assets/011/923/973/2b53b6b864ed0f477cfdab60645a80e9_original.jpg?crop=faces&w=208&h=117&fit=crop&v=1463715609&auto=format&q=92&s=57da7b7bee239c1361fb33213f25ad32",
    "med": "https://ksr-ugc.imgix.net/assets/011/923/973/2b53b6b864ed0f477cfdab60645a80e9_original.jpg?crop=faces&w=272&h=153&fit=crop&v=1463715609&auto=format&q=92&s=2bc8523a692d04831b1212fe806baba6",
    "small": "https://ksr-ugc.imgix.net/assets/011/923/973/2b53b6b864ed0f477cfdab60645a80e9_original.jpg?crop=faces&w=160&h=90&fit=crop&v=1463715609&auto=format&q=92&s=47d4ad3ec77b8c3ae9fb1f729c11a256",
    "thumb": "https://ksr-ugc.imgix.net/assets/011/923/973/2b53b6b864ed0f477cfdab60645a80e9_original.jpg?crop=faces&w=48&h=27&fit=crop&v=1463715609&auto=format&q=92&s=21f09c920b26a059e82b40b6f4c0733f"
  },
  "pledged": 120249.0,
  "profile": {
    "background_color": "",
    "background_image_opacity": 0.8,
    "blurb": "Modular smartphone-based headset with external sensors for 4\" - 5.7\" Android & iOS phones, iPhone 6 Plus included!",
    "feature_image_attributes": {
      "id": 4660976,
      "image_urls": {
        "baseball_card": "https://ksr-ugc.imgix.net/assets/004/660/976/1a9795bbfb02c39035ab4524452c9f93_original.jpg?crop=faces,edges&w=560&h=315&fit=crop&v=1444400159&auto=format&q=92&s=ac500bd02ae346221fe17cdcb7853778",
        "default": "https://ksr-ugc.imgix.net/assets/004/660/976/1a9795bbfb02c39035ab4524452c9f93_original.jpg?w=700&fit=max&v=1444400159&auto=format&q=92&s=f749c9db420ec7bdbacfba7e2f784fca"
      }
    },
    "id": 1471824,
    "link_background_color": "ff0000",
    "link_text": "Cmoar",
    "link_text_color": "",
    "link_url": "https://www.kickstarter.com/projects/706938033/cmoar-virtual-reality-headset-with-integrated-elec/comments",
    "name": "Cmoar Virtual Reality Headset with integrated electronics",
    "project_id": 1471824,
    "should_show_feature_image_section": true,
    "show_feature_image": true,
    "state": "active",
    "state_changed_at": 1432891912,
    "text_color": ""
  },
  "slug": "cmoar-virtual-reality-headset-with-integrated-elec",
  "spotlight": true,
  "staff_pick": true,
  "state": "successful",
  "state_changed_at": 1427740321,
  "static_usd_rate": 1.0,
  "urls": {
    "web": {
      "project": "https://www.kickstarter.com/projects/706938033/cmoar-virtual-reality-headset-with-integrated-elec?ref=category_newest",
      "rewards": "https://www.kickstarter.com/projects/706938033/cmoar-virtual-reality-headset-with-integrated-elec/rewards"
    }
  },
  "usd_pledged": "120249.0",
  "usd_type": "international"
}