{
  "backers_count": 75,
  "blurb": "Mix&Match Colour Compact Storage Drive Powered by Solid State and USB 3.0 Technologies in Aluminum Rugged Designer Case",
  "category": {
    "color": 6526716,
    "id": 337,
    "name": "Gadgets",
    "parent_id": 16,
    "position": 7,
    "slug": "technology/gadgets",
    "urls": {
      "web": {
        "discover": "http://www.kickstarter.com/discover/categories/technology/gadgets"
      }
    }
  },
  "converted_pledged_amount": 18323,
  "country": "AU",
  "created_at": 1444539204,
  "creator": {
    "avatar": {
      "medium": "https://ksr-ugc.imgix.net/assets/010/426/104/9e94d2dd68d3053aa23e8ae51f123603_original.png?w=160&h=160&fit=crop&v=1461689159&auto=format&q=92&s=78246a19482e23b4813c5c6f589abfa9",
      "small": "https://ksr-ugc.imgix.net/assets/010/426/104/9e94d2dd68d3053aa23e8ae51f123603_original.png?w=160&h=160&fit=crop&v=1461689159&auto=format&q=92&s=78246a19482e23b4813c5c6f589abfa9",
      "thumb": "https://ksr-ugc.imgix.net/assets/010/426/104/9e94d2dd68d3053aa23e8ae51f123603_original.png?w=40&h=40&fit=crop&v=1461689159&auto=format&q=92&s=a7ee936091d25f4a45af251b35f3c1d6"
    },
    "chosen_currency": null,
    "id": 1302128230,
    "is_registered": true,
    "name": "Vivid Storage Team",
    "slug": "vividstorage",
    "urls": {
      "api": {
        "user": "https://api.kickstarter.com/v1/users/1302128230?signature=1524101012.470fe588555470be8ff2526615924dd77dbff3fd"
      },
      "web": {
        "user": "https://www.kickstarter.com/profile/vividstorage"
      }
    }
  },
  "currency": "AUD",
  "currency_symbol": "$",
  "currency_trailing_code": true,
  "current_currency": "USD",
  "deadline": 1453032000,
  "disable_communication": false,
  "fx_rate": 0.77656633,
  "goal": 20000.0,
  "id": 1013550096,
  "is_starrable": false,
  "launched_at": 1450275518,
  "location": {
    "country": "AU",
    "displayable_name": "Sydney, AU",
    "id": 1105779,
    "is_root": false,
    "localized_name": "Sydney",
    "name": "Sydney",
    "short_name": "Sydney, AU",
    "slug": "sydney-au",
    "state": "NSW",
    "type": "Town",
    "urls": {
      "api": {
        "nearby_projects": "https://api.kickstarter.com/v1/discover?signature=1524082110.b9fdee45ce4e7d5af303362d3ac9585affd5b0ce&woe_id=1105779"
      },
      "web": {
        "discover": "https://www.kickstarter.com/discover/places/sydney-au",
        "location": "https://www.kickstarter.com/locations/sydney-au"
      }
    }
  },
  "name": "VIVID SSD: Ultra Fast & Portable Solid State Drive in Colour",
  "photo": {
    "1024x576": "https://ksr-ugc.imgix.net/assets/012/276/749/985b8e3ef775708b8f4c8d6b0c0da388_original.jpg?crop=faces&w=1024&h=576&fit=crop&v=1463749657&auto=format&q=92&s=2e0120690ccedc3da6d24d4582c6e4a5",
    "1536x864": "https://ksr-ugc.imgix.net/assets/012/276/749/985b8e3ef775708b8f4c8d6b0c0da388_original.jpg?crop=faces&w=1552&h=873&fit=crop&v=1463749657&auto=format&q=92&s=bbeca2cf6193746248aaa5fdfabfe0a9",
    "ed": "https://ksr-ugc.imgix.net/assets/012/276/749/985b8e3ef775708b8f4c8d6b0c0da388_original.jpg?crop=faces&w=352&h=198&fit=crop&v=1463749657&auto=format&q=92&s=a556cc1d9b5e9a808ee14ca16fa2ae65",
    "full": "https://ksr-ugc.imgix.net/assets/012/276/749/985b8e3ef775708b8f4c8d6b0c0da388_original.jpg?crop=faces&w=560&h=315&fit=crop&v=1463749657&auto=format&q=92&s=646c62e0517e828616e3a60a6293b967",
    "key": "assets/012/276/749/985b8e3ef775708b8f4c8d6b0c0da388_original.jpg",
    "little": "https://ksr-ugc.imgix.net/assets/012/276/749/985b8e3ef775708b8f4c8d6b0c0da388_original.jpg?crop=faces&w=208&h=117&fit=crop&v=1463749657&auto=format&q=92&s=a87c3a05ebfe8e47ebef9686cbb233fb",
    "med": "https://ksr-ugc.imgix.net/assets/012/276/749/985b8e3ef775708b8f4c8d6b0c0da388_original.jpg?crop=faces&w=272&h=153&fit=crop&v=1463749657&auto=format&q=92&s=7d6182380d20a75332aea433228ca51f",
    "small": "https://ksr-ugc.imgix.net/assets/012/276/749/985b8e3ef775708b8f4c8d6b0c0da388_original.jpg?crop=faces&w=160&h=90&fit=crop&v=1463749657&auto=format&q=92&s=7ae91365a22015b5899b179a577f3e06",
    "thumb": "https://ksr-ugc.imgix.net/assets/012/276/749/985b8e3ef775708b8f4c8d6b0c0da388_original.jpg?crop=faces&w=48&h=27&fit=crop&v=1463749657&auto=format&q=92&s=b096089283ac4b0f85505de55202e128"
  },
  "pledged": 26708.0,
  "profile": {
    "background_color": "000000",
    "background_image_attributes": {
      "id": 5230051,
      "image_urls": {
        "baseball_card": "https://ksr-ugc.imgix.net/assets/005/230/051/0ce7c53c4a19bb62d46e0dfbcd215f4e_original.jpg?w=460&fit=max&v=1453445475&auto=format&q=92&s=37a379f6f0c4669d02a2dce6dfa44513",
        "default": "https://ksr-ugc.imgix.net/assets/005/230/051/0ce7c53c4a19bb62d46e0dfbcd215f4e_original.jpg?w=1600&fit=max&v=1453445475&auto=format&q=92&s=6a34a80c4bbd828777a995906441073a"
      }
    },
    "background_image_opacity": 0.8,
    "blurb": "VIVID SSD: Ultra Fast & Portable External Storage Drive in Mix & Match Color Combinations Powered by Solid State and USB 3.0 Technology in Aluminum Rugged Designer Shell",
    "feature_image_attributes": {
      "id": 5230130,
      "image_urls": {
        "baseball_card": "https://ksr-ugc.imgix.net/assets/005/230/130/58c5a7ec1b886cc89f3dbd11be33a88b_original.jpg?crop=faces,edges&w=560&h=315&fit=crop&v=1453446475&auto=format&q=92&s=1ec4452934d614da7d145a0a9b45507a",
        "default": "https://ksr-ugc.imgix.net/assets/005/230/130/58c5a7ec1b886cc89f3dbd11be33a88b_original.jpg?w=700&fit=max&v=1453446475&auto=format&q=92&s=a127c5943fcb30460c23167147a4bd78"
      }
    },
    "id": 2168625,
    "link_background_color": "21b7cf",
    "link_text": "Buy VIVID SSD",
    "link_text_color": "ffffff",
    "link_url": "http://tiny.cc/ks_lp_sl",
    "name": "VIVID SSD:\u00a0The\nUltimate External Storage Drive On Your Terms",
    "project_id": 2168625,
    "should_show_feature_image_section": true,
    "show_feature_image": true,
    "state": "active",
    "state_changed_at": 1453423343,
    "text_color": "ffffff"
  },
  "slug": "vivid-ssd-ultra-fast-and-portable-solid-state-driv",
  "spotlight": true,
  "staff_pick": false,
  "state": "successful",
  "state_changed_at": 1453032000,
  "static_usd_rate": 0.72686991,
  "urls": {
    "web": {
      "project": "https://www.kickstarter.com/projects/vividstorage/vivid-ssd-ultra-fast-and-portable-solid-state-driv?ref=category_newest",
      "rewards": "https://www.kickstarter.com/projects/vividstorage/vivid-ssd-ultra-fast-and-portable-solid-state-driv/rewards"
    }
  },
  "usd_pledged": "19413.24155628",
  "usd_type": "international"
}