{
  "backers_count": 1,
  "blurb": "FREE professional counseling YOU can Trust!",
  "category": {
    "color": 6526716,
    "id": 332,
    "name": "Apps",
    "parent_id": 16,
    "position": 2,
    "slug": "technology/apps",
    "urls": {
      "web": {
        "discover": "http://www.kickstarter.com/discover/categories/technology/apps"
      }
    }
  },
  "converted_pledged_amount": 10,
  "country": "US",
  "created_at": 1410380150,
  "creator": {
    "avatar": {
      "medium": "https://ksr-ugc.imgix.net/assets/009/262/163/4e7c2091612aee61aaaa6a926178751d_original.jpg?w=160&h=160&fit=crop&v=1461569468&auto=format&q=92&s=9de85078e5ba81b23646f83c4c289a50",
      "small": "https://ksr-ugc.imgix.net/assets/009/262/163/4e7c2091612aee61aaaa6a926178751d_original.jpg?w=160&h=160&fit=crop&v=1461569468&auto=format&q=92&s=9de85078e5ba81b23646f83c4c289a50",
      "thumb": "https://ksr-ugc.imgix.net/assets/009/262/163/4e7c2091612aee61aaaa6a926178751d_original.jpg?w=40&h=40&fit=crop&v=1461569468&auto=format&q=92&s=ab71cff7ac9fd3967319c2c90cd3cf88"
    },
    "chosen_currency": null,
    "id": 1996593318,
    "is_registered": true,
    "name": "Sergio Gutierrez",
    "urls": {
      "api": {
        "user": "https://api.kickstarter.com/v1/users/1996593318?signature=1524100312.ca83f4825e4a93c35837a338c4667ed499c74135"
      },
      "web": {
        "user": "https://www.kickstarter.com/profile/1996593318"
      }
    }
  },
  "currency": "USD",
  "currency_symbol": "$",
  "currency_trailing_code": true,
  "current_currency": "USD",
  "deadline": 1421816340,
  "disable_communication": false,
  "fx_rate": 1.0,
  "goal": 18000.0,
  "id": 1013020050,
  "is_starrable": false,
  "launched_at": 1416680404,
  "location": {
    "country": "US",
    "displayable_name": "Orlando, FL",
    "id": 2466256,
    "is_root": false,
    "localized_name": "Orlando",
    "name": "Orlando",
    "short_name": "Orlando, FL",
    "slug": "orlando-fl",
    "state": "FL",
    "type": "Town",
    "urls": {
      "api": {
        "nearby_projects": "https://api.kickstarter.com/v1/discover?signature=1524082111.2bd8c6b888fa6bb6b50ab45ffe4e9369ce1ebce6&woe_id=2466256"
      },
      "web": {
        "discover": "https://www.kickstarter.com/discover/places/orlando-fl",
        "location": "https://www.kickstarter.com/locations/orlando-fl"
      }
    }
  },
  "name": "Blue Buddy. Professional Counseling",
  "photo": {
    "1024x576": "https://ksr-ugc.imgix.net/assets/011/865/262/85a19f740517e043983e49c270442b34_original.jpg?crop=faces&w=1024&h=576&fit=crop&v=1463706351&auto=format&q=92&s=8d1cd9956fbb45064991787923ebcf99",
    "1536x864": "https://ksr-ugc.imgix.net/assets/011/865/262/85a19f740517e043983e49c270442b34_original.jpg?crop=faces&w=1552&h=873&fit=crop&v=1463706351&auto=format&q=92&s=75a21543370da223954dec83d6e07fac",
    "ed": "https://ksr-ugc.imgix.net/assets/011/865/262/85a19f740517e043983e49c270442b34_original.jpg?crop=faces&w=352&h=198&fit=crop&v=1463706351&auto=format&q=92&s=82c30f1e1f39b9357f5e0d7fdabf884d",
    "full": "https://ksr-ugc.imgix.net/assets/011/865/262/85a19f740517e043983e49c270442b34_original.jpg?crop=faces&w=560&h=315&fit=crop&v=1463706351&auto=format&q=92&s=220c3e9a74b69f9b3acf2ef29ea57c36",
    "key": "assets/011/865/262/85a19f740517e043983e49c270442b34_original.jpg",
    "little": "https://ksr-ugc.imgix.net/assets/011/865/262/85a19f740517e043983e49c270442b34_original.jpg?crop=faces&w=208&h=117&fit=crop&v=1463706351&auto=format&q=92&s=73bccd505d70c833abbb5a676c2d825d",
    "med": "https://ksr-ugc.imgix.net/assets/011/865/262/85a19f740517e043983e49c270442b34_original.jpg?crop=faces&w=272&h=153&fit=crop&v=1463706351&auto=format&q=92&s=7ba702c8e580ebf41b028c94098901ce",
    "small": "https://ksr-ugc.imgix.net/assets/011/865/262/85a19f740517e043983e49c270442b34_original.jpg?crop=faces&w=160&h=90&fit=crop&v=1463706351&auto=format&q=92&s=576dd761be9db3ac0faabfa8054f4031",
    "thumb": "https://ksr-ugc.imgix.net/assets/011/865/262/85a19f740517e043983e49c270442b34_original.jpg?crop=faces&w=48&h=27&fit=crop&v=1463706351&auto=format&q=92&s=3556f93bde33d12d2d9fa242f6f1b72b"
  },
  "pledged": 10.0,
  "profile": {
    "background_color": null,
    "background_image_opacity": 0.8,
    "blurb": null,
    "feature_image_attributes": {
      "image_urls": {
        "baseball_card": "https://ksr-ugc.imgix.net/assets/011/865/262/85a19f740517e043983e49c270442b34_original.jpg?crop=faces&w=560&h=315&fit=crop&v=1463706351&auto=format&q=92&s=220c3e9a74b69f9b3acf2ef29ea57c36",
        "default": "https://ksr-ugc.imgix.net/assets/011/865/262/85a19f740517e043983e49c270442b34_original.jpg?crop=faces&w=1552&h=873&fit=crop&v=1463706351&auto=format&q=92&s=75a21543370da223954dec83d6e07fac"
      }
    },
    "id": 1351082,
    "link_background_color": null,
    "link_text": null,
    "link_text_color": null,
    "link_url": null,
    "name": null,
    "project_id": 1351082,
    "should_show_feature_image_section": true,
    "show_feature_image": false,
    "state": "inactive",
    "state_changed_at": 1425915874,
    "text_color": null
  },
  "slug": "blue-buddy-life-personal-counselor",
  "spotlight": false,
  "staff_pick": false,
  "state": "failed",
  "state_changed_at": 1421816340,
  "static_usd_rate": 1.0,
  "urls": {
    "web": {
      "project": "https://www.kickstarter.com/projects/1996593318/blue-buddy-life-personal-counselor?ref=category_newest",
      "rewards": "https://www.kickstarter.com/projects/1996593318/blue-buddy-life-personal-counselor/rewards"
    }
  },
  "usd_pledged": "10.0",
  "usd_type": "international"
}