{
  "backers_count": 2,
  "blurb": "Frustrated by lack of progress against global warming?  Here's a no cost solution.",
  "category": {
    "color": 6526716,
    "id": 342,
    "name": "Web",
    "parent_id": 16,
    "position": 15,
    "slug": "technology/web",
    "urls": {
      "web": {
        "discover": "http://www.kickstarter.com/discover/categories/technology/web"
      }
    }
  },
  "converted_pledged_amount": 9,
  "country": "AU",
  "created_at": 1403764572,
  "creator": {
    "avatar": {
      "medium": "https://ksr-ugc.imgix.net/assets/008/912/916/6df567238577654d65ac514a95fb2a55_original.jpg?w=160&h=160&fit=crop&v=1461549515&auto=format&q=92&s=251da8b12901ba119b733ddafa4cd21f",
      "small": "https://ksr-ugc.imgix.net/assets/008/912/916/6df567238577654d65ac514a95fb2a55_original.jpg?w=160&h=160&fit=crop&v=1461549515&auto=format&q=92&s=251da8b12901ba119b733ddafa4cd21f",
      "thumb": "https://ksr-ugc.imgix.net/assets/008/912/916/6df567238577654d65ac514a95fb2a55_original.jpg?w=40&h=40&fit=crop&v=1461549515&auto=format&q=92&s=2b3416946d336bf2c022361d281b96f7"
    },
    "chosen_currency": null,
    "id": 1394760936,
    "is_registered": true,
    "name": "Warwick Willcoxson",
    "urls": {
      "api": {
        "user": "https://api.kickstarter.com/v1/users/1394760936?signature=1524102974.46117bf7e12eee6cd3d36605cc89a51bd6578180"
      },
      "web": {
        "user": "https://www.kickstarter.com/profile/1394760936"
      }
    }
  },
  "currency": "AUD",
  "currency_symbol": "$",
  "currency_trailing_code": true,
  "current_currency": "USD",
  "deadline": 1410836126,
  "disable_communication": false,
  "fx_rate": 0.77656633,
  "goal": 70000.0,
  "id": 1013632147,
  "is_starrable": false,
  "launched_at": 1407380126,
  "location": {
    "country": "AU",
    "displayable_name": "Sydney, AU",
    "id": 1105779,
    "is_root": false,
    "localized_name": "Sydney",
    "name": "Sydney",
    "short_name": "Sydney, AU",
    "slug": "sydney-au",
    "state": "NSW",
    "type": "Town",
    "urls": {
      "api": {
        "nearby_projects": "https://api.kickstarter.com/v1/discover?signature=1524082110.b9fdee45ce4e7d5af303362d3ac9585affd5b0ce&woe_id=1105779"
      },
      "web": {
        "discover": "https://www.kickstarter.com/discover/places/sydney-au",
        "location": "https://www.kickstarter.com/locations/sydney-au"
      }
    }
  },
  "name": "Meemoes: no cost fix for global warming and the environment.",
  "photo": {
    "1024x576": "https://ksr-ugc.imgix.net/assets/011/733/295/004b4e4c047bf7643acca87257e9f835_original.jpg?crop=faces&w=1024&h=576&fit=crop&v=1463687587&auto=format&q=92&s=f43340fe38641b46817b57d50d4e316f",
    "1536x864": "https://ksr-ugc.imgix.net/assets/011/733/295/004b4e4c047bf7643acca87257e9f835_original.jpg?crop=faces&w=1552&h=873&fit=crop&v=1463687587&auto=format&q=92&s=7f6a34cfed80caf88c1441db193d5476",
    "ed": "https://ksr-ugc.imgix.net/assets/011/733/295/004b4e4c047bf7643acca87257e9f835_original.jpg?crop=faces&w=352&h=198&fit=crop&v=1463687587&auto=format&q=92&s=a5dc6d41447f81d3e35752846fed0e1b",
    "full": "https://ksr-ugc.imgix.net/assets/011/733/295/004b4e4c047bf7643acca87257e9f835_original.jpg?crop=faces&w=560&h=315&fit=crop&v=1463687587&auto=format&q=92&s=55388a60d9dd4fe60ac5b304e2764986",
    "key": "assets/011/733/295/004b4e4c047bf7643acca87257e9f835_original.jpg",
    "little": "https://ksr-ugc.imgix.net/assets/011/733/295/004b4e4c047bf7643acca87257e9f835_original.jpg?crop=faces&w=208&h=117&fit=crop&v=1463687587&auto=format&q=92&s=f1baa4646daaf51d64e78996461b2ece",
    "med": "https://ksr-ugc.imgix.net/assets/011/733/295/004b4e4c047bf7643acca87257e9f835_original.jpg?crop=faces&w=272&h=153&fit=crop&v=1463687587&auto=format&q=92&s=422f5e48d2ac6ead5cc1dede3805c681",
    "small": "https://ksr-ugc.imgix.net/assets/011/733/295/004b4e4c047bf7643acca87257e9f835_original.jpg?crop=faces&w=160&h=90&fit=crop&v=1463687587&auto=format&q=92&s=ac13e4a6416d50fe45fa0e53c9ea1d46",
    "thumb": "https://ksr-ugc.imgix.net/assets/011/733/295/004b4e4c047bf7643acca87257e9f835_original.jpg?crop=faces&w=48&h=27&fit=crop&v=1463687587&auto=format&q=92&s=c65d43ea0327db491c3345cc33081a0f"
  },
  "pledged": 11.0,
  "profile": {
    "background_color": null,
    "background_image_opacity": 0.8,
    "blurb": null,
    "feature_image_attributes": {
      "image_urls": {
        "baseball_card": "https://ksr-ugc.imgix.net/assets/011/733/295/004b4e4c047bf7643acca87257e9f835_original.jpg?crop=faces&w=560&h=315&fit=crop&v=1463687587&auto=format&q=92&s=55388a60d9dd4fe60ac5b304e2764986",
        "default": "https://ksr-ugc.imgix.net/assets/011/733/295/004b4e4c047bf7643acca87257e9f835_original.jpg?crop=faces&w=1552&h=873&fit=crop&v=1463687587&auto=format&q=92&s=7f6a34cfed80caf88c1441db193d5476"
      }
    },
    "id": 1085437,
    "link_background_color": null,
    "link_text": null,
    "link_text_color": null,
    "link_url": null,
    "name": null,
    "project_id": 1085437,
    "should_show_feature_image_section": true,
    "show_feature_image": false,
    "state": "inactive",
    "state_changed_at": 1425915860,
    "text_color": null
  },
  "slug": "meemoes-no-cost-fix-for-global-warming-and-the-env",
  "spotlight": false,
  "staff_pick": false,
  "state": "failed",
  "state_changed_at": 1410836126,
  "static_usd_rate": 0.9322071,
  "urls": {
    "web": {
      "project": "https://www.kickstarter.com/projects/1394760936/meemoes-no-cost-fix-for-global-warming-and-the-env?ref=category_newest",
      "rewards": "https://www.kickstarter.com/projects/1394760936/meemoes-no-cost-fix-for-global-warming-and-the-env/rewards"
    }
  },
  "usd_pledged": "10.2542781",
  "usd_type": "international"
}