{
  "backers_count": 151,
  "blurb": "Letting you focus on the writing, Novlr is accessible anywhere, constantly saved and a pleasure to write in. Try it now.",
  "category": {
    "color": 6526716,
    "id": 51,
    "name": "Software",
    "parent_id": 16,
    "position": 11,
    "slug": "technology/software",
    "urls": {
      "web": {
        "discover": "http://www.kickstarter.com/discover/categories/technology/software"
      }
    }
  },
  "converted_pledged_amount": 14234,
  "country": "GB",
  "created_at": 1406448905,
  "creator": {
    "avatar": {
      "medium": "https://ksr-ugc.imgix.net/assets/009/120/959/1636d674463866bfa53ab8d71b314c63_original.png?w=160&h=160&fit=crop&v=1461559177&auto=format&q=92&s=4e0809a65b29c06088ab00fc7e1177fa",
      "small": "https://ksr-ugc.imgix.net/assets/009/120/959/1636d674463866bfa53ab8d71b314c63_original.png?w=160&h=160&fit=crop&v=1461559177&auto=format&q=92&s=4e0809a65b29c06088ab00fc7e1177fa",
      "thumb": "https://ksr-ugc.imgix.net/assets/009/120/959/1636d674463866bfa53ab8d71b314c63_original.png?w=40&h=40&fit=crop&v=1461559177&auto=format&q=92&s=14d78d409545a3718cf3207d2ebce4c0"
    },
    "chosen_currency": null,
    "id": 1445955838,
    "is_registered": true,
    "name": "Novlr",
    "slug": "novlr",
    "urls": {
      "api": {
        "user": "https://api.kickstarter.com/v1/users/1445955838?signature=1524102206.3bceb0969717a40ee426e501face197c2da13f46"
      },
      "web": {
        "user": "https://www.kickstarter.com/profile/novlr"
      }
    }
  },
  "currency": "GBP",
  "currency_symbol": "\u00a3",
  "currency_trailing_code": false,
  "current_currency": "USD",
  "deadline": 1412710356,
  "disable_communication": false,
  "fx_rate": 1.43358488,
  "goal": 20000.0,
  "id": 1013783768,
  "is_starrable": false,
  "launched_at": 1410895956,
  "location": {
    "country": "GB",
    "displayable_name": "London, UK",
    "id": 44418,
    "is_root": false,
    "localized_name": "London",
    "name": "London",
    "short_name": "London, UK",
    "slug": "london-gb",
    "state": "England",
    "type": "Town",
    "urls": {
      "api": {
        "nearby_projects": "https://api.kickstarter.com/v1/discover?signature=1524082109.5118e135081e740cf60892f6b56ae9d8b8d0db64&woe_id=44418"
      },
      "web": {
        "discover": "https://www.kickstarter.com/discover/places/london-gb",
        "location": "https://www.kickstarter.com/locations/london-gb"
      }
    }
  },
  "name": "Novlr. Novel writing. Simply.",
  "photo": {
    "1024x576": "https://ksr-ugc.imgix.net/assets/011/808/226/288b612935041d6a1f292db78c3bf644_original.png?crop=faces&w=1024&h=576&fit=crop&v=1463697567&auto=format&q=92&s=3ccf8b1bd5053a35ac1d02cb09e280c3",
    "1536x864": "https://ksr-ugc.imgix.net/assets/011/808/226/288b612935041d6a1f292db78c3bf644_original.png?crop=faces&w=1552&h=873&fit=crop&v=1463697567&auto=format&q=92&s=25646d17f74557cbe606ec38315fd132",
    "ed": "https://ksr-ugc.imgix.net/assets/011/808/226/288b612935041d6a1f292db78c3bf644_original.png?crop=faces&w=352&h=198&fit=crop&v=1463697567&auto=format&q=92&s=ae8602d027f19219791d86411ac886f7",
    "full": "https://ksr-ugc.imgix.net/assets/011/808/226/288b612935041d6a1f292db78c3bf644_original.png?crop=faces&w=560&h=315&fit=crop&v=1463697567&auto=format&q=92&s=bc3cb73cdcdcfd9a90fba87f0da3e827",
    "key": "assets/011/808/226/288b612935041d6a1f292db78c3bf644_original.png",
    "little": "https://ksr-ugc.imgix.net/assets/011/808/226/288b612935041d6a1f292db78c3bf644_original.png?crop=faces&w=208&h=117&fit=crop&v=1463697567&auto=format&q=92&s=1f71920b87e082df0a2aab0ee33a5a5e",
    "med": "https://ksr-ugc.imgix.net/assets/011/808/226/288b612935041d6a1f292db78c3bf644_original.png?crop=faces&w=272&h=153&fit=crop&v=1463697567&auto=format&q=92&s=b98ab340f4d690a012b47e090ce0041a",
    "small": "https://ksr-ugc.imgix.net/assets/011/808/226/288b612935041d6a1f292db78c3bf644_original.png?crop=faces&w=160&h=90&fit=crop&v=1463697567&auto=format&q=92&s=0cc2d31aa1e0fd593945400007b4f84e",
    "thumb": "https://ksr-ugc.imgix.net/assets/011/808/226/288b612935041d6a1f292db78c3bf644_original.png?crop=faces&w=48&h=27&fit=crop&v=1463697567&auto=format&q=92&s=1cac50278242b7e1706718800cb12c7f"
  },
  "pledged": 8873.77,
  "profile": {
    "background_color": null,
    "background_image_opacity": 0.8,
    "blurb": null,
    "feature_image_attributes": {
      "image_urls": {
        "baseball_card": "https://ksr-ugc.imgix.net/assets/011/808/226/288b612935041d6a1f292db78c3bf644_original.png?crop=faces&w=560&h=315&fit=crop&v=1463697567&auto=format&q=92&s=bc3cb73cdcdcfd9a90fba87f0da3e827",
        "default": "https://ksr-ugc.imgix.net/assets/011/808/226/288b612935041d6a1f292db78c3bf644_original.png?crop=faces&w=1552&h=873&fit=crop&v=1463697567&auto=format&q=92&s=25646d17f74557cbe606ec38315fd132"
      }
    },
    "id": 1231690,
    "link_background_color": null,
    "link_text": null,
    "link_text_color": null,
    "link_url": null,
    "name": null,
    "project_id": 1231690,
    "should_show_feature_image_section": true,
    "show_feature_image": false,
    "state": "inactive",
    "state_changed_at": 1425915868,
    "text_color": null
  },
  "slug": "novlr-novel-writing-simply",
  "spotlight": false,
  "staff_pick": true,
  "state": "failed",
  "state_changed_at": 1412710357,
  "static_usd_rate": 1.62447895,
  "urls": {
    "web": {
      "project": "https://www.kickstarter.com/projects/novlr/novlr-novel-writing-simply?ref=category_newest",
      "rewards": "https://www.kickstarter.com/projects/novlr/novlr-novel-writing-simply/rewards"
    }
  },
  "usd_pledged": "14415.2525721415",
  "usd_type": "international"
}