{
  "backers_count": 0,
  "blurb": "We help people wait in line less but conversely offer business owners a way to market to users waiting in line at their locations.",
  "category": {
    "color": 6526716,
    "id": 332,
    "name": "Apps",
    "parent_id": 16,
    "position": 2,
    "slug": "technology/apps",
    "urls": {
      "web": {
        "discover": "http://www.kickstarter.com/discover/categories/technology/apps"
      }
    }
  },
  "converted_pledged_amount": 0,
  "country": "US",
  "created_at": 1405547941,
  "creator": {
    "avatar": {
      "medium": "https://ksr-ugc.imgix.net/assets/008/548/692/6965109052346327d8e4cfe9b5f001fd_original.jpeg?w=160&h=160&fit=crop&v=1461530826&auto=format&q=92&s=4f3c6273b20569487f676dfb2518601b",
      "small": "https://ksr-ugc.imgix.net/assets/008/548/692/6965109052346327d8e4cfe9b5f001fd_original.jpeg?w=160&h=160&fit=crop&v=1461530826&auto=format&q=92&s=4f3c6273b20569487f676dfb2518601b",
      "thumb": "https://ksr-ugc.imgix.net/assets/008/548/692/6965109052346327d8e4cfe9b5f001fd_original.jpeg?w=40&h=40&fit=crop&v=1461530826&auto=format&q=92&s=1d8d6a174fce4ca12c3f5e4ff9a111ce"
    },
    "chosen_currency": null,
    "id": 119822868,
    "is_registered": true,
    "name": "Scott Gaines",
    "urls": {
      "api": {
        "user": "https://api.kickstarter.com/v1/users/119822868?signature=1524100254.54a28c93d092b4f5bcb3307cd7d201de5388964e"
      },
      "web": {
        "user": "https://www.kickstarter.com/profile/119822868"
      }
    }
  },
  "currency": "USD",
  "currency_symbol": "$",
  "currency_trailing_code": true,
  "current_currency": "USD",
  "deadline": 1413567991,
  "disable_communication": false,
  "fx_rate": 1.0,
  "goal": 10000.0,
  "id": 1013286507,
  "is_starrable": false,
  "launched_at": 1410975991,
  "location": {
    "country": "US",
    "displayable_name": "St. Louis, MO",
    "id": 2486982,
    "is_root": false,
    "localized_name": "St. Louis",
    "name": "St. Louis",
    "short_name": "St. Louis, MO",
    "slug": "st-louis-mo",
    "state": "MO",
    "type": "Town",
    "urls": {
      "api": {
        "nearby_projects": "https://api.kickstarter.com/v1/discover?signature=1524082110.aeac405f9e8ac7ae16a01835b666f8ad27ba9dc2&woe_id=2486982"
      },
      "web": {
        "discover": "https://www.kickstarter.com/discover/places/st-louis-mo",
        "location": "https://www.kickstarter.com/locations/st-louis-mo"
      }
    }
  },
  "name": "Why are you waiting? Spend Less Time in Line!",
  "photo": {
    "1024x576": "https://ksr-ugc.imgix.net/assets/011/789/357/87b0842485ccf9f15369f3bd3154f5fd_original.jpg?crop=faces&w=1024&h=576&fit=crop&v=1463694801&auto=format&q=92&s=8c963b85b8f24f8704c0124fc49eee41",
    "1536x864": "https://ksr-ugc.imgix.net/assets/011/789/357/87b0842485ccf9f15369f3bd3154f5fd_original.jpg?crop=faces&w=1552&h=873&fit=crop&v=1463694801&auto=format&q=92&s=9ea49de29531b79cc47a0f4d1eb677e8",
    "ed": "https://ksr-ugc.imgix.net/assets/011/789/357/87b0842485ccf9f15369f3bd3154f5fd_original.jpg?crop=faces&w=352&h=198&fit=crop&v=1463694801&auto=format&q=92&s=6971fa7c2191e0057dbeed3f88e357da",
    "full": "https://ksr-ugc.imgix.net/assets/011/789/357/87b0842485ccf9f15369f3bd3154f5fd_original.jpg?crop=faces&w=560&h=315&fit=crop&v=1463694801&auto=format&q=92&s=d62bc768b55dfb0e003526deda4784b6",
    "key": "assets/011/789/357/87b0842485ccf9f15369f3bd3154f5fd_original.jpg",
    "little": "https://ksr-ugc.imgix.net/assets/011/789/357/87b0842485ccf9f15369f3bd3154f5fd_original.jpg?crop=faces&w=208&h=117&fit=crop&v=1463694801&auto=format&q=92&s=86d965d789302ff937fd405c9b5e7ec4",
    "med": "https://ksr-ugc.imgix.net/assets/011/789/357/87b0842485ccf9f15369f3bd3154f5fd_original.jpg?crop=faces&w=272&h=153&fit=crop&v=1463694801&auto=format&q=92&s=01bdc63a443ff56065a99e77ea2fc193",
    "small": "https://ksr-ugc.imgix.net/assets/011/789/357/87b0842485ccf9f15369f3bd3154f5fd_original.jpg?crop=faces&w=160&h=90&fit=crop&v=1463694801&auto=format&q=92&s=dfeacddefa9562000b4c76dfd99b62e8",
    "thumb": "https://ksr-ugc.imgix.net/assets/011/789/357/87b0842485ccf9f15369f3bd3154f5fd_original.jpg?crop=faces&w=48&h=27&fit=crop&v=1463694801&auto=format&q=92&s=0ff28fd0fdec5f89a63ac0fcb7a07440"
  },
  "pledged": 0.0,
  "profile": {
    "background_color": null,
    "background_image_opacity": 0.8,
    "blurb": null,
    "feature_image_attributes": {
      "image_urls": {
        "baseball_card": "https://ksr-ugc.imgix.net/assets/011/789/357/87b0842485ccf9f15369f3bd3154f5fd_original.jpg?crop=faces&w=560&h=315&fit=crop&v=1463694801&auto=format&q=92&s=d62bc768b55dfb0e003526deda4784b6",
        "default": "https://ksr-ugc.imgix.net/assets/011/789/357/87b0842485ccf9f15369f3bd3154f5fd_original.jpg?crop=faces&w=1552&h=873&fit=crop&v=1463694801&auto=format&q=92&s=9ea49de29531b79cc47a0f4d1eb677e8"
      }
    },
    "id": 1193303,
    "link_background_color": null,
    "link_text": null,
    "link_text_color": null,
    "link_url": null,
    "name": null,
    "project_id": 1193303,
    "should_show_feature_image_section": true,
    "show_feature_image": false,
    "state": "inactive",
    "state_changed_at": 1425915866,
    "text_color": null
  },
  "slug": "why-are-you-waiting-spend-less-time-in-line",
  "spotlight": false,
  "staff_pick": false,
  "state": "failed",
  "state_changed_at": 1413567991,
  "static_usd_rate": 1.0,
  "urls": {
    "web": {
      "project": "https://www.kickstarter.com/projects/119822868/why-are-you-waiting-spend-less-time-in-line?ref=category_newest",
      "rewards": "https://www.kickstarter.com/projects/119822868/why-are-you-waiting-spend-less-time-in-line/rewards"
    }
  },
  "usd_pledged": "0.0",
  "usd_type": "international"
}