{
  "backers_count": 227,
  "blurb": "Style that's more than skin deep. A distinctive TITANIUM pen with unique Single Motion Activation - no click, twist or un-capping",
  "category": {
    "color": 6526716,
    "id": 337,
    "name": "Gadgets",
    "parent_id": 16,
    "position": 7,
    "slug": "technology/gadgets",
    "urls": {
      "web": {
        "discover": "http://www.kickstarter.com/discover/categories/technology/gadgets"
      }
    }
  },
  "converted_pledged_amount": 24391,
  "country": "AU",
  "created_at": 1465030223,
  "creator": {
    "avatar": {
      "medium": "https://ksr-ugc.imgix.net/assets/009/084/158/02fb63fd8e64f0fac0774c6233a2e614_original.jpg?w=160&h=160&fit=crop&v=1461564789&auto=format&q=92&s=ffd3d5f00400ef57cd20436180c76e48",
      "small": "https://ksr-ugc.imgix.net/assets/009/084/158/02fb63fd8e64f0fac0774c6233a2e614_original.jpg?w=160&h=160&fit=crop&v=1461564789&auto=format&q=92&s=ffd3d5f00400ef57cd20436180c76e48",
      "thumb": "https://ksr-ugc.imgix.net/assets/009/084/158/02fb63fd8e64f0fac0774c6233a2e614_original.jpg?w=40&h=40&fit=crop&v=1461564789&auto=format&q=92&s=adaf5928409bb6d9a197307ba3bd02b3"
    },
    "chosen_currency": null,
    "id": 1413766785,
    "is_registered": true,
    "name": "Dave Colliver",
    "slug": "dcid",
    "urls": {
      "api": {
        "user": "https://api.kickstarter.com/v1/users/1413766785?signature=1524101299.35b65c09d20b2e49348c33fe555ce3946ef28811"
      },
      "web": {
        "user": "https://www.kickstarter.com/profile/dcid"
      }
    }
  },
  "currency": "AUD",
  "currency_symbol": "$",
  "currency_trailing_code": true,
  "current_currency": "USD",
  "deadline": 1469800800,
  "disable_communication": false,
  "fx_rate": 0.77656633,
  "goal": 65000.0,
  "id": 1013526951,
  "is_starrable": false,
  "launched_at": 1465826425,
  "location": {
    "country": "AU",
    "displayable_name": "Adelaide, AU",
    "id": 1099805,
    "is_root": false,
    "localized_name": "Adelaide",
    "name": "Adelaide",
    "short_name": "Adelaide, AU",
    "slug": "adelaide-sa-au",
    "state": "SA",
    "type": "Town",
    "urls": {
      "api": {
        "nearby_projects": "https://api.kickstarter.com/v1/discover?signature=1524082116.46a26566edc90acb5541a52b1027401a3c9aa69e&woe_id=1099805"
      },
      "web": {
        "discover": "https://www.kickstarter.com/discover/places/adelaide-sa-au",
        "location": "https://www.kickstarter.com/locations/adelaide-sa-au"
      }
    }
  },
  "name": "if... TITANIUM Pen",
  "photo": {
    "1024x576": "https://ksr-ugc.imgix.net/assets/012/634/447/cb724053aa3086a5cf8884baa13b30e2_original.jpg?crop=faces&w=1024&h=576&fit=crop&v=1465268591&auto=format&q=92&s=e53de0f11a8581053ea1ac5b4ad14f86",
    "1536x864": "https://ksr-ugc.imgix.net/assets/012/634/447/cb724053aa3086a5cf8884baa13b30e2_original.jpg?crop=faces&w=1552&h=873&fit=crop&v=1465268591&auto=format&q=92&s=6774d212713f7ff82c54de0214b109dc",
    "ed": "https://ksr-ugc.imgix.net/assets/012/634/447/cb724053aa3086a5cf8884baa13b30e2_original.jpg?crop=faces&w=352&h=198&fit=crop&v=1465268591&auto=format&q=92&s=54fab568461f1dee384f82fe34e6c200",
    "full": "https://ksr-ugc.imgix.net/assets/012/634/447/cb724053aa3086a5cf8884baa13b30e2_original.jpg?crop=faces&w=560&h=315&fit=crop&v=1465268591&auto=format&q=92&s=5e15d29169b9efc1ad57246ceb3e347b",
    "key": "assets/012/634/447/cb724053aa3086a5cf8884baa13b30e2_original.jpg",
    "little": "https://ksr-ugc.imgix.net/assets/012/634/447/cb724053aa3086a5cf8884baa13b30e2_original.jpg?crop=faces&w=208&h=117&fit=crop&v=1465268591&auto=format&q=92&s=5cc3d86bb3d3cc8a97b253fa99f14e66",
    "med": "https://ksr-ugc.imgix.net/assets/012/634/447/cb724053aa3086a5cf8884baa13b30e2_original.jpg?crop=faces&w=272&h=153&fit=crop&v=1465268591&auto=format&q=92&s=3aa87d76ba40562cea6ca778dadaea80",
    "small": "https://ksr-ugc.imgix.net/assets/012/634/447/cb724053aa3086a5cf8884baa13b30e2_original.jpg?crop=faces&w=160&h=90&fit=crop&v=1465268591&auto=format&q=92&s=fd68a669de38971b8620c408835178ee",
    "thumb": "https://ksr-ugc.imgix.net/assets/012/634/447/cb724053aa3086a5cf8884baa13b30e2_original.jpg?crop=faces&w=48&h=27&fit=crop&v=1465268591&auto=format&q=92&s=5f86fdae307a5e7dd2c4d4590e4a55c5"
  },
  "pledged": 32383.0,
  "profile": {
    "background_color": null,
    "background_image_opacity": 0.8,
    "blurb": null,
    "feature_image_attributes": {
      "image_urls": {
        "baseball_card": "https://ksr-ugc.imgix.net/assets/012/634/447/cb724053aa3086a5cf8884baa13b30e2_original.jpg?crop=faces&w=560&h=315&fit=crop&v=1465268591&auto=format&q=92&s=5e15d29169b9efc1ad57246ceb3e347b",
        "default": "https://ksr-ugc.imgix.net/assets/012/634/447/cb724053aa3086a5cf8884baa13b30e2_original.jpg?crop=faces&w=1552&h=873&fit=crop&v=1465268591&auto=format&q=92&s=6774d212713f7ff82c54de0214b109dc"
      }
    },
    "id": 2545467,
    "link_background_color": null,
    "link_text": null,
    "link_text_color": null,
    "link_url": null,
    "name": null,
    "project_id": 2545467,
    "should_show_feature_image_section": true,
    "show_feature_image": false,
    "state": "inactive",
    "state_changed_at": 1465030223,
    "text_color": null
  },
  "slug": "if-pen",
  "spotlight": false,
  "staff_pick": false,
  "state": "failed",
  "state_changed_at": 1469800800,
  "static_usd_rate": 0.73736688,
  "urls": {
    "web": {
      "project": "https://www.kickstarter.com/projects/dcid/if-pen?ref=category_newest",
      "rewards": "https://www.kickstarter.com/projects/dcid/if-pen/rewards"
    }
  },
  "usd_pledged": "23878.15167504",
  "usd_type": "international"
}