{
  "backers_count": 20,
  "blurb": "Meet \"Bridger\" the modular model making toy system offering the first hobby experience for junior builders and enthusiasts!",
  "category": {
    "color": 6526716,
    "id": 334,
    "name": "DIY Electronics",
    "parent_id": 16,
    "position": 4,
    "slug": "technology/diy electronics",
    "urls": {
      "web": {
        "discover": "http://www.kickstarter.com/discover/categories/technology/diy%20electronics"
      }
    }
  },
  "converted_pledged_amount": 1380,
  "country": "JP",
  "created_at": 1505608681,
  "creator": {
    "avatar": {
      "medium": "https://ksr-ugc.imgix.net/assets/018/361/104/5516fdd6030face28554847fc90c7e29_original.jpg?w=160&h=160&fit=crop&v=1505607823&auto=format&q=92&s=d1e5b16b9ddaea2a315de3cce08d7088",
      "small": "https://ksr-ugc.imgix.net/assets/018/361/104/5516fdd6030face28554847fc90c7e29_original.jpg?w=160&h=160&fit=crop&v=1505607823&auto=format&q=92&s=d1e5b16b9ddaea2a315de3cce08d7088",
      "thumb": "https://ksr-ugc.imgix.net/assets/018/361/104/5516fdd6030face28554847fc90c7e29_original.jpg?w=40&h=40&fit=crop&v=1505607823&auto=format&q=92&s=4824905007f1da42b403cd6f55f67803"
    },
    "chosen_currency": null,
    "id": 1582009677,
    "is_registered": true,
    "name": "Tomohiro Hayata",
    "urls": {
      "api": {
        "user": "https://api.kickstarter.com/v1/users/1582009677?signature=1524100694.85f87c7e40075f46c05a3f02ff41db738fca80b9"
      },
      "web": {
        "user": "https://www.kickstarter.com/profile/1582009677"
      }
    }
  },
  "currency": "JPY",
  "currency_symbol": "\u00a5",
  "currency_trailing_code": false,
  "current_currency": "USD",
  "deadline": 1511489761,
  "disable_communication": false,
  "fx_rate": 0.0093393,
  "goal": 10000.0,
  "id": 1013126278,
  "is_starrable": false,
  "launched_at": 1506302161,
  "location": {
    "country": "JP",
    "displayable_name": "Tokyo, Japan",
    "id": 1118370,
    "is_root": false,
    "localized_name": "Tokyo",
    "name": "Tokyo",
    "short_name": "Tokyo, Japan",
    "slug": "tokyo-jp",
    "state": "Tokyo Prefecture",
    "type": "Town",
    "urls": {
      "api": {
        "nearby_projects": "https://api.kickstarter.com/v1/discover?signature=1524082109.e1903f5f7b3cf869ee425d3e8322a863911299ef&woe_id=1118370"
      },
      "web": {
        "discover": "https://www.kickstarter.com/discover/places/tokyo-jp",
        "location": "https://www.kickstarter.com/locations/tokyo-jp"
      }
    }
  },
  "name": "Bridger Modular Model Making Toy System",
  "photo": {
    "1024x576": "https://ksr-ugc.imgix.net/assets/018/361/236/8e23e40859975672ff4067747251fe38_original.png?crop=faces&w=1024&h=576&fit=crop&v=1505609278&auto=format&q=92&s=2ff2ce67233d6b38749f6b29a8a9f3fb",
    "1536x864": "https://ksr-ugc.imgix.net/assets/018/361/236/8e23e40859975672ff4067747251fe38_original.png?crop=faces&w=1552&h=873&fit=crop&v=1505609278&auto=format&q=92&s=3dbc5b51c426f70c1651f2152432323c",
    "ed": "https://ksr-ugc.imgix.net/assets/018/361/236/8e23e40859975672ff4067747251fe38_original.png?crop=faces&w=352&h=198&fit=crop&v=1505609278&auto=format&q=92&s=fc8efb1aabe156314c1d470a35f7699d",
    "full": "https://ksr-ugc.imgix.net/assets/018/361/236/8e23e40859975672ff4067747251fe38_original.png?crop=faces&w=560&h=315&fit=crop&v=1505609278&auto=format&q=92&s=d8fb9c90ea73c1d02002e876012a2b5a",
    "key": "assets/018/361/236/8e23e40859975672ff4067747251fe38_original.png",
    "little": "https://ksr-ugc.imgix.net/assets/018/361/236/8e23e40859975672ff4067747251fe38_original.png?crop=faces&w=208&h=117&fit=crop&v=1505609278&auto=format&q=92&s=092a472f6a4ef8eb6d724089e4486036",
    "med": "https://ksr-ugc.imgix.net/assets/018/361/236/8e23e40859975672ff4067747251fe38_original.png?crop=faces&w=272&h=153&fit=crop&v=1505609278&auto=format&q=92&s=70cf74e2c7c0f56bd7f4df9a8e363e70",
    "small": "https://ksr-ugc.imgix.net/assets/018/361/236/8e23e40859975672ff4067747251fe38_original.png?crop=faces&w=160&h=90&fit=crop&v=1505609278&auto=format&q=92&s=a27b1afb20d471a03c2d0a1b5c3b9f5e",
    "thumb": "https://ksr-ugc.imgix.net/assets/018/361/236/8e23e40859975672ff4067747251fe38_original.png?crop=faces&w=48&h=27&fit=crop&v=1505609278&auto=format&q=92&s=689df7d21a36da90357df57e747d2c69"
  },
  "pledged": 153629.0,
  "profile": {
    "background_color": null,
    "background_image_opacity": 0.8,
    "blurb": null,
    "feature_image_attributes": {
      "image_urls": {
        "baseball_card": "https://ksr-ugc.imgix.net/assets/018/361/236/8e23e40859975672ff4067747251fe38_original.png?crop=faces&w=560&h=315&fit=crop&v=1505609278&auto=format&q=92&s=d8fb9c90ea73c1d02002e876012a2b5a",
        "default": "https://ksr-ugc.imgix.net/assets/018/361/236/8e23e40859975672ff4067747251fe38_original.png?crop=faces&w=1552&h=873&fit=crop&v=1505609278&auto=format&q=92&s=3dbc5b51c426f70c1651f2152432323c"
      }
    },
    "id": 3144410,
    "link_background_color": null,
    "link_text": null,
    "link_text_color": null,
    "link_url": null,
    "name": null,
    "project_id": 3144410,
    "should_show_feature_image_section": true,
    "show_feature_image": false,
    "state": "inactive",
    "state_changed_at": 1505608681,
    "text_color": null
  },
  "slug": "bridger-modular-model-making-toy-system",
  "spotlight": true,
  "staff_pick": false,
  "state": "successful",
  "state_changed_at": 1511489762,
  "static_usd_rate": 0.00892969,
  "urls": {
    "web": {
      "project": "https://www.kickstarter.com/projects/1582009677/bridger-modular-model-making-toy-system?ref=category_newest",
      "rewards": "https://www.kickstarter.com/projects/1582009677/bridger-modular-model-making-toy-system/rewards"
    }
  },
  "usd_pledged": "1371.85934501",
  "usd_type": "international"
}