{
  "backers_count": 12,
  "blurb": "Even though our goal is set to $2000, the cost of the field may exceed $3000. We would greatly appreciate extra donations.",
  "category": {
    "color": 6526716,
    "id": 338,
    "name": "Robots",
    "parent_id": 16,
    "position": 10,
    "slug": "technology/robots",
    "urls": {
      "web": {
        "discover": "http://www.kickstarter.com/discover/categories/technology/robots"
      }
    }
  },
  "converted_pledged_amount": 2000,
  "country": "US",
  "created_at": 1515458045,
  "creator": {
    "avatar": {
      "medium": "https://ksr-ugc.imgix.net/assets/015/082/909/a244a50fcee3b96f0733016dda0c66ec_original.png?w=160&h=160&fit=crop&v=1483721720&auto=format&q=92&s=4a7ffbd0307a443eb3ddf1cbd315ec03",
      "small": "https://ksr-ugc.imgix.net/assets/015/082/909/a244a50fcee3b96f0733016dda0c66ec_original.png?w=160&h=160&fit=crop&v=1483721720&auto=format&q=92&s=4a7ffbd0307a443eb3ddf1cbd315ec03",
      "thumb": "https://ksr-ugc.imgix.net/assets/015/082/909/a244a50fcee3b96f0733016dda0c66ec_original.png?w=40&h=40&fit=crop&v=1483721720&auto=format&q=92&s=5002f3d793404213cacd27d57785e4a4"
    },
    "chosen_currency": null,
    "id": 107086182,
    "is_registered": true,
    "name": "Flagship 3140",
    "urls": {
      "api": {
        "user": "https://api.kickstarter.com/v1/users/107086182?signature=1524101926.238968d7012a508ffb1a79d466802170d9764437"
      },
      "web": {
        "user": "https://www.kickstarter.com/profile/107086182"
      }
    }
  },
  "currency": "USD",
  "currency_symbol": "$",
  "currency_trailing_code": true,
  "current_currency": "USD",
  "deadline": 1519913523,
  "disable_communication": false,
  "fx_rate": 1.0,
  "goal": 2000.0,
  "id": 1013411757,
  "is_starrable": false,
  "launched_at": 1516457523,
  "location": {
    "country": "US",
    "displayable_name": "Knoxville, TN",
    "id": 2433662,
    "is_root": false,
    "localized_name": "Knoxville",
    "name": "Knoxville",
    "short_name": "Knoxville, TN",
    "slug": "knoxville-tn",
    "state": "TN",
    "type": "Town",
    "urls": {
      "api": {
        "nearby_projects": "https://api.kickstarter.com/v1/discover?signature=1524082110.a3b4f5a7afa4385a573e90f657e42aafb2d3158a&woe_id=2433662"
      },
      "web": {
        "discover": "https://www.kickstarter.com/discover/places/knoxville-tn",
        "location": "https://www.kickstarter.com/locations/knoxville-tn"
      }
    }
  },
  "name": "Team up with Team 3140 to Build the 2018 FRC Field!",
  "photo": {
    "1024x576": "https://ksr-ugc.imgix.net/assets/019/805/193/2f5fd88900f7428bc550d1e4018beb90_original.jpg?crop=faces&w=1024&h=576&fit=crop&v=1515458208&auto=format&q=92&s=dcf4a0ac9bc6c24dac38e7557991884e",
    "1536x864": "https://ksr-ugc.imgix.net/assets/019/805/193/2f5fd88900f7428bc550d1e4018beb90_original.jpg?crop=faces&w=1552&h=873&fit=crop&v=1515458208&auto=format&q=92&s=66609582b4cb47e484a1e542e144f15c",
    "ed": "https://ksr-ugc.imgix.net/assets/019/805/193/2f5fd88900f7428bc550d1e4018beb90_original.jpg?crop=faces&w=352&h=198&fit=crop&v=1515458208&auto=format&q=92&s=7384bad6942e79fe98abf5402f440ba0",
    "full": "https://ksr-ugc.imgix.net/assets/019/805/193/2f5fd88900f7428bc550d1e4018beb90_original.jpg?crop=faces&w=560&h=315&fit=crop&v=1515458208&auto=format&q=92&s=7f9592e1ea0e5672670218b6b7fec378",
    "key": "assets/019/805/193/2f5fd88900f7428bc550d1e4018beb90_original.jpg",
    "little": "https://ksr-ugc.imgix.net/assets/019/805/193/2f5fd88900f7428bc550d1e4018beb90_original.jpg?crop=faces&w=208&h=117&fit=crop&v=1515458208&auto=format&q=92&s=2d28d7c3cc3a7d6344a99c31ac96d030",
    "med": "https://ksr-ugc.imgix.net/assets/019/805/193/2f5fd88900f7428bc550d1e4018beb90_original.jpg?crop=faces&w=272&h=153&fit=crop&v=1515458208&auto=format&q=92&s=bd604fbb3b73396be716271dc8211ddc",
    "small": "https://ksr-ugc.imgix.net/assets/019/805/193/2f5fd88900f7428bc550d1e4018beb90_original.jpg?crop=faces&w=160&h=90&fit=crop&v=1515458208&auto=format&q=92&s=7e6e950c9cd648c0a0f502fa266af616",
    "thumb": "https://ksr-ugc.imgix.net/assets/019/805/193/2f5fd88900f7428bc550d1e4018beb90_original.jpg?crop=faces&w=48&h=27&fit=crop&v=1515458208&auto=format&q=92&s=e5fc25f3821f46111192e066389aa0a8"
  },
  "pledged": 2000.0,
  "profile": {
    "background_color": null,
    "background_image_opacity": 0.8,
    "blurb": null,
    "feature_image_attributes": {
      "image_urls": {
        "baseball_card": "https://ksr-ugc.imgix.net/assets/019/805/193/2f5fd88900f7428bc550d1e4018beb90_original.jpg?crop=faces&w=560&h=315&fit=crop&v=1515458208&auto=format&q=92&s=7f9592e1ea0e5672670218b6b7fec378",
        "default": "https://ksr-ugc.imgix.net/assets/019/805/193/2f5fd88900f7428bc550d1e4018beb90_original.jpg?crop=faces&w=1552&h=873&fit=crop&v=1515458208&auto=format&q=92&s=66609582b4cb47e484a1e542e144f15c"
      }
    },
    "id": 3270624,
    "link_background_color": null,
    "link_text": null,
    "link_text_color": null,
    "link_url": null,
    "name": null,
    "project_id": 3270624,
    "should_show_feature_image_section": true,
    "show_feature_image": false,
    "state": "inactive",
    "state_changed_at": 1515458045,
    "text_color": null
  },
  "slug": "team-up-with-team-3140-to-build-the-2018-frc-field",
  "spotlight": true,
  "staff_pick": false,
  "state": "successful",
  "state_changed_at": 1519913523,
  "static_usd_rate": 1.0,
  "urls": {
    "web": {
      "project": "https://www.kickstarter.com/projects/107086182/team-up-with-team-3140-to-build-the-2018-frc-field?ref=category_newest",
      "rewards": "https://www.kickstarter.com/projects/107086182/team-up-with-team-3140-to-build-the-2018-frc-field/rewards"
    }
  },
  "usd_pledged": "2000.0",
  "usd_type": "international"
}