{
  "backers_count": 658,
  "blurb": "Eye tracking augmented reality glasses that revolutionize the hands free interface. Specially designed for ALS, MD and SCI patients.",
  "category": {
    "color": 6526716,
    "id": 341,
    "name": "Wearables",
    "parent_id": 16,
    "position": 14,
    "slug": "technology/wearables",
    "urls": {
      "web": {
        "discover": "http://www.kickstarter.com/discover/categories/technology/wearables"
      }
    }
  },
  "converted_pledged_amount": 128181,
  "country": "US",
  "created_at": 1400851211,
  "creator": {
    "avatar": {
      "medium": "https://ksr-ugc.imgix.net/assets/008/762/082/d36f5cc4260c83900f326c29e178154a_original.jpg?w=160&h=160&fit=crop&v=1461542641&auto=format&q=92&s=417b8928891d0e1657932a4e83e39c32",
      "small": "https://ksr-ugc.imgix.net/assets/008/762/082/d36f5cc4260c83900f326c29e178154a_original.jpg?w=160&h=160&fit=crop&v=1461542641&auto=format&q=92&s=417b8928891d0e1657932a4e83e39c32",
      "thumb": "https://ksr-ugc.imgix.net/assets/008/762/082/d36f5cc4260c83900f326c29e178154a_original.jpg?w=40&h=40&fit=crop&v=1461542641&auto=format&q=92&s=a641b1ae22a6649decca5a446af9d420"
    },
    "chosen_currency": null,
    "id": 886924859,
    "is_registered": true,
    "name": "LusoVU-USA",
    "urls": {
      "api": {
        "user": "https://api.kickstarter.com/v1/users/886924859?signature=1524102638.6ace9143abac2d14ce87724f8b63b8dec15fd574"
      },
      "web": {
        "user": "https://www.kickstarter.com/profile/886924859"
      }
    }
  },
  "currency": "USD",
  "currency_symbol": "$",
  "currency_trailing_code": true,
  "current_currency": "USD",
  "deadline": 1405506984,
  "disable_communication": false,
  "fx_rate": 1.0,
  "goal": 115000.0,
  "id": 101368510,
  "is_starrable": false,
  "launched_at": 1402914984,
  "location": {
    "country": "PT",
    "displayable_name": "Lisbon, Portugal",
    "id": 742676,
    "is_root": false,
    "localized_name": "Lisbon",
    "name": "Lisbon",
    "short_name": "Lisbon, Portugal",
    "slug": "lisbon-pt",
    "state": "Lisbon",
    "type": "Town",
    "urls": {
      "api": {
        "nearby_projects": "https://api.kickstarter.com/v1/discover?signature=1524082110.05c56ef6a20186a363b95c75afa4391d69bf6a6b&woe_id=742676"
      },
      "web": {
        "discover": "https://www.kickstarter.com/discover/places/lisbon-pt",
        "location": "https://www.kickstarter.com/locations/lisbon-pt"
      }
    }
  },
  "name": "EyeSpeak: Beyond Communication",
  "photo": {
    "1024x576": "https://ksr-ugc.imgix.net/assets/011/711/197/45d2c08aecb542d277aacabd47c5ac97_original.jpg?crop=faces&w=1024&h=576&fit=crop&v=1463687109&auto=format&q=92&s=31096cefa7ad29626eff8080d1bf81b9",
    "1536x864": "https://ksr-ugc.imgix.net/assets/011/711/197/45d2c08aecb542d277aacabd47c5ac97_original.jpg?crop=faces&w=1552&h=873&fit=crop&v=1463687109&auto=format&q=92&s=696f76de0cb2c7593c558923f4ba1e5f",
    "ed": "https://ksr-ugc.imgix.net/assets/011/711/197/45d2c08aecb542d277aacabd47c5ac97_original.jpg?crop=faces&w=352&h=198&fit=crop&v=1463687109&auto=format&q=92&s=aa33c24a77c2a42722c39e0247f76d75",
    "full": "https://ksr-ugc.imgix.net/assets/011/711/197/45d2c08aecb542d277aacabd47c5ac97_original.jpg?crop=faces&w=560&h=315&fit=crop&v=1463687109&auto=format&q=92&s=6c695a5bfdc2b6a81826ccbac3313ba0",
    "key": "assets/011/711/197/45d2c08aecb542d277aacabd47c5ac97_original.jpg",
    "little": "https://ksr-ugc.imgix.net/assets/011/711/197/45d2c08aecb542d277aacabd47c5ac97_original.jpg?crop=faces&w=208&h=117&fit=crop&v=1463687109&auto=format&q=92&s=92da47beb1766e559aa3efbeb8016700",
    "med": "https://ksr-ugc.imgix.net/assets/011/711/197/45d2c08aecb542d277aacabd47c5ac97_original.jpg?crop=faces&w=272&h=153&fit=crop&v=1463687109&auto=format&q=92&s=7057a90dbad201204344f3150cede259",
    "small": "https://ksr-ugc.imgix.net/assets/011/711/197/45d2c08aecb542d277aacabd47c5ac97_original.jpg?crop=faces&w=160&h=90&fit=crop&v=1463687109&auto=format&q=92&s=ec556be87214170076c6cd9a0d59a8d0",
    "thumb": "https://ksr-ugc.imgix.net/assets/011/711/197/45d2c08aecb542d277aacabd47c5ac97_original.jpg?crop=faces&w=48&h=27&fit=crop&v=1463687109&auto=format&q=92&s=21946f660f9f27b29023fbd885810ce1"
  },
  "pledged": 128181.89,
  "profile": {
    "background_color": null,
    "background_image_opacity": 0.8,
    "blurb": null,
    "feature_image_attributes": {
      "image_urls": {
        "baseball_card": "https://ksr-ugc.imgix.net/assets/011/711/197/45d2c08aecb542d277aacabd47c5ac97_original.jpg?crop=faces&w=560&h=315&fit=crop&v=1463687109&auto=format&q=92&s=6c695a5bfdc2b6a81826ccbac3313ba0",
        "default": "https://ksr-ugc.imgix.net/assets/011/711/197/45d2c08aecb542d277aacabd47c5ac97_original.jpg?crop=faces&w=1552&h=873&fit=crop&v=1463687109&auto=format&q=92&s=696f76de0cb2c7593c558923f4ba1e5f"
      }
    },
    "id": 1036067,
    "link_background_color": null,
    "link_text": null,
    "link_text_color": null,
    "link_url": null,
    "name": null,
    "project_id": 1036067,
    "should_show_feature_image_section": true,
    "show_feature_image": false,
    "state": "inactive",
    "state_changed_at": 1425915857,
    "text_color": null
  },
  "slug": "eyespeak-beyond-communication",
  "spotlight": true,
  "staff_pick": true,
  "state": "successful",
  "state_changed_at": 1405506985,
  "static_usd_rate": 1.0,
  "urls": {
    "web": {
      "project": "https://www.kickstarter.com/projects/886924859/eyespeak-beyond-communication?ref=category_newest",
      "rewards": "https://www.kickstarter.com/projects/886924859/eyespeak-beyond-communication/rewards"
    }
  },
  "usd_pledged": "128181.89",
  "usd_type": "international"
}