{
  "backers_count": 9,
  "blurb": "Nikka: your smart choice for securing your digital world. Access your files from your personal hardware strongbox, wherever you are.",
  "category": {
    "color": 6526716,
    "id": 52,
    "name": "Hardware",
    "parent_id": 16,
    "position": 8,
    "slug": "technology/hardware",
    "urls": {
      "web": {
        "discover": "http://www.kickstarter.com/discover/categories/technology/hardware"
      }
    }
  },
  "converted_pledged_amount": 1966,
  "country": "GB",
  "created_at": 1410300443,
  "creator": {
    "avatar": {
      "medium": "https://ksr-ugc.imgix.net/assets/008/360/301/c1e8552a44b83f5b97f66ef279c12964_original.JPG?w=160&h=160&fit=crop&v=1461519445&auto=format&q=92&s=dcc5033941ff8f1d18aadd665004641e",
      "small": "https://ksr-ugc.imgix.net/assets/008/360/301/c1e8552a44b83f5b97f66ef279c12964_original.JPG?w=160&h=160&fit=crop&v=1461519445&auto=format&q=92&s=dcc5033941ff8f1d18aadd665004641e",
      "thumb": "https://ksr-ugc.imgix.net/assets/008/360/301/c1e8552a44b83f5b97f66ef279c12964_original.JPG?w=40&h=40&fit=crop&v=1461519445&auto=format&q=92&s=86f866da6184cfdb4cbe2872d6d2f038"
    },
    "chosen_currency": null,
    "id": 106381149,
    "is_registered": true,
    "name": "Dan Cvrcek",
    "urls": {
      "api": {
        "user": "https://api.kickstarter.com/v1/users/106381149?signature=1524101799.4f0f3151d5796c7e627bc7a8776436a0e8df2ae2"
      },
      "web": {
        "user": "https://www.kickstarter.com/profile/106381149"
      }
    }
  },
  "currency": "GBP",
  "currency_symbol": "\u00a3",
  "currency_trailing_code": false,
  "current_currency": "USD",
  "deadline": 1416859200,
  "disable_communication": false,
  "fx_rate": 1.43358488,
  "goal": 30000.0,
  "id": 1014911572,
  "is_starrable": false,
  "launched_at": 1414344360,
  "location": {
    "country": "GB",
    "displayable_name": "Cambridge, UK",
    "id": 14979,
    "is_root": false,
    "localized_name": "Cambridge",
    "name": "Cambridge",
    "short_name": "Cambridge, UK",
    "slug": "cambridge-cambridge-city-gb",
    "state": "England",
    "type": "Town",
    "urls": {
      "api": {
        "nearby_projects": "https://api.kickstarter.com/v1/discover?signature=1524082115.337a7ec4c3439beebb67ee7b243da5fa65efbfa2&woe_id=14979"
      },
      "web": {
        "discover": "https://www.kickstarter.com/discover/places/cambridge-cambridge-city-gb",
        "location": "https://www.kickstarter.com/locations/cambridge-cambridge-city-gb"
      }
    }
  },
  "name": "NIKKA - Your Digital Strongbox for Smart Security",
  "photo": {
    "1024x576": "https://ksr-ugc.imgix.net/assets/011/864/374/a29787f63223ccf49befd4ddb08f9a38_original.jpg?crop=faces&w=1024&h=576&fit=crop&v=1463706158&auto=format&q=92&s=df751d60f3e41127aa896415d1a90621",
    "1536x864": "https://ksr-ugc.imgix.net/assets/011/864/374/a29787f63223ccf49befd4ddb08f9a38_original.jpg?crop=faces&w=1552&h=873&fit=crop&v=1463706158&auto=format&q=92&s=f854bbb8865d8b6d3e5ab310bdd6732a",
    "ed": "https://ksr-ugc.imgix.net/assets/011/864/374/a29787f63223ccf49befd4ddb08f9a38_original.jpg?crop=faces&w=352&h=198&fit=crop&v=1463706158&auto=format&q=92&s=85ac8ff1bc6c1bde2a2e0074a524c264",
    "full": "https://ksr-ugc.imgix.net/assets/011/864/374/a29787f63223ccf49befd4ddb08f9a38_original.jpg?crop=faces&w=560&h=315&fit=crop&v=1463706158&auto=format&q=92&s=9475cba79c4079fea25088b5b61c64d5",
    "key": "assets/011/864/374/a29787f63223ccf49befd4ddb08f9a38_original.jpg",
    "little": "https://ksr-ugc.imgix.net/assets/011/864/374/a29787f63223ccf49befd4ddb08f9a38_original.jpg?crop=faces&w=208&h=117&fit=crop&v=1463706158&auto=format&q=92&s=20d543b0822c90f99c00e812c345cfec",
    "med": "https://ksr-ugc.imgix.net/assets/011/864/374/a29787f63223ccf49befd4ddb08f9a38_original.jpg?crop=faces&w=272&h=153&fit=crop&v=1463706158&auto=format&q=92&s=fba141379d513210453e1b19d2d1dbc0",
    "small": "https://ksr-ugc.imgix.net/assets/011/864/374/a29787f63223ccf49befd4ddb08f9a38_original.jpg?crop=faces&w=160&h=90&fit=crop&v=1463706158&auto=format&q=92&s=8dcf3fcd1cc682aed3894df26d20ea26",
    "thumb": "https://ksr-ugc.imgix.net/assets/011/864/374/a29787f63223ccf49befd4ddb08f9a38_original.jpg?crop=faces&w=48&h=27&fit=crop&v=1463706158&auto=format&q=92&s=5a9e2fef00b8d140b0f505a4cd091776"
  },
  "pledged": 1256.0,
  "profile": {
    "background_color": null,
    "background_image_opacity": 0.8,
    "blurb": null,
    "feature_image_attributes": {
      "image_urls": {
        "baseball_card": "https://ksr-ugc.imgix.net/assets/011/864/374/a29787f63223ccf49befd4ddb08f9a38_original.jpg?crop=faces&w=560&h=315&fit=crop&v=1463706158&auto=format&q=92&s=9475cba79c4079fea25088b5b61c64d5",
        "default": "https://ksr-ugc.imgix.net/assets/011/864/374/a29787f63223ccf49befd4ddb08f9a38_original.jpg?crop=faces&w=1552&h=873&fit=crop&v=1463706158&auto=format&q=92&s=f854bbb8865d8b6d3e5ab310bdd6732a"
      }
    },
    "id": 1349228,
    "link_background_color": null,
    "link_text": null,
    "link_text_color": null,
    "link_url": null,
    "name": null,
    "project_id": 1349228,
    "should_show_feature_image_section": true,
    "show_feature_image": false,
    "state": "inactive",
    "state_changed_at": 1425915874,
    "text_color": null
  },
  "slug": "nikka-your-digital-strongbox-for-smart-security",
  "spotlight": false,
  "staff_pick": false,
  "state": "failed",
  "state_changed_at": 1416859211,
  "static_usd_rate": 1.60890173,
  "urls": {
    "web": {
      "project": "https://www.kickstarter.com/projects/106381149/nikka-your-digital-strongbox-for-smart-security?ref=category_newest",
      "rewards": "https://www.kickstarter.com/projects/106381149/nikka-your-digital-strongbox-for-smart-security/rewards"
    }
  },
  "usd_pledged": "2020.78057288",
  "usd_type": "international"
}