{
  "backers_count": 34,
  "blurb": "Blipper Bands are affordable GPS bands that are stacked full of features!",
  "category": {
    "color": 6526716,
    "id": 337,
    "name": "Gadgets",
    "parent_id": 16,
    "position": 7,
    "slug": "technology/gadgets",
    "urls": {
      "web": {
        "discover": "http://www.kickstarter.com/discover/categories/technology/gadgets"
      }
    }
  },
  "converted_pledged_amount": 5066,
  "country": "US",
  "created_at": 1430798836,
  "creator": {
    "avatar": {
      "medium": "https://ksr-ugc.imgix.net/assets/009/658/767/03d6cbfcd5e6e0fdf54aa16c1b9b0961_original.gif?w=160&h=160&fit=crop&v=1461616074&auto=format&frame=1&q=92&s=3606b232baa33d0b26735092eedc235b",
      "small": "https://ksr-ugc.imgix.net/assets/009/658/767/03d6cbfcd5e6e0fdf54aa16c1b9b0961_original.gif?w=160&h=160&fit=crop&v=1461616074&auto=format&frame=1&q=92&s=3606b232baa33d0b26735092eedc235b",
      "thumb": "https://ksr-ugc.imgix.net/assets/009/658/767/03d6cbfcd5e6e0fdf54aa16c1b9b0961_original.gif?w=40&h=40&fit=crop&v=1461616074&auto=format&frame=1&q=92&s=ff7e28f34f213d8cf5031f33916ae25f"
    },
    "chosen_currency": null,
    "id": 471228813,
    "is_registered": true,
    "name": "Lachlan & Jeff",
    "slug": "blipperbands",
    "urls": {
      "api": {
        "user": "https://api.kickstarter.com/v1/users/471228813?signature=1524101210.9f3031fbc29309289cbef4b3d45e56e4930f11c9"
      },
      "web": {
        "user": "https://www.kickstarter.com/profile/blipperbands"
      }
    }
  },
  "currency": "USD",
  "currency_symbol": "$",
  "currency_trailing_code": true,
  "current_currency": "USD",
  "deadline": 1434059356,
  "disable_communication": false,
  "fx_rate": 1.0,
  "goal": 100000.0,
  "id": 1014095503,
  "is_starrable": false,
  "launched_at": 1431467356,
  "location": {
    "country": "US",
    "displayable_name": "Dallas, TX",
    "id": 2388929,
    "is_root": false,
    "localized_name": "Dallas",
    "name": "Dallas",
    "short_name": "Dallas, TX",
    "slug": "dallas-tx",
    "state": "TX",
    "type": "Town",
    "urls": {
      "api": {
        "nearby_projects": "https://api.kickstarter.com/v1/discover?signature=1524082110.d2826be8fede2d3c72743e6796c855e330bc128d&woe_id=2388929"
      },
      "web": {
        "discover": "https://www.kickstarter.com/discover/places/dallas-tx",
        "location": "https://www.kickstarter.com/locations/dallas-tx"
      }
    }
  },
  "name": "Blipper Bands - Safety wherever you go! - GPS Tracking Band",
  "photo": {
    "1024x576": "https://ksr-ugc.imgix.net/assets/012/128/497/e476a97a0332e60186631bb361ab00d9_original.jpg?crop=faces&w=1024&h=576&fit=crop&v=1463738039&auto=format&q=92&s=8a4e442b17659ae94884c286ae780458",
    "1536x864": "https://ksr-ugc.imgix.net/assets/012/128/497/e476a97a0332e60186631bb361ab00d9_original.jpg?crop=faces&w=1552&h=873&fit=crop&v=1463738039&auto=format&q=92&s=d4b4fa855f642d679ecc7af9a7344f78",
    "ed": "https://ksr-ugc.imgix.net/assets/012/128/497/e476a97a0332e60186631bb361ab00d9_original.jpg?crop=faces&w=352&h=198&fit=crop&v=1463738039&auto=format&q=92&s=4be1a7485b0fabb481bbb1ad95af067d",
    "full": "https://ksr-ugc.imgix.net/assets/012/128/497/e476a97a0332e60186631bb361ab00d9_original.jpg?crop=faces&w=560&h=315&fit=crop&v=1463738039&auto=format&q=92&s=eb5249570af2b64588d90b469c7ec607",
    "key": "assets/012/128/497/e476a97a0332e60186631bb361ab00d9_original.jpg",
    "little": "https://ksr-ugc.imgix.net/assets/012/128/497/e476a97a0332e60186631bb361ab00d9_original.jpg?crop=faces&w=208&h=117&fit=crop&v=1463738039&auto=format&q=92&s=b01a3c2856cd494a023d07843a0f181d",
    "med": "https://ksr-ugc.imgix.net/assets/012/128/497/e476a97a0332e60186631bb361ab00d9_original.jpg?crop=faces&w=272&h=153&fit=crop&v=1463738039&auto=format&q=92&s=7d7242ac95d4d404b706bec1e299aa3f",
    "small": "https://ksr-ugc.imgix.net/assets/012/128/497/e476a97a0332e60186631bb361ab00d9_original.jpg?crop=faces&w=160&h=90&fit=crop&v=1463738039&auto=format&q=92&s=200acaaf6578f8d514c853cf7d032124",
    "thumb": "https://ksr-ugc.imgix.net/assets/012/128/497/e476a97a0332e60186631bb361ab00d9_original.jpg?crop=faces&w=48&h=27&fit=crop&v=1463738039&auto=format&q=92&s=ecf473a27768a04f408f086995d0b2b1"
  },
  "pledged": 5066.0,
  "profile": {
    "background_color": null,
    "background_image_opacity": 0.8,
    "blurb": null,
    "feature_image_attributes": {
      "image_urls": {
        "baseball_card": "https://ksr-ugc.imgix.net/assets/012/128/497/e476a97a0332e60186631bb361ab00d9_original.jpg?crop=faces&w=560&h=315&fit=crop&v=1463738039&auto=format&q=92&s=eb5249570af2b64588d90b469c7ec607",
        "default": "https://ksr-ugc.imgix.net/assets/012/128/497/e476a97a0332e60186631bb361ab00d9_original.jpg?crop=faces&w=1552&h=873&fit=crop&v=1463738039&auto=format&q=92&s=d4b4fa855f642d679ecc7af9a7344f78"
      }
    },
    "id": 1880823,
    "link_background_color": null,
    "link_text": null,
    "link_text_color": null,
    "link_url": null,
    "name": null,
    "project_id": 1880823,
    "should_show_feature_image_section": true,
    "show_feature_image": false,
    "state": "inactive",
    "state_changed_at": 1430798836,
    "text_color": null
  },
  "slug": "blipper-bands-safety-wherever-you-go",
  "spotlight": false,
  "staff_pick": false,
  "state": "failed",
  "state_changed_at": 1434059357,
  "static_usd_rate": 1.0,
  "urls": {
    "web": {
      "project": "https://www.kickstarter.com/projects/blipperbands/blipper-bands-safety-wherever-you-go?ref=category_newest",
      "rewards": "https://www.kickstarter.com/projects/blipperbands/blipper-bands-safety-wherever-you-go/rewards"
    }
  },
  "usd_pledged": "5066.0",
  "usd_type": "international"
}