{
  "backers_count": 5,
  "blurb": "Help me build a powerful 1/10 scale electric RC truck to take to a charity car show I volunteer for and help run yearly.",
  "category": {
    "color": 6526716,
    "id": 334,
    "name": "DIY Electronics",
    "parent_id": 16,
    "position": 4,
    "slug": "technology/diy electronics",
    "urls": {
      "web": {
        "discover": "http://www.kickstarter.com/discover/categories/technology/diy%20electronics"
      }
    }
  },
  "converted_pledged_amount": 162,
  "country": "US",
  "created_at": 1405137178,
  "creator": {
    "avatar": {
      "medium": "https://ksr-ugc.imgix.net/assets/007/309/906/c78d6f33f38b5750683a10389cb10b62_original.jpg?w=160&h=160&fit=crop&v=1461449379&auto=format&q=92&s=8b6ff3415457061b10e585564f95dc09",
      "small": "https://ksr-ugc.imgix.net/assets/007/309/906/c78d6f33f38b5750683a10389cb10b62_original.jpg?w=160&h=160&fit=crop&v=1461449379&auto=format&q=92&s=8b6ff3415457061b10e585564f95dc09",
      "thumb": "https://ksr-ugc.imgix.net/assets/007/309/906/c78d6f33f38b5750683a10389cb10b62_original.jpg?w=40&h=40&fit=crop&v=1461449379&auto=format&q=92&s=e537b661140c49df37908d21befde4b2"
    },
    "chosen_currency": null,
    "id": 857807839,
    "is_registered": true,
    "name": "Doug Sposetta",
    "urls": {
      "api": {
        "user": "https://api.kickstarter.com/v1/users/857807839?signature=1524100707.bbf00f02cf08541738275b81a6cdfefe0497c331"
      },
      "web": {
        "user": "https://www.kickstarter.com/profile/857807839"
      }
    }
  },
  "currency": "USD",
  "currency_symbol": "$",
  "currency_trailing_code": true,
  "current_currency": "USD",
  "deadline": 1407086628,
  "disable_communication": false,
  "fx_rate": 1.0,
  "goal": 300.0,
  "id": 1014062456,
  "is_starrable": false,
  "launched_at": 1405358628,
  "location": {
    "country": "US",
    "displayable_name": "Youngstown, OH",
    "id": 2525060,
    "is_root": false,
    "localized_name": "Youngstown",
    "name": "Youngstown",
    "short_name": "Youngstown, OH",
    "slug": "youngstown-oh",
    "state": "OH",
    "type": "Town",
    "urls": {
      "api": {
        "nearby_projects": "https://api.kickstarter.com/v1/discover?signature=1524082232.046582448392b095027b9d5562daf01e8a2eda9c&woe_id=2525060"
      },
      "web": {
        "discover": "https://www.kickstarter.com/discover/places/youngstown-oh",
        "location": "https://www.kickstarter.com/locations/youngstown-oh"
      }
    }
  },
  "name": "1/10 custom RC charity project",
  "photo": {
    "1024x576": "https://ksr-ugc.imgix.net/assets/011/776/892/becfe70b6f5f60d422751eda1414c816_original.jpeg?crop=faces&w=1024&h=576&fit=crop&v=1463692963&auto=format&q=92&s=6b1bdb3de384c657b607f684d8640a6c",
    "1536x864": "https://ksr-ugc.imgix.net/assets/011/776/892/becfe70b6f5f60d422751eda1414c816_original.jpeg?crop=faces&w=1552&h=873&fit=crop&v=1463692963&auto=format&q=92&s=c27a7c553e536d1fcd51060ff6fa94ab",
    "ed": "https://ksr-ugc.imgix.net/assets/011/776/892/becfe70b6f5f60d422751eda1414c816_original.jpeg?crop=faces&w=352&h=198&fit=crop&v=1463692963&auto=format&q=92&s=c408b4b011e7dcb35968d6c05d6b9ff5",
    "full": "https://ksr-ugc.imgix.net/assets/011/776/892/becfe70b6f5f60d422751eda1414c816_original.jpeg?crop=faces&w=560&h=315&fit=crop&v=1463692963&auto=format&q=92&s=8f9e715d9878416d00c17c49715e2e56",
    "key": "assets/011/776/892/becfe70b6f5f60d422751eda1414c816_original.jpeg",
    "little": "https://ksr-ugc.imgix.net/assets/011/776/892/becfe70b6f5f60d422751eda1414c816_original.jpeg?crop=faces&w=208&h=117&fit=crop&v=1463692963&auto=format&q=92&s=9cd21548d8fb1fc770429d65923c8b2f",
    "med": "https://ksr-ugc.imgix.net/assets/011/776/892/becfe70b6f5f60d422751eda1414c816_original.jpeg?crop=faces&w=272&h=153&fit=crop&v=1463692963&auto=format&q=92&s=838ca117402751c6ad37f2ae78d49d38",
    "small": "https://ksr-ugc.imgix.net/assets/011/776/892/becfe70b6f5f60d422751eda1414c816_original.jpeg?crop=faces&w=160&h=90&fit=crop&v=1463692963&auto=format&q=92&s=3dc8c72cb19c9114d3e5f6c98c27e8dd",
    "thumb": "https://ksr-ugc.imgix.net/assets/011/776/892/becfe70b6f5f60d422751eda1414c816_original.jpeg?crop=faces&w=48&h=27&fit=crop&v=1463692963&auto=format&q=92&s=b9fca505f22b95b5512b091f91fb9056"
  },
  "pledged": 162.0,
  "profile": {
    "background_color": null,
    "background_image_opacity": 0.8,
    "blurb": null,
    "feature_image_attributes": {
      "image_urls": {
        "baseball_card": "https://ksr-ugc.imgix.net/assets/011/776/892/becfe70b6f5f60d422751eda1414c816_original.jpeg?crop=faces&w=560&h=315&fit=crop&v=1463692963&auto=format&q=92&s=8f9e715d9878416d00c17c49715e2e56",
        "default": "https://ksr-ugc.imgix.net/assets/011/776/892/becfe70b6f5f60d422751eda1414c816_original.jpeg?crop=faces&w=1552&h=873&fit=crop&v=1463692963&auto=format&q=92&s=c27a7c553e536d1fcd51060ff6fa94ab"
      }
    },
    "id": 1168909,
    "link_background_color": null,
    "link_text": null,
    "link_text_color": null,
    "link_url": null,
    "name": null,
    "project_id": 1168909,
    "should_show_feature_image_section": true,
    "show_feature_image": false,
    "state": "inactive",
    "state_changed_at": 1425915865,
    "text_color": null
  },
  "slug": "1-10-custom-rc-charity-project",
  "spotlight": false,
  "staff_pick": false,
  "state": "failed",
  "state_changed_at": 1407086628,
  "static_usd_rate": 1.0,
  "urls": {
    "web": {
      "project": "https://www.kickstarter.com/projects/857807839/1-10-custom-rc-charity-project?ref=category_newest",
      "rewards": "https://www.kickstarter.com/projects/857807839/1-10-custom-rc-charity-project/rewards"
    }
  },
  "usd_pledged": "162.0",
  "usd_type": "international"
}