{
  "backers_count": 5,
  "blurb": "The Inot and Orin are masterpieces of new technology. Applications and versatility make them the cutting edge of design and engineering",
  "category": {
    "color": 6526716,
    "id": 337,
    "name": "Gadgets",
    "parent_id": 16,
    "position": 7,
    "slug": "technology/gadgets",
    "urls": {
      "web": {
        "discover": "http://www.kickstarter.com/discover/categories/technology/gadgets"
      }
    }
  },
  "converted_pledged_amount": 66,
  "country": "CA",
  "created_at": 1424044209,
  "creator": {
    "avatar": {
      "medium": "https://ksr-ugc.imgix.net/assets/009/573/711/7dd9fe563715315513fbd1f0196b688d_original.JPG?w=160&h=160&fit=crop&v=1461604063&auto=format&q=92&s=c060114e5503906e040186217520648a",
      "small": "https://ksr-ugc.imgix.net/assets/009/573/711/7dd9fe563715315513fbd1f0196b688d_original.JPG?w=160&h=160&fit=crop&v=1461604063&auto=format&q=92&s=c060114e5503906e040186217520648a",
      "thumb": "https://ksr-ugc.imgix.net/assets/009/573/711/7dd9fe563715315513fbd1f0196b688d_original.JPG?w=40&h=40&fit=crop&v=1461604063&auto=format&q=92&s=5fe1190db77ed48d4a6181ab24b08e94"
    },
    "chosen_currency": null,
    "id": 51996236,
    "is_registered": true,
    "name": "M Jon Lange",
    "urls": {
      "api": {
        "user": "https://api.kickstarter.com/v1/users/51996236?signature=1524101185.dee7daa8f0b19745c3112c5798eb7a80343ebaf3"
      },
      "web": {
        "user": "https://www.kickstarter.com/profile/51996236"
      }
    }
  },
  "currency": "CAD",
  "currency_symbol": "$",
  "currency_trailing_code": true,
  "current_currency": "USD",
  "deadline": 1431068400,
  "disable_communication": false,
  "fx_rate": 0.79525709,
  "goal": 1000.0,
  "id": 1014692209,
  "is_starrable": false,
  "launched_at": 1427837722,
  "location": {
    "country": "CA",
    "displayable_name": "Vancouver, Canada",
    "id": 9807,
    "is_root": false,
    "localized_name": "Vancouver",
    "name": "Vancouver",
    "short_name": "Vancouver, Canada",
    "slug": "vancouver-ca",
    "state": "BC",
    "type": "Town",
    "urls": {
      "api": {
        "nearby_projects": "https://api.kickstarter.com/v1/discover?signature=1524082113.29e8e3dda887a009e1324efb832e96ddb6221ad2&woe_id=9807"
      },
      "web": {
        "discover": "https://www.kickstarter.com/discover/places/vancouver-ca",
        "location": "https://www.kickstarter.com/locations/vancouver-ca"
      }
    }
  },
  "name": "Orin Acute Universal Joint And Inot Ball Lock",
  "photo": {
    "1024x576": "https://ksr-ugc.imgix.net/assets/012/038/274/37aad63631f6ba6cd4c6722a41eb566f_original.jpg?crop=faces&w=1024&h=576&fit=crop&v=1463726271&auto=format&q=92&s=eaabfd40c98833d41973508d272cb922",
    "1536x864": "https://ksr-ugc.imgix.net/assets/012/038/274/37aad63631f6ba6cd4c6722a41eb566f_original.jpg?crop=faces&w=1552&h=873&fit=crop&v=1463726271&auto=format&q=92&s=f3fa1ff7a3e385ed95c8b515c49fcd83",
    "ed": "https://ksr-ugc.imgix.net/assets/012/038/274/37aad63631f6ba6cd4c6722a41eb566f_original.jpg?crop=faces&w=352&h=198&fit=crop&v=1463726271&auto=format&q=92&s=2d154b119ec7ce9a76483b081c50fbe4",
    "full": "https://ksr-ugc.imgix.net/assets/012/038/274/37aad63631f6ba6cd4c6722a41eb566f_original.jpg?crop=faces&w=560&h=315&fit=crop&v=1463726271&auto=format&q=92&s=2b2b089687faf440afac5fb5e5160ae5",
    "key": "assets/012/038/274/37aad63631f6ba6cd4c6722a41eb566f_original.jpg",
    "little": "https://ksr-ugc.imgix.net/assets/012/038/274/37aad63631f6ba6cd4c6722a41eb566f_original.jpg?crop=faces&w=208&h=117&fit=crop&v=1463726271&auto=format&q=92&s=870ed21e8349b50e7186409c635fa6f3",
    "med": "https://ksr-ugc.imgix.net/assets/012/038/274/37aad63631f6ba6cd4c6722a41eb566f_original.jpg?crop=faces&w=272&h=153&fit=crop&v=1463726271&auto=format&q=92&s=c56eacc67be7d5e98dc29396bf79dbe6",
    "small": "https://ksr-ugc.imgix.net/assets/012/038/274/37aad63631f6ba6cd4c6722a41eb566f_original.jpg?crop=faces&w=160&h=90&fit=crop&v=1463726271&auto=format&q=92&s=542d6716edb5f269e2e2f6154d7e1d8a",
    "thumb": "https://ksr-ugc.imgix.net/assets/012/038/274/37aad63631f6ba6cd4c6722a41eb566f_original.jpg?crop=faces&w=48&h=27&fit=crop&v=1463726271&auto=format&q=92&s=d2d5c5fa215b823998b74ca4ed0db5ca"
  },
  "pledged": 80.0,
  "profile": {
    "background_color": null,
    "background_image_opacity": 0.8,
    "blurb": null,
    "feature_image_attributes": {
      "image_urls": {
        "baseball_card": "https://ksr-ugc.imgix.net/assets/012/038/274/37aad63631f6ba6cd4c6722a41eb566f_original.jpg?crop=faces&w=560&h=315&fit=crop&v=1463726271&auto=format&q=92&s=2b2b089687faf440afac5fb5e5160ae5",
        "default": "https://ksr-ugc.imgix.net/assets/012/038/274/37aad63631f6ba6cd4c6722a41eb566f_original.jpg?crop=faces&w=1552&h=873&fit=crop&v=1463726271&auto=format&q=92&s=f3fa1ff7a3e385ed95c8b515c49fcd83"
      }
    },
    "id": 1708032,
    "link_background_color": null,
    "link_text": null,
    "link_text_color": null,
    "link_url": null,
    "name": null,
    "project_id": 1708032,
    "should_show_feature_image_section": true,
    "show_feature_image": false,
    "state": "inactive",
    "state_changed_at": 1425915894,
    "text_color": null
  },
  "slug": "new-inventions-orin-acute-universal-joint-and-inot",
  "spotlight": false,
  "staff_pick": false,
  "state": "failed",
  "state_changed_at": 1431068412,
  "static_usd_rate": 0.79255003,
  "urls": {
    "web": {
      "project": "https://www.kickstarter.com/projects/51996236/new-inventions-orin-acute-universal-joint-and-inot?ref=category_newest",
      "rewards": "https://www.kickstarter.com/projects/51996236/new-inventions-orin-acute-universal-joint-and-inot/rewards"
    }
  },
  "usd_pledged": "63.4040024",
  "usd_type": "international"
}