{
  "backers_count": 368,
  "blurb": "Dexmo: an affordable mechanical exoskeleton system with force feedback for you to touch the digital world and captures your hand motion",
  "category": {
    "color": 6526716,
    "id": 338,
    "name": "Robots",
    "parent_id": 16,
    "position": 10,
    "slug": "technology/robots",
    "urls": {
      "web": {
        "discover": "http://www.kickstarter.com/discover/categories/technology/robots"
      }
    }
  },
  "converted_pledged_amount": 55165,
  "country": "US",
  "created_at": 1400664716,
  "creator": {
    "avatar": {
      "medium": "https://ksr-ugc.imgix.net/assets/008/751/425/88c14b1c580e8fa521b517c8516d4e2c_original.jpg?w=160&h=160&fit=crop&v=1461542149&auto=format&q=92&s=729c3db5f03527bfcc1693bdb8ba0b55",
      "small": "https://ksr-ugc.imgix.net/assets/008/751/425/88c14b1c580e8fa521b517c8516d4e2c_original.jpg?w=160&h=160&fit=crop&v=1461542149&auto=format&q=92&s=729c3db5f03527bfcc1693bdb8ba0b55",
      "thumb": "https://ksr-ugc.imgix.net/assets/008/751/425/88c14b1c580e8fa521b517c8516d4e2c_original.jpg?w=40&h=40&fit=crop&v=1461542149&auto=format&q=92&s=91bb021bc825e9f8747df2767fb8eeb3"
    },
    "chosen_currency": null,
    "id": 1277630932,
    "is_registered": true,
    "name": "Dexta Robotics",
    "urls": {
      "api": {
        "user": "https://api.kickstarter.com/v1/users/1277630932?signature=1524101981.6595d83ee2705b7fb401d9ac5e47cb5998c9813d"
      },
      "web": {
        "user": "https://www.kickstarter.com/profile/1277630932"
      }
    }
  },
  "currency": "USD",
  "currency_symbol": "$",
  "currency_trailing_code": true,
  "current_currency": "USD",
  "deadline": 1416776353,
  "disable_communication": false,
  "fx_rate": 1.0,
  "goal": 200000.0,
  "id": 1014836520,
  "is_starrable": false,
  "launched_at": 1414180753,
  "location": {
    "country": "CN",
    "displayable_name": "Shenzhen, China",
    "id": 2161853,
    "is_root": false,
    "localized_name": "Shenzhen",
    "name": "Shenzhen",
    "short_name": "Shenzhen, China",
    "slug": "shenzhen-shenzhen-guangdong",
    "state": "Guangdong",
    "type": "Town",
    "urls": {
      "api": {
        "nearby_projects": "https://api.kickstarter.com/v1/discover?signature=1524082121.2f74eae5f1f2ee98aaf1882f485da8cd8fccf1b9&woe_id=2161853"
      },
      "web": {
        "discover": "https://www.kickstarter.com/discover/places/shenzhen-shenzhen-guangdong",
        "location": "https://www.kickstarter.com/locations/shenzhen-shenzhen-guangdong"
      }
    }
  },
  "name": "Dexmo: an exoskeleton for you to touch the digital world",
  "photo": {
    "1024x576": "https://ksr-ugc.imgix.net/assets/011/709/713/c4beb3478dfa1f8d90d79498dbd867e3_original.jpg?crop=faces&w=1024&h=576&fit=crop&v=1463687089&auto=format&q=92&s=480863e5ca03556700c36b62370724bb",
    "1536x864": "https://ksr-ugc.imgix.net/assets/011/709/713/c4beb3478dfa1f8d90d79498dbd867e3_original.jpg?crop=faces&w=1552&h=873&fit=crop&v=1463687089&auto=format&q=92&s=78d5d5296530cc44477185699eda80c5",
    "ed": "https://ksr-ugc.imgix.net/assets/011/709/713/c4beb3478dfa1f8d90d79498dbd867e3_original.jpg?crop=faces&w=352&h=198&fit=crop&v=1463687089&auto=format&q=92&s=76389757545f4875703e94fece66456f",
    "full": "https://ksr-ugc.imgix.net/assets/011/709/713/c4beb3478dfa1f8d90d79498dbd867e3_original.jpg?crop=faces&w=560&h=315&fit=crop&v=1463687089&auto=format&q=92&s=9510d8eaa9f8de193accfa03ca29c1c2",
    "key": "assets/011/709/713/c4beb3478dfa1f8d90d79498dbd867e3_original.jpg",
    "little": "https://ksr-ugc.imgix.net/assets/011/709/713/c4beb3478dfa1f8d90d79498dbd867e3_original.jpg?crop=faces&w=208&h=117&fit=crop&v=1463687089&auto=format&q=92&s=7e4a3036b7e37a8a7f7b34145ee3ae8b",
    "med": "https://ksr-ugc.imgix.net/assets/011/709/713/c4beb3478dfa1f8d90d79498dbd867e3_original.jpg?crop=faces&w=272&h=153&fit=crop&v=1463687089&auto=format&q=92&s=ea295c1e449f56c8078ec92d9f75cd92",
    "small": "https://ksr-ugc.imgix.net/assets/011/709/713/c4beb3478dfa1f8d90d79498dbd867e3_original.jpg?crop=faces&w=160&h=90&fit=crop&v=1463687089&auto=format&q=92&s=81e7d3ab91448da9ea7f5adf0d68c89d",
    "thumb": "https://ksr-ugc.imgix.net/assets/011/709/713/c4beb3478dfa1f8d90d79498dbd867e3_original.jpg?crop=faces&w=48&h=27&fit=crop&v=1463687089&auto=format&q=92&s=21679c171aa765d59369ce7e8f1324c0"
  },
  "pledged": 55165.0,
  "profile": {
    "background_color": null,
    "background_image_opacity": 0.8,
    "blurb": null,
    "feature_image_attributes": {
      "image_urls": {
        "baseball_card": "https://ksr-ugc.imgix.net/assets/011/709/713/c4beb3478dfa1f8d90d79498dbd867e3_original.jpg?crop=faces&w=560&h=315&fit=crop&v=1463687089&auto=format&q=92&s=9510d8eaa9f8de193accfa03ca29c1c2",
        "default": "https://ksr-ugc.imgix.net/assets/011/709/713/c4beb3478dfa1f8d90d79498dbd867e3_original.jpg?crop=faces&w=1552&h=873&fit=crop&v=1463687089&auto=format&q=92&s=78d5d5296530cc44477185699eda80c5"
      }
    },
    "id": 1032770,
    "link_background_color": null,
    "link_text": null,
    "link_text_color": null,
    "link_url": null,
    "name": null,
    "project_id": 1032770,
    "should_show_feature_image_section": true,
    "show_feature_image": false,
    "state": "inactive",
    "state_changed_at": 1425915857,
    "text_color": null
  },
  "slug": "dexmo-an-exoskeleton-for-you-to-touch-the-digital",
  "spotlight": false,
  "staff_pick": true,
  "state": "canceled",
  "state_changed_at": 1415150944,
  "static_usd_rate": 1.0,
  "urls": {
    "web": {
      "project": "https://www.kickstarter.com/projects/1277630932/dexmo-an-exoskeleton-for-you-to-touch-the-digital?ref=category_newest",
      "rewards": "https://www.kickstarter.com/projects/1277630932/dexmo-an-exoskeleton-for-you-to-touch-the-digital/rewards"
    }
  },
  "usd_pledged": "55165.0",
  "usd_type": "international"
}