{
  "backers_count": 23,
  "blurb": "Amazing heated snow sport gloves; synonymous with quality, fusing innovative heat technology, style, functionality & unique design.",
  "category": {
    "color": 6526716,
    "id": 341,
    "name": "Wearables",
    "parent_id": 16,
    "position": 14,
    "slug": "technology/wearables",
    "urls": {
      "web": {
        "discover": "http://www.kickstarter.com/discover/categories/technology/wearables"
      }
    }
  },
  "converted_pledged_amount": 3702,
  "country": "GB",
  "created_at": 1447358738,
  "creator": {
    "avatar": {
      "medium": "https://ksr-ugc.imgix.net/assets/010/544/904/a950ef238edf61fb355320193681cb2f_original.jpg?w=160&h=160&fit=crop&v=1461696809&auto=format&q=92&s=cc32ff2af0b123eda668a1122a8a3294",
      "small": "https://ksr-ugc.imgix.net/assets/010/544/904/a950ef238edf61fb355320193681cb2f_original.jpg?w=160&h=160&fit=crop&v=1461696809&auto=format&q=92&s=cc32ff2af0b123eda668a1122a8a3294",
      "thumb": "https://ksr-ugc.imgix.net/assets/010/544/904/a950ef238edf61fb355320193681cb2f_original.jpg?w=40&h=40&fit=crop&v=1461696809&auto=format&q=92&s=37980b5149531e7fc5d161688df621de"
    },
    "chosen_currency": null,
    "id": 497853025,
    "is_registered": true,
    "name": "Erica Connor",
    "urls": {
      "api": {
        "user": "https://api.kickstarter.com/v1/users/497853025?signature=1524102755.863a333458abc282ccf1e5c9e85da03186e069b7"
      },
      "web": {
        "user": "https://www.kickstarter.com/profile/497853025"
      }
    }
  },
  "currency": "GBP",
  "currency_symbol": "\u00a3",
  "currency_trailing_code": false,
  "current_currency": "USD",
  "deadline": 1452384000,
  "disable_communication": false,
  "fx_rate": 1.43358488,
  "goal": 20000.0,
  "id": 1014738284,
  "is_starrable": false,
  "launched_at": 1447698300,
  "location": {
    "country": "GB",
    "displayable_name": "Surrey, UK",
    "id": 12602176,
    "is_root": false,
    "localized_name": "Surrey",
    "name": "Surrey",
    "short_name": "Surrey, UK",
    "slug": "surrey-gb",
    "state": "England",
    "type": "County",
    "urls": {
      "api": {
        "nearby_projects": "https://api.kickstarter.com/v1/discover?signature=1524082178.502eb333ce5735ec46d6c4bab78c1b954cffdd70&woe_id=12602176"
      },
      "web": {
        "discover": "https://www.kickstarter.com/discover/places/surrey-gb",
        "location": "https://www.kickstarter.com/locations/surrey-gb"
      }
    }
  },
  "name": "EMBER wear Ski and Snow Sport Heated Gloves and Mittens",
  "photo": {
    "1024x576": "https://ksr-ugc.imgix.net/assets/012/306/198/7280611bcd90a1f6c1cd2c35144a3f8a_original.jpg?crop=faces&w=1024&h=576&fit=crop&v=1463754974&auto=format&q=92&s=8028bc870a00e8dfcaffffe6f4d99a97",
    "1536x864": "https://ksr-ugc.imgix.net/assets/012/306/198/7280611bcd90a1f6c1cd2c35144a3f8a_original.jpg?crop=faces&w=1552&h=873&fit=crop&v=1463754974&auto=format&q=92&s=cb8b9ffe596136ab20994629ec9c212b",
    "ed": "https://ksr-ugc.imgix.net/assets/012/306/198/7280611bcd90a1f6c1cd2c35144a3f8a_original.jpg?crop=faces&w=352&h=198&fit=crop&v=1463754974&auto=format&q=92&s=376d1f2cc4def9444218e54fc314d189",
    "full": "https://ksr-ugc.imgix.net/assets/012/306/198/7280611bcd90a1f6c1cd2c35144a3f8a_original.jpg?crop=faces&w=560&h=315&fit=crop&v=1463754974&auto=format&q=92&s=8093827870c7555d27f75852a102ec8f",
    "key": "assets/012/306/198/7280611bcd90a1f6c1cd2c35144a3f8a_original.jpg",
    "little": "https://ksr-ugc.imgix.net/assets/012/306/198/7280611bcd90a1f6c1cd2c35144a3f8a_original.jpg?crop=faces&w=208&h=117&fit=crop&v=1463754974&auto=format&q=92&s=dc80fa2efc80dce81cd047e4aa26b060",
    "med": "https://ksr-ugc.imgix.net/assets/012/306/198/7280611bcd90a1f6c1cd2c35144a3f8a_original.jpg?crop=faces&w=272&h=153&fit=crop&v=1463754974&auto=format&q=92&s=496b5ee2be5b883cc175a1e64a34b510",
    "small": "https://ksr-ugc.imgix.net/assets/012/306/198/7280611bcd90a1f6c1cd2c35144a3f8a_original.jpg?crop=faces&w=160&h=90&fit=crop&v=1463754974&auto=format&q=92&s=464d4a627607f6a62b50cfb8224d46ea",
    "thumb": "https://ksr-ugc.imgix.net/assets/012/306/198/7280611bcd90a1f6c1cd2c35144a3f8a_original.jpg?crop=faces&w=48&h=27&fit=crop&v=1463754974&auto=format&q=92&s=19cb0419f1779a3ed1da05fb23380a95"
  },
  "pledged": 2550.0,
  "profile": {
    "background_color": null,
    "background_image_opacity": 0.8,
    "blurb": null,
    "feature_image_attributes": {
      "image_urls": {
        "baseball_card": "https://ksr-ugc.imgix.net/assets/012/306/198/7280611bcd90a1f6c1cd2c35144a3f8a_original.jpg?crop=faces&w=560&h=315&fit=crop&v=1463754974&auto=format&q=92&s=8093827870c7555d27f75852a102ec8f",
        "default": "https://ksr-ugc.imgix.net/assets/012/306/198/7280611bcd90a1f6c1cd2c35144a3f8a_original.jpg?crop=faces&w=1552&h=873&fit=crop&v=1463754974&auto=format&q=92&s=cb8b9ffe596136ab20994629ec9c212b"
      }
    },
    "id": 2225748,
    "link_background_color": null,
    "link_text": null,
    "link_text_color": null,
    "link_url": null,
    "name": null,
    "project_id": 2225748,
    "should_show_feature_image_section": true,
    "show_feature_image": false,
    "state": "inactive",
    "state_changed_at": 1447358738,
    "text_color": null
  },
  "slug": "ember-wear-ski-and-snow-sport-heated-gloves-and-mi",
  "spotlight": false,
  "staff_pick": false,
  "state": "failed",
  "state_changed_at": 1452384000,
  "static_usd_rate": 1.52350076,
  "urls": {
    "web": {
      "project": "https://www.kickstarter.com/projects/497853025/ember-wear-ski-and-snow-sport-heated-gloves-and-mi?ref=category_newest",
      "rewards": "https://www.kickstarter.com/projects/497853025/ember-wear-ski-and-snow-sport-heated-gloves-and-mi/rewards"
    }
  },
  "usd_pledged": "3884.926938",
  "usd_type": "international"
}