{
  "backers_count": 1,
  "blurb": "Building a drone that cleans stalls, paddocks, yards, etc. This will be a proof of concept to prove that this is a feasible product.",
  "category": {
    "color": 6526716,
    "id": 338,
    "name": "Robots",
    "parent_id": 16,
    "position": 10,
    "slug": "technology/robots",
    "urls": {
      "web": {
        "discover": "http://www.kickstarter.com/discover/categories/technology/robots"
      }
    }
  },
  "converted_pledged_amount": 1,
  "country": "US",
  "created_at": 1370186687,
  "creator": {
    "avatar": {
      "medium": "https://ksr-ugc.imgix.net/assets/007/644/767/ee12708715237abc535fb05eca9e3feb_original.jpg?w=160&h=160&fit=crop&v=1461469605&auto=format&q=92&s=4325583600df8937d61bb4e1f4301f4f",
      "small": "https://ksr-ugc.imgix.net/assets/007/644/767/ee12708715237abc535fb05eca9e3feb_original.jpg?w=160&h=160&fit=crop&v=1461469605&auto=format&q=92&s=4325583600df8937d61bb4e1f4301f4f",
      "thumb": "https://ksr-ugc.imgix.net/assets/007/644/767/ee12708715237abc535fb05eca9e3feb_original.jpg?w=40&h=40&fit=crop&v=1461469605&auto=format&q=92&s=40a68fcd7a19c5b795aef7c1fb7dbcae"
    },
    "chosen_currency": null,
    "id": 1227460164,
    "is_registered": true,
    "name": "Jeffrey Scott Hanson Jr. (Jack Hanson)",
    "urls": {
      "api": {
        "user": "https://api.kickstarter.com/v1/users/1227460164?signature=1524101934.ec18905e12bc71f192b9eef0aa19e98466e90351"
      },
      "web": {
        "user": "https://www.kickstarter.com/profile/1227460164"
      }
    }
  },
  "currency": "USD",
  "currency_symbol": "$",
  "currency_trailing_code": true,
  "current_currency": "USD",
  "deadline": 1417289559,
  "disable_communication": false,
  "fx_rate": 1.0,
  "goal": 4000.0,
  "id": 101565627,
  "is_starrable": false,
  "launched_at": 1414693959,
  "location": {
    "country": "US",
    "displayable_name": "Kingston, RI",
    "id": 2432791,
    "is_root": false,
    "localized_name": "Kingston",
    "name": "Kingston",
    "short_name": "Kingston, RI",
    "slug": "kingston-ri",
    "state": "RI",
    "type": "Town",
    "urls": {
      "api": {
        "nearby_projects": "https://api.kickstarter.com/v1/discover?signature=1524082753.78ff6c970acaa91b37b2867edc97b3918a116dd8&woe_id=2432791"
      },
      "web": {
        "discover": "https://www.kickstarter.com/discover/places/kingston-ri",
        "location": "https://www.kickstarter.com/locations/kingston-ri"
      }
    }
  },
  "name": "Ranch Hand Drone",
  "photo": {
    "1024x576": "https://ksr-ugc.imgix.net/assets/011/531/996/8250b6da824727b67cc7476387db649d_original.jpg?crop=faces&w=1024&h=576&fit=crop&v=1463684084&auto=format&q=92&s=ea2d402ec455424deae42797eac8fcde",
    "1536x864": "https://ksr-ugc.imgix.net/assets/011/531/996/8250b6da824727b67cc7476387db649d_original.jpg?crop=faces&w=1552&h=873&fit=crop&v=1463684084&auto=format&q=92&s=de7dfe1fdae4117411fbd3d8be86d84a",
    "ed": "https://ksr-ugc.imgix.net/assets/011/531/996/8250b6da824727b67cc7476387db649d_original.jpg?crop=faces&w=352&h=198&fit=crop&v=1463684084&auto=format&q=92&s=df9de3f2be83066423c6d93e9c15c1ab",
    "full": "https://ksr-ugc.imgix.net/assets/011/531/996/8250b6da824727b67cc7476387db649d_original.jpg?crop=faces&w=560&h=315&fit=crop&v=1463684084&auto=format&q=92&s=8dc1d4684ba71ac7fcefee37cabdfe31",
    "key": "assets/011/531/996/8250b6da824727b67cc7476387db649d_original.jpg",
    "little": "https://ksr-ugc.imgix.net/assets/011/531/996/8250b6da824727b67cc7476387db649d_original.jpg?crop=faces&w=208&h=117&fit=crop&v=1463684084&auto=format&q=92&s=04c3c2e815de4e2b777f81d828b12e35",
    "med": "https://ksr-ugc.imgix.net/assets/011/531/996/8250b6da824727b67cc7476387db649d_original.jpg?crop=faces&w=272&h=153&fit=crop&v=1463684084&auto=format&q=92&s=52de8f472bc1e6c530446c9e75513661",
    "small": "https://ksr-ugc.imgix.net/assets/011/531/996/8250b6da824727b67cc7476387db649d_original.jpg?crop=faces&w=160&h=90&fit=crop&v=1463684084&auto=format&q=92&s=6d1f8929f3afb2eb65cbc3608ddeb0aa",
    "thumb": "https://ksr-ugc.imgix.net/assets/011/531/996/8250b6da824727b67cc7476387db649d_original.jpg?crop=faces&w=48&h=27&fit=crop&v=1463684084&auto=format&q=92&s=3b273a06705b819c294efc2370dde8da"
  },
  "pledged": 1.0,
  "profile": {
    "background_color": null,
    "background_image_opacity": 0.8,
    "blurb": null,
    "feature_image_attributes": {
      "image_urls": {
        "baseball_card": "https://ksr-ugc.imgix.net/assets/011/531/996/8250b6da824727b67cc7476387db649d_original.jpg?crop=faces&w=560&h=315&fit=crop&v=1463684084&auto=format&q=92&s=8dc1d4684ba71ac7fcefee37cabdfe31",
        "default": "https://ksr-ugc.imgix.net/assets/011/531/996/8250b6da824727b67cc7476387db649d_original.jpg?crop=faces&w=1552&h=873&fit=crop&v=1463684084&auto=format&q=92&s=de7dfe1fdae4117411fbd3d8be86d84a"
      }
    },
    "id": 590413,
    "link_background_color": null,
    "link_text": null,
    "link_text_color": null,
    "link_url": null,
    "name": null,
    "project_id": 590413,
    "should_show_feature_image_section": true,
    "show_feature_image": false,
    "state": "inactive",
    "state_changed_at": 1425915832,
    "text_color": null
  },
  "slug": "ranch-hand-drone",
  "spotlight": false,
  "staff_pick": false,
  "state": "failed",
  "state_changed_at": 1417289560,
  "static_usd_rate": 1.0,
  "urls": {
    "web": {
      "project": "https://www.kickstarter.com/projects/1227460164/ranch-hand-drone?ref=category_newest",
      "rewards": "https://www.kickstarter.com/projects/1227460164/ranch-hand-drone/rewards"
    }
  },
  "usd_pledged": "1.0",
  "usd_type": "international"
}