{
  "backers_count": 0,
  "blurb": "SaaS analytic platform for IT-Business Intelligence.Visualize, Analyze and Optimize IT based on integrated set of analytics using Orion",
  "category": {
    "color": 6526716,
    "id": 51,
    "name": "Software",
    "parent_id": 16,
    "position": 11,
    "slug": "technology/software",
    "urls": {
      "web": {
        "discover": "http://www.kickstarter.com/discover/categories/technology/software"
      }
    }
  },
  "converted_pledged_amount": 0,
  "country": "US",
  "created_at": 1423928690,
  "creator": {
    "avatar": {
      "medium": "https://ksr-ugc.imgix.net/assets/008/448/100/2a9833fd2a4d29433fca8ed7281a320f_original.png?w=160&h=160&fit=crop&v=1461524687&auto=format&q=92&s=623a17f1d3ac5e2572e677e0c5fd3278",
      "small": "https://ksr-ugc.imgix.net/assets/008/448/100/2a9833fd2a4d29433fca8ed7281a320f_original.png?w=160&h=160&fit=crop&v=1461524687&auto=format&q=92&s=623a17f1d3ac5e2572e677e0c5fd3278",
      "thumb": "https://ksr-ugc.imgix.net/assets/008/448/100/2a9833fd2a4d29433fca8ed7281a320f_original.png?w=40&h=40&fit=crop&v=1461524687&auto=format&q=92&s=8b212c345400bfecbe7b7f0bacbe3bd4"
    },
    "chosen_currency": null,
    "id": 1135243116,
    "is_registered": true,
    "name": "Asim Akram",
    "urls": {
      "api": {
        "user": "https://api.kickstarter.com/v1/users/1135243116?signature=1524102273.76c922b891784acdeab42aad81384de1f333ca0e"
      },
      "web": {
        "user": "https://www.kickstarter.com/profile/1135243116"
      }
    }
  },
  "currency": "USD",
  "currency_symbol": "$",
  "currency_trailing_code": true,
  "current_currency": "USD",
  "deadline": 1433620528,
  "disable_communication": false,
  "fx_rate": 1.0,
  "goal": 250000.0,
  "id": 1015743282,
  "is_starrable": false,
  "launched_at": 1431028528,
  "location": {
    "country": "US",
    "displayable_name": "New York, NY",
    "id": 2459115,
    "is_root": false,
    "localized_name": "New York",
    "name": "New York",
    "short_name": "New York, NY",
    "slug": "new-york-ny",
    "state": "NY",
    "type": "Town",
    "urls": {
      "api": {
        "nearby_projects": "https://api.kickstarter.com/v1/discover?signature=1524082109.8b002b19b247f907ed0b409cc04e5ded0a21adce&woe_id=2459115"
      },
      "web": {
        "discover": "https://www.kickstarter.com/discover/places/new-york-ny",
        "location": "https://www.kickstarter.com/locations/new-york-ny"
      }
    }
  },
  "name": "IT-Business Analytics Platform",
  "photo": {
    "1024x576": "https://ksr-ugc.imgix.net/assets/012/036/971/2f046bee8b2c9eecf4adbd054cb2f253_original.jpg?crop=faces&w=1024&h=576&fit=crop&v=1463726155&auto=format&q=92&s=67c9fbafa060ac5941b7ce2c1a3798d4",
    "1536x864": "https://ksr-ugc.imgix.net/assets/012/036/971/2f046bee8b2c9eecf4adbd054cb2f253_original.jpg?crop=faces&w=1552&h=873&fit=crop&v=1463726155&auto=format&q=92&s=d82677ce1ddb781b46218e40e983c568",
    "ed": "https://ksr-ugc.imgix.net/assets/012/036/971/2f046bee8b2c9eecf4adbd054cb2f253_original.jpg?crop=faces&w=352&h=198&fit=crop&v=1463726155&auto=format&q=92&s=5b0c9ec4760246e4188dbf4c02653f39",
    "full": "https://ksr-ugc.imgix.net/assets/012/036/971/2f046bee8b2c9eecf4adbd054cb2f253_original.jpg?crop=faces&w=560&h=315&fit=crop&v=1463726155&auto=format&q=92&s=459815499db89266c181f758875a578c",
    "key": "assets/012/036/971/2f046bee8b2c9eecf4adbd054cb2f253_original.jpg",
    "little": "https://ksr-ugc.imgix.net/assets/012/036/971/2f046bee8b2c9eecf4adbd054cb2f253_original.jpg?crop=faces&w=208&h=117&fit=crop&v=1463726155&auto=format&q=92&s=69614621c1c8706e2c63af293cd328a0",
    "med": "https://ksr-ugc.imgix.net/assets/012/036/971/2f046bee8b2c9eecf4adbd054cb2f253_original.jpg?crop=faces&w=272&h=153&fit=crop&v=1463726155&auto=format&q=92&s=46adab56a6d1bd535d92bdbd27db04c3",
    "small": "https://ksr-ugc.imgix.net/assets/012/036/971/2f046bee8b2c9eecf4adbd054cb2f253_original.jpg?crop=faces&w=160&h=90&fit=crop&v=1463726155&auto=format&q=92&s=2ad08cd5a397780c21bf9a97c6848391",
    "thumb": "https://ksr-ugc.imgix.net/assets/012/036/971/2f046bee8b2c9eecf4adbd054cb2f253_original.jpg?crop=faces&w=48&h=27&fit=crop&v=1463726155&auto=format&q=92&s=91146adc445a5dcd24d1f2182271926a"
  },
  "pledged": 0.0,
  "profile": {
    "background_color": null,
    "background_image_opacity": 0.8,
    "blurb": null,
    "feature_image_attributes": {
      "image_urls": {
        "baseball_card": "https://ksr-ugc.imgix.net/assets/012/036/971/2f046bee8b2c9eecf4adbd054cb2f253_original.jpg?crop=faces&w=560&h=315&fit=crop&v=1463726155&auto=format&q=92&s=459815499db89266c181f758875a578c",
        "default": "https://ksr-ugc.imgix.net/assets/012/036/971/2f046bee8b2c9eecf4adbd054cb2f253_original.jpg?crop=faces&w=1552&h=873&fit=crop&v=1463726155&auto=format&q=92&s=d82677ce1ddb781b46218e40e983c568"
      }
    },
    "id": 1705415,
    "link_background_color": null,
    "link_text": null,
    "link_text_color": null,
    "link_url": null,
    "name": null,
    "project_id": 1705415,
    "should_show_feature_image_section": true,
    "show_feature_image": false,
    "state": "inactive",
    "state_changed_at": 1425915894,
    "text_color": null
  },
  "slug": "it-business-analytics-platform",
  "spotlight": false,
  "staff_pick": false,
  "state": "failed",
  "state_changed_at": 1433620529,
  "static_usd_rate": 1.0,
  "urls": {
    "web": {
      "project": "https://www.kickstarter.com/projects/1135243116/it-business-analytics-platform?ref=category_newest",
      "rewards": "https://www.kickstarter.com/projects/1135243116/it-business-analytics-platform/rewards"
    }
  },
  "usd_pledged": "0.0",
  "usd_type": "international"
}