{
  "backers_count": 49,
  "blurb": "This Arduino compatible set will come with tons of project videos, and lots of commented code samples! Best of all, it is EASY to use!",
  "category": {
    "color": 6526716,
    "id": 334,
    "name": "DIY Electronics",
    "parent_id": 16,
    "position": 4,
    "slug": "technology/diy electronics",
    "urls": {
      "web": {
        "discover": "http://www.kickstarter.com/discover/categories/technology/diy%20electronics"
      }
    }
  },
  "converted_pledged_amount": 3459,
  "country": "CA",
  "created_at": 1487789341,
  "creator": {
    "avatar": {
      "medium": "https://ksr-ugc.imgix.net/assets/007/943/377/3d8deacd877eadc998dacf425a781bac_original.JPG?w=160&h=160&fit=crop&v=1461492720&auto=format&q=92&s=aca2c19cbef43e7a91648bb984e0ffdf",
      "small": "https://ksr-ugc.imgix.net/assets/007/943/377/3d8deacd877eadc998dacf425a781bac_original.JPG?w=160&h=160&fit=crop&v=1461492720&auto=format&q=92&s=aca2c19cbef43e7a91648bb984e0ffdf",
      "thumb": "https://ksr-ugc.imgix.net/assets/007/943/377/3d8deacd877eadc998dacf425a781bac_original.JPG?w=40&h=40&fit=crop&v=1461492720&auto=format&q=92&s=f576792bf5ccbdcf5f787a946dd1ae5c"
    },
    "chosen_currency": null,
    "id": 172204344,
    "is_registered": true,
    "name": "Patrick Thomas Mitchell",
    "urls": {
      "api": {
        "user": "https://api.kickstarter.com/v1/users/172204344?signature=1524100688.479323a52d1575e4586bb98ba048384e7ffcc890"
      },
      "web": {
        "user": "https://www.kickstarter.com/profile/172204344"
      }
    }
  },
  "currency": "CAD",
  "currency_symbol": "$",
  "currency_trailing_code": true,
  "current_currency": "USD",
  "deadline": 1491428884,
  "disable_communication": false,
  "fx_rate": 0.79525709,
  "goal": 3000.0,
  "id": 1015884821,
  "is_starrable": false,
  "launched_at": 1487976484,
  "location": {
    "country": "CA",
    "displayable_name": "Carleton Place, Canada",
    "id": 3379,
    "is_root": false,
    "localized_name": "Carleton Place",
    "name": "Carleton Place",
    "short_name": "Carleton Place, Canada",
    "slug": "carleton-place-ca",
    "state": "ON",
    "type": "Town",
    "urls": {
      "api": {
        "nearby_projects": "https://api.kickstarter.com/v1/discover?signature=1524082199.70c86970d61f85a70795d2f3101cd99a98d53dad&woe_id=3379"
      },
      "web": {
        "discover": "https://www.kickstarter.com/discover/places/carleton-place-ca",
        "location": "https://www.kickstarter.com/locations/carleton-place-ca"
      }
    }
  },
  "name": "The Arduino PLAYBOT! An educational all-in-one project set!",
  "photo": {
    "1024x576": "https://ksr-ugc.imgix.net/assets/015/615/081/87b203306e8ec7b768113febbfd50bc9_original.png?crop=faces&w=1024&h=576&fit=crop&v=1487866670&auto=format&q=92&s=bc9f9296f07350201417f8bb7b043ef2",
    "1536x864": "https://ksr-ugc.imgix.net/assets/015/615/081/87b203306e8ec7b768113febbfd50bc9_original.png?crop=faces&w=1552&h=873&fit=crop&v=1487866670&auto=format&q=92&s=391dc422fb75c06b4dd70aa93bfdae6c",
    "ed": "https://ksr-ugc.imgix.net/assets/015/615/081/87b203306e8ec7b768113febbfd50bc9_original.png?crop=faces&w=352&h=198&fit=crop&v=1487866670&auto=format&q=92&s=622501b0060062c039f8f8573838ef9a",
    "full": "https://ksr-ugc.imgix.net/assets/015/615/081/87b203306e8ec7b768113febbfd50bc9_original.png?crop=faces&w=560&h=315&fit=crop&v=1487866670&auto=format&q=92&s=bedfd7e795fc515665f26d5d1c1182bc",
    "key": "assets/015/615/081/87b203306e8ec7b768113febbfd50bc9_original.png",
    "little": "https://ksr-ugc.imgix.net/assets/015/615/081/87b203306e8ec7b768113febbfd50bc9_original.png?crop=faces&w=208&h=117&fit=crop&v=1487866670&auto=format&q=92&s=2d3ed7bf16689ceef983909f730f89a5",
    "med": "https://ksr-ugc.imgix.net/assets/015/615/081/87b203306e8ec7b768113febbfd50bc9_original.png?crop=faces&w=272&h=153&fit=crop&v=1487866670&auto=format&q=92&s=1c28af6ab03f3890746fb4329e2e5dae",
    "small": "https://ksr-ugc.imgix.net/assets/015/615/081/87b203306e8ec7b768113febbfd50bc9_original.png?crop=faces&w=160&h=90&fit=crop&v=1487866670&auto=format&q=92&s=b33a28cae35faf7623d2a2f9163dba22",
    "thumb": "https://ksr-ugc.imgix.net/assets/015/615/081/87b203306e8ec7b768113febbfd50bc9_original.png?crop=faces&w=48&h=27&fit=crop&v=1487866670&auto=format&q=92&s=0e6667af575049e4bb8aad72ca4ff8da"
  },
  "pledged": 4635.0,
  "profile": {
    "background_color": null,
    "background_image_opacity": 0.8,
    "blurb": null,
    "feature_image_attributes": {
      "image_urls": {
        "baseball_card": "https://ksr-ugc.imgix.net/assets/015/615/081/87b203306e8ec7b768113febbfd50bc9_original.png?crop=faces&w=560&h=315&fit=crop&v=1487866670&auto=format&q=92&s=bedfd7e795fc515665f26d5d1c1182bc",
        "default": "https://ksr-ugc.imgix.net/assets/015/615/081/87b203306e8ec7b768113febbfd50bc9_original.png?crop=faces&w=1552&h=873&fit=crop&v=1487866670&auto=format&q=92&s=391dc422fb75c06b4dd70aa93bfdae6c"
      }
    },
    "id": 2890383,
    "link_background_color": null,
    "link_text": null,
    "link_text_color": null,
    "link_url": null,
    "name": null,
    "project_id": 2890383,
    "should_show_feature_image_section": true,
    "show_feature_image": false,
    "state": "inactive",
    "state_changed_at": 1487789341,
    "text_color": null
  },
  "slug": "the-arduino-playbot-an-educational-all-in-one-proj",
  "spotlight": true,
  "staff_pick": false,
  "state": "successful",
  "state_changed_at": 1491428887,
  "static_usd_rate": 0.760771,
  "urls": {
    "web": {
      "project": "https://www.kickstarter.com/projects/172204344/the-arduino-playbot-an-educational-all-in-one-proj?ref=category_newest",
      "rewards": "https://www.kickstarter.com/projects/172204344/the-arduino-playbot-an-educational-all-in-one-proj/rewards"
    }
  },
  "usd_pledged": "3526.173585",
  "usd_type": "international"
}