{
  "backers_count": 2,
  "blurb": "I'm making a super-bright LED hula hoop with 36 full color LEDs capable of thousands of patterns. LED hooping fun for kids of all ages!",
  "category": {
    "color": 6526716,
    "id": 52,
    "name": "Hardware",
    "parent_id": 16,
    "position": 8,
    "slug": "technology/hardware",
    "urls": {
      "web": {
        "discover": "http://www.kickstarter.com/discover/categories/technology/hardware"
      }
    }
  },
  "converted_pledged_amount": 550,
  "country": "US",
  "created_at": 1365259038,
  "creator": {
    "avatar": {
      "medium": "https://ksr-ugc.imgix.net/assets/007/450/576/76a61372959b6b0d43aa52999a345469_original.jpg?w=160&h=160&fit=crop&v=1461458129&auto=format&q=92&s=08d7feb4c1f819dfa02441f6e38c86b5",
      "small": "https://ksr-ugc.imgix.net/assets/007/450/576/76a61372959b6b0d43aa52999a345469_original.jpg?w=160&h=160&fit=crop&v=1461458129&auto=format&q=92&s=08d7feb4c1f819dfa02441f6e38c86b5",
      "thumb": "https://ksr-ugc.imgix.net/assets/007/450/576/76a61372959b6b0d43aa52999a345469_original.jpg?w=40&h=40&fit=crop&v=1461458129&auto=format&q=92&s=fae6418fbb78a2733143cfb2bad4f32e"
    },
    "chosen_currency": null,
    "id": 994514361,
    "is_registered": true,
    "name": "Sean Alan Weyers",
    "urls": {
      "api": {
        "user": "https://api.kickstarter.com/v1/users/994514361?signature=1524101685.1cc759041f54b48513d9170fb1e58273eb14c10e"
      },
      "web": {
        "user": "https://www.kickstarter.com/profile/994514361"
      }
    }
  },
  "currency": "USD",
  "currency_symbol": "$",
  "currency_trailing_code": true,
  "current_currency": "USD",
  "deadline": 1369408450,
  "disable_communication": false,
  "fx_rate": 1.0,
  "goal": 6000.0,
  "id": 1015751005,
  "is_starrable": false,
  "launched_at": 1366816450,
  "location": {
    "country": "US",
    "displayable_name": "Blacksburg, VA",
    "id": 2365044,
    "is_root": false,
    "localized_name": "Blacksburg",
    "name": "Blacksburg",
    "short_name": "Blacksburg, VA",
    "slug": "blacksburg-montgomery-va",
    "state": "VA",
    "type": "Town",
    "urls": {
      "api": {
        "nearby_projects": "https://api.kickstarter.com/v1/discover?signature=1524082228.1995309b7b1e7c46ac81e8dc6831fb2969f99ebd&woe_id=2365044"
      },
      "web": {
        "discover": "https://www.kickstarter.com/discover/places/blacksburg-montgomery-va",
        "location": "https://www.kickstarter.com/locations/blacksburg-montgomery-va"
      }
    }
  },
  "name": "Shiny Fun LED Hula Hoops!!!",
  "photo": {
    "1024x576": "https://ksr-ugc.imgix.net/assets/011/504/863/7d44eb29c92cc2b0215bd4bb47b017eb_original.jpg?crop=faces&w=1024&h=576&fit=crop&v=1463683700&auto=format&q=92&s=27e7433011e65596985ada8fbc99c162",
    "1536x864": "https://ksr-ugc.imgix.net/assets/011/504/863/7d44eb29c92cc2b0215bd4bb47b017eb_original.jpg?crop=faces&w=1552&h=873&fit=crop&v=1463683700&auto=format&q=92&s=0e9290d270f5214fde4c555b265c57a1",
    "ed": "https://ksr-ugc.imgix.net/assets/011/504/863/7d44eb29c92cc2b0215bd4bb47b017eb_original.jpg?crop=faces&w=352&h=198&fit=crop&v=1463683700&auto=format&q=92&s=2920f746ab2c2ed66d1202d3ac2f112a",
    "full": "https://ksr-ugc.imgix.net/assets/011/504/863/7d44eb29c92cc2b0215bd4bb47b017eb_original.jpg?crop=faces&w=560&h=315&fit=crop&v=1463683700&auto=format&q=92&s=3269feba0da2d090fedc2800418ee2b7",
    "key": "assets/011/504/863/7d44eb29c92cc2b0215bd4bb47b017eb_original.jpg",
    "little": "https://ksr-ugc.imgix.net/assets/011/504/863/7d44eb29c92cc2b0215bd4bb47b017eb_original.jpg?crop=faces&w=208&h=117&fit=crop&v=1463683700&auto=format&q=92&s=deb7a0dc4143fb10afe382ab447d485d",
    "med": "https://ksr-ugc.imgix.net/assets/011/504/863/7d44eb29c92cc2b0215bd4bb47b017eb_original.jpg?crop=faces&w=272&h=153&fit=crop&v=1463683700&auto=format&q=92&s=9f92d6808380550fdefbceb99717137c",
    "small": "https://ksr-ugc.imgix.net/assets/011/504/863/7d44eb29c92cc2b0215bd4bb47b017eb_original.jpg?crop=faces&w=160&h=90&fit=crop&v=1463683700&auto=format&q=92&s=9edf33009f280e155435ed6046506df5",
    "thumb": "https://ksr-ugc.imgix.net/assets/011/504/863/7d44eb29c92cc2b0215bd4bb47b017eb_original.jpg?crop=faces&w=48&h=27&fit=crop&v=1463683700&auto=format&q=92&s=411fc3674064647ed6a3f9258f3a4e7a"
  },
  "pledged": 550.0,
  "profile": {
    "background_color": null,
    "background_image_opacity": 0.8,
    "blurb": null,
    "feature_image_attributes": {
      "image_urls": {
        "baseball_card": "https://ksr-ugc.imgix.net/assets/011/504/863/7d44eb29c92cc2b0215bd4bb47b017eb_original.jpg?crop=faces&w=560&h=315&fit=crop&v=1463683700&auto=format&q=92&s=3269feba0da2d090fedc2800418ee2b7",
        "default": "https://ksr-ugc.imgix.net/assets/011/504/863/7d44eb29c92cc2b0215bd4bb47b017eb_original.jpg?crop=faces&w=1552&h=873&fit=crop&v=1463683700&auto=format&q=92&s=0e9290d270f5214fde4c555b265c57a1"
      }
    },
    "id": 527025,
    "link_background_color": null,
    "link_text": null,
    "link_text_color": null,
    "link_url": null,
    "name": null,
    "project_id": 527025,
    "should_show_feature_image_section": true,
    "show_feature_image": false,
    "state": "inactive",
    "state_changed_at": 1425915828,
    "text_color": null
  },
  "slug": "shiny-fun-led-hula-hoops",
  "spotlight": false,
  "staff_pick": false,
  "state": "failed",
  "state_changed_at": 1369408450,
  "static_usd_rate": 1.0,
  "urls": {
    "web": {
      "project": "https://www.kickstarter.com/projects/994514361/shiny-fun-led-hula-hoops?ref=category_newest",
      "rewards": "https://www.kickstarter.com/projects/994514361/shiny-fun-led-hula-hoops/rewards"
    }
  },
  "usd_pledged": "550.0",
  "usd_type": "international"
}