{
  "backers_count": 6,
  "blurb": "Shop Pockets\u00ae Utility Tool Vest. The most comfortable way to carry your tools!  Attach your tool pouches to our vest. Get yours now!",
  "category": {
    "color": 6526716,
    "id": 341,
    "name": "Wearables",
    "parent_id": 16,
    "position": 14,
    "slug": "technology/wearables",
    "urls": {
      "web": {
        "discover": "http://www.kickstarter.com/discover/categories/technology/wearables"
      }
    }
  },
  "converted_pledged_amount": 806,
  "country": "US",
  "created_at": 1415576958,
  "creator": {
    "avatar": {
      "medium": "https://ksr-ugc.imgix.net/assets/009/332/365/caa179105cfd1751a46aef012346364a_original.jpg?w=160&h=160&fit=crop&v=1461581285&auto=format&q=92&s=0c94bb428fed6976e2a9d5b73a62104f",
      "small": "https://ksr-ugc.imgix.net/assets/009/332/365/caa179105cfd1751a46aef012346364a_original.jpg?w=160&h=160&fit=crop&v=1461581285&auto=format&q=92&s=0c94bb428fed6976e2a9d5b73a62104f",
      "thumb": "https://ksr-ugc.imgix.net/assets/009/332/365/caa179105cfd1751a46aef012346364a_original.jpg?w=40&h=40&fit=crop&v=1461581285&auto=format&q=92&s=b1828c439661a1158781dca6538d850e"
    },
    "chosen_currency": null,
    "id": 1019974750,
    "is_registered": true,
    "name": "Michael Frank",
    "slug": "shoppockets",
    "urls": {
      "api": {
        "user": "https://api.kickstarter.com/v1/users/1019974750?signature=1524102735.3474a4c0bd6a838ed310990d61f47d24acef6394"
      },
      "web": {
        "user": "https://www.kickstarter.com/profile/shoppockets"
      }
    }
  },
  "currency": "USD",
  "currency_symbol": "$",
  "currency_trailing_code": true,
  "current_currency": "USD",
  "deadline": 1430745450,
  "disable_communication": false,
  "fx_rate": 1.0,
  "goal": 50000.0,
  "id": 101534073,
  "is_starrable": false,
  "launched_at": 1427721450,
  "location": {
    "country": "US",
    "displayable_name": "Madison, WI",
    "id": 2443945,
    "is_root": false,
    "localized_name": "Madison",
    "name": "Madison",
    "short_name": "Madison, WI",
    "slug": "madison-wi",
    "state": "WI",
    "type": "Town",
    "urls": {
      "api": {
        "nearby_projects": "https://api.kickstarter.com/v1/discover?signature=1524082112.dd10b2e2bea8cd95042e2f80b35e08e5f4f24589&woe_id=2443945"
      },
      "web": {
        "discover": "https://www.kickstarter.com/discover/places/madison-wi",
        "location": "https://www.kickstarter.com/locations/madison-wi"
      }
    }
  },
  "name": "Shop Pockets Utility Tool Vest - Change the way you work!",
  "photo": {
    "1024x576": "https://ksr-ugc.imgix.net/assets/011/939/531/2bb4e5f5f5a9f6d6564c0ea0451b270a_original.jpg?crop=faces&w=1024&h=576&fit=crop&v=1463718358&auto=format&q=92&s=b905a4227fbdcbd6179b87b50daf1550",
    "1536x864": "https://ksr-ugc.imgix.net/assets/011/939/531/2bb4e5f5f5a9f6d6564c0ea0451b270a_original.jpg?crop=faces&w=1552&h=873&fit=crop&v=1463718358&auto=format&q=92&s=cb121a066df9ae446a3b0b1963aea43b",
    "ed": "https://ksr-ugc.imgix.net/assets/011/939/531/2bb4e5f5f5a9f6d6564c0ea0451b270a_original.jpg?crop=faces&w=352&h=198&fit=crop&v=1463718358&auto=format&q=92&s=6712fff0b6086a8f58d5a84f9596cf33",
    "full": "https://ksr-ugc.imgix.net/assets/011/939/531/2bb4e5f5f5a9f6d6564c0ea0451b270a_original.jpg?crop=faces&w=560&h=315&fit=crop&v=1463718358&auto=format&q=92&s=655ac1d38b0e85acdb247d3e45cc774d",
    "key": "assets/011/939/531/2bb4e5f5f5a9f6d6564c0ea0451b270a_original.jpg",
    "little": "https://ksr-ugc.imgix.net/assets/011/939/531/2bb4e5f5f5a9f6d6564c0ea0451b270a_original.jpg?crop=faces&w=208&h=117&fit=crop&v=1463718358&auto=format&q=92&s=0b0679657f20b012bd667e7ff36fec1e",
    "med": "https://ksr-ugc.imgix.net/assets/011/939/531/2bb4e5f5f5a9f6d6564c0ea0451b270a_original.jpg?crop=faces&w=272&h=153&fit=crop&v=1463718358&auto=format&q=92&s=17e7db5139a55b5f2bee178c0fbe57df",
    "small": "https://ksr-ugc.imgix.net/assets/011/939/531/2bb4e5f5f5a9f6d6564c0ea0451b270a_original.jpg?crop=faces&w=160&h=90&fit=crop&v=1463718358&auto=format&q=92&s=a1045249397f63c3177ba154adb18b25",
    "thumb": "https://ksr-ugc.imgix.net/assets/011/939/531/2bb4e5f5f5a9f6d6564c0ea0451b270a_original.jpg?crop=faces&w=48&h=27&fit=crop&v=1463718358&auto=format&q=92&s=7790b473b4e1ae93401b27a33c9c3a75"
  },
  "pledged": 806.0,
  "profile": {
    "background_color": null,
    "background_image_opacity": 0.8,
    "blurb": null,
    "feature_image_attributes": {
      "image_urls": {
        "baseball_card": "https://ksr-ugc.imgix.net/assets/011/939/531/2bb4e5f5f5a9f6d6564c0ea0451b270a_original.jpg?crop=faces&w=560&h=315&fit=crop&v=1463718358&auto=format&q=92&s=655ac1d38b0e85acdb247d3e45cc774d",
        "default": "https://ksr-ugc.imgix.net/assets/011/939/531/2bb4e5f5f5a9f6d6564c0ea0451b270a_original.jpg?crop=faces&w=1552&h=873&fit=crop&v=1463718358&auto=format&q=92&s=cb121a066df9ae446a3b0b1963aea43b"
      }
    },
    "id": 1503487,
    "link_background_color": null,
    "link_text": null,
    "link_text_color": null,
    "link_url": null,
    "name": null,
    "project_id": 1503487,
    "should_show_feature_image_section": true,
    "show_feature_image": false,
    "state": "inactive",
    "state_changed_at": 1425915882,
    "text_color": null
  },
  "slug": "shop-pockets-utility-tool-vest-change-the-way-you",
  "spotlight": false,
  "staff_pick": false,
  "state": "failed",
  "state_changed_at": 1430745454,
  "static_usd_rate": 1.0,
  "urls": {
    "web": {
      "project": "https://www.kickstarter.com/projects/shoppockets/shop-pockets-utility-tool-vest-change-the-way-you?ref=category_newest",
      "rewards": "https://www.kickstarter.com/projects/shoppockets/shop-pockets-utility-tool-vest-change-the-way-you/rewards"
    }
  },
  "usd_pledged": "806.0",
  "usd_type": "international"
}