{
  "backers_count": 0,
  "blurb": "Coding school applicant who wants to build and deliver the software solution to make the world a better place to live in.",
  "category": {
    "color": 6526716,
    "id": 51,
    "name": "Software",
    "parent_id": 16,
    "position": 11,
    "slug": "technology/software",
    "urls": {
      "web": {
        "discover": "http://www.kickstarter.com/discover/categories/technology/software"
      }
    }
  },
  "converted_pledged_amount": 0,
  "country": "US",
  "created_at": 1404703191,
  "creator": {
    "avatar": {
      "medium": "https://ksr-ugc.imgix.net/assets/008/311/954/1709b5cdf40871401ea9b60df75a0e28_original.jpg?w=160&h=160&fit=crop&v=1461516546&auto=format&q=92&s=9c110109093c659c39ab0d1bf7a07e9d",
      "small": "https://ksr-ugc.imgix.net/assets/008/311/954/1709b5cdf40871401ea9b60df75a0e28_original.jpg?w=160&h=160&fit=crop&v=1461516546&auto=format&q=92&s=9c110109093c659c39ab0d1bf7a07e9d",
      "thumb": "https://ksr-ugc.imgix.net/assets/008/311/954/1709b5cdf40871401ea9b60df75a0e28_original.jpg?w=40&h=40&fit=crop&v=1461516546&auto=format&q=92&s=1d28c6e88769cbb4d9c52555c210f652"
    },
    "chosen_currency": null,
    "id": 1323068204,
    "is_registered": true,
    "name": "Vick Bouloute",
    "urls": {
      "api": {
        "user": "https://api.kickstarter.com/v1/users/1323068204?signature=1524102182.5a1ea121fffa2f1b9eef313421e95b488184fe16"
      },
      "web": {
        "user": "https://www.kickstarter.com/profile/1323068204"
      }
    }
  },
  "currency": "USD",
  "currency_symbol": "$",
  "currency_trailing_code": true,
  "current_currency": "USD",
  "deadline": 1408060398,
  "disable_communication": false,
  "fx_rate": 1.0,
  "goal": 13500.0,
  "id": 1015945200,
  "is_starrable": false,
  "launched_at": 1405468398,
  "location": {
    "country": "US",
    "displayable_name": "New York, NY",
    "id": 2459115,
    "is_root": false,
    "localized_name": "New York",
    "name": "New York",
    "short_name": "New York, NY",
    "slug": "new-york-ny",
    "state": "NY",
    "type": "Town",
    "urls": {
      "api": {
        "nearby_projects": "https://api.kickstarter.com/v1/discover?signature=1524082109.8b002b19b247f907ed0b409cc04e5ded0a21adce&woe_id=2459115"
      },
      "web": {
        "discover": "https://www.kickstarter.com/discover/places/new-york-ny",
        "location": "https://www.kickstarter.com/locations/new-york-ny"
      }
    }
  },
  "name": "Coding School",
  "photo": {
    "1024x576": "https://ksr-ugc.imgix.net/assets/011/741/767/e784ffb9f959bb0365a21cd464d4bd87_original.jpeg?crop=faces&w=1024&h=576&fit=crop&v=1463688596&auto=format&q=92&s=aa778179e02ecd719f4f0fc7e4c2f9e8",
    "1536x864": "https://ksr-ugc.imgix.net/assets/011/741/767/e784ffb9f959bb0365a21cd464d4bd87_original.jpeg?crop=faces&w=1552&h=873&fit=crop&v=1463688596&auto=format&q=92&s=88a24dcdae2e67cfe960be4be3b7fba4",
    "ed": "https://ksr-ugc.imgix.net/assets/011/741/767/e784ffb9f959bb0365a21cd464d4bd87_original.jpeg?crop=faces&w=352&h=198&fit=crop&v=1463688596&auto=format&q=92&s=9b3aa2beaa8e49399750ebecd315e491",
    "full": "https://ksr-ugc.imgix.net/assets/011/741/767/e784ffb9f959bb0365a21cd464d4bd87_original.jpeg?crop=faces&w=560&h=315&fit=crop&v=1463688596&auto=format&q=92&s=9f5424455beb6441452f6ff97ee014be",
    "key": "assets/011/741/767/e784ffb9f959bb0365a21cd464d4bd87_original.jpeg",
    "little": "https://ksr-ugc.imgix.net/assets/011/741/767/e784ffb9f959bb0365a21cd464d4bd87_original.jpeg?crop=faces&w=208&h=117&fit=crop&v=1463688596&auto=format&q=92&s=88527df7d85fe520a595d66a14a601ad",
    "med": "https://ksr-ugc.imgix.net/assets/011/741/767/e784ffb9f959bb0365a21cd464d4bd87_original.jpeg?crop=faces&w=272&h=153&fit=crop&v=1463688596&auto=format&q=92&s=d33e4a23d5b6173ce7e9f5b6e6bafa2d",
    "small": "https://ksr-ugc.imgix.net/assets/011/741/767/e784ffb9f959bb0365a21cd464d4bd87_original.jpeg?crop=faces&w=160&h=90&fit=crop&v=1463688596&auto=format&q=92&s=3b3e74afbc5053a79edb078c267ec932",
    "thumb": "https://ksr-ugc.imgix.net/assets/011/741/767/e784ffb9f959bb0365a21cd464d4bd87_original.jpeg?crop=faces&w=48&h=27&fit=crop&v=1463688596&auto=format&q=92&s=28b67d485265d074ed41609cc22db735"
  },
  "pledged": 0.0,
  "profile": {
    "background_color": null,
    "background_image_opacity": 0.8,
    "blurb": null,
    "feature_image_attributes": {
      "image_urls": {
        "baseball_card": "https://ksr-ugc.imgix.net/assets/011/741/767/e784ffb9f959bb0365a21cd464d4bd87_original.jpeg?crop=faces&w=560&h=315&fit=crop&v=1463688596&auto=format&q=92&s=9f5424455beb6441452f6ff97ee014be",
        "default": "https://ksr-ugc.imgix.net/assets/011/741/767/e784ffb9f959bb0365a21cd464d4bd87_original.jpeg?crop=faces&w=1552&h=873&fit=crop&v=1463688596&auto=format&q=92&s=88a24dcdae2e67cfe960be4be3b7fba4"
      }
    },
    "id": 1103073,
    "link_background_color": null,
    "link_text": null,
    "link_text_color": null,
    "link_url": null,
    "name": null,
    "project_id": 1103073,
    "should_show_feature_image_section": true,
    "show_feature_image": false,
    "state": "inactive",
    "state_changed_at": 1425915861,
    "text_color": null
  },
  "slug": "coding-school",
  "spotlight": false,
  "staff_pick": false,
  "state": "failed",
  "state_changed_at": 1408060398,
  "static_usd_rate": 1.0,
  "urls": {
    "web": {
      "project": "https://www.kickstarter.com/projects/1323068204/coding-school?ref=category_newest",
      "rewards": "https://www.kickstarter.com/projects/1323068204/coding-school/rewards"
    }
  },
  "usd_pledged": "0.0",
  "usd_type": "international"
}