{
  "backers_count": 41,
  "blurb": "eNNOTATE enables collaborative learning with an intuitive user interface allowing users to read, annotate and learn more efficiently.",
  "category": {
    "color": 6526716,
    "id": 51,
    "name": "Software",
    "parent_id": 16,
    "position": 11,
    "slug": "technology/software",
    "urls": {
      "web": {
        "discover": "http://www.kickstarter.com/discover/categories/technology/software"
      }
    }
  },
  "converted_pledged_amount": 1431,
  "country": "SG",
  "created_at": 1477574296,
  "creator": {
    "avatar": {
      "medium": "https://ksr-ugc.imgix.net/assets/014/314/805/f79ff7b6174567387d302894ca41b2b0_original.jpg?w=160&h=160&fit=crop&v=1477795470&auto=format&q=92&s=57fc4a824269ce234c1b83b88b7a5646",
      "small": "https://ksr-ugc.imgix.net/assets/014/314/805/f79ff7b6174567387d302894ca41b2b0_original.jpg?w=160&h=160&fit=crop&v=1477795470&auto=format&q=92&s=57fc4a824269ce234c1b83b88b7a5646",
      "thumb": "https://ksr-ugc.imgix.net/assets/014/314/805/f79ff7b6174567387d302894ca41b2b0_original.jpg?w=40&h=40&fit=crop&v=1477795470&auto=format&q=92&s=c14b0e367d4d78f7384c43974067b12d"
    },
    "chosen_currency": null,
    "id": 2059221708,
    "is_registered": true,
    "name": "Seet Yu Fei",
    "urls": {
      "api": {
        "user": "https://api.kickstarter.com/v1/users/2059221708?signature=1524102403.085f0c4c7fedaaec19de20e2b26f79cdc6691c1f"
      },
      "web": {
        "user": "https://www.kickstarter.com/profile/2059221708"
      }
    }
  },
  "currency": "SGD",
  "currency_symbol": "$",
  "currency_trailing_code": true,
  "current_currency": "USD",
  "deadline": 1480651200,
  "disable_communication": false,
  "fx_rate": 0.76321546,
  "goal": 5000.0,
  "id": 1015810074,
  "is_starrable": false,
  "launched_at": 1478706966,
  "location": {
    "country": "SG",
    "displayable_name": "Singapore, Singapore",
    "id": 1062617,
    "is_root": false,
    "localized_name": "Singapore",
    "name": "Singapore",
    "short_name": "Singapore, Singapore",
    "slug": "singapore-sg",
    "state": "Central Singapore",
    "type": "Town",
    "urls": {
      "api": {
        "nearby_projects": "https://api.kickstarter.com/v1/discover?signature=1524082112.bf48d8b9c34051fc7351d8744d3023966aa6bda3&woe_id=1062617"
      },
      "web": {
        "discover": "https://www.kickstarter.com/discover/places/singapore-sg",
        "location": "https://www.kickstarter.com/locations/singapore-sg"
      }
    }
  },
  "name": "eNNOTATE - Empowering Modern Education through Collaboration",
  "photo": {
    "1024x576": "https://ksr-ugc.imgix.net/assets/014/306/165/8f6620ea6bff7990fc95c37c8f64bb72_original.jpg?crop=faces&w=1024&h=576&fit=crop&v=1477799699&auto=format&q=92&s=b7cacc3ce0a92983940751305ae1beec",
    "1536x864": "https://ksr-ugc.imgix.net/assets/014/306/165/8f6620ea6bff7990fc95c37c8f64bb72_original.jpg?crop=faces&w=1552&h=873&fit=crop&v=1477799699&auto=format&q=92&s=55517ea611cc86e85935ca128a830bf1",
    "ed": "https://ksr-ugc.imgix.net/assets/014/306/165/8f6620ea6bff7990fc95c37c8f64bb72_original.jpg?crop=faces&w=352&h=198&fit=crop&v=1477799699&auto=format&q=92&s=80a0884954434207ad9d6764d8fb4964",
    "full": "https://ksr-ugc.imgix.net/assets/014/306/165/8f6620ea6bff7990fc95c37c8f64bb72_original.jpg?crop=faces&w=560&h=315&fit=crop&v=1477799699&auto=format&q=92&s=c1693837d5a18b52860dc8e21fc45649",
    "key": "assets/014/306/165/8f6620ea6bff7990fc95c37c8f64bb72_original.jpg",
    "little": "https://ksr-ugc.imgix.net/assets/014/306/165/8f6620ea6bff7990fc95c37c8f64bb72_original.jpg?crop=faces&w=208&h=117&fit=crop&v=1477799699&auto=format&q=92&s=2d7377f4d525738b45efedad88506d92",
    "med": "https://ksr-ugc.imgix.net/assets/014/306/165/8f6620ea6bff7990fc95c37c8f64bb72_original.jpg?crop=faces&w=272&h=153&fit=crop&v=1477799699&auto=format&q=92&s=195b9b27ff29926aead41e812dd15f1f",
    "small": "https://ksr-ugc.imgix.net/assets/014/306/165/8f6620ea6bff7990fc95c37c8f64bb72_original.jpg?crop=faces&w=160&h=90&fit=crop&v=1477799699&auto=format&q=92&s=a97ecd2c732b4ec42c516e5b05ef9ea1",
    "thumb": "https://ksr-ugc.imgix.net/assets/014/306/165/8f6620ea6bff7990fc95c37c8f64bb72_original.jpg?crop=faces&w=48&h=27&fit=crop&v=1477799699&auto=format&q=92&s=508634e455f384343abe693929ef3e48"
  },
  "pledged": 2047.0,
  "profile": {
    "background_color": null,
    "background_image_opacity": 0.8,
    "blurb": null,
    "feature_image_attributes": {
      "image_urls": {
        "baseball_card": "https://ksr-ugc.imgix.net/assets/014/306/165/8f6620ea6bff7990fc95c37c8f64bb72_original.jpg?crop=faces&w=560&h=315&fit=crop&v=1477799699&auto=format&q=92&s=c1693837d5a18b52860dc8e21fc45649",
        "default": "https://ksr-ugc.imgix.net/assets/014/306/165/8f6620ea6bff7990fc95c37c8f64bb72_original.jpg?crop=faces&w=1552&h=873&fit=crop&v=1477799699&auto=format&q=92&s=55517ea611cc86e85935ca128a830bf1"
      }
    },
    "id": 2735949,
    "link_background_color": null,
    "link_text": null,
    "link_text_color": null,
    "link_url": null,
    "name": null,
    "project_id": 2735949,
    "should_show_feature_image_section": true,
    "show_feature_image": false,
    "state": "inactive",
    "state_changed_at": 1477574296,
    "text_color": null
  },
  "slug": "ennotate-change-the-way-you-read-annotate-and-coll",
  "spotlight": false,
  "staff_pick": false,
  "state": "failed",
  "state_changed_at": 1480651200,
  "static_usd_rate": 0.71957614,
  "urls": {
    "web": {
      "project": "https://www.kickstarter.com/projects/2059221708/ennotate-change-the-way-you-read-annotate-and-coll?ref=category_newest",
      "rewards": "https://www.kickstarter.com/projects/2059221708/ennotate-change-the-way-you-read-annotate-and-coll/rewards"
    }
  },
  "usd_pledged": "1472.97235858",
  "usd_type": "international"
}