{
  "backers_count": 27,
  "blurb": "I'd like to create an app to establish a peer to peer relationship between students and professors to study for exams",
  "category": {
    "color": 6526716,
    "id": 332,
    "name": "Apps",
    "parent_id": 16,
    "position": 2,
    "slug": "technology/apps",
    "urls": {
      "web": {
        "discover": "http://www.kickstarter.com/discover/categories/technology/apps"
      }
    }
  },
  "converted_pledged_amount": 167,
  "country": "IT",
  "created_at": 1435089657,
  "creator": {
    "avatar": {
      "medium": "https://ksr-ugc.imgix.net/assets/010/054/267/c7c9d75d7b1a12e7e0d9496ffd1f5487_original.jpg?w=160&h=160&fit=crop&v=1461664479&auto=format&q=92&s=9621f3c76c3e76e0193a78cc50f1dfed",
      "small": "https://ksr-ugc.imgix.net/assets/010/054/267/c7c9d75d7b1a12e7e0d9496ffd1f5487_original.jpg?w=160&h=160&fit=crop&v=1461664479&auto=format&q=92&s=9621f3c76c3e76e0193a78cc50f1dfed",
      "thumb": "https://ksr-ugc.imgix.net/assets/010/054/267/c7c9d75d7b1a12e7e0d9496ffd1f5487_original.jpg?w=40&h=40&fit=crop&v=1461664479&auto=format&q=92&s=3d6f0fa8aad16277d302084e31661ffa"
    },
    "chosen_currency": null,
    "id": 924638290,
    "is_registered": true,
    "name": "Ginevra",
    "urls": {
      "api": {
        "user": "https://api.kickstarter.com/v1/users/924638290?signature=1524100515.d02e8c0a74017fb094d6a4adeb8ab47fe21e120d"
      },
      "web": {
        "user": "https://www.kickstarter.com/profile/924638290"
      }
    }
  },
  "currency": "EUR",
  "currency_symbol": "\u20ac",
  "currency_trailing_code": false,
  "current_currency": "USD",
  "deadline": 1440340196,
  "disable_communication": false,
  "fx_rate": 1.23814016,
  "goal": 4000.0,
  "id": 1015500034,
  "is_starrable": false,
  "launched_at": 1435156196,
  "location": {
    "country": "IT",
    "displayable_name": "Perugia, Italy",
    "id": 720187,
    "is_root": false,
    "localized_name": "Perugia",
    "name": "Perugia",
    "short_name": "Perugia, Italy",
    "slug": "perugia-perugia-umbria",
    "state": "Umbria",
    "type": "Town",
    "urls": {
      "api": {
        "nearby_projects": "https://api.kickstarter.com/v1/discover?signature=1524082110.069822e2f08c0e7194f1818d6763dc41c937d1a6&woe_id=720187"
      },
      "web": {
        "discover": "https://www.kickstarter.com/discover/places/perugia-perugia-umbria",
        "location": "https://www.kickstarter.com/locations/perugia-perugia-umbria"
      }
    }
  },
  "name": "University thesis on social innovation (app creation)",
  "photo": {
    "1024x576": "https://ksr-ugc.imgix.net/assets/012/177/121/87a4945590a79f5c787846aaed0b33f6_original.jpg?crop=faces&w=1024&h=576&fit=crop&v=1463739635&auto=format&q=92&s=dbc9addbb6578e30dea27418a4aa5331",
    "1536x864": "https://ksr-ugc.imgix.net/assets/012/177/121/87a4945590a79f5c787846aaed0b33f6_original.jpg?crop=faces&w=1552&h=873&fit=crop&v=1463739635&auto=format&q=92&s=8e19ee0eeff9e3ab22409cdb13dcc616",
    "ed": "https://ksr-ugc.imgix.net/assets/012/177/121/87a4945590a79f5c787846aaed0b33f6_original.jpg?crop=faces&w=352&h=198&fit=crop&v=1463739635&auto=format&q=92&s=164c5b9cf71e627aa9cf19f4ecb030ba",
    "full": "https://ksr-ugc.imgix.net/assets/012/177/121/87a4945590a79f5c787846aaed0b33f6_original.jpg?crop=faces&w=560&h=315&fit=crop&v=1463739635&auto=format&q=92&s=42adfd52f38fc768ed2e800e55367423",
    "key": "assets/012/177/121/87a4945590a79f5c787846aaed0b33f6_original.jpg",
    "little": "https://ksr-ugc.imgix.net/assets/012/177/121/87a4945590a79f5c787846aaed0b33f6_original.jpg?crop=faces&w=208&h=117&fit=crop&v=1463739635&auto=format&q=92&s=c0273ec71cacb936b8f33366fc62a829",
    "med": "https://ksr-ugc.imgix.net/assets/012/177/121/87a4945590a79f5c787846aaed0b33f6_original.jpg?crop=faces&w=272&h=153&fit=crop&v=1463739635&auto=format&q=92&s=d7ac8dbdbe124db0c4b4e786bf1f614d",
    "small": "https://ksr-ugc.imgix.net/assets/012/177/121/87a4945590a79f5c787846aaed0b33f6_original.jpg?crop=faces&w=160&h=90&fit=crop&v=1463739635&auto=format&q=92&s=3ec2d32621b26638d94d6836902ec604",
    "thumb": "https://ksr-ugc.imgix.net/assets/012/177/121/87a4945590a79f5c787846aaed0b33f6_original.jpg?crop=faces&w=48&h=27&fit=crop&v=1463739635&auto=format&q=92&s=dfb299fc4d95f21c939ddb9985fe01bd"
  },
  "pledged": 147.0,
  "profile": {
    "background_color": null,
    "background_image_opacity": 0.8,
    "blurb": null,
    "feature_image_attributes": {
      "image_urls": {
        "baseball_card": "https://ksr-ugc.imgix.net/assets/012/177/121/87a4945590a79f5c787846aaed0b33f6_original.jpg?crop=faces&w=560&h=315&fit=crop&v=1463739635&auto=format&q=92&s=42adfd52f38fc768ed2e800e55367423",
        "default": "https://ksr-ugc.imgix.net/assets/012/177/121/87a4945590a79f5c787846aaed0b33f6_original.jpg?crop=faces&w=1552&h=873&fit=crop&v=1463739635&auto=format&q=92&s=8e19ee0eeff9e3ab22409cdb13dcc616"
      }
    },
    "id": 1977169,
    "link_background_color": null,
    "link_text": null,
    "link_text_color": null,
    "link_url": null,
    "name": null,
    "project_id": 1977169,
    "should_show_feature_image_section": true,
    "show_feature_image": false,
    "state": "inactive",
    "state_changed_at": 1435089657,
    "text_color": null
  },
  "slug": "university-thesis-on-social-innovation-app-creatio",
  "spotlight": false,
  "staff_pick": false,
  "state": "failed",
  "state_changed_at": 1440340213,
  "static_usd_rate": 1.12839562,
  "urls": {
    "web": {
      "project": "https://www.kickstarter.com/projects/924638290/university-thesis-on-social-innovation-app-creatio?ref=category_newest",
      "rewards": "https://www.kickstarter.com/projects/924638290/university-thesis-on-social-innovation-app-creatio/rewards"
    }
  },
  "usd_pledged": "165.87415614",
  "usd_type": "international"
}