{
  "backers_count": 1093,
  "blurb": "Carry your own Web Browser and Internet Encryption tool in your wallet.  Use on any computer for private browsing. Plug in Privacy.",
  "category": {
    "color": 6526716,
    "id": 16,
    "name": "Technology",
    "position": 14,
    "slug": "technology",
    "urls": {
      "web": {
        "discover": "http://www.kickstarter.com/discover/categories/technology"
      }
    }
  },
  "converted_pledged_amount": 69404,
  "country": "US",
  "created_at": 1311951053,
  "creator": {
    "avatar": {
      "medium": "https://ksr-ugc.imgix.net/assets/006/049/611/93b2b61829b9e83c77e3d5cbd0d6de8c_original.png?w=160&h=160&fit=crop&v=1461363235&auto=format&q=92&s=b6ae0dc81a72baa13041e314951349ae",
      "small": "https://ksr-ugc.imgix.net/assets/006/049/611/93b2b61829b9e83c77e3d5cbd0d6de8c_original.png?w=160&h=160&fit=crop&v=1461363235&auto=format&q=92&s=b6ae0dc81a72baa13041e314951349ae",
      "thumb": "https://ksr-ugc.imgix.net/assets/006/049/611/93b2b61829b9e83c77e3d5cbd0d6de8c_original.png?w=40&h=40&fit=crop&v=1461363235&auto=format&q=92&s=430a73e57d3fced495257eb989c0b54c"
    },
    "chosen_currency": null,
    "id": 40286411,
    "is_registered": true,
    "name": "Team SurfEasy",
    "slug": "surfeasy",
    "urls": {
      "api": {
        "user": "https://api.kickstarter.com/v1/users/40286411?signature=1524099563.0a8e329690c3974a42ad85ebadda7903fcad54f7"
      },
      "web": {
        "user": "https://www.kickstarter.com/profile/surfeasy"
      }
    }
  },
  "currency": "USD",
  "currency_symbol": "$",
  "currency_trailing_code": true,
  "current_currency": "USD",
  "deadline": 1316438699,
  "disable_communication": false,
  "fx_rate": 1.0,
  "goal": 12500.0,
  "id": 1016549487,
  "is_starrable": false,
  "launched_at": 1313414699,
  "location": {
    "country": "CA",
    "displayable_name": "Toronto, Canada",
    "id": 4118,
    "is_root": false,
    "localized_name": "Toronto",
    "name": "Toronto",
    "short_name": "Toronto, Canada",
    "slug": "toronto-on-ca",
    "state": "ON",
    "type": "Town",
    "urls": {
      "api": {
        "nearby_projects": "https://api.kickstarter.com/v1/discover?signature=1524082110.0954501205692c6090629918dde236901dc79f21&woe_id=4118"
      },
      "web": {
        "discover": "https://www.kickstarter.com/discover/places/toronto-on-ca",
        "location": "https://www.kickstarter.com/locations/toronto-on-ca"
      }
    }
  },
  "name": "SurfEasy | Plug in Privacy",
  "photo": {
    "1024x576": "https://ksr-ugc.imgix.net/assets/011/293/569/3822f520e77dc39d16b4e5519db8d0a7_original.jpg?crop=faces&w=1024&h=576&fit=crop&v=1463680571&auto=format&q=92&s=85514a82937adff7d7a7e140a117a7bf",
    "1536x864": "https://ksr-ugc.imgix.net/assets/011/293/569/3822f520e77dc39d16b4e5519db8d0a7_original.jpg?crop=faces&w=1552&h=873&fit=crop&v=1463680571&auto=format&q=92&s=1c60e4b4cf92900cd2f87f487f1f1daa",
    "ed": "https://ksr-ugc.imgix.net/assets/011/293/569/3822f520e77dc39d16b4e5519db8d0a7_original.jpg?crop=faces&w=352&h=198&fit=crop&v=1463680571&auto=format&q=92&s=e5994bbb2279c50e168062388e6f5972",
    "full": "https://ksr-ugc.imgix.net/assets/011/293/569/3822f520e77dc39d16b4e5519db8d0a7_original.jpg?crop=faces&w=560&h=315&fit=crop&v=1463680571&auto=format&q=92&s=28b0b4831cdb36146eb314c517992b38",
    "key": "assets/011/293/569/3822f520e77dc39d16b4e5519db8d0a7_original.jpg",
    "little": "https://ksr-ugc.imgix.net/assets/011/293/569/3822f520e77dc39d16b4e5519db8d0a7_original.jpg?crop=faces&w=208&h=117&fit=crop&v=1463680571&auto=format&q=92&s=c2f0361e0a3627d0c14530cd12a518be",
    "med": "https://ksr-ugc.imgix.net/assets/011/293/569/3822f520e77dc39d16b4e5519db8d0a7_original.jpg?crop=faces&w=272&h=153&fit=crop&v=1463680571&auto=format&q=92&s=bf1eb88b5ea90fadcee54356b75d1947",
    "small": "https://ksr-ugc.imgix.net/assets/011/293/569/3822f520e77dc39d16b4e5519db8d0a7_original.jpg?crop=faces&w=160&h=90&fit=crop&v=1463680571&auto=format&q=92&s=b7580b8ca30f187306aea7cdc50e728f",
    "thumb": "https://ksr-ugc.imgix.net/assets/011/293/569/3822f520e77dc39d16b4e5519db8d0a7_original.jpg?crop=faces&w=48&h=27&fit=crop&v=1463680571&auto=format&q=92&s=2f01eec28dc4f7cfa0804da8f408a001"
  },
  "pledged": 69404.13,
  "profile": {
    "background_color": null,
    "background_image_opacity": 0.8,
    "blurb": null,
    "feature_image_attributes": {
      "image_urls": {
        "baseball_card": "https://ksr-ugc.imgix.net/assets/011/293/569/3822f520e77dc39d16b4e5519db8d0a7_original.jpg?crop=faces&w=560&h=315&fit=crop&v=1463680571&auto=format&q=92&s=28b0b4831cdb36146eb314c517992b38",
        "default": "https://ksr-ugc.imgix.net/assets/011/293/569/3822f520e77dc39d16b4e5519db8d0a7_original.jpg?crop=faces&w=1552&h=873&fit=crop&v=1463680571&auto=format&q=92&s=1c60e4b4cf92900cd2f87f487f1f1daa"
      }
    },
    "id": 44873,
    "link_background_color": null,
    "link_text": null,
    "link_text_color": null,
    "link_url": null,
    "name": null,
    "project_id": 44873,
    "should_show_feature_image_section": true,
    "show_feature_image": false,
    "state": "inactive",
    "state_changed_at": 1425915803,
    "text_color": null
  },
  "slug": "surfeasy-plug-in-privacy",
  "spotlight": true,
  "staff_pick": false,
  "state": "successful",
  "state_changed_at": 1316438700,
  "static_usd_rate": 1.0,
  "urls": {
    "web": {
      "project": "https://www.kickstarter.com/projects/surfeasy/surfeasy-plug-in-privacy?ref=category_newest",
      "rewards": "https://www.kickstarter.com/projects/surfeasy/surfeasy-plug-in-privacy/rewards"
    }
  },
  "usd_pledged": "69404.13",
  "usd_type": "international"
}