{
  "backers_count": 427,
  "blurb": "Learn how to make Apple Watch apps with WatchKit. The beginners course with iWatch development walkthroughs. The online class tutorial.",
  "category": {
    "color": 6526716,
    "id": 332,
    "name": "Apps",
    "parent_id": 16,
    "position": 2,
    "slug": "technology/apps",
    "urls": {
      "web": {
        "discover": "http://www.kickstarter.com/discover/categories/technology/apps"
      }
    }
  },
  "converted_pledged_amount": 21212,
  "country": "US",
  "created_at": 1413567913,
  "creator": {
    "avatar": {
      "medium": "https://ksr-ugc.imgix.net/assets/007/542/668/d755defca1ea72af6a2b734a5d5334cb_original.jpg?w=160&h=160&fit=crop&v=1498630972&auto=format&q=92&s=af3bad8954d07ccf83bc2ab55eb95e75",
      "small": "https://ksr-ugc.imgix.net/assets/007/542/668/d755defca1ea72af6a2b734a5d5334cb_original.jpg?w=160&h=160&fit=crop&v=1498630972&auto=format&q=92&s=af3bad8954d07ccf83bc2ab55eb95e75",
      "thumb": "https://ksr-ugc.imgix.net/assets/007/542/668/d755defca1ea72af6a2b734a5d5334cb_original.jpg?w=40&h=40&fit=crop&v=1498630972&auto=format&q=92&s=89513c30143840ad4d815b3c2c7fd75a"
    },
    "chosen_currency": null,
    "id": 1766493251,
    "is_registered": true,
    "name": "Nick Walter",
    "urls": {
      "api": {
        "user": "https://api.kickstarter.com/v1/users/1766493251?signature=1524100104.7539e1834c8dde0398a2656f74d667447d11563d"
      },
      "web": {
        "user": "https://www.kickstarter.com/profile/1766493251"
      }
    }
  },
  "currency": "USD",
  "currency_symbol": "$",
  "currency_trailing_code": true,
  "current_currency": "USD",
  "deadline": 1417503540,
  "disable_communication": false,
  "fx_rate": 1.0,
  "goal": 20000.0,
  "id": 1016134832,
  "is_starrable": false,
  "launched_at": 1414591256,
  "location": {
    "country": "US",
    "displayable_name": "Provo, UT",
    "id": 2477080,
    "is_root": false,
    "localized_name": "Provo",
    "name": "Provo",
    "short_name": "Provo, UT",
    "slug": "provo-ut",
    "state": "UT",
    "type": "Town",
    "urls": {
      "api": {
        "nearby_projects": "https://api.kickstarter.com/v1/discover?signature=1524082108.cde8dbbb4646a1f7fc7e2efd6912a0a0d67827ce&woe_id=2477080"
      },
      "web": {
        "discover": "https://www.kickstarter.com/discover/places/provo-ut",
        "location": "https://www.kickstarter.com/locations/provo-ut"
      }
    }
  },
  "name": "How to Make a Freaking Apple Watch App - Using Swift iOS 8",
  "photo": {
    "1024x576": "https://ksr-ugc.imgix.net/assets/011/912/536/396b9819aaf9592a59f5aee18352fbbf_original.png?crop=faces&w=1024&h=576&fit=crop&v=1463714191&auto=format&q=92&s=66f412c65ef28bdf12c97d8efaee3660",
    "1536x864": "https://ksr-ugc.imgix.net/assets/011/912/536/396b9819aaf9592a59f5aee18352fbbf_original.png?crop=faces&w=1552&h=873&fit=crop&v=1463714191&auto=format&q=92&s=3dcb9eca97736b9727655be12cc047ee",
    "ed": "https://ksr-ugc.imgix.net/assets/011/912/536/396b9819aaf9592a59f5aee18352fbbf_original.png?crop=faces&w=352&h=198&fit=crop&v=1463714191&auto=format&q=92&s=6ff792a7c0625568d2bb0d6f291adc75",
    "full": "https://ksr-ugc.imgix.net/assets/011/912/536/396b9819aaf9592a59f5aee18352fbbf_original.png?crop=faces&w=560&h=315&fit=crop&v=1463714191&auto=format&q=92&s=e50750f8eda7ec466fde52dd7a0d805b",
    "key": "assets/011/912/536/396b9819aaf9592a59f5aee18352fbbf_original.png",
    "little": "https://ksr-ugc.imgix.net/assets/011/912/536/396b9819aaf9592a59f5aee18352fbbf_original.png?crop=faces&w=208&h=117&fit=crop&v=1463714191&auto=format&q=92&s=0040cdc06637064037ab99fde031bec1",
    "med": "https://ksr-ugc.imgix.net/assets/011/912/536/396b9819aaf9592a59f5aee18352fbbf_original.png?crop=faces&w=272&h=153&fit=crop&v=1463714191&auto=format&q=92&s=4ee8579227c4b7d572ec583bb5c9f4ec",
    "small": "https://ksr-ugc.imgix.net/assets/011/912/536/396b9819aaf9592a59f5aee18352fbbf_original.png?crop=faces&w=160&h=90&fit=crop&v=1463714191&auto=format&q=92&s=6269690b5b17061658cbdf4e12e0cc1b",
    "thumb": "https://ksr-ugc.imgix.net/assets/011/912/536/396b9819aaf9592a59f5aee18352fbbf_original.png?crop=faces&w=48&h=27&fit=crop&v=1463714191&auto=format&q=92&s=67b40181301a1a3f37dbae2f87b8c637"
  },
  "pledged": 21212.0,
  "profile": {
    "background_color": null,
    "background_image_opacity": 0.8,
    "blurb": null,
    "feature_image_attributes": {
      "image_urls": {
        "baseball_card": "https://ksr-ugc.imgix.net/assets/011/912/536/396b9819aaf9592a59f5aee18352fbbf_original.png?crop=faces&w=560&h=315&fit=crop&v=1463714191&auto=format&q=92&s=e50750f8eda7ec466fde52dd7a0d805b",
        "default": "https://ksr-ugc.imgix.net/assets/011/912/536/396b9819aaf9592a59f5aee18352fbbf_original.png?crop=faces&w=1552&h=873&fit=crop&v=1463714191&auto=format&q=92&s=3dcb9eca97736b9727655be12cc047ee"
      }
    },
    "id": 1448246,
    "link_background_color": null,
    "link_text": null,
    "link_text_color": null,
    "link_url": null,
    "name": null,
    "project_id": 1448246,
    "should_show_feature_image_section": true,
    "show_feature_image": false,
    "state": "inactive",
    "state_changed_at": 1425915880,
    "text_color": null
  },
  "slug": "how-to-make-a-freaking-apple-watch-app-be-one-of-t",
  "spotlight": true,
  "staff_pick": false,
  "state": "successful",
  "state_changed_at": 1417503543,
  "static_usd_rate": 1.0,
  "urls": {
    "web": {
      "project": "https://www.kickstarter.com/projects/1766493251/how-to-make-a-freaking-apple-watch-app-be-one-of-t?ref=category_newest",
      "rewards": "https://www.kickstarter.com/projects/1766493251/how-to-make-a-freaking-apple-watch-app-be-one-of-t/rewards"
    }
  },
  "usd_pledged": "21212.0",
  "usd_type": "international"
}