{
  "backers_count": 6,
  "blurb": "The combustion engine of today.",
  "category": {
    "color": 6526716,
    "id": 335,
    "name": "Fabrication Tools",
    "parent_id": 16,
    "position": 5,
    "slug": "technology/fabrication tools",
    "urls": {
      "web": {
        "discover": "http://www.kickstarter.com/discover/categories/technology/fabrication%20tools"
      }
    }
  },
  "converted_pledged_amount": 115,
  "country": "US",
  "created_at": 1458605191,
  "creator": {
    "avatar": {
      "medium": "https://ksr-ugc.imgix.net/assets/010/949/386/5a3fe6f98fe69bb4ae1e35e95575bc4d_original.jpeg?w=160&h=160&fit=crop&v=1461722388&auto=format&q=92&s=35ef38483ec25ae0bc63510000f41ec9",
      "small": "https://ksr-ugc.imgix.net/assets/010/949/386/5a3fe6f98fe69bb4ae1e35e95575bc4d_original.jpeg?w=160&h=160&fit=crop&v=1461722388&auto=format&q=92&s=35ef38483ec25ae0bc63510000f41ec9",
      "thumb": "https://ksr-ugc.imgix.net/assets/010/949/386/5a3fe6f98fe69bb4ae1e35e95575bc4d_original.jpeg?w=40&h=40&fit=crop&v=1461722388&auto=format&q=92&s=493bf7ce2348e74659242c73e25bd409"
    },
    "chosen_currency": null,
    "id": 1325629308,
    "is_registered": true,
    "name": "Magdi Elsherbini",
    "urls": {
      "api": {
        "user": "https://api.kickstarter.com/v1/users/1325629308?signature=1524100827.57ffae50c9b2ea19216c943b46e95613cc3ce09b"
      },
      "web": {
        "user": "https://www.kickstarter.com/profile/1325629308"
      }
    }
  },
  "currency": "USD",
  "currency_symbol": "$",
  "currency_trailing_code": true,
  "current_currency": "USD",
  "deadline": 1464125968,
  "disable_communication": false,
  "fx_rate": 1.0,
  "goal": 17000.0,
  "id": 1016995738,
  "is_starrable": false,
  "launched_at": 1458941968,
  "location": {
    "country": "US",
    "displayable_name": "East Hemet, CA",
    "id": 23417211,
    "is_root": false,
    "localized_name": "East Hemet",
    "name": "East Hemet",
    "short_name": "East Hemet, CA",
    "slug": "east-hemet-ca",
    "state": "CA",
    "type": "Town",
    "urls": {
      "api": {
        "nearby_projects": "https://api.kickstarter.com/v1/discover?signature=1524082205.cae939e1d94363d375eff5220a11cabfbed8ccf3&woe_id=23417211"
      },
      "web": {
        "discover": "https://www.kickstarter.com/discover/places/east-hemet-ca",
        "location": "https://www.kickstarter.com/locations/east-hemet-ca"
      }
    }
  },
  "name": "Rotary combustion engine",
  "photo": {
    "1024x576": "https://ksr-ugc.imgix.net/assets/012/411/507/0868b33b8d5b287fea07107b34268b53_original.JPG?crop=faces&w=1024&h=576&fit=crop&v=1463759937&auto=format&q=92&s=a53cd68e5b002e620a395609ea6d3741",
    "1536x864": "https://ksr-ugc.imgix.net/assets/012/411/507/0868b33b8d5b287fea07107b34268b53_original.JPG?crop=faces&w=1552&h=873&fit=crop&v=1463759937&auto=format&q=92&s=adc42454a6b27301d85884b19426bc14",
    "ed": "https://ksr-ugc.imgix.net/assets/012/411/507/0868b33b8d5b287fea07107b34268b53_original.JPG?crop=faces&w=352&h=198&fit=crop&v=1463759937&auto=format&q=92&s=27da53edd18c274883ecbfd9c2e88456",
    "full": "https://ksr-ugc.imgix.net/assets/012/411/507/0868b33b8d5b287fea07107b34268b53_original.JPG?crop=faces&w=560&h=315&fit=crop&v=1463759937&auto=format&q=92&s=a75cf81473fa7d702ebe5efafd20ee60",
    "key": "assets/012/411/507/0868b33b8d5b287fea07107b34268b53_original.JPG",
    "little": "https://ksr-ugc.imgix.net/assets/012/411/507/0868b33b8d5b287fea07107b34268b53_original.JPG?crop=faces&w=208&h=117&fit=crop&v=1463759937&auto=format&q=92&s=0abcbd61457b5feb48a8517198dd55bc",
    "med": "https://ksr-ugc.imgix.net/assets/012/411/507/0868b33b8d5b287fea07107b34268b53_original.JPG?crop=faces&w=272&h=153&fit=crop&v=1463759937&auto=format&q=92&s=eba1d6ec91c02e939adc7396a2efc4d3",
    "small": "https://ksr-ugc.imgix.net/assets/012/411/507/0868b33b8d5b287fea07107b34268b53_original.JPG?crop=faces&w=160&h=90&fit=crop&v=1463759937&auto=format&q=92&s=1a9fedccf586915977cbd371b6f44173",
    "thumb": "https://ksr-ugc.imgix.net/assets/012/411/507/0868b33b8d5b287fea07107b34268b53_original.JPG?crop=faces&w=48&h=27&fit=crop&v=1463759937&auto=format&q=92&s=98574492833dd9ef0da3823d1207f953"
  },
  "pledged": 115.0,
  "profile": {
    "background_color": null,
    "background_image_opacity": 0.8,
    "blurb": null,
    "feature_image_attributes": {
      "image_urls": {
        "baseball_card": "https://ksr-ugc.imgix.net/assets/012/411/507/0868b33b8d5b287fea07107b34268b53_original.JPG?crop=faces&w=560&h=315&fit=crop&v=1463759937&auto=format&q=92&s=a75cf81473fa7d702ebe5efafd20ee60",
        "default": "https://ksr-ugc.imgix.net/assets/012/411/507/0868b33b8d5b287fea07107b34268b53_original.JPG?crop=faces&w=1552&h=873&fit=crop&v=1463759937&auto=format&q=92&s=adc42454a6b27301d85884b19426bc14"
      }
    },
    "id": 2434401,
    "link_background_color": null,
    "link_text": null,
    "link_text_color": null,
    "link_url": null,
    "name": null,
    "project_id": 2434401,
    "should_show_feature_image_section": true,
    "show_feature_image": false,
    "state": "inactive",
    "state_changed_at": 1458605191,
    "text_color": null
  },
  "slug": "rotary-combustion-engine",
  "spotlight": false,
  "staff_pick": false,
  "state": "failed",
  "state_changed_at": 1464125969,
  "static_usd_rate": 1.0,
  "urls": {
    "web": {
      "project": "https://www.kickstarter.com/projects/1325629308/rotary-combustion-engine?ref=category_newest",
      "rewards": "https://www.kickstarter.com/projects/1325629308/rotary-combustion-engine/rewards"
    }
  },
  "usd_pledged": "115.0",
  "usd_type": "international"
}