{
  "backers_count": 1384,
  "blurb": "Coding is the new literacy. With ScratchJr, young children (ages 5-7) learn to program their own interactive stories and games.",
  "category": {
    "color": 6526716,
    "id": 16,
    "name": "Technology",
    "position": 14,
    "slug": "technology",
    "urls": {
      "web": {
        "discover": "http://www.kickstarter.com/discover/categories/technology"
      }
    }
  },
  "converted_pledged_amount": 77474,
  "country": "US",
  "created_at": 1389929565,
  "creator": {
    "avatar": {
      "medium": "https://ksr-ugc.imgix.net/assets/006/085/328/c682d1ad9b87184d64eaa8e43b64a508_original.jpg?w=160&h=160&fit=crop&v=1461365563&auto=format&q=92&s=0e020ffbf367e2d6c40a22fb9eb85b79",
      "small": "https://ksr-ugc.imgix.net/assets/006/085/328/c682d1ad9b87184d64eaa8e43b64a508_original.jpg?w=160&h=160&fit=crop&v=1461365563&auto=format&q=92&s=0e020ffbf367e2d6c40a22fb9eb85b79",
      "thumb": "https://ksr-ugc.imgix.net/assets/006/085/328/c682d1ad9b87184d64eaa8e43b64a508_original.jpg?w=40&h=40&fit=crop&v=1461365563&auto=format&q=92&s=f7591ecaceb06b5ee6eead64c8f81d18"
    },
    "chosen_currency": null,
    "id": 2023634798,
    "is_registered": true,
    "name": "Mitchel Resnick",
    "urls": {
      "api": {
        "user": "https://api.kickstarter.com/v1/users/2023634798?signature=1524099807.5ecc8a277eda782785c1b5c3c40ec31c765090f8"
      },
      "web": {
        "user": "https://www.kickstarter.com/profile/2023634798"
      }
    }
  },
  "currency": "USD",
  "currency_symbol": "$",
  "currency_trailing_code": true,
  "current_currency": "USD",
  "deadline": 1398854700,
  "disable_communication": false,
  "fx_rate": 1.0,
  "goal": 25000.0,
  "id": 1016211179,
  "is_starrable": false,
  "launched_at": 1395055687,
  "location": {
    "country": "US",
    "displayable_name": "Cambridge, MA",
    "id": 2373572,
    "is_root": false,
    "localized_name": "Cambridge",
    "name": "Cambridge",
    "short_name": "Cambridge, MA",
    "slug": "cambridge-ma",
    "state": "MA",
    "type": "Town",
    "urls": {
      "api": {
        "nearby_projects": "https://api.kickstarter.com/v1/discover?signature=1524082114.099836421232fc8b734844a64bcda8a59f2d61a4&woe_id=2373572"
      },
      "web": {
        "discover": "https://www.kickstarter.com/discover/places/cambridge-ma",
        "location": "https://www.kickstarter.com/locations/cambridge-ma"
      }
    }
  },
  "name": "ScratchJr: Coding for Young Kids",
  "photo": {
    "1024x576": "https://ksr-ugc.imgix.net/assets/011/637/191/81ed6110194b3f8b82f44599c8743869_original.jpg?crop=faces&w=1024&h=576&fit=crop&v=1463686048&auto=format&q=92&s=495042492b76d3e93cc049dfd6f3a9e9",
    "1536x864": "https://ksr-ugc.imgix.net/assets/011/637/191/81ed6110194b3f8b82f44599c8743869_original.jpg?crop=faces&w=1552&h=873&fit=crop&v=1463686048&auto=format&q=92&s=08e0ba79384be902ba2e3e794c66b08d",
    "ed": "https://ksr-ugc.imgix.net/assets/011/637/191/81ed6110194b3f8b82f44599c8743869_original.jpg?crop=faces&w=352&h=198&fit=crop&v=1463686048&auto=format&q=92&s=76ef40cb18fbd2e75a219d8c19bfeffd",
    "full": "https://ksr-ugc.imgix.net/assets/011/637/191/81ed6110194b3f8b82f44599c8743869_original.jpg?crop=faces&w=560&h=315&fit=crop&v=1463686048&auto=format&q=92&s=410aa703cff6cb9783a8bb4b7ac1b7a3",
    "key": "assets/011/637/191/81ed6110194b3f8b82f44599c8743869_original.jpg",
    "little": "https://ksr-ugc.imgix.net/assets/011/637/191/81ed6110194b3f8b82f44599c8743869_original.jpg?crop=faces&w=208&h=117&fit=crop&v=1463686048&auto=format&q=92&s=2e7c1148569f34c3751b0bdc95299d96",
    "med": "https://ksr-ugc.imgix.net/assets/011/637/191/81ed6110194b3f8b82f44599c8743869_original.jpg?crop=faces&w=272&h=153&fit=crop&v=1463686048&auto=format&q=92&s=530b69e9ea6de4baeaa202a590da572d",
    "small": "https://ksr-ugc.imgix.net/assets/011/637/191/81ed6110194b3f8b82f44599c8743869_original.jpg?crop=faces&w=160&h=90&fit=crop&v=1463686048&auto=format&q=92&s=0ec7854ff88c700a4d3a607fbb004c65",
    "thumb": "https://ksr-ugc.imgix.net/assets/011/637/191/81ed6110194b3f8b82f44599c8743869_original.jpg?crop=faces&w=48&h=27&fit=crop&v=1463686048&auto=format&q=92&s=05af454a4988f9d661260d0db34c8a8c"
  },
  "pledged": 77474.74,
  "profile": {
    "background_color": "",
    "background_image_opacity": 0.8,
    "blurb": "Coding is the new literacy. With ScratchJr, young children (ages 5-7) learn to program their own interactive stories and games. Want to download the app? See scratchjr.org",
    "feature_image_attributes": {
      "image_urls": {
        "baseball_card": "https://ksr-ugc.imgix.net/assets/011/637/191/81ed6110194b3f8b82f44599c8743869_original.jpg?crop=faces&w=560&h=315&fit=crop&v=1463686048&auto=format&q=92&s=410aa703cff6cb9783a8bb4b7ac1b7a3",
        "default": "https://ksr-ugc.imgix.net/assets/011/637/191/81ed6110194b3f8b82f44599c8743869_original.jpg?crop=faces&w=1552&h=873&fit=crop&v=1463686048&auto=format&q=92&s=08e0ba79384be902ba2e3e794c66b08d"
      }
    },
    "id": 852868,
    "link_background_color": "",
    "link_text": "Follow along!",
    "link_text_color": "",
    "link_url": "",
    "name": "ScratchJr: Coding for Young Kids",
    "project_id": 852868,
    "should_show_feature_image_section": true,
    "show_feature_image": false,
    "state": "active",
    "state_changed_at": 1427816202,
    "text_color": ""
  },
  "slug": "scratchjr-coding-for-young-kids",
  "spotlight": true,
  "staff_pick": true,
  "state": "successful",
  "state_changed_at": 1398854713,
  "static_usd_rate": 1.0,
  "urls": {
    "web": {
      "project": "https://www.kickstarter.com/projects/2023634798/scratchjr-coding-for-young-kids?ref=category_newest",
      "rewards": "https://www.kickstarter.com/projects/2023634798/scratchjr-coding-for-young-kids/rewards"
    }
  },
  "usd_pledged": "77474.74",
  "usd_type": "international"
}