{
  "backers_count": 0,
  "blurb": "Aplicaci\u00f3n de control parental orientado a dispositivos m\u00f3viles, totalmente preparada para hacer frente a las nuevas amenazas de la red",
  "category": {
    "color": 6526716,
    "id": 51,
    "name": "Software",
    "parent_id": 16,
    "position": 11,
    "slug": "technology/software",
    "urls": {
      "web": {
        "discover": "http://www.kickstarter.com/discover/categories/technology/software"
      }
    }
  },
  "converted_pledged_amount": 0,
  "country": "MX",
  "created_at": 1479182454,
  "creator": {
    "avatar": {
      "medium": "https://ksr-ugc.imgix.net/assets/014/519/748/6e289478532a202572985db5a07b46b3_original.png?w=160&h=160&fit=crop&v=1479185868&auto=format&q=92&s=c8def2b83d0f5061fd2b722738ecc31d",
      "small": "https://ksr-ugc.imgix.net/assets/014/519/748/6e289478532a202572985db5a07b46b3_original.png?w=160&h=160&fit=crop&v=1479185868&auto=format&q=92&s=c8def2b83d0f5061fd2b722738ecc31d",
      "thumb": "https://ksr-ugc.imgix.net/assets/014/519/748/6e289478532a202572985db5a07b46b3_original.png?w=40&h=40&fit=crop&v=1479185868&auto=format&q=92&s=6e91e4781e6c148271ba43c17ff2a6e7"
    },
    "chosen_currency": null,
    "id": 2144385984,
    "is_registered": true,
    "name": "angel Judath",
    "urls": {
      "api": {
        "user": "https://api.kickstarter.com/v1/users/2144385984?signature=1524102405.d25379f6a145bda2c89e236f03c83932d0923200"
      },
      "web": {
        "user": "https://www.kickstarter.com/profile/2144385984"
      }
    }
  },
  "currency": "MXN",
  "currency_symbol": "$",
  "currency_trailing_code": true,
  "current_currency": "USD",
  "deadline": 1482022423,
  "disable_communication": false,
  "fx_rate": 0.05552717,
  "goal": 1850000.0,
  "id": 1016002984,
  "is_starrable": false,
  "launched_at": 1479430423,
  "location": {
    "country": "MX",
    "displayable_name": "Apan, Mexico",
    "id": 112224,
    "is_root": false,
    "localized_name": "Apan",
    "name": "Apan",
    "short_name": "Apan, Mexico",
    "slug": "apan-mx",
    "state": "Hidalgo",
    "type": "Town",
    "urls": {
      "api": {
        "nearby_projects": "https://api.kickstarter.com/v1/discover?signature=1524089865.6e739a4c24ed0f4a2232d81e4d8d6298e8f4faa7&woe_id=112224"
      },
      "web": {
        "discover": "https://www.kickstarter.com/discover/places/apan-mx",
        "location": "https://www.kickstarter.com/locations/apan-mx"
      }
    }
  },
  "name": "PFSecurity",
  "photo": {
    "1024x576": "https://ksr-ugc.imgix.net/assets/014/519/168/47778f4d707aab829a9ed3c9209d260e_original.PNG?crop=faces&w=1024&h=576&fit=crop&v=1479182487&auto=format&q=92&s=6f756290e617dc48784369a1e2f1da79",
    "1536x864": "https://ksr-ugc.imgix.net/assets/014/519/168/47778f4d707aab829a9ed3c9209d260e_original.PNG?crop=faces&w=1552&h=873&fit=crop&v=1479182487&auto=format&q=92&s=28cf9fae66891fed63042e235343fa0f",
    "ed": "https://ksr-ugc.imgix.net/assets/014/519/168/47778f4d707aab829a9ed3c9209d260e_original.PNG?crop=faces&w=352&h=198&fit=crop&v=1479182487&auto=format&q=92&s=8efee9ceb9eb67a032c9bbebf5e6fe5e",
    "full": "https://ksr-ugc.imgix.net/assets/014/519/168/47778f4d707aab829a9ed3c9209d260e_original.PNG?crop=faces&w=560&h=315&fit=crop&v=1479182487&auto=format&q=92&s=71161b511e366fcc89100090ccbbd69d",
    "key": "assets/014/519/168/47778f4d707aab829a9ed3c9209d260e_original.PNG",
    "little": "https://ksr-ugc.imgix.net/assets/014/519/168/47778f4d707aab829a9ed3c9209d260e_original.PNG?crop=faces&w=208&h=117&fit=crop&v=1479182487&auto=format&q=92&s=55cbfb9e354cf7b4a38fc4fd54fd93ef",
    "med": "https://ksr-ugc.imgix.net/assets/014/519/168/47778f4d707aab829a9ed3c9209d260e_original.PNG?crop=faces&w=272&h=153&fit=crop&v=1479182487&auto=format&q=92&s=32240f99a0ff9d97e80d47468abe1a77",
    "small": "https://ksr-ugc.imgix.net/assets/014/519/168/47778f4d707aab829a9ed3c9209d260e_original.PNG?crop=faces&w=160&h=90&fit=crop&v=1479182487&auto=format&q=92&s=db3714c7354677c27949b16b791778fd",
    "thumb": "https://ksr-ugc.imgix.net/assets/014/519/168/47778f4d707aab829a9ed3c9209d260e_original.PNG?crop=faces&w=48&h=27&fit=crop&v=1479182487&auto=format&q=92&s=3a1a89d7bc279039a0078cd7de753566"
  },
  "pledged": 0.0,
  "profile": {
    "background_color": null,
    "background_image_opacity": 0.8,
    "blurb": null,
    "feature_image_attributes": {
      "image_urls": {
        "baseball_card": "https://ksr-ugc.imgix.net/assets/014/519/168/47778f4d707aab829a9ed3c9209d260e_original.PNG?crop=faces&w=560&h=315&fit=crop&v=1479182487&auto=format&q=92&s=71161b511e366fcc89100090ccbbd69d",
        "default": "https://ksr-ugc.imgix.net/assets/014/519/168/47778f4d707aab829a9ed3c9209d260e_original.PNG?crop=faces&w=1552&h=873&fit=crop&v=1479182487&auto=format&q=92&s=28cf9fae66891fed63042e235343fa0f"
      }
    },
    "id": 2759994,
    "link_background_color": null,
    "link_text": null,
    "link_text_color": null,
    "link_url": null,
    "name": null,
    "project_id": 2759994,
    "should_show_feature_image_section": true,
    "show_feature_image": false,
    "state": "inactive",
    "state_changed_at": 1479182454,
    "text_color": null
  },
  "slug": "pfsecurity",
  "spotlight": false,
  "staff_pick": false,
  "state": "failed",
  "state_changed_at": 1482022423,
  "static_usd_rate": 0.04904543,
  "urls": {
    "web": {
      "project": "https://www.kickstarter.com/projects/2144385984/pfsecurity?ref=category_newest",
      "rewards": "https://www.kickstarter.com/projects/2144385984/pfsecurity/rewards"
    }
  },
  "usd_pledged": "0.0",
  "usd_type": "international"
}