{
  "backers_count": 27,
  "blurb": "SchoolDaze is a free, innovative and easy-to-use app that will make the lives of school kids, parents and teachers easier than ever!",
  "category": {
    "color": 6526716,
    "id": 51,
    "name": "Software",
    "parent_id": 16,
    "position": 11,
    "slug": "technology/software",
    "urls": {
      "web": {
        "discover": "http://www.kickstarter.com/discover/categories/technology/software"
      }
    }
  },
  "converted_pledged_amount": 6321,
  "country": "US",
  "created_at": 1482884860,
  "creator": {
    "avatar": {
      "medium": "https://ksr-ugc.imgix.net/assets/015/444/924/627661a291e6b1de050f08db02a22ecd_original.jpg?w=160&h=160&fit=crop&v=1486612113&auto=format&q=92&s=4c2a6eaeab39c338daf3a4cae305096d",
      "small": "https://ksr-ugc.imgix.net/assets/015/444/924/627661a291e6b1de050f08db02a22ecd_original.jpg?w=160&h=160&fit=crop&v=1486612113&auto=format&q=92&s=4c2a6eaeab39c338daf3a4cae305096d",
      "thumb": "https://ksr-ugc.imgix.net/assets/015/444/924/627661a291e6b1de050f08db02a22ecd_original.jpg?w=40&h=40&fit=crop&v=1486612113&auto=format&q=92&s=7011caba0b39c820c025708d523110f9"
    },
    "chosen_currency": null,
    "id": 847123226,
    "is_registered": true,
    "name": "William",
    "urls": {
      "api": {
        "user": "https://api.kickstarter.com/v1/users/847123226?signature=1524102418.5c4392cb13bd8a7891c92ad0c5d45d20e709bbc9"
      },
      "web": {
        "user": "https://www.kickstarter.com/profile/847123226"
      }
    }
  },
  "currency": "USD",
  "currency_symbol": "$",
  "currency_trailing_code": true,
  "current_currency": "USD",
  "deadline": 1490285073,
  "disable_communication": false,
  "fx_rate": 1.0,
  "goal": 50000.0,
  "id": 1016620462,
  "is_starrable": false,
  "launched_at": 1487696673,
  "location": {
    "country": "US",
    "displayable_name": "Atlanta, GA",
    "id": 2357024,
    "is_root": false,
    "localized_name": "Atlanta",
    "name": "Atlanta",
    "short_name": "Atlanta, GA",
    "slug": "atlanta-ga",
    "state": "GA",
    "type": "Town",
    "urls": {
      "api": {
        "nearby_projects": "https://api.kickstarter.com/v1/discover?signature=1524082110.daecfd96fb376d6d8bb09c6ef82423b1031f4b80&woe_id=2357024"
      },
      "web": {
        "discover": "https://www.kickstarter.com/discover/places/atlanta-ga",
        "location": "https://www.kickstarter.com/locations/atlanta-ga"
      }
    }
  },
  "name": "SchoolDaze: Please Support Us & Give",
  "photo": {
    "1024x576": "https://ksr-ugc.imgix.net/assets/014/999/257/a3c5d7a8ebaf199ecf89241146e384c5_original.png?crop=faces&w=1024&h=576&fit=crop&v=1483832026&auto=format&q=92&s=9fbbacdf6f5f48fe636cc7526b9367f6",
    "1536x864": "https://ksr-ugc.imgix.net/assets/014/999/257/a3c5d7a8ebaf199ecf89241146e384c5_original.png?crop=faces&w=1552&h=873&fit=crop&v=1483832026&auto=format&q=92&s=16d51af39d7910ab0a3124a5e2d7ded5",
    "ed": "https://ksr-ugc.imgix.net/assets/014/999/257/a3c5d7a8ebaf199ecf89241146e384c5_original.png?crop=faces&w=352&h=198&fit=crop&v=1483832026&auto=format&q=92&s=a558676e58cef814aa18f388fa9afead",
    "full": "https://ksr-ugc.imgix.net/assets/014/999/257/a3c5d7a8ebaf199ecf89241146e384c5_original.png?crop=faces&w=560&h=315&fit=crop&v=1483832026&auto=format&q=92&s=df900375377a8db46a50b71540236766",
    "key": "assets/014/999/257/a3c5d7a8ebaf199ecf89241146e384c5_original.png",
    "little": "https://ksr-ugc.imgix.net/assets/014/999/257/a3c5d7a8ebaf199ecf89241146e384c5_original.png?crop=faces&w=208&h=117&fit=crop&v=1483832026&auto=format&q=92&s=2840a05600291d55212407f4cfe0a03b",
    "med": "https://ksr-ugc.imgix.net/assets/014/999/257/a3c5d7a8ebaf199ecf89241146e384c5_original.png?crop=faces&w=272&h=153&fit=crop&v=1483832026&auto=format&q=92&s=13b80999f52c282cfccc50853d3ebb9d",
    "small": "https://ksr-ugc.imgix.net/assets/014/999/257/a3c5d7a8ebaf199ecf89241146e384c5_original.png?crop=faces&w=160&h=90&fit=crop&v=1483832026&auto=format&q=92&s=eb47a15158b09813682b5333dbec539c",
    "thumb": "https://ksr-ugc.imgix.net/assets/014/999/257/a3c5d7a8ebaf199ecf89241146e384c5_original.png?crop=faces&w=48&h=27&fit=crop&v=1483832026&auto=format&q=92&s=96727ba6fee999a50c9bc6924b4fc231"
  },
  "pledged": 6321.0,
  "profile": {
    "background_color": null,
    "background_image_opacity": 0.8,
    "blurb": null,
    "feature_image_attributes": {
      "image_urls": {
        "baseball_card": "https://ksr-ugc.imgix.net/assets/014/999/257/a3c5d7a8ebaf199ecf89241146e384c5_original.png?crop=faces&w=560&h=315&fit=crop&v=1483832026&auto=format&q=92&s=df900375377a8db46a50b71540236766",
        "default": "https://ksr-ugc.imgix.net/assets/014/999/257/a3c5d7a8ebaf199ecf89241146e384c5_original.png?crop=faces&w=1552&h=873&fit=crop&v=1483832026&auto=format&q=92&s=16d51af39d7910ab0a3124a5e2d7ded5"
      }
    },
    "id": 2812644,
    "link_background_color": null,
    "link_text": null,
    "link_text_color": null,
    "link_url": null,
    "name": null,
    "project_id": 2812644,
    "should_show_feature_image_section": true,
    "show_feature_image": false,
    "state": "inactive",
    "state_changed_at": 1482884860,
    "text_color": null
  },
  "slug": "schooldaze-campaign-starts-at-noon-on-2-21-support",
  "spotlight": false,
  "staff_pick": false,
  "state": "failed",
  "state_changed_at": 1490285073,
  "static_usd_rate": 1.0,
  "urls": {
    "web": {
      "project": "https://www.kickstarter.com/projects/847123226/schooldaze-campaign-starts-at-noon-on-2-21-support?ref=category_newest",
      "rewards": "https://www.kickstarter.com/projects/847123226/schooldaze-campaign-starts-at-noon-on-2-21-support/rewards"
    }
  },
  "usd_pledged": "6321.0",
  "usd_type": "international"
}