{
  "backers_count": 2,
  "blurb": "The worlds fastest image host for public, private and business use - suitable for Desktop and Mobile www.sympic.com",
  "category": {
    "color": 6526716,
    "id": 342,
    "name": "Web",
    "parent_id": 16,
    "position": 15,
    "slug": "technology/web",
    "urls": {
      "web": {
        "discover": "http://www.kickstarter.com/discover/categories/technology/web"
      }
    }
  },
  "converted_pledged_amount": 3,
  "country": "GB",
  "created_at": 1422040395,
  "creator": {
    "avatar": {
      "medium": "https://ksr-ugc.imgix.net/assets/009/488/388/1d403ad7ebd0f60a27aba1e46f384d9b_original.png?w=160&h=160&fit=crop&v=1461598537&auto=format&q=92&s=e23e0a42d34c6088a33a4b0f47c4b30f",
      "small": "https://ksr-ugc.imgix.net/assets/009/488/388/1d403ad7ebd0f60a27aba1e46f384d9b_original.png?w=160&h=160&fit=crop&v=1461598537&auto=format&q=92&s=e23e0a42d34c6088a33a4b0f47c4b30f",
      "thumb": "https://ksr-ugc.imgix.net/assets/009/488/388/1d403ad7ebd0f60a27aba1e46f384d9b_original.png?w=40&h=40&fit=crop&v=1461598537&auto=format&q=92&s=e806c8b34982adf70da6002539fa315a"
    },
    "chosen_currency": null,
    "id": 1089222028,
    "is_registered": true,
    "name": "Glen Sargent",
    "urls": {
      "api": {
        "user": "https://api.kickstarter.com/v1/users/1089222028?signature=1524103073.377e8e4b44d297376f81c502b5792e709f11da1e"
      },
      "web": {
        "user": "https://www.kickstarter.com/profile/1089222028"
      }
    }
  },
  "currency": "GBP",
  "currency_symbol": "\u00a3",
  "currency_trailing_code": false,
  "current_currency": "USD",
  "deadline": 1424898466,
  "disable_communication": false,
  "fx_rate": 1.43358488,
  "goal": 3000.0,
  "id": 1016645962,
  "is_starrable": false,
  "launched_at": 1422306466,
  "location": {
    "country": "GB",
    "displayable_name": "London, UK",
    "id": 44418,
    "is_root": false,
    "localized_name": "London",
    "name": "London",
    "short_name": "London, UK",
    "slug": "london-gb",
    "state": "England",
    "type": "Town",
    "urls": {
      "api": {
        "nearby_projects": "https://api.kickstarter.com/v1/discover?signature=1524082109.5118e135081e740cf60892f6b56ae9d8b8d0db64&woe_id=44418"
      },
      "web": {
        "discover": "https://www.kickstarter.com/discover/places/london-gb",
        "location": "https://www.kickstarter.com/locations/london-gb"
      }
    }
  },
  "name": "Sympic",
  "photo": {
    "1024x576": "https://ksr-ugc.imgix.net/assets/012/011/378/1d403ad7ebd0f60a27aba1e46f384d9b_original.png?crop=faces&w=1024&h=576&fit=crop&v=1463723889&auto=format&q=92&s=dcf0727654683dc4ec074358cafb86f9",
    "1536x864": "https://ksr-ugc.imgix.net/assets/012/011/378/1d403ad7ebd0f60a27aba1e46f384d9b_original.png?crop=faces&w=1552&h=873&fit=crop&v=1463723889&auto=format&q=92&s=8b17f6c366ce95f7964732b54e5d103e",
    "ed": "https://ksr-ugc.imgix.net/assets/012/011/378/1d403ad7ebd0f60a27aba1e46f384d9b_original.png?crop=faces&w=352&h=198&fit=crop&v=1463723889&auto=format&q=92&s=50633111da5d5505b7e2a75291b3c340",
    "full": "https://ksr-ugc.imgix.net/assets/012/011/378/1d403ad7ebd0f60a27aba1e46f384d9b_original.png?crop=faces&w=560&h=315&fit=crop&v=1463723889&auto=format&q=92&s=0d638e73c8a1753c00117657e9d405e8",
    "key": "assets/012/011/378/1d403ad7ebd0f60a27aba1e46f384d9b_original.png",
    "little": "https://ksr-ugc.imgix.net/assets/012/011/378/1d403ad7ebd0f60a27aba1e46f384d9b_original.png?crop=faces&w=208&h=117&fit=crop&v=1463723889&auto=format&q=92&s=d5f794deb3a8bc7dc53cd55fb222e435",
    "med": "https://ksr-ugc.imgix.net/assets/012/011/378/1d403ad7ebd0f60a27aba1e46f384d9b_original.png?crop=faces&w=272&h=153&fit=crop&v=1463723889&auto=format&q=92&s=d6d080f009f8827cd414142e3eed735e",
    "small": "https://ksr-ugc.imgix.net/assets/012/011/378/1d403ad7ebd0f60a27aba1e46f384d9b_original.png?crop=faces&w=160&h=90&fit=crop&v=1463723889&auto=format&q=92&s=3e427aeae92e4176c99d90cb56fe465b",
    "thumb": "https://ksr-ugc.imgix.net/assets/012/011/378/1d403ad7ebd0f60a27aba1e46f384d9b_original.png?crop=faces&w=48&h=27&fit=crop&v=1463723889&auto=format&q=92&s=3d7a2674ad3a32154284773aee00c247"
  },
  "pledged": 2.0,
  "profile": {
    "background_color": null,
    "background_image_opacity": 0.8,
    "blurb": null,
    "feature_image_attributes": {
      "image_urls": {
        "baseball_card": "https://ksr-ugc.imgix.net/assets/012/011/378/1d403ad7ebd0f60a27aba1e46f384d9b_original.png?crop=faces&w=560&h=315&fit=crop&v=1463723889&auto=format&q=92&s=0d638e73c8a1753c00117657e9d405e8",
        "default": "https://ksr-ugc.imgix.net/assets/012/011/378/1d403ad7ebd0f60a27aba1e46f384d9b_original.png?crop=faces&w=1552&h=873&fit=crop&v=1463723889&auto=format&q=92&s=8b17f6c366ce95f7964732b54e5d103e"
      }
    },
    "id": 1653601,
    "link_background_color": null,
    "link_text": null,
    "link_text_color": null,
    "link_url": null,
    "name": null,
    "project_id": 1653601,
    "should_show_feature_image_section": true,
    "show_feature_image": false,
    "state": "inactive",
    "state_changed_at": 1425915891,
    "text_color": null
  },
  "slug": "sympic",
  "spotlight": false,
  "staff_pick": false,
  "state": "failed",
  "state_changed_at": 1424898466,
  "static_usd_rate": 1.4994572,
  "urls": {
    "web": {
      "project": "https://www.kickstarter.com/projects/1089222028/sympic?ref=category_newest",
      "rewards": "https://www.kickstarter.com/projects/1089222028/sympic/rewards"
    }
  },
  "usd_pledged": "2.9989144",
  "usd_type": "international"
}