{
  "backers_count": 4,
  "blurb": "I am attempting to create an innovative social networking app that will link people together in an entirely different way.",
  "category": {
    "color": 6526716,
    "id": 332,
    "name": "Apps",
    "parent_id": 16,
    "position": 2,
    "slug": "technology/apps",
    "urls": {
      "web": {
        "discover": "http://www.kickstarter.com/discover/categories/technology/apps"
      }
    }
  },
  "converted_pledged_amount": 70,
  "country": "US",
  "created_at": 1422921183,
  "creator": {
    "avatar": {
      "medium": "https://ksr-ugc.imgix.net/assets/009/527/209/aafea0d9918862f4b520ae59ce884750_original.jpeg?w=160&h=160&fit=crop&v=1461601094&auto=format&q=92&s=4973b74104d7851c533f3687a76dc56d",
      "small": "https://ksr-ugc.imgix.net/assets/009/527/209/aafea0d9918862f4b520ae59ce884750_original.jpeg?w=160&h=160&fit=crop&v=1461601094&auto=format&q=92&s=4973b74104d7851c533f3687a76dc56d",
      "thumb": "https://ksr-ugc.imgix.net/assets/009/527/209/aafea0d9918862f4b520ae59ce884750_original.jpeg?w=40&h=40&fit=crop&v=1461601094&auto=format&q=92&s=0d0de5bf526a040b5b5a1717db302d28"
    },
    "chosen_currency": null,
    "id": 1194186460,
    "is_registered": true,
    "name": "Kevin",
    "urls": {
      "api": {
        "user": "https://api.kickstarter.com/v1/users/1194186460?signature=1524100387.04eddd74d57c91f99050f003280d91c39a9e9c5f"
      },
      "web": {
        "user": "https://www.kickstarter.com/profile/1194186460"
      }
    }
  },
  "currency": "USD",
  "currency_symbol": "$",
  "currency_trailing_code": true,
  "current_currency": "USD",
  "deadline": 1430153966,
  "disable_communication": false,
  "fx_rate": 1.0,
  "goal": 10000.0,
  "id": 101682275,
  "is_starrable": false,
  "launched_at": 1424973566,
  "location": {
    "country": "US",
    "displayable_name": "Westampton, NJ",
    "id": 26342926,
    "is_root": false,
    "localized_name": "Westampton",
    "name": "Westampton",
    "short_name": "Westampton, NJ",
    "slug": "westampton-nj",
    "state": "NJ",
    "type": "Town",
    "urls": {
      "api": {
        "nearby_projects": "https://api.kickstarter.com/v1/discover?signature=1524086864.fcffd48ff010a442b1a49d09cc9b380f9aaaf777&woe_id=26342926"
      },
      "web": {
        "discover": "https://www.kickstarter.com/discover/places/westampton-nj",
        "location": "https://www.kickstarter.com/locations/westampton-nj"
      }
    }
  },
  "name": "HI",
  "photo": {
    "1024x576": "https://ksr-ugc.imgix.net/assets/012/023/501/3503f2f67a6e3a85cbe46240c9ef16da_original.png?crop=faces&w=1024&h=576&fit=crop&v=1463724950&auto=format&q=92&s=31b4c409fe153f05887ffffb2efbdb8b",
    "1536x864": "https://ksr-ugc.imgix.net/assets/012/023/501/3503f2f67a6e3a85cbe46240c9ef16da_original.png?crop=faces&w=1552&h=873&fit=crop&v=1463724950&auto=format&q=92&s=bf4d5ae98147be004ad774e7af492544",
    "ed": "https://ksr-ugc.imgix.net/assets/012/023/501/3503f2f67a6e3a85cbe46240c9ef16da_original.png?crop=faces&w=352&h=198&fit=crop&v=1463724950&auto=format&q=92&s=4c5db0e9c11cf2918940f7140fffbdc1",
    "full": "https://ksr-ugc.imgix.net/assets/012/023/501/3503f2f67a6e3a85cbe46240c9ef16da_original.png?crop=faces&w=560&h=315&fit=crop&v=1463724950&auto=format&q=92&s=bf4b74e7e8e9c05ae4b1813e15f79242",
    "key": "assets/012/023/501/3503f2f67a6e3a85cbe46240c9ef16da_original.png",
    "little": "https://ksr-ugc.imgix.net/assets/012/023/501/3503f2f67a6e3a85cbe46240c9ef16da_original.png?crop=faces&w=208&h=117&fit=crop&v=1463724950&auto=format&q=92&s=9a6e02995aa3fb7cb1ddfdcd566752e0",
    "med": "https://ksr-ugc.imgix.net/assets/012/023/501/3503f2f67a6e3a85cbe46240c9ef16da_original.png?crop=faces&w=272&h=153&fit=crop&v=1463724950&auto=format&q=92&s=338347577526e2eded0cd883769f725a",
    "small": "https://ksr-ugc.imgix.net/assets/012/023/501/3503f2f67a6e3a85cbe46240c9ef16da_original.png?crop=faces&w=160&h=90&fit=crop&v=1463724950&auto=format&q=92&s=04d4fdb882634b49337d24bbb55141f3",
    "thumb": "https://ksr-ugc.imgix.net/assets/012/023/501/3503f2f67a6e3a85cbe46240c9ef16da_original.png?crop=faces&w=48&h=27&fit=crop&v=1463724950&auto=format&q=92&s=e0903c394991c42e463c9f6d6c3f35dd"
  },
  "pledged": 70.0,
  "profile": {
    "background_color": null,
    "background_image_opacity": 0.8,
    "blurb": null,
    "feature_image_attributes": {
      "image_urls": {
        "baseball_card": "https://ksr-ugc.imgix.net/assets/012/023/501/3503f2f67a6e3a85cbe46240c9ef16da_original.png?crop=faces&w=560&h=315&fit=crop&v=1463724950&auto=format&q=92&s=bf4b74e7e8e9c05ae4b1813e15f79242",
        "default": "https://ksr-ugc.imgix.net/assets/012/023/501/3503f2f67a6e3a85cbe46240c9ef16da_original.png?crop=faces&w=1552&h=873&fit=crop&v=1463724950&auto=format&q=92&s=bf4d5ae98147be004ad774e7af492544"
      }
    },
    "id": 1678298,
    "link_background_color": null,
    "link_text": null,
    "link_text_color": null,
    "link_url": null,
    "name": null,
    "project_id": 1678298,
    "should_show_feature_image_section": true,
    "show_feature_image": false,
    "state": "inactive",
    "state_changed_at": 1425915892,
    "text_color": null
  },
  "slug": "hi-0",
  "spotlight": false,
  "staff_pick": false,
  "state": "failed",
  "state_changed_at": 1430154012,
  "static_usd_rate": 1.0,
  "urls": {
    "web": {
      "project": "https://www.kickstarter.com/projects/1194186460/hi-0?ref=category_newest",
      "rewards": "https://www.kickstarter.com/projects/1194186460/hi-0/rewards"
    }
  },
  "usd_pledged": "70.0",
  "usd_type": "international"
}