{
  "backers_count": 5,
  "blurb": "Study the behaviour of technical communities by tracking their movement  through wearables",
  "category": {
    "color": 6526716,
    "id": 341,
    "name": "Wearables",
    "parent_id": 16,
    "position": 14,
    "slug": "technology/wearables",
    "urls": {
      "web": {
        "discover": "http://www.kickstarter.com/discover/categories/technology/wearables"
      }
    }
  },
  "converted_pledged_amount": 65,
  "country": "US",
  "created_at": 1403882850,
  "creator": {
    "avatar": {
      "medium": "https://ksr-ugc.imgix.net/assets/006/818/126/e4bcd1ef7ff940183dd9c2ec38f13057_original.JPG?w=160&h=160&fit=crop&v=1461413553&auto=format&q=92&s=546a390ac52c74159c12358c1f9499c6",
      "small": "https://ksr-ugc.imgix.net/assets/006/818/126/e4bcd1ef7ff940183dd9c2ec38f13057_original.JPG?w=160&h=160&fit=crop&v=1461413553&auto=format&q=92&s=546a390ac52c74159c12358c1f9499c6",
      "thumb": "https://ksr-ugc.imgix.net/assets/006/818/126/e4bcd1ef7ff940183dd9c2ec38f13057_original.JPG?w=40&h=40&fit=crop&v=1461413553&auto=format&q=92&s=647d7313fc81f1bc87c6cf51207d6691"
    },
    "chosen_currency": null,
    "id": 673435705,
    "is_registered": true,
    "name": "Horacio Bouzas",
    "slug": "horacio",
    "urls": {
      "api": {
        "user": "https://api.kickstarter.com/v1/users/673435705?signature=1524102712.82f45702e87dddda88c16a27e2aec78d1d4d77b9"
      },
      "web": {
        "user": "https://www.kickstarter.com/profile/horacio"
      }
    }
  },
  "currency": "USD",
  "currency_symbol": "$",
  "currency_trailing_code": true,
  "current_currency": "USD",
  "deadline": 1406474820,
  "disable_communication": false,
  "fx_rate": 1.0,
  "goal": 4000.0,
  "id": 1016566206,
  "is_starrable": false,
  "launched_at": 1403902060,
  "location": {
    "country": "US",
    "displayable_name": "Houston, TX",
    "id": 2424766,
    "is_root": false,
    "localized_name": "Houston",
    "name": "Houston",
    "short_name": "Houston, TX",
    "slug": "houston-tx",
    "state": "TX",
    "type": "Town",
    "urls": {
      "api": {
        "nearby_projects": "https://api.kickstarter.com/v1/discover?signature=1524082110.d515a4d0da140649118811d7c8495340c1099473&woe_id=2424766"
      },
      "web": {
        "discover": "https://www.kickstarter.com/discover/places/houston-tx",
        "location": "https://www.kickstarter.com/locations/houston-tx"
      }
    }
  },
  "name": "Social behavior in technical communities",
  "photo": {
    "1024x576": "https://ksr-ugc.imgix.net/assets/011/734/198/81bf3b650f25ede7be0bf2a22e1af6bd_original.jpg?crop=faces&w=1024&h=576&fit=crop&v=1463687615&auto=format&q=92&s=6a76e260cab47a66615bdf250cc35af6",
    "1536x864": "https://ksr-ugc.imgix.net/assets/011/734/198/81bf3b650f25ede7be0bf2a22e1af6bd_original.jpg?crop=faces&w=1552&h=873&fit=crop&v=1463687615&auto=format&q=92&s=97cc5c9d9ac698330470742fbeaf028e",
    "ed": "https://ksr-ugc.imgix.net/assets/011/734/198/81bf3b650f25ede7be0bf2a22e1af6bd_original.jpg?crop=faces&w=352&h=198&fit=crop&v=1463687615&auto=format&q=92&s=081db9a9f858206dd8901ad1c799e81a",
    "full": "https://ksr-ugc.imgix.net/assets/011/734/198/81bf3b650f25ede7be0bf2a22e1af6bd_original.jpg?crop=faces&w=560&h=315&fit=crop&v=1463687615&auto=format&q=92&s=069a1a4065c9aec117c1172e63a13c8a",
    "key": "assets/011/734/198/81bf3b650f25ede7be0bf2a22e1af6bd_original.jpg",
    "little": "https://ksr-ugc.imgix.net/assets/011/734/198/81bf3b650f25ede7be0bf2a22e1af6bd_original.jpg?crop=faces&w=208&h=117&fit=crop&v=1463687615&auto=format&q=92&s=82fc0c4303bd68b708fa835f636baf9a",
    "med": "https://ksr-ugc.imgix.net/assets/011/734/198/81bf3b650f25ede7be0bf2a22e1af6bd_original.jpg?crop=faces&w=272&h=153&fit=crop&v=1463687615&auto=format&q=92&s=f48899d04d66fa2bbb814b6798480197",
    "small": "https://ksr-ugc.imgix.net/assets/011/734/198/81bf3b650f25ede7be0bf2a22e1af6bd_original.jpg?crop=faces&w=160&h=90&fit=crop&v=1463687615&auto=format&q=92&s=b1b3a31f7d922bf2cf71cff0ea5e1a7a",
    "thumb": "https://ksr-ugc.imgix.net/assets/011/734/198/81bf3b650f25ede7be0bf2a22e1af6bd_original.jpg?crop=faces&w=48&h=27&fit=crop&v=1463687615&auto=format&q=92&s=6670855534ad39412c9c760210f63511"
  },
  "pledged": 65.0,
  "profile": {
    "background_color": null,
    "background_image_opacity": 0.8,
    "blurb": null,
    "feature_image_attributes": {
      "image_urls": {
        "baseball_card": "https://ksr-ugc.imgix.net/assets/011/734/198/81bf3b650f25ede7be0bf2a22e1af6bd_original.jpg?crop=faces&w=560&h=315&fit=crop&v=1463687615&auto=format&q=92&s=069a1a4065c9aec117c1172e63a13c8a",
        "default": "https://ksr-ugc.imgix.net/assets/011/734/198/81bf3b650f25ede7be0bf2a22e1af6bd_original.jpg?crop=faces&w=1552&h=873&fit=crop&v=1463687615&auto=format&q=92&s=97cc5c9d9ac698330470742fbeaf028e"
      }
    },
    "id": 1087522,
    "link_background_color": null,
    "link_text": null,
    "link_text_color": null,
    "link_url": null,
    "name": null,
    "project_id": 1087522,
    "should_show_feature_image_section": true,
    "show_feature_image": false,
    "state": "inactive",
    "state_changed_at": 1425915860,
    "text_color": null
  },
  "slug": "social-behavior-in-technical-communities",
  "spotlight": false,
  "staff_pick": false,
  "state": "failed",
  "state_changed_at": 1406474821,
  "static_usd_rate": 1.0,
  "urls": {
    "web": {
      "project": "https://www.kickstarter.com/projects/horacio/social-behavior-in-technical-communities?ref=category_newest",
      "rewards": "https://www.kickstarter.com/projects/horacio/social-behavior-in-technical-communities/rewards"
    }
  },
  "usd_pledged": "65.0",
  "usd_type": "international"
}