{
  "backers_count": 55,
  "blurb": "Low cost smart phone control of your garage doors, fireplace, pool heater, sprinklers, sump pump, lights, and it's a security system!",
  "category": {
    "color": 6526716,
    "id": 337,
    "name": "Gadgets",
    "parent_id": 16,
    "position": 7,
    "slug": "technology/gadgets",
    "urls": {
      "web": {
        "discover": "http://www.kickstarter.com/discover/categories/technology/gadgets"
      }
    }
  },
  "converted_pledged_amount": 3352,
  "country": "CA",
  "created_at": 1439568634,
  "creator": {
    "avatar": {
      "medium": "https://ksr-ugc.imgix.net/assets/009/952/276/4e42ff98488a86e63a646f881c534daa_original.jpeg?w=160&h=160&fit=crop&v=1461655286&auto=format&q=92&s=35a21ee6e98d8a29b49bf4740654c3e9",
      "small": "https://ksr-ugc.imgix.net/assets/009/952/276/4e42ff98488a86e63a646f881c534daa_original.jpeg?w=160&h=160&fit=crop&v=1461655286&auto=format&q=92&s=35a21ee6e98d8a29b49bf4740654c3e9",
      "thumb": "https://ksr-ugc.imgix.net/assets/009/952/276/4e42ff98488a86e63a646f881c534daa_original.jpeg?w=40&h=40&fit=crop&v=1461655286&auto=format&q=92&s=fe670d3310c797fc41f2a5fe70eb9d9f"
    },
    "chosen_currency": null,
    "id": 55839017,
    "is_registered": true,
    "name": "Tailwind",
    "slug": "gotailwind",
    "urls": {
      "api": {
        "user": "https://api.kickstarter.com/v1/users/55839017?signature=1524101263.1ad61b6d681a1120cce6573104b6c9f848884742"
      },
      "web": {
        "user": "https://www.kickstarter.com/profile/gotailwind"
      }
    }
  },
  "currency": "CAD",
  "currency_symbol": "$",
  "currency_trailing_code": true,
  "current_currency": "USD",
  "deadline": 1452102731,
  "disable_communication": false,
  "fx_rate": 0.79525709,
  "goal": 125000.0,
  "id": 1017646245,
  "is_starrable": false,
  "launched_at": 1449510731,
  "location": {
    "country": "CA",
    "displayable_name": "Niagara Falls, Canada",
    "id": 4372,
    "is_root": false,
    "localized_name": "Niagara Falls",
    "name": "Niagara Falls",
    "short_name": "Niagara Falls, Canada",
    "slug": "niagara-falls-ca",
    "state": "ON",
    "type": "Town",
    "urls": {
      "api": {
        "nearby_projects": "https://api.kickstarter.com/v1/discover?signature=1524082486.832cf940529fb00e034ebddcbf23037593fa076f&woe_id=4372"
      },
      "web": {
        "discover": "https://www.kickstarter.com/discover/places/niagara-falls-ca",
        "location": "https://www.kickstarter.com/locations/niagara-falls-ca"
      }
    }
  },
  "name": "Tailwind - Affordable Smart Home Automation Made Simple",
  "photo": {
    "1024x576": "https://ksr-ugc.imgix.net/assets/012/224/861/0e06b0bbd623c181930a4bc594a5cb87_original.png?crop=faces&w=1024&h=576&fit=crop&v=1463743852&auto=format&q=92&s=bd1bcf3af65ea60d2cfc2e9336d24393",
    "1536x864": "https://ksr-ugc.imgix.net/assets/012/224/861/0e06b0bbd623c181930a4bc594a5cb87_original.png?crop=faces&w=1552&h=873&fit=crop&v=1463743852&auto=format&q=92&s=0ce18f0be0d7799217dafc807b601c6d",
    "ed": "https://ksr-ugc.imgix.net/assets/012/224/861/0e06b0bbd623c181930a4bc594a5cb87_original.png?crop=faces&w=352&h=198&fit=crop&v=1463743852&auto=format&q=92&s=6d464c05be55c1a52af00b4765ed8bbd",
    "full": "https://ksr-ugc.imgix.net/assets/012/224/861/0e06b0bbd623c181930a4bc594a5cb87_original.png?crop=faces&w=560&h=315&fit=crop&v=1463743852&auto=format&q=92&s=719f50a3e1eaf9027c1dfb598da53915",
    "key": "assets/012/224/861/0e06b0bbd623c181930a4bc594a5cb87_original.png",
    "little": "https://ksr-ugc.imgix.net/assets/012/224/861/0e06b0bbd623c181930a4bc594a5cb87_original.png?crop=faces&w=208&h=117&fit=crop&v=1463743852&auto=format&q=92&s=8122a4c2608a8a4cd71fe130b3471dc1",
    "med": "https://ksr-ugc.imgix.net/assets/012/224/861/0e06b0bbd623c181930a4bc594a5cb87_original.png?crop=faces&w=272&h=153&fit=crop&v=1463743852&auto=format&q=92&s=c341b27de2fcf8f502318def946ae76a",
    "small": "https://ksr-ugc.imgix.net/assets/012/224/861/0e06b0bbd623c181930a4bc594a5cb87_original.png?crop=faces&w=160&h=90&fit=crop&v=1463743852&auto=format&q=92&s=2db0dcb4a93e6bbaf61b9b4beaeb5c92",
    "thumb": "https://ksr-ugc.imgix.net/assets/012/224/861/0e06b0bbd623c181930a4bc594a5cb87_original.png?crop=faces&w=48&h=27&fit=crop&v=1463743852&auto=format&q=92&s=44bac502375551566a59a2c885799e36"
  },
  "pledged": 4698.0,
  "profile": {
    "background_color": null,
    "background_image_opacity": 0.8,
    "blurb": null,
    "feature_image_attributes": {
      "image_urls": {
        "baseball_card": "https://ksr-ugc.imgix.net/assets/012/224/861/0e06b0bbd623c181930a4bc594a5cb87_original.png?crop=faces&w=560&h=315&fit=crop&v=1463743852&auto=format&q=92&s=719f50a3e1eaf9027c1dfb598da53915",
        "default": "https://ksr-ugc.imgix.net/assets/012/224/861/0e06b0bbd623c181930a4bc594a5cb87_original.png?crop=faces&w=1552&h=873&fit=crop&v=1463743852&auto=format&q=92&s=0ce18f0be0d7799217dafc807b601c6d"
      }
    },
    "id": 2068093,
    "link_background_color": null,
    "link_text": null,
    "link_text_color": null,
    "link_url": null,
    "name": null,
    "project_id": 2068093,
    "should_show_feature_image_section": true,
    "show_feature_image": false,
    "state": "inactive",
    "state_changed_at": 1439568634,
    "text_color": null
  },
  "slug": "tailwind-affordable-smart-home-automation-made-sim",
  "spotlight": false,
  "staff_pick": false,
  "state": "failed",
  "state_changed_at": 1452102732,
  "static_usd_rate": 0.74838144,
  "urls": {
    "web": {
      "project": "https://www.kickstarter.com/projects/gotailwind/tailwind-affordable-smart-home-automation-made-sim?ref=category_newest",
      "rewards": "https://www.kickstarter.com/projects/gotailwind/tailwind-affordable-smart-home-automation-made-sim/rewards"
    }
  },
  "usd_pledged": "3515.89600512",
  "usd_type": "international"
}