{
  "backers_count": 66,
  "blurb": "Let's make organic plant-robot cyborgs together. Plantoid Robots are here!",
  "category": {
    "color": 6526716,
    "id": 338,
    "name": "Robots",
    "parent_id": 16,
    "position": 10,
    "slug": "technology/robots",
    "urls": {
      "web": {
        "discover": "http://www.kickstarter.com/discover/categories/technology/robots"
      }
    }
  },
  "converted_pledged_amount": 5139,
  "country": "US",
  "created_at": 1376975933,
  "creator": {
    "avatar": {
      "medium": "https://ksr-ugc.imgix.net/assets/005/993/464/9bdeed479138533e50f384f7730deaf7_original.jpg?w=160&h=160&fit=crop&v=1461359601&auto=format&q=92&s=1aa534e3f26cfd0c1d12822df3c840e9",
      "small": "https://ksr-ugc.imgix.net/assets/005/993/464/9bdeed479138533e50f384f7730deaf7_original.jpg?w=160&h=160&fit=crop&v=1461359601&auto=format&q=92&s=1aa534e3f26cfd0c1d12822df3c840e9",
      "thumb": "https://ksr-ugc.imgix.net/assets/005/993/464/9bdeed479138533e50f384f7730deaf7_original.jpg?w=40&h=40&fit=crop&v=1461359601&auto=format&q=92&s=0c35f649a0b5e1a18632ae25695cab45"
    },
    "chosen_currency": null,
    "id": 1612658616,
    "is_registered": true,
    "name": "David Ultis",
    "slug": "djults",
    "urls": {
      "api": {
        "user": "https://api.kickstarter.com/v1/users/1612658616?signature=1524101921.32eac2d95bd25113da2902d9aae6e9853f884c04"
      },
      "web": {
        "user": "https://www.kickstarter.com/profile/djults"
      }
    }
  },
  "currency": "USD",
  "currency_symbol": "$",
  "currency_trailing_code": true,
  "current_currency": "USD",
  "deadline": 1504915991,
  "disable_communication": false,
  "fx_rate": 1.0,
  "goal": 5000.0,
  "id": 1017257432,
  "is_starrable": false,
  "launched_at": 1502323991,
  "location": {
    "country": "US",
    "displayable_name": "Boise, ID",
    "id": 2366355,
    "is_root": false,
    "localized_name": "Boise",
    "name": "Boise",
    "short_name": "Boise, ID",
    "slug": "boise-id",
    "state": "ID",
    "type": "Town",
    "urls": {
      "api": {
        "nearby_projects": "https://api.kickstarter.com/v1/discover?signature=1524082110.2c67af7d51addb5c764337f63f4bda8b6678fc71&woe_id=2366355"
      },
      "web": {
        "discover": "https://www.kickstarter.com/discover/places/boise-id",
        "location": "https://www.kickstarter.com/locations/boise-id"
      }
    }
  },
  "name": "Practical Plantoid Robotics: Easy to Build Organic Robots",
  "photo": {
    "1024x576": "https://ksr-ugc.imgix.net/assets/011/566/296/310f9d489a02f8496d121b711938242d_original.png?crop=faces&w=1024&h=576&fit=crop&v=1503197563&auto=format&q=92&s=b37c5ab07b8cd6a125fd78b9c58f3521",
    "1536x864": "https://ksr-ugc.imgix.net/assets/011/566/296/310f9d489a02f8496d121b711938242d_original.png?crop=faces&w=1552&h=873&fit=crop&v=1503197563&auto=format&q=92&s=907a69a2bd40fb5a5091c4c6e1880d4b",
    "ed": "https://ksr-ugc.imgix.net/assets/011/566/296/310f9d489a02f8496d121b711938242d_original.png?crop=faces&w=352&h=198&fit=crop&v=1503197563&auto=format&q=92&s=d5ffd40b2473780a2a2dbfccb56814d1",
    "full": "https://ksr-ugc.imgix.net/assets/011/566/296/310f9d489a02f8496d121b711938242d_original.png?crop=faces&w=560&h=315&fit=crop&v=1503197563&auto=format&q=92&s=6990ce2d017bd9b24eb63a0437ae6441",
    "key": "assets/011/566/296/310f9d489a02f8496d121b711938242d_original.png",
    "little": "https://ksr-ugc.imgix.net/assets/011/566/296/310f9d489a02f8496d121b711938242d_original.png?crop=faces&w=208&h=117&fit=crop&v=1503197563&auto=format&q=92&s=902c740361361151970090d2d25935a4",
    "med": "https://ksr-ugc.imgix.net/assets/011/566/296/310f9d489a02f8496d121b711938242d_original.png?crop=faces&w=272&h=153&fit=crop&v=1503197563&auto=format&q=92&s=cf8c510c385a831fbb90de9603c12f5d",
    "small": "https://ksr-ugc.imgix.net/assets/011/566/296/310f9d489a02f8496d121b711938242d_original.png?crop=faces&w=160&h=90&fit=crop&v=1503197563&auto=format&q=92&s=3f20f9f3791c963b03274e9ccf75f8b1",
    "thumb": "https://ksr-ugc.imgix.net/assets/011/566/296/310f9d489a02f8496d121b711938242d_original.png?crop=faces&w=48&h=27&fit=crop&v=1503197563&auto=format&q=92&s=ae2b0a7824caa3e516b2b7b9a600ffa4"
  },
  "pledged": 5139.77,
  "profile": {
    "background_color": "fefffd",
    "background_image_attributes": {
      "id": 18254333,
      "image_urls": {
        "baseball_card": "https://ksr-ugc.imgix.net/assets/018/254/333/8250d5d5e0144f69331d1adbf3302a0c_original.jpg?w=460&fit=max&v=1504926812&auto=format&q=92&s=45a18e992ecebe3f38f16914fb2e3f3c",
        "default": "https://ksr-ugc.imgix.net/assets/018/254/333/8250d5d5e0144f69331d1adbf3302a0c_original.jpg?w=1600&fit=max&v=1504926812&auto=format&q=92&s=ec611c3caa20271c5e4ad07257f881c6"
      }
    },
    "background_image_opacity": 0.37,
    "blurb": "Let's make organic plant-robot cyborgs together. Plantoid Robots are here!",
    "feature_image_attributes": {
      "image_urls": {
        "baseball_card": "https://ksr-ugc.imgix.net/assets/011/566/296/310f9d489a02f8496d121b711938242d_original.png?crop=faces&w=560&h=315&fit=crop&v=1503197563&auto=format&q=92&s=6990ce2d017bd9b24eb63a0437ae6441",
        "default": "https://ksr-ugc.imgix.net/assets/011/566/296/310f9d489a02f8496d121b711938242d_original.png?crop=faces&w=1552&h=873&fit=crop&v=1503197563&auto=format&q=92&s=907a69a2bd40fb5a5091c4c6e1880d4b"
      }
    },
    "id": 670934,
    "link_background_color": "",
    "link_text": "Follow along!",
    "link_text_color": "",
    "link_url": "https://www.kickstarter.com/projects/djults/practical-plantoid-robotics-easy-to-build-organic?ref=creator_nav",
    "name": "Practical Plantoid Robotics: Easy to Build Organic Robots",
    "project_id": 670934,
    "should_show_feature_image_section": true,
    "show_feature_image": false,
    "state": "active",
    "state_changed_at": 1504926907,
    "text_color": "000000"
  },
  "slug": "practical-plantoid-robotics-easy-to-build-organic",
  "spotlight": true,
  "staff_pick": false,
  "state": "successful",
  "state_changed_at": 1504915991,
  "static_usd_rate": 1.0,
  "urls": {
    "web": {
      "project": "https://www.kickstarter.com/projects/djults/practical-plantoid-robotics-easy-to-build-organic?ref=category_newest",
      "rewards": "https://www.kickstarter.com/projects/djults/practical-plantoid-robotics-easy-to-build-organic/rewards"
    }
  },
  "usd_pledged": "5139.77",
  "usd_type": "international"
}