{
  "backers_count": 57,
  "blurb": "A 100% natural way to strengthen your pelvic floor. Regain control over your bladder after childbirth, during exercise or other moments",
  "category": {
    "color": 6526716,
    "id": 341,
    "name": "Wearables",
    "parent_id": 16,
    "position": 14,
    "slug": "technology/wearables",
    "urls": {
      "web": {
        "discover": "http://www.kickstarter.com/discover/categories/technology/wearables"
      }
    }
  },
  "converted_pledged_amount": 17793,
  "country": "NL",
  "created_at": 1463561545,
  "creator": {
    "avatar": {
      "medium": "https://ksr-ugc.imgix.net/assets/011/245/128/94e2d85056f63ed88e25c46187b8b861_original.jpg?w=160&h=160&fit=crop&v=1463588979&auto=format&q=92&s=c9c250d7cf8ff5ce7a5d7bcf370ea10f",
      "small": "https://ksr-ugc.imgix.net/assets/011/245/128/94e2d85056f63ed88e25c46187b8b861_original.jpg?w=160&h=160&fit=crop&v=1463588979&auto=format&q=92&s=c9c250d7cf8ff5ce7a5d7bcf370ea10f",
      "thumb": "https://ksr-ugc.imgix.net/assets/011/245/128/94e2d85056f63ed88e25c46187b8b861_original.jpg?w=40&h=40&fit=crop&v=1463588979&auto=format&q=92&s=510dd59cc318ac75ef82230f7a0fb6a2"
    },
    "chosen_currency": null,
    "id": 1206914470,
    "is_registered": true,
    "name": "LifeSense",
    "urls": {
      "api": {
        "user": "https://api.kickstarter.com/v1/users/1206914470?signature=1524102677.d55bbd22a58533cc40b8399ced239bea06425280"
      },
      "web": {
        "user": "https://www.kickstarter.com/profile/1206914470"
      }
    }
  },
  "currency": "EUR",
  "currency_symbol": "\u20ac",
  "currency_trailing_code": false,
  "current_currency": "USD",
  "deadline": 1467205373,
  "disable_communication": false,
  "fx_rate": 1.23814016,
  "goal": 15000.0,
  "id": 1017986810,
  "is_starrable": false,
  "launched_at": 1464008573,
  "location": {
    "country": "NL",
    "displayable_name": "Eindhoven, Netherlands",
    "id": 729028,
    "is_root": false,
    "localized_name": "Eindhoven",
    "name": "Eindhoven",
    "short_name": "Eindhoven, Netherlands",
    "slug": "eindhoven-nl",
    "state": "North Brabant",
    "type": "Town",
    "urls": {
      "api": {
        "nearby_projects": "https://api.kickstarter.com/v1/discover?signature=1524082145.2df7f19cb9d52421fbe5ac9b504c477efbc4ce11&woe_id=729028"
      },
      "web": {
        "discover": "https://www.kickstarter.com/discover/places/eindhoven-nl",
        "location": "https://www.kickstarter.com/locations/eindhoven-nl"
      }
    }
  },
  "name": "Carin Wear: No more leaks - control your bladder again",
  "photo": {
    "1024x576": "https://ksr-ugc.imgix.net/assets/012/454/694/06e4f326e4cfe53a6244df16863e4a87_original.jpg?crop=faces&w=1024&h=576&fit=crop&v=1463761884&auto=format&q=92&s=13ab35b7e101aefd2e972779cedafe30",
    "1536x864": "https://ksr-ugc.imgix.net/assets/012/454/694/06e4f326e4cfe53a6244df16863e4a87_original.jpg?crop=faces&w=1552&h=873&fit=crop&v=1463761884&auto=format&q=92&s=4975a1daa8d1b558823311ff0bef0b58",
    "ed": "https://ksr-ugc.imgix.net/assets/012/454/694/06e4f326e4cfe53a6244df16863e4a87_original.jpg?crop=faces&w=352&h=198&fit=crop&v=1463761884&auto=format&q=92&s=ea6d3ac3d9e4a26fa005b770fd05e51a",
    "full": "https://ksr-ugc.imgix.net/assets/012/454/694/06e4f326e4cfe53a6244df16863e4a87_original.jpg?crop=faces&w=560&h=315&fit=crop&v=1463761884&auto=format&q=92&s=2457a6ccc4ed906b40b9ae97d3437d1d",
    "key": "assets/012/454/694/06e4f326e4cfe53a6244df16863e4a87_original.jpg",
    "little": "https://ksr-ugc.imgix.net/assets/012/454/694/06e4f326e4cfe53a6244df16863e4a87_original.jpg?crop=faces&w=208&h=117&fit=crop&v=1463761884&auto=format&q=92&s=266647b04b6ee6beafe0004f37382663",
    "med": "https://ksr-ugc.imgix.net/assets/012/454/694/06e4f326e4cfe53a6244df16863e4a87_original.jpg?crop=faces&w=272&h=153&fit=crop&v=1463761884&auto=format&q=92&s=889371f71129cb26fa5bb11a745031f7",
    "small": "https://ksr-ugc.imgix.net/assets/012/454/694/06e4f326e4cfe53a6244df16863e4a87_original.jpg?crop=faces&w=160&h=90&fit=crop&v=1463761884&auto=format&q=92&s=03efbe7d7de8ba2b6e5a0f735d2f2a43",
    "thumb": "https://ksr-ugc.imgix.net/assets/012/454/694/06e4f326e4cfe53a6244df16863e4a87_original.jpg?crop=faces&w=48&h=27&fit=crop&v=1463761884&auto=format&q=92&s=e698c01540ff998149fe46834bce2dd5"
  },
  "pledged": 16087.0,
  "profile": {
    "background_color": "",
    "background_image_opacity": 0.8,
    "blurb": "A 100% natural way to strengthen your pelvic floor. Regain control over your bladder after childbirth, during exercise or other moments",
    "feature_image_attributes": {
      "id": 15875413,
      "image_urls": {
        "baseball_card": "https://ksr-ugc.imgix.net/assets/015/875/413/fdb87bf5174864595e5031ce59ae171b_original.jpg?crop=faces,edges&w=560&h=315&fit=crop&v=1489589093&auto=format&q=92&s=8be4b388b7671a96081c5ab1f79aeab1",
        "default": "https://ksr-ugc.imgix.net/assets/015/875/413/fdb87bf5174864595e5031ce59ae171b_original.jpg?w=700&fit=max&v=1489589093&auto=format&q=92&s=e44eb49c8c16209cbc7a1980d7b3e434"
      }
    },
    "id": 2520945,
    "link_background_color": "",
    "link_text": "Follow along!",
    "link_text_color": "",
    "link_url": "https://www.kickstarter.com/projects/1206914470/carinwear-no-more-leaks-control-your-bladder-again/faqs",
    "name": "Carin: The Empowering Wearable Pelvic Floor Trainer",
    "project_id": 2520945,
    "should_show_feature_image_section": true,
    "show_feature_image": true,
    "state": "active",
    "state_changed_at": 1489589118,
    "text_color": ""
  },
  "slug": "carinwear-no-more-leaks-control-your-bladder-again",
  "spotlight": true,
  "staff_pick": true,
  "state": "successful",
  "state_changed_at": 1467205373,
  "static_usd_rate": 1.12224125,
  "urls": {
    "web": {
      "project": "https://www.kickstarter.com/projects/1206914470/carinwear-no-more-leaks-control-your-bladder-again?ref=category_newest",
      "rewards": "https://www.kickstarter.com/projects/1206914470/carinwear-no-more-leaks-control-your-bladder-again/rewards"
    }
  },
  "usd_pledged": "18053.49498875",
  "usd_type": "international"
}