{
  "backers_count": 9,
  "blurb": "Stand out at festivals, get people talking and support our latest campaign to augment your style with the latest LED technology.",
  "category": {
    "color": 6526716,
    "id": 341,
    "name": "Wearables",
    "parent_id": 16,
    "position": 14,
    "slug": "technology/wearables",
    "urls": {
      "web": {
        "discover": "http://www.kickstarter.com/discover/categories/technology/wearables"
      }
    }
  },
  "converted_pledged_amount": 1503,
  "country": "GB",
  "created_at": 1402481617,
  "creator": {
    "avatar": {
      "medium": "https://ksr-ugc.imgix.net/assets/007/481/487/4d0c901ded780189faa3a9f2492208ce_original.jpg?w=160&h=160&fit=crop&v=1461459971&auto=format&q=92&s=049a000756cc2d352a006c900e80980b",
      "small": "https://ksr-ugc.imgix.net/assets/007/481/487/4d0c901ded780189faa3a9f2492208ce_original.jpg?w=160&h=160&fit=crop&v=1461459971&auto=format&q=92&s=049a000756cc2d352a006c900e80980b",
      "thumb": "https://ksr-ugc.imgix.net/assets/007/481/487/4d0c901ded780189faa3a9f2492208ce_original.jpg?w=40&h=40&fit=crop&v=1461459971&auto=format&q=92&s=6858f77d1041693aeac312fc11761179"
    },
    "chosen_currency": null,
    "id": 763706693,
    "is_registered": true,
    "name": "Frederick Thomas Ford",
    "urls": {
      "api": {
        "user": "https://api.kickstarter.com/v1/users/763706693?signature=1524102824.5e1545d65a7ec36bb319767a617b1484947525d3"
      },
      "web": {
        "user": "https://www.kickstarter.com/profile/763706693"
      }
    }
  },
  "currency": "GBP",
  "currency_symbol": "\u00a3",
  "currency_trailing_code": false,
  "current_currency": "USD",
  "deadline": 1405094400,
  "disable_communication": false,
  "fx_rate": 1.43358488,
  "goal": 5800.0,
  "id": 1017217801,
  "is_starrable": false,
  "launched_at": 1403810965,
  "location": {
    "country": "GB",
    "displayable_name": "London, UK",
    "id": 44418,
    "is_root": false,
    "localized_name": "London",
    "name": "London",
    "short_name": "London, UK",
    "slug": "london-gb",
    "state": "England",
    "type": "Town",
    "urls": {
      "api": {
        "nearby_projects": "https://api.kickstarter.com/v1/discover?signature=1524082109.5118e135081e740cf60892f6b56ae9d8b8d0db64&woe_id=44418"
      },
      "web": {
        "discover": "https://www.kickstarter.com/discover/places/london-gb",
        "location": "https://www.kickstarter.com/locations/london-gb"
      }
    }
  },
  "name": "Pixel Shades by R A V E Z (Canceled)",
  "photo": {
    "1024x576": "https://ksr-ugc.imgix.net/assets/011/723/351/db11dbedc192258b19e9dd3a911f8de9_original.png?crop=faces&w=1024&h=576&fit=crop&v=1463687321&auto=format&q=92&s=5e15790fd0db17dc53c523cc33a4ddd5",
    "1536x864": "https://ksr-ugc.imgix.net/assets/011/723/351/db11dbedc192258b19e9dd3a911f8de9_original.png?crop=faces&w=1552&h=873&fit=crop&v=1463687321&auto=format&q=92&s=9611dcd31e69b06f088f31559fef7622",
    "ed": "https://ksr-ugc.imgix.net/assets/011/723/351/db11dbedc192258b19e9dd3a911f8de9_original.png?crop=faces&w=352&h=198&fit=crop&v=1463687321&auto=format&q=92&s=84b469d539eb6f2327777e3ee3579301",
    "full": "https://ksr-ugc.imgix.net/assets/011/723/351/db11dbedc192258b19e9dd3a911f8de9_original.png?crop=faces&w=560&h=315&fit=crop&v=1463687321&auto=format&q=92&s=32c20b1c2ebafe13cb6491587a2884c8",
    "key": "assets/011/723/351/db11dbedc192258b19e9dd3a911f8de9_original.png",
    "little": "https://ksr-ugc.imgix.net/assets/011/723/351/db11dbedc192258b19e9dd3a911f8de9_original.png?crop=faces&w=208&h=117&fit=crop&v=1463687321&auto=format&q=92&s=c21a5ddf0ad08d64ecf8692f8a97b009",
    "med": "https://ksr-ugc.imgix.net/assets/011/723/351/db11dbedc192258b19e9dd3a911f8de9_original.png?crop=faces&w=272&h=153&fit=crop&v=1463687321&auto=format&q=92&s=41b48fe22af87e39930ae185104ba096",
    "small": "https://ksr-ugc.imgix.net/assets/011/723/351/db11dbedc192258b19e9dd3a911f8de9_original.png?crop=faces&w=160&h=90&fit=crop&v=1463687321&auto=format&q=92&s=ad5df73e47f804d137f9603651c9b6f0",
    "thumb": "https://ksr-ugc.imgix.net/assets/011/723/351/db11dbedc192258b19e9dd3a911f8de9_original.png?crop=faces&w=48&h=27&fit=crop&v=1463687321&auto=format&q=92&s=a00a715597e0caef875758aeef77b247"
  },
  "pledged": 876.0,
  "profile": {
    "background_color": null,
    "background_image_opacity": 0.8,
    "blurb": null,
    "feature_image_attributes": {
      "image_urls": {
        "baseball_card": "https://ksr-ugc.imgix.net/assets/011/723/351/db11dbedc192258b19e9dd3a911f8de9_original.png?crop=faces&w=560&h=315&fit=crop&v=1463687321&auto=format&q=92&s=32c20b1c2ebafe13cb6491587a2884c8",
        "default": "https://ksr-ugc.imgix.net/assets/011/723/351/db11dbedc192258b19e9dd3a911f8de9_original.png?crop=faces&w=1552&h=873&fit=crop&v=1463687321&auto=format&q=92&s=9611dcd31e69b06f088f31559fef7622"
      }
    },
    "id": 1063651,
    "link_background_color": null,
    "link_text": null,
    "link_text_color": null,
    "link_url": null,
    "name": null,
    "project_id": 1063651,
    "should_show_feature_image_section": true,
    "show_feature_image": false,
    "state": "inactive",
    "state_changed_at": 1425915859,
    "text_color": null
  },
  "slug": "pixel-shades-by-r-a-v-e-z",
  "spotlight": false,
  "staff_pick": false,
  "state": "canceled",
  "state_changed_at": 1404374538,
  "static_usd_rate": 1.69754789,
  "urls": {
    "web": {
      "project": "https://www.kickstarter.com/projects/763706693/pixel-shades-by-r-a-v-e-z?ref=category_newest",
      "rewards": "https://www.kickstarter.com/projects/763706693/pixel-shades-by-r-a-v-e-z/rewards"
    }
  },
  "usd_pledged": "1487.05195164",
  "usd_type": "international"
}