{
  "backers_count": 215,
  "blurb": "The Ultimate Men's Underwear that's made of LINEN.  Let your body cool itself with linen fabric.  At Maqoo we innovate better fabrics.",
  "category": {
    "color": 6526716,
    "id": 341,
    "name": "Wearables",
    "parent_id": 16,
    "position": 14,
    "slug": "technology/wearables",
    "urls": {
      "web": {
        "discover": "http://www.kickstarter.com/discover/categories/technology/wearables"
      }
    }
  },
  "converted_pledged_amount": 20848,
  "country": "US",
  "created_at": 1433755233,
  "creator": {
    "avatar": {
      "medium": "https://ksr-ugc.imgix.net/assets/009/438/791/ec50283961a351aabf4908fc5fb4c448_original.jpg?w=160&h=160&fit=crop&v=1464854843&auto=format&q=92&s=b28d5055dc0778b9218ecacd4b0230c3",
      "small": "https://ksr-ugc.imgix.net/assets/009/438/791/ec50283961a351aabf4908fc5fb4c448_original.jpg?w=160&h=160&fit=crop&v=1464854843&auto=format&q=92&s=b28d5055dc0778b9218ecacd4b0230c3",
      "thumb": "https://ksr-ugc.imgix.net/assets/009/438/791/ec50283961a351aabf4908fc5fb4c448_original.jpg?w=40&h=40&fit=crop&v=1464854843&auto=format&q=92&s=cfd43919271499b49d1e7e5cf0d1a503"
    },
    "chosen_currency": null,
    "id": 1766500189,
    "is_registered": true,
    "name": "Maqoo LLC",
    "slug": "maqoo",
    "urls": {
      "api": {
        "user": "https://api.kickstarter.com/v1/users/1766500189?signature=1524102658.8ce0ac39abd8363f3c6c8d0740ab0135e0f5ea67"
      },
      "web": {
        "user": "https://www.kickstarter.com/profile/maqoo"
      }
    }
  },
  "currency": "USD",
  "currency_symbol": "$",
  "currency_trailing_code": true,
  "current_currency": "USD",
  "deadline": 1440680476,
  "disable_communication": false,
  "fx_rate": 1.0,
  "goal": 10000.0,
  "id": 1018159305,
  "is_starrable": false,
  "launched_at": 1438002076,
  "location": {
    "country": "US",
    "displayable_name": "Los Angeles, CA",
    "id": 2442047,
    "is_root": false,
    "localized_name": "Los Angeles",
    "name": "Los Angeles",
    "short_name": "Los Angeles, CA",
    "slug": "los-angeles-ca",
    "state": "CA",
    "type": "Town",
    "urls": {
      "api": {
        "nearby_projects": "https://api.kickstarter.com/v1/discover?signature=1524082109.85e1ac450ea9010763e72751ef0e7aad8408a809&woe_id=2442047"
      },
      "web": {
        "discover": "https://www.kickstarter.com/discover/places/los-angeles-ca",
        "location": "https://www.kickstarter.com/locations/los-angeles-ca"
      }
    }
  },
  "name": "Maqoo ||  Underwear Revolution",
  "photo": {
    "1024x576": "https://ksr-ugc.imgix.net/assets/012/161/379/57d5aa39c69c1c42c36112cd8d60e2b5_original.jpg?crop=faces&w=1024&h=576&fit=crop&v=1463739066&auto=format&q=92&s=1a59ec661574f5a384098ca28ed12433",
    "1536x864": "https://ksr-ugc.imgix.net/assets/012/161/379/57d5aa39c69c1c42c36112cd8d60e2b5_original.jpg?crop=faces&w=1552&h=873&fit=crop&v=1463739066&auto=format&q=92&s=ea64a4e9cd38c9d2d1101fd968b89a3f",
    "ed": "https://ksr-ugc.imgix.net/assets/012/161/379/57d5aa39c69c1c42c36112cd8d60e2b5_original.jpg?crop=faces&w=352&h=198&fit=crop&v=1463739066&auto=format&q=92&s=69c37d4b94059df04704342d1f492b90",
    "full": "https://ksr-ugc.imgix.net/assets/012/161/379/57d5aa39c69c1c42c36112cd8d60e2b5_original.jpg?crop=faces&w=560&h=315&fit=crop&v=1463739066&auto=format&q=92&s=1f209a8009205e6d5ef04e5269fcba24",
    "key": "assets/012/161/379/57d5aa39c69c1c42c36112cd8d60e2b5_original.jpg",
    "little": "https://ksr-ugc.imgix.net/assets/012/161/379/57d5aa39c69c1c42c36112cd8d60e2b5_original.jpg?crop=faces&w=208&h=117&fit=crop&v=1463739066&auto=format&q=92&s=46feb905eda03d2be62d6fb242a21498",
    "med": "https://ksr-ugc.imgix.net/assets/012/161/379/57d5aa39c69c1c42c36112cd8d60e2b5_original.jpg?crop=faces&w=272&h=153&fit=crop&v=1463739066&auto=format&q=92&s=ec71c28ce2d6dff3fa5f09fb5979add4",
    "small": "https://ksr-ugc.imgix.net/assets/012/161/379/57d5aa39c69c1c42c36112cd8d60e2b5_original.jpg?crop=faces&w=160&h=90&fit=crop&v=1463739066&auto=format&q=92&s=dec28ace129ff38ab3f54d7236cdf171",
    "thumb": "https://ksr-ugc.imgix.net/assets/012/161/379/57d5aa39c69c1c42c36112cd8d60e2b5_original.jpg?crop=faces&w=48&h=27&fit=crop&v=1463739066&auto=format&q=92&s=e5f8c9b3f55d218f0fac3b502caf15ca"
  },
  "pledged": 20848.0,
  "profile": {
    "background_color": "ffffff",
    "background_image_opacity": 0.8,
    "blurb": "The Ultimate Men's Underwear that's made of LINEN.  Let your body cool itself with linen fabric.  At Maqoo we innovate better fabrics.",
    "feature_image_attributes": {
      "image_urls": {
        "baseball_card": "https://ksr-ugc.imgix.net/assets/012/161/379/57d5aa39c69c1c42c36112cd8d60e2b5_original.jpg?crop=faces&w=560&h=315&fit=crop&v=1463739066&auto=format&q=92&s=1f209a8009205e6d5ef04e5269fcba24",
        "default": "https://ksr-ugc.imgix.net/assets/012/161/379/57d5aa39c69c1c42c36112cd8d60e2b5_original.jpg?crop=faces&w=1552&h=873&fit=crop&v=1463739066&auto=format&q=92&s=ea64a4e9cd38c9d2d1101fd968b89a3f"
      }
    },
    "id": 1945845,
    "link_background_color": "",
    "link_text": "www.maqoo.com",
    "link_text_color": "",
    "link_url": "http://www.maqoo.com",
    "name": "Maqoo ||  Underwear Revolution",
    "project_id": 1945845,
    "should_show_feature_image_section": true,
    "show_feature_image": false,
    "state": "active",
    "state_changed_at": 1440681423,
    "text_color": "000000"
  },
  "slug": "a-mens-underwear-revolution-maqoo",
  "spotlight": true,
  "staff_pick": false,
  "state": "successful",
  "state_changed_at": 1440680476,
  "static_usd_rate": 1.0,
  "urls": {
    "web": {
      "project": "https://www.kickstarter.com/projects/maqoo/a-mens-underwear-revolution-maqoo?ref=category_newest",
      "rewards": "https://www.kickstarter.com/projects/maqoo/a-mens-underwear-revolution-maqoo/rewards"
    }
  },
  "usd_pledged": "20848.0",
  "usd_type": "international"
}