{
  "backers_count": 0,
  "blurb": "The helpful web! In a world technology based, let's make a web site really useful for everyone, where you can find (or give) help!",
  "category": {
    "color": 6526716,
    "id": 342,
    "name": "Web",
    "parent_id": 16,
    "position": 15,
    "slug": "technology/web",
    "urls": {
      "web": {
        "discover": "http://www.kickstarter.com/discover/categories/technology/web"
      }
    }
  },
  "converted_pledged_amount": 0,
  "country": "IT",
  "created_at": 1446805184,
  "creator": {
    "avatar": {
      "medium": "https://ksr-ugc.imgix.net/assets/010/520/231/4f281c266304edb7234790dcf3d31f1c_original.jpg?w=160&h=160&fit=crop&v=1461695265&auto=format&q=92&s=12a24749500120c010465f632ce0017c",
      "small": "https://ksr-ugc.imgix.net/assets/010/520/231/4f281c266304edb7234790dcf3d31f1c_original.jpg?w=160&h=160&fit=crop&v=1461695265&auto=format&q=92&s=12a24749500120c010465f632ce0017c",
      "thumb": "https://ksr-ugc.imgix.net/assets/010/520/231/4f281c266304edb7234790dcf3d31f1c_original.jpg?w=40&h=40&fit=crop&v=1461695265&auto=format&q=92&s=1af68ef30c2efc9853b5ab9ae11017f1"
    },
    "chosen_currency": null,
    "id": 1735674724,
    "is_registered": true,
    "name": "Silvia Fortuna",
    "urls": {
      "api": {
        "user": "https://api.kickstarter.com/v1/users/1735674724?signature=1524103254.88fafd0dbcec6de7bb803dff0e1f9265618771c6"
      },
      "web": {
        "user": "https://www.kickstarter.com/profile/1735674724"
      }
    }
  },
  "currency": "EUR",
  "currency_symbol": "\u20ac",
  "currency_trailing_code": false,
  "current_currency": "USD",
  "deadline": 1450627685,
  "disable_communication": false,
  "fx_rate": 1.23814016,
  "goal": 60000.0,
  "id": 1018024241,
  "is_starrable": false,
  "launched_at": 1447171685,
  "location": {
    "country": "IT",
    "displayable_name": "Italia, Italy",
    "id": 20150549,
    "is_root": false,
    "localized_name": "Italia",
    "name": "Italia",
    "short_name": "Italia, Italy",
    "slug": "italia-turin-it",
    "state": "Piedmont",
    "type": "Suburb",
    "urls": {
      "api": {
        "nearby_projects": "https://api.kickstarter.com/v1/discover?signature=1524082112.ead27017c3aba494b59ce079948cf286a1af8a7d&woe_id=20150549"
      },
      "web": {
        "discover": "https://www.kickstarter.com/discover/places/italia-turin-it",
        "location": "https://www.kickstarter.com/locations/italia-turin-it"
      }
    }
  },
  "name": "Socialize",
  "photo": {
    "1024x576": "https://ksr-ugc.imgix.net/assets/012/299/534/5720377854fee19080d095e0bddf150f_original.jpg?crop=faces&w=1024&h=576&fit=crop&v=1463752917&auto=format&q=92&s=ac1089e29986743c895fa1986d37bcdc",
    "1536x864": "https://ksr-ugc.imgix.net/assets/012/299/534/5720377854fee19080d095e0bddf150f_original.jpg?crop=faces&w=1552&h=873&fit=crop&v=1463752917&auto=format&q=92&s=4e735e84485e7787bd7c67b07b06ec6b",
    "ed": "https://ksr-ugc.imgix.net/assets/012/299/534/5720377854fee19080d095e0bddf150f_original.jpg?crop=faces&w=352&h=198&fit=crop&v=1463752917&auto=format&q=92&s=3fb2f8dcfc0ae6abad892a1161430b1f",
    "full": "https://ksr-ugc.imgix.net/assets/012/299/534/5720377854fee19080d095e0bddf150f_original.jpg?crop=faces&w=560&h=315&fit=crop&v=1463752917&auto=format&q=92&s=c0743fa779574d25b65a5a4a29e82cb3",
    "key": "assets/012/299/534/5720377854fee19080d095e0bddf150f_original.jpg",
    "little": "https://ksr-ugc.imgix.net/assets/012/299/534/5720377854fee19080d095e0bddf150f_original.jpg?crop=faces&w=208&h=117&fit=crop&v=1463752917&auto=format&q=92&s=dcd60ac676812009703e671aa02e7b5a",
    "med": "https://ksr-ugc.imgix.net/assets/012/299/534/5720377854fee19080d095e0bddf150f_original.jpg?crop=faces&w=272&h=153&fit=crop&v=1463752917&auto=format&q=92&s=e5db3ad9392d11081ae04a7f70268b35",
    "small": "https://ksr-ugc.imgix.net/assets/012/299/534/5720377854fee19080d095e0bddf150f_original.jpg?crop=faces&w=160&h=90&fit=crop&v=1463752917&auto=format&q=92&s=258828ce369fe4cbf3c4a9d22953192e",
    "thumb": "https://ksr-ugc.imgix.net/assets/012/299/534/5720377854fee19080d095e0bddf150f_original.jpg?crop=faces&w=48&h=27&fit=crop&v=1463752917&auto=format&q=92&s=c9389680e73c1e511364baf9d594235c"
  },
  "pledged": 0.0,
  "profile": {
    "background_color": null,
    "background_image_opacity": 0.8,
    "blurb": null,
    "feature_image_attributes": {
      "image_urls": {
        "baseball_card": "https://ksr-ugc.imgix.net/assets/012/299/534/5720377854fee19080d095e0bddf150f_original.jpg?crop=faces&w=560&h=315&fit=crop&v=1463752917&auto=format&q=92&s=c0743fa779574d25b65a5a4a29e82cb3",
        "default": "https://ksr-ugc.imgix.net/assets/012/299/534/5720377854fee19080d095e0bddf150f_original.jpg?crop=faces&w=1552&h=873&fit=crop&v=1463752917&auto=format&q=92&s=4e735e84485e7787bd7c67b07b06ec6b"
      }
    },
    "id": 2213567,
    "link_background_color": null,
    "link_text": null,
    "link_text_color": null,
    "link_url": null,
    "name": null,
    "project_id": 2213567,
    "should_show_feature_image_section": true,
    "show_feature_image": false,
    "state": "inactive",
    "state_changed_at": 1446805184,
    "text_color": null
  },
  "slug": "socialize",
  "spotlight": false,
  "staff_pick": false,
  "state": "failed",
  "state_changed_at": 1450627685,
  "static_usd_rate": 1.07664414,
  "urls": {
    "web": {
      "project": "https://www.kickstarter.com/projects/1735674724/socialize?ref=category_newest",
      "rewards": "https://www.kickstarter.com/projects/1735674724/socialize/rewards"
    }
  },
  "usd_pledged": "0.0",
  "usd_type": "international"
}