{
  "backers_count": 7,
  "blurb": "A safe way for moms to find moms who can swap their time to watch each other's children for free. Not your typical baby sitter website.",
  "category": {
    "color": 6526716,
    "id": 342,
    "name": "Web",
    "parent_id": 16,
    "position": 15,
    "slug": "technology/web",
    "urls": {
      "web": {
        "discover": "http://www.kickstarter.com/discover/categories/technology/web"
      }
    }
  },
  "converted_pledged_amount": 200,
  "country": "US",
  "created_at": 1423324060,
  "creator": {
    "avatar": {
      "medium": "https://ksr-ugc.imgix.net/assets/009/544/861/f0d21d84f381ca6f4a58e4d20ed44f6f_original.JPG?w=160&h=160&fit=crop&v=1461602292&auto=format&q=92&s=28a6a801a7a2689d663ea81885e119c8",
      "small": "https://ksr-ugc.imgix.net/assets/009/544/861/f0d21d84f381ca6f4a58e4d20ed44f6f_original.JPG?w=160&h=160&fit=crop&v=1461602292&auto=format&q=92&s=28a6a801a7a2689d663ea81885e119c8",
      "thumb": "https://ksr-ugc.imgix.net/assets/009/544/861/f0d21d84f381ca6f4a58e4d20ed44f6f_original.JPG?w=40&h=40&fit=crop&v=1461602292&auto=format&q=92&s=323dfb32d257d913d28b67aa866dff7d"
    },
    "chosen_currency": null,
    "id": 750175022,
    "is_registered": true,
    "name": "Thema Frangias & Wesly Delva",
    "urls": {
      "api": {
        "user": "https://api.kickstarter.com/v1/users/750175022?signature=1524103102.aa0b367bca36cdea139254015db89bf79248441e"
      },
      "web": {
        "user": "https://www.kickstarter.com/profile/750175022"
      }
    }
  },
  "currency": "USD",
  "currency_symbol": "$",
  "currency_trailing_code": true,
  "current_currency": "USD",
  "deadline": 1427727056,
  "disable_communication": false,
  "fx_rate": 1.0,
  "goal": 10000.0,
  "id": 1018424356,
  "is_starrable": false,
  "launched_at": 1425484256,
  "location": {
    "country": "US",
    "displayable_name": "Buffalo, NY",
    "id": 2371464,
    "is_root": false,
    "localized_name": "Buffalo",
    "name": "Buffalo",
    "short_name": "Buffalo, NY",
    "slug": "buffalo-ny",
    "state": "NY",
    "type": "Town",
    "urls": {
      "api": {
        "nearby_projects": "https://api.kickstarter.com/v1/discover?signature=1524082111.63700885dfd06a0a465a2ddce65a7d581deb122d&woe_id=2371464"
      },
      "web": {
        "discover": "https://www.kickstarter.com/discover/places/buffalo-ny",
        "location": "https://www.kickstarter.com/locations/buffalo-ny"
      }
    }
  },
  "name": "MommySwap.com (A Unique Childcare Solution)",
  "photo": {
    "1024x576": "https://ksr-ugc.imgix.net/assets/012/029/031/7a22570efe4efc467c7f1d1b8acaf38e_original.png?crop=faces&w=1024&h=576&fit=crop&v=1463725442&auto=format&q=92&s=5e46bdfa297021245f20deeabb5ce624",
    "1536x864": "https://ksr-ugc.imgix.net/assets/012/029/031/7a22570efe4efc467c7f1d1b8acaf38e_original.png?crop=faces&w=1552&h=873&fit=crop&v=1463725442&auto=format&q=92&s=098bf3bb3043193dde62788056bccb52",
    "ed": "https://ksr-ugc.imgix.net/assets/012/029/031/7a22570efe4efc467c7f1d1b8acaf38e_original.png?crop=faces&w=352&h=198&fit=crop&v=1463725442&auto=format&q=92&s=92c43dd14c3053784d56956f084cb771",
    "full": "https://ksr-ugc.imgix.net/assets/012/029/031/7a22570efe4efc467c7f1d1b8acaf38e_original.png?crop=faces&w=560&h=315&fit=crop&v=1463725442&auto=format&q=92&s=b57aaabd73741db2f0a9aeb42582bb5c",
    "key": "assets/012/029/031/7a22570efe4efc467c7f1d1b8acaf38e_original.png",
    "little": "https://ksr-ugc.imgix.net/assets/012/029/031/7a22570efe4efc467c7f1d1b8acaf38e_original.png?crop=faces&w=208&h=117&fit=crop&v=1463725442&auto=format&q=92&s=2bbfebde77c87804d7f90382244b67a7",
    "med": "https://ksr-ugc.imgix.net/assets/012/029/031/7a22570efe4efc467c7f1d1b8acaf38e_original.png?crop=faces&w=272&h=153&fit=crop&v=1463725442&auto=format&q=92&s=08f2d1728af8f43662f848ced644142d",
    "small": "https://ksr-ugc.imgix.net/assets/012/029/031/7a22570efe4efc467c7f1d1b8acaf38e_original.png?crop=faces&w=160&h=90&fit=crop&v=1463725442&auto=format&q=92&s=fa14770a3e0b292ad89b848732f7539a",
    "thumb": "https://ksr-ugc.imgix.net/assets/012/029/031/7a22570efe4efc467c7f1d1b8acaf38e_original.png?crop=faces&w=48&h=27&fit=crop&v=1463725442&auto=format&q=92&s=2d887fa7074681de1298b27e67acf68b"
  },
  "pledged": 200.0,
  "profile": {
    "background_color": null,
    "background_image_opacity": 0.8,
    "blurb": null,
    "feature_image_attributes": {
      "image_urls": {
        "baseball_card": "https://ksr-ugc.imgix.net/assets/012/029/031/7a22570efe4efc467c7f1d1b8acaf38e_original.png?crop=faces&w=560&h=315&fit=crop&v=1463725442&auto=format&q=92&s=b57aaabd73741db2f0a9aeb42582bb5c",
        "default": "https://ksr-ugc.imgix.net/assets/012/029/031/7a22570efe4efc467c7f1d1b8acaf38e_original.png?crop=faces&w=1552&h=873&fit=crop&v=1463725442&auto=format&q=92&s=098bf3bb3043193dde62788056bccb52"
      }
    },
    "id": 1689614,
    "link_background_color": null,
    "link_text": null,
    "link_text_color": null,
    "link_url": null,
    "name": null,
    "project_id": 1689614,
    "should_show_feature_image_section": true,
    "show_feature_image": false,
    "state": "inactive",
    "state_changed_at": 1425915893,
    "text_color": null
  },
  "slug": "mommyswapcom-a-unique-childcare-solution",
  "spotlight": false,
  "staff_pick": false,
  "state": "failed",
  "state_changed_at": 1427727058,
  "static_usd_rate": 1.0,
  "urls": {
    "web": {
      "project": "https://www.kickstarter.com/projects/750175022/mommyswapcom-a-unique-childcare-solution?ref=category_newest",
      "rewards": "https://www.kickstarter.com/projects/750175022/mommyswapcom-a-unique-childcare-solution/rewards"
    }
  },
  "usd_pledged": "200.0",
  "usd_type": "international"
}