{
  "backers_count": 158,
  "blurb": "A fun, language-less educational robot that teaches the concepts of coding. Arrange the command panels to guide the robot to the goal!",
  "category": {
    "color": 6526716,
    "id": 338,
    "name": "Robots",
    "parent_id": 16,
    "position": 10,
    "slug": "technology/robots",
    "urls": {
      "web": {
        "discover": "http://www.kickstarter.com/discover/categories/technology/robots"
      }
    }
  },
  "converted_pledged_amount": 35029,
  "country": "US",
  "created_at": 1491967422,
  "creator": {
    "avatar": {
      "medium": "https://ksr-ugc.imgix.net/assets/016/226/692/0fd6373a6df5177742a8e6afc02a1129_original.png?w=160&h=160&fit=crop&v=1492581832&auto=format&q=92&s=4711a0779192cec6b61f88fd801e3fc1",
      "small": "https://ksr-ugc.imgix.net/assets/016/226/692/0fd6373a6df5177742a8e6afc02a1129_original.png?w=160&h=160&fit=crop&v=1492581832&auto=format&q=92&s=4711a0779192cec6b61f88fd801e3fc1",
      "thumb": "https://ksr-ugc.imgix.net/assets/016/226/692/0fd6373a6df5177742a8e6afc02a1129_original.png?w=40&h=40&fit=crop&v=1492581832&auto=format&q=92&s=1fc64cc6177aa0ba245005c2bd1872b2"
    },
    "chosen_currency": null,
    "id": 1599191780,
    "is_registered": true,
    "name": "ICON Corp.",
    "urls": {
      "api": {
        "user": "https://api.kickstarter.com/v1/users/1599191780?signature=1524101919.299ae3113987e53223198cedda8361d854b0f593"
      },
      "web": {
        "user": "https://www.kickstarter.com/profile/1599191780"
      }
    }
  },
  "currency": "USD",
  "currency_symbol": "$",
  "currency_trailing_code": true,
  "current_currency": "USD",
  "deadline": 1495288800,
  "disable_communication": false,
  "fx_rate": 1.0,
  "goal": 30000.0,
  "id": 1019270278,
  "is_starrable": false,
  "launched_at": 1492696810,
  "location": {
    "country": "JP",
    "displayable_name": "Tokyo, Japan",
    "id": 1118370,
    "is_root": false,
    "localized_name": "Tokyo",
    "name": "Tokyo",
    "short_name": "Tokyo, Japan",
    "slug": "tokyo-jp",
    "state": "Tokyo Prefecture",
    "type": "Town",
    "urls": {
      "api": {
        "nearby_projects": "https://api.kickstarter.com/v1/discover?signature=1524082109.e1903f5f7b3cf869ee425d3e8322a863911299ef&woe_id=1118370"
      },
      "web": {
        "discover": "https://www.kickstarter.com/discover/places/tokyo-jp",
        "location": "https://www.kickstarter.com/locations/tokyo-jp"
      }
    }
  },
  "name": "KUMIITA \u2013 Educational programming toy for 0 year olds on up",
  "photo": {
    "1024x576": "https://ksr-ugc.imgix.net/assets/016/226/686/92ba453d4be00f7b0819807e7862722c_original.png?crop=faces&w=1024&h=576&fit=crop&v=1492412145&auto=format&q=92&s=d39ca7749c08e9d008875da706c3e7a0",
    "1536x864": "https://ksr-ugc.imgix.net/assets/016/226/686/92ba453d4be00f7b0819807e7862722c_original.png?crop=faces&w=1552&h=873&fit=crop&v=1492412145&auto=format&q=92&s=c8a033e75af782ad6e3bc50b6e41943c",
    "ed": "https://ksr-ugc.imgix.net/assets/016/226/686/92ba453d4be00f7b0819807e7862722c_original.png?crop=faces&w=352&h=198&fit=crop&v=1492412145&auto=format&q=92&s=5a2da3a21e04bf033268c3766f70e99c",
    "full": "https://ksr-ugc.imgix.net/assets/016/226/686/92ba453d4be00f7b0819807e7862722c_original.png?crop=faces&w=560&h=315&fit=crop&v=1492412145&auto=format&q=92&s=18835693ae497402da36b6af05e0bba0",
    "key": "assets/016/226/686/92ba453d4be00f7b0819807e7862722c_original.png",
    "little": "https://ksr-ugc.imgix.net/assets/016/226/686/92ba453d4be00f7b0819807e7862722c_original.png?crop=faces&w=208&h=117&fit=crop&v=1492412145&auto=format&q=92&s=355f27372bb292b8684746c2698bd325",
    "med": "https://ksr-ugc.imgix.net/assets/016/226/686/92ba453d4be00f7b0819807e7862722c_original.png?crop=faces&w=272&h=153&fit=crop&v=1492412145&auto=format&q=92&s=88ec74eca8bb4382302ddbc4e3e39ddb",
    "small": "https://ksr-ugc.imgix.net/assets/016/226/686/92ba453d4be00f7b0819807e7862722c_original.png?crop=faces&w=160&h=90&fit=crop&v=1492412145&auto=format&q=92&s=59f280faa447be7f8161c5c201f07656",
    "thumb": "https://ksr-ugc.imgix.net/assets/016/226/686/92ba453d4be00f7b0819807e7862722c_original.png?crop=faces&w=48&h=27&fit=crop&v=1492412145&auto=format&q=92&s=30b0dfce8ee18b2496a9a61fa5cf874c"
  },
  "pledged": 35029.0,
  "profile": {
    "background_color": "",
    "background_image_opacity": 0.8,
    "blurb": "A fun, language-less educational robot that teaches the concepts of coding. Arrange the command panels to guide the robot to the goal!",
    "feature_image_attributes": {
      "image_urls": {
        "baseball_card": "https://ksr-ugc.imgix.net/assets/016/226/686/92ba453d4be00f7b0819807e7862722c_original.png?crop=faces&w=560&h=315&fit=crop&v=1492412145&auto=format&q=92&s=18835693ae497402da36b6af05e0bba0",
        "default": "https://ksr-ugc.imgix.net/assets/016/226/686/92ba453d4be00f7b0819807e7862722c_original.png?crop=faces&w=1552&h=873&fit=crop&v=1492412145&auto=format&q=92&s=c8a033e75af782ad6e3bc50b6e41943c"
      }
    },
    "id": 2958780,
    "link_background_color": "",
    "link_text": "Follow along!",
    "link_text_color": "",
    "link_url": "http://kumiita.com/",
    "name": "KUMIITA \u2013 Educational programming toy for 0 year olds on up",
    "project_id": 2958780,
    "should_show_feature_image_section": true,
    "show_feature_image": false,
    "state": "active",
    "state_changed_at": 1495776367,
    "text_color": ""
  },
  "slug": "kumiita-educational-programming-toy-for-0-year-old",
  "spotlight": true,
  "staff_pick": true,
  "state": "successful",
  "state_changed_at": 1495288800,
  "static_usd_rate": 1.0,
  "urls": {
    "web": {
      "project": "https://www.kickstarter.com/projects/1599191780/kumiita-educational-programming-toy-for-0-year-old?ref=category_newest",
      "rewards": "https://www.kickstarter.com/projects/1599191780/kumiita-educational-programming-toy-for-0-year-old/rewards"
    }
  },
  "usd_pledged": "35029.0",
  "usd_type": "international"
}