{
  "backers_count": 51,
  "blurb": "CLASS - Crowdsourced Learning Academic Scholastic System with additional Spin wheel and periodic table of learning methods.",
  "category": {
    "color": 6526716,
    "id": 338,
    "name": "Robots",
    "parent_id": 16,
    "position": 10,
    "slug": "technology/robots",
    "urls": {
      "web": {
        "discover": "http://www.kickstarter.com/discover/categories/technology/robots"
      }
    }
  },
  "converted_pledged_amount": 1304,
  "country": "US",
  "created_at": 1369623683,
  "creator": {
    "avatar": {
      "medium": "https://ksr-ugc.imgix.net/assets/007/620/165/468380af4f20a666c9013e8b46d983f6_original.jpg?w=160&h=160&fit=crop&v=1461468057&auto=format&q=92&s=78fd33fd8fe771566e9280cb0550d540",
      "small": "https://ksr-ugc.imgix.net/assets/007/620/165/468380af4f20a666c9013e8b46d983f6_original.jpg?w=160&h=160&fit=crop&v=1461468057&auto=format&q=92&s=78fd33fd8fe771566e9280cb0550d540",
      "thumb": "https://ksr-ugc.imgix.net/assets/007/620/165/468380af4f20a666c9013e8b46d983f6_original.jpg?w=40&h=40&fit=crop&v=1461468057&auto=format&q=92&s=41a10afadf4554836ac12e556e5c95dd"
    },
    "chosen_currency": null,
    "id": 973427317,
    "is_registered": true,
    "name": "Nano Ninjas",
    "urls": {
      "api": {
        "user": "https://api.kickstarter.com/v1/users/973427317?signature=1524101897.235178f643dac0af42b7abefe5544edac282884d"
      },
      "web": {
        "user": "https://www.kickstarter.com/profile/973427317"
      }
    }
  },
  "currency": "USD",
  "currency_symbol": "$",
  "currency_trailing_code": true,
  "current_currency": "USD",
  "deadline": 1421395140,
  "disable_communication": false,
  "fx_rate": 1.0,
  "goal": 500.0,
  "id": 101909427,
  "is_starrable": false,
  "launched_at": 1416251574,
  "location": {
    "country": "US",
    "displayable_name": "Portland, OR",
    "id": 2475687,
    "is_root": false,
    "localized_name": "Portland",
    "name": "Portland",
    "short_name": "Portland, OR",
    "slug": "portland-or",
    "state": "OR",
    "type": "Town",
    "urls": {
      "api": {
        "nearby_projects": "https://api.kickstarter.com/v1/discover?signature=1524082111.8c71b04da40601e245591d70c8f3a301b8561afe&woe_id=2475687"
      },
      "web": {
        "discover": "https://www.kickstarter.com/discover/places/portland-or",
        "location": "https://www.kickstarter.com/locations/portland-or"
      }
    }
  },
  "name": "Nano Ninjas CLASS - FLL Project",
  "photo": {
    "1024x576": "https://ksr-ugc.imgix.net/assets/011/528/997/4dc5075718df0289bffc58c27901043d_original.jpg?crop=faces&w=1024&h=576&fit=crop&v=1463684046&auto=format&q=92&s=0de787bb6e56936d700cfe6eed9d273e",
    "1536x864": "https://ksr-ugc.imgix.net/assets/011/528/997/4dc5075718df0289bffc58c27901043d_original.jpg?crop=faces&w=1552&h=873&fit=crop&v=1463684046&auto=format&q=92&s=4b0762991ab04c8453feeaf8aaffcbd1",
    "ed": "https://ksr-ugc.imgix.net/assets/011/528/997/4dc5075718df0289bffc58c27901043d_original.jpg?crop=faces&w=352&h=198&fit=crop&v=1463684046&auto=format&q=92&s=7410f68e1cfaa09f6c33c93dfda5e2d5",
    "full": "https://ksr-ugc.imgix.net/assets/011/528/997/4dc5075718df0289bffc58c27901043d_original.jpg?crop=faces&w=560&h=315&fit=crop&v=1463684046&auto=format&q=92&s=769772df7e7d226f635e4a0b7ca61f88",
    "key": "assets/011/528/997/4dc5075718df0289bffc58c27901043d_original.jpg",
    "little": "https://ksr-ugc.imgix.net/assets/011/528/997/4dc5075718df0289bffc58c27901043d_original.jpg?crop=faces&w=208&h=117&fit=crop&v=1463684046&auto=format&q=92&s=06f45b310daed68ccafa0531f10d088c",
    "med": "https://ksr-ugc.imgix.net/assets/011/528/997/4dc5075718df0289bffc58c27901043d_original.jpg?crop=faces&w=272&h=153&fit=crop&v=1463684046&auto=format&q=92&s=935d95c75cb58a8f2e49316041cb81ce",
    "small": "https://ksr-ugc.imgix.net/assets/011/528/997/4dc5075718df0289bffc58c27901043d_original.jpg?crop=faces&w=160&h=90&fit=crop&v=1463684046&auto=format&q=92&s=8cbfcd130b0f1f7c3510d76ce38f08df",
    "thumb": "https://ksr-ugc.imgix.net/assets/011/528/997/4dc5075718df0289bffc58c27901043d_original.jpg?crop=faces&w=48&h=27&fit=crop&v=1463684046&auto=format&q=92&s=7db6e6a20166b93001a88bad3eb7518a"
  },
  "pledged": 1304.0,
  "profile": {
    "background_color": null,
    "background_image_opacity": 0.8,
    "blurb": null,
    "feature_image_attributes": {
      "image_urls": {
        "baseball_card": "https://ksr-ugc.imgix.net/assets/011/528/997/4dc5075718df0289bffc58c27901043d_original.jpg?crop=faces&w=560&h=315&fit=crop&v=1463684046&auto=format&q=92&s=769772df7e7d226f635e4a0b7ca61f88",
        "default": "https://ksr-ugc.imgix.net/assets/011/528/997/4dc5075718df0289bffc58c27901043d_original.jpg?crop=faces&w=1552&h=873&fit=crop&v=1463684046&auto=format&q=92&s=4b0762991ab04c8453feeaf8aaffcbd1"
      }
    },
    "id": 583211,
    "link_background_color": null,
    "link_text": null,
    "link_text_color": null,
    "link_url": null,
    "name": null,
    "project_id": 583211,
    "should_show_feature_image_section": true,
    "show_feature_image": false,
    "state": "inactive",
    "state_changed_at": 1425915831,
    "text_color": null
  },
  "slug": "nano-ninjas-class",
  "spotlight": true,
  "staff_pick": false,
  "state": "successful",
  "state_changed_at": 1421395140,
  "static_usd_rate": 1.0,
  "urls": {
    "web": {
      "project": "https://www.kickstarter.com/projects/973427317/nano-ninjas-class?ref=category_newest",
      "rewards": "https://www.kickstarter.com/projects/973427317/nano-ninjas-class/rewards"
    }
  },
  "usd_pledged": "1304.0",
  "usd_type": "international"
}