{
  "backers_count": 5,
  "blurb": "Team 6040 has 4 weeks left to build a remotely operated vehicle for the FIRST Robotics National Competition and we need your help!",
  "category": {
    "color": 6526716,
    "id": 338,
    "name": "Robots",
    "parent_id": 16,
    "position": 10,
    "slug": "technology/robots",
    "urls": {
      "web": {
        "discover": "http://www.kickstarter.com/discover/categories/technology/robots"
      }
    }
  },
  "converted_pledged_amount": 436,
  "country": "CA",
  "created_at": 1454527496,
  "creator": {
    "avatar": {
      "medium": "https://ksr-ugc.imgix.net/assets/010/776/283/f4d145f48e7d19355d66c83a1c5015ae_original.jpg?w=160&h=160&fit=crop&v=1461711767&auto=format&q=92&s=defcf518fea976a162989eb1a5742e30",
      "small": "https://ksr-ugc.imgix.net/assets/010/776/283/f4d145f48e7d19355d66c83a1c5015ae_original.jpg?w=160&h=160&fit=crop&v=1461711767&auto=format&q=92&s=defcf518fea976a162989eb1a5742e30",
      "thumb": "https://ksr-ugc.imgix.net/assets/010/776/283/f4d145f48e7d19355d66c83a1c5015ae_original.jpg?w=40&h=40&fit=crop&v=1461711767&auto=format&q=92&s=d1f826d259891a0c953e840bbb793c02"
    },
    "chosen_currency": null,
    "id": 957507812,
    "is_registered": true,
    "name": "Team 6040:Getobotics",
    "urls": {
      "api": {
        "user": "https://api.kickstarter.com/v1/users/957507812?signature=1524101910.8afc13e80185a30797a4943a96f0c21ea45ac86c"
      },
      "web": {
        "user": "https://www.kickstarter.com/profile/957507812"
      }
    }
  },
  "currency": "CAD",
  "currency_symbol": "$",
  "currency_trailing_code": true,
  "current_currency": "USD",
  "deadline": 1456773840,
  "disable_communication": false,
  "fx_rate": 0.79525709,
  "goal": 500.0,
  "id": 1019770517,
  "is_starrable": false,
  "launched_at": 1454622904,
  "location": {
    "country": "CA",
    "displayable_name": "Montreal, Canada",
    "id": 3534,
    "is_root": false,
    "localized_name": "Montreal",
    "name": "Montreal",
    "short_name": "Montreal, Canada",
    "slug": "montreal-ca",
    "state": "QC",
    "type": "Town",
    "urls": {
      "api": {
        "nearby_projects": "https://api.kickstarter.com/v1/discover?signature=1524082111.ec6a33c49f56a514191c901fefdba9a00b5027b8&woe_id=3534"
      },
      "web": {
        "discover": "https://www.kickstarter.com/discover/places/montreal-ca",
        "location": "https://www.kickstarter.com/locations/montreal-ca"
      }
    }
  },
  "name": "Team 6040: GetoBotics",
  "photo": {
    "1024x576": "https://ksr-ugc.imgix.net/assets/012/371/350/f4d145f48e7d19355d66c83a1c5015ae_original.jpg?crop=faces&w=1024&h=576&fit=crop&v=1463757508&auto=format&q=92&s=de60a08d65b11cd31faf3bd1c8c0dc6c",
    "1536x864": "https://ksr-ugc.imgix.net/assets/012/371/350/f4d145f48e7d19355d66c83a1c5015ae_original.jpg?crop=faces&w=1552&h=873&fit=crop&v=1463757508&auto=format&q=92&s=441006f9ba0757af0cc1b645187e3adc",
    "ed": "https://ksr-ugc.imgix.net/assets/012/371/350/f4d145f48e7d19355d66c83a1c5015ae_original.jpg?crop=faces&w=352&h=198&fit=crop&v=1463757508&auto=format&q=92&s=c949bc2262045dfe8bf5514c60b739de",
    "full": "https://ksr-ugc.imgix.net/assets/012/371/350/f4d145f48e7d19355d66c83a1c5015ae_original.jpg?crop=faces&w=560&h=315&fit=crop&v=1463757508&auto=format&q=92&s=6d8ac28e00b018e24470c7d5f02b18b1",
    "key": "assets/012/371/350/f4d145f48e7d19355d66c83a1c5015ae_original.jpg",
    "little": "https://ksr-ugc.imgix.net/assets/012/371/350/f4d145f48e7d19355d66c83a1c5015ae_original.jpg?crop=faces&w=208&h=117&fit=crop&v=1463757508&auto=format&q=92&s=9836972a6395f8b8d4319e74e7c5b0bc",
    "med": "https://ksr-ugc.imgix.net/assets/012/371/350/f4d145f48e7d19355d66c83a1c5015ae_original.jpg?crop=faces&w=272&h=153&fit=crop&v=1463757508&auto=format&q=92&s=4b1ee41a48d580be38375c2504894146",
    "small": "https://ksr-ugc.imgix.net/assets/012/371/350/f4d145f48e7d19355d66c83a1c5015ae_original.jpg?crop=faces&w=160&h=90&fit=crop&v=1463757508&auto=format&q=92&s=e04931d4156dc26357ebdf0b64f80a66",
    "thumb": "https://ksr-ugc.imgix.net/assets/012/371/350/f4d145f48e7d19355d66c83a1c5015ae_original.jpg?crop=faces&w=48&h=27&fit=crop&v=1463757508&auto=format&q=92&s=76cb13cce1efabc75c121acf52ba7e4d"
  },
  "pledged": 591.0,
  "profile": {
    "background_color": null,
    "background_image_opacity": 0.8,
    "blurb": null,
    "feature_image_attributes": {
      "image_urls": {
        "baseball_card": "https://ksr-ugc.imgix.net/assets/012/371/350/f4d145f48e7d19355d66c83a1c5015ae_original.jpg?crop=faces&w=560&h=315&fit=crop&v=1463757508&auto=format&q=92&s=6d8ac28e00b018e24470c7d5f02b18b1",
        "default": "https://ksr-ugc.imgix.net/assets/012/371/350/f4d145f48e7d19355d66c83a1c5015ae_original.jpg?crop=faces&w=1552&h=873&fit=crop&v=1463757508&auto=format&q=92&s=441006f9ba0757af0cc1b645187e3adc"
      }
    },
    "id": 2355471,
    "link_background_color": null,
    "link_text": null,
    "link_text_color": null,
    "link_url": null,
    "name": null,
    "project_id": 2355471,
    "should_show_feature_image_section": true,
    "show_feature_image": false,
    "state": "inactive",
    "state_changed_at": 1454527496,
    "text_color": null
  },
  "slug": "team-6040-getobotics-0",
  "spotlight": true,
  "staff_pick": false,
  "state": "successful",
  "state_changed_at": 1456773840,
  "static_usd_rate": 0.71051289,
  "urls": {
    "web": {
      "project": "https://www.kickstarter.com/projects/957507812/team-6040-getobotics-0?ref=category_newest",
      "rewards": "https://www.kickstarter.com/projects/957507812/team-6040-getobotics-0/rewards"
    }
  },
  "usd_pledged": "419.91311799",
  "usd_type": "international"
}