{
  "backers_count": 1,
  "blurb": "Open source  audio DSP development platform with audio feedback prevention alogrithm.",
  "category": {
    "color": 6526716,
    "id": 339,
    "name": "Sound",
    "parent_id": 16,
    "position": 12,
    "slug": "technology/sound",
    "urls": {
      "web": {
        "discover": "http://www.kickstarter.com/discover/categories/technology/sound"
      }
    }
  },
  "converted_pledged_amount": 150,
  "country": "US",
  "created_at": 1400612315,
  "creator": {
    "avatar": {
      "medium": "https://ksr-ugc.imgix.net/assets/008/111/463/1af555a889a59b09f4694f6888b54490_original.jpg?w=160&h=160&fit=crop&v=1461503373&auto=format&q=92&s=655c47ccc606e156463b3a141b53707f",
      "small": "https://ksr-ugc.imgix.net/assets/008/111/463/1af555a889a59b09f4694f6888b54490_original.jpg?w=160&h=160&fit=crop&v=1461503373&auto=format&q=92&s=655c47ccc606e156463b3a141b53707f",
      "thumb": "https://ksr-ugc.imgix.net/assets/008/111/463/1af555a889a59b09f4694f6888b54490_original.jpg?w=40&h=40&fit=crop&v=1461503373&auto=format&q=92&s=e8fa41b8ad6ea36498e2575e516ced4e"
    },
    "chosen_currency": null,
    "id": 1472566256,
    "is_registered": true,
    "name": "Fred Pulver, Matrix Microsystems Inc.",
    "urls": {
      "api": {
        "user": "https://api.kickstarter.com/v1/users/1472566256?signature=1524102489.60f369fa8f1c438561b919bd756e885c6611c294"
      },
      "web": {
        "user": "https://www.kickstarter.com/profile/1472566256"
      }
    }
  },
  "currency": "USD",
  "currency_symbol": "$",
  "currency_trailing_code": true,
  "current_currency": "USD",
  "deadline": 1404400297,
  "disable_communication": false,
  "fx_rate": 1.0,
  "goal": 15000.0,
  "id": 1019334728,
  "is_starrable": false,
  "launched_at": 1401808297,
  "location": {
    "country": "US",
    "displayable_name": "Northport, NY",
    "id": 2461986,
    "is_root": false,
    "localized_name": "Northport",
    "name": "Northport",
    "short_name": "Northport, NY",
    "slug": "northport-ny",
    "state": "NY",
    "type": "Town",
    "urls": {
      "api": {
        "nearby_projects": "https://api.kickstarter.com/v1/discover?signature=1524082411.9a9bc52c8933811c3cd33e8a64fcc654b2a39e98&woe_id=2461986"
      },
      "web": {
        "discover": "https://www.kickstarter.com/discover/places/northport-ny",
        "location": "https://www.kickstarter.com/locations/northport-ny"
      }
    }
  },
  "name": "OpenAudioPal",
  "photo": {
    "1024x576": "https://ksr-ugc.imgix.net/assets/011/709/276/80edeeefaed8d196a71b580bdeee398b_original.jpg?crop=faces&w=1024&h=576&fit=crop&v=1463687084&auto=format&q=92&s=7ce9f5e36d7cb71234c5f4702d98730c",
    "1536x864": "https://ksr-ugc.imgix.net/assets/011/709/276/80edeeefaed8d196a71b580bdeee398b_original.jpg?crop=faces&w=1552&h=873&fit=crop&v=1463687084&auto=format&q=92&s=3edfe8087521c4415c8e5038e943f56c",
    "ed": "https://ksr-ugc.imgix.net/assets/011/709/276/80edeeefaed8d196a71b580bdeee398b_original.jpg?crop=faces&w=352&h=198&fit=crop&v=1463687084&auto=format&q=92&s=f03a3eb856bd617733f128cdecd541fb",
    "full": "https://ksr-ugc.imgix.net/assets/011/709/276/80edeeefaed8d196a71b580bdeee398b_original.jpg?crop=faces&w=560&h=315&fit=crop&v=1463687084&auto=format&q=92&s=6fd6b68a89c392b4bbda77e97453fcc1",
    "key": "assets/011/709/276/80edeeefaed8d196a71b580bdeee398b_original.jpg",
    "little": "https://ksr-ugc.imgix.net/assets/011/709/276/80edeeefaed8d196a71b580bdeee398b_original.jpg?crop=faces&w=208&h=117&fit=crop&v=1463687084&auto=format&q=92&s=8e804d08b7004a5c4ddf8daa9553bd76",
    "med": "https://ksr-ugc.imgix.net/assets/011/709/276/80edeeefaed8d196a71b580bdeee398b_original.jpg?crop=faces&w=272&h=153&fit=crop&v=1463687084&auto=format&q=92&s=90f422062a9a992e43f0e97d6c2da4e0",
    "small": "https://ksr-ugc.imgix.net/assets/011/709/276/80edeeefaed8d196a71b580bdeee398b_original.jpg?crop=faces&w=160&h=90&fit=crop&v=1463687084&auto=format&q=92&s=582a1ff472a0caa3dc02200522bfadde",
    "thumb": "https://ksr-ugc.imgix.net/assets/011/709/276/80edeeefaed8d196a71b580bdeee398b_original.jpg?crop=faces&w=48&h=27&fit=crop&v=1463687084&auto=format&q=92&s=f664c7e4d2b3057b61ab0754347d98fa"
  },
  "pledged": 150.0,
  "profile": {
    "background_color": null,
    "background_image_opacity": 0.8,
    "blurb": null,
    "feature_image_attributes": {
      "image_urls": {
        "baseball_card": "https://ksr-ugc.imgix.net/assets/011/709/276/80edeeefaed8d196a71b580bdeee398b_original.jpg?crop=faces&w=560&h=315&fit=crop&v=1463687084&auto=format&q=92&s=6fd6b68a89c392b4bbda77e97453fcc1",
        "default": "https://ksr-ugc.imgix.net/assets/011/709/276/80edeeefaed8d196a71b580bdeee398b_original.jpg?crop=faces&w=1552&h=873&fit=crop&v=1463687084&auto=format&q=92&s=3edfe8087521c4415c8e5038e943f56c"
      }
    },
    "id": 1031813,
    "link_background_color": null,
    "link_text": null,
    "link_text_color": null,
    "link_url": null,
    "name": null,
    "project_id": 1031813,
    "should_show_feature_image_section": true,
    "show_feature_image": false,
    "state": "inactive",
    "state_changed_at": 1425915857,
    "text_color": null
  },
  "slug": "openaudiopal",
  "spotlight": false,
  "staff_pick": false,
  "state": "failed",
  "state_changed_at": 1404400297,
  "static_usd_rate": 1.0,
  "urls": {
    "web": {
      "project": "https://www.kickstarter.com/projects/1472566256/openaudiopal?ref=category_newest",
      "rewards": "https://www.kickstarter.com/projects/1472566256/openaudiopal/rewards"
    }
  },
  "usd_pledged": "150.0",
  "usd_type": "international"
}