{
  "backers_count": 213,
  "blurb": "International student team creating an unmanned aerial vehicle system to combat African rhino poaching and illicit wildlife trafficking",
  "category": {
    "color": 6526716,
    "id": 336,
    "name": "Flight",
    "parent_id": 16,
    "position": 6,
    "slug": "technology/flight",
    "urls": {
      "web": {
        "discover": "http://www.kickstarter.com/discover/categories/technology/flight"
      }
    }
  },
  "converted_pledged_amount": 22403,
  "country": "US",
  "created_at": 1390868418,
  "creator": {
    "avatar": {
      "medium": "https://ksr-ugc.imgix.net/assets/008/364/104/67a24f8df4b3e573f35065115610a017_original.?w=160&h=160&fit=crop&v=1461519689&auto=format&q=92&s=bf9f95431bfdf3071fd8cac8ac6eee69",
      "small": "https://ksr-ugc.imgix.net/assets/008/364/104/67a24f8df4b3e573f35065115610a017_original.?w=160&h=160&fit=crop&v=1461519689&auto=format&q=92&s=bf9f95431bfdf3071fd8cac8ac6eee69",
      "thumb": "https://ksr-ugc.imgix.net/assets/008/364/104/67a24f8df4b3e573f35065115610a017_original.?w=40&h=40&fit=crop&v=1461519689&auto=format&q=92&s=33ed2802e5a32d72631cf9c301d0c8c8"
    },
    "chosen_currency": null,
    "id": 846841162,
    "is_registered": true,
    "name": "Eric Schmidt",
    "urls": {
      "api": {
        "user": "https://api.kickstarter.com/v1/users/846841162?signature=1524100847.ef14dacf8fa2d77985c4d6b88439dd540fe61a7d"
      },
      "web": {
        "user": "https://www.kickstarter.com/profile/846841162"
      }
    }
  },
  "currency": "USD",
  "currency_symbol": "$",
  "currency_trailing_code": true,
  "current_currency": "USD",
  "deadline": 1396211195,
  "disable_communication": false,
  "fx_rate": 1.0,
  "goal": 20000.0,
  "id": 1020357088,
  "is_starrable": false,
  "launched_at": 1393622795,
  "location": {
    "country": "US",
    "displayable_name": "Boulder, CO",
    "id": 2367231,
    "is_root": false,
    "localized_name": "Boulder",
    "name": "Boulder",
    "short_name": "Boulder, CO",
    "slug": "boulder-co",
    "state": "CO",
    "type": "Town",
    "urls": {
      "api": {
        "nearby_projects": "https://api.kickstarter.com/v1/discover?signature=1524082111.1bf0ad46106161baed324bae438e88e663d5a5b6&woe_id=2367231"
      },
      "web": {
        "discover": "https://www.kickstarter.com/discover/places/boulder-co",
        "location": "https://www.kickstarter.com/locations/boulder-co"
      }
    }
  },
  "name": "Team AREND Wildlife Conservation UAV",
  "photo": {
    "1024x576": "https://ksr-ugc.imgix.net/assets/011/642/655/830a89783f0760ef9799fd801673f8ba_original.jpg?crop=faces&w=1024&h=576&fit=crop&v=1463686125&auto=format&q=92&s=f63d81ef34e1ec20eeb4f881b10b12a6",
    "1536x864": "https://ksr-ugc.imgix.net/assets/011/642/655/830a89783f0760ef9799fd801673f8ba_original.jpg?crop=faces&w=1552&h=873&fit=crop&v=1463686125&auto=format&q=92&s=b9e862458ba4bf4a9f0d9b43e5a03dbc",
    "ed": "https://ksr-ugc.imgix.net/assets/011/642/655/830a89783f0760ef9799fd801673f8ba_original.jpg?crop=faces&w=352&h=198&fit=crop&v=1463686125&auto=format&q=92&s=7f62f025f114cce476f31c51d35c180a",
    "full": "https://ksr-ugc.imgix.net/assets/011/642/655/830a89783f0760ef9799fd801673f8ba_original.jpg?crop=faces&w=560&h=315&fit=crop&v=1463686125&auto=format&q=92&s=11332fd48cc30c2d9e61c80fcc191956",
    "key": "assets/011/642/655/830a89783f0760ef9799fd801673f8ba_original.jpg",
    "little": "https://ksr-ugc.imgix.net/assets/011/642/655/830a89783f0760ef9799fd801673f8ba_original.jpg?crop=faces&w=208&h=117&fit=crop&v=1463686125&auto=format&q=92&s=09a767525b32df64f1bbe5082459410c",
    "med": "https://ksr-ugc.imgix.net/assets/011/642/655/830a89783f0760ef9799fd801673f8ba_original.jpg?crop=faces&w=272&h=153&fit=crop&v=1463686125&auto=format&q=92&s=b8ff3189802e5e5c5aa342e24ba8b1f1",
    "small": "https://ksr-ugc.imgix.net/assets/011/642/655/830a89783f0760ef9799fd801673f8ba_original.jpg?crop=faces&w=160&h=90&fit=crop&v=1463686125&auto=format&q=92&s=c0821c9823951d6766ef054882ad94b2",
    "thumb": "https://ksr-ugc.imgix.net/assets/011/642/655/830a89783f0760ef9799fd801673f8ba_original.jpg?crop=faces&w=48&h=27&fit=crop&v=1463686125&auto=format&q=92&s=c78138d25abad90ba2a9548f44a14086"
  },
  "pledged": 22403.0,
  "profile": {
    "background_color": null,
    "background_image_opacity": 0.8,
    "blurb": null,
    "feature_image_attributes": {
      "image_urls": {
        "baseball_card": "https://ksr-ugc.imgix.net/assets/011/642/655/830a89783f0760ef9799fd801673f8ba_original.jpg?crop=faces&w=560&h=315&fit=crop&v=1463686125&auto=format&q=92&s=11332fd48cc30c2d9e61c80fcc191956",
        "default": "https://ksr-ugc.imgix.net/assets/011/642/655/830a89783f0760ef9799fd801673f8ba_original.jpg?crop=faces&w=1552&h=873&fit=crop&v=1463686125&auto=format&q=92&s=b9e862458ba4bf4a9f0d9b43e5a03dbc"
      }
    },
    "id": 866810,
    "link_background_color": null,
    "link_text": null,
    "link_text_color": null,
    "link_url": null,
    "name": null,
    "project_id": 866810,
    "should_show_feature_image_section": true,
    "show_feature_image": false,
    "state": "inactive",
    "state_changed_at": 1425915847,
    "text_color": null
  },
  "slug": "team-arend-wildlife-conservation-uav",
  "spotlight": true,
  "staff_pick": true,
  "state": "successful",
  "state_changed_at": 1396211195,
  "static_usd_rate": 1.0,
  "urls": {
    "web": {
      "project": "https://www.kickstarter.com/projects/846841162/team-arend-wildlife-conservation-uav?ref=category_newest",
      "rewards": "https://www.kickstarter.com/projects/846841162/team-arend-wildlife-conservation-uav/rewards"
    }
  },
  "usd_pledged": "22403.0",
  "usd_type": "international"
}