{
  "backers_count": 1,
  "blurb": "We are opening an amazingly small store that will sell our locally produced inventions and rare garden supplies.",
  "category": {
    "color": 6526716,
    "id": 337,
    "name": "Gadgets",
    "parent_id": 16,
    "position": 7,
    "slug": "technology/gadgets",
    "urls": {
      "web": {
        "discover": "http://www.kickstarter.com/discover/categories/technology/gadgets"
      }
    }
  },
  "converted_pledged_amount": 10,
  "country": "US",
  "created_at": 1445942367,
  "creator": {
    "avatar": {
      "medium": "https://ksr-ugc.imgix.net/assets/010/480/801/504ebe23c02b81aba915c7ff337b04c7_original.JPG?w=160&h=160&fit=crop&v=1461692866&auto=format&q=92&s=07a27a8e727ae4adb1fc31b3da086746",
      "small": "https://ksr-ugc.imgix.net/assets/010/480/801/504ebe23c02b81aba915c7ff337b04c7_original.JPG?w=160&h=160&fit=crop&v=1461692866&auto=format&q=92&s=07a27a8e727ae4adb1fc31b3da086746",
      "thumb": "https://ksr-ugc.imgix.net/assets/010/480/801/504ebe23c02b81aba915c7ff337b04c7_original.JPG?w=40&h=40&fit=crop&v=1461692866&auto=format&q=92&s=85d5a8ada61dadcdfea632bf6ee816fa"
    },
    "chosen_currency": null,
    "id": 2077196802,
    "is_registered": true,
    "name": "Johan Matsumura",
    "urls": {
      "api": {
        "user": "https://api.kickstarter.com/v1/users/2077196802?signature=1524101257.ae3605c02eaa964f90cb332863f2fabdf945bebf"
      },
      "web": {
        "user": "https://www.kickstarter.com/profile/2077196802"
      }
    }
  },
  "currency": "USD",
  "currency_symbol": "$",
  "currency_trailing_code": true,
  "current_currency": "USD",
  "deadline": 1451065825,
  "disable_communication": false,
  "fx_rate": 1.0,
  "goal": 2500.0,
  "id": 1020359636,
  "is_starrable": false,
  "launched_at": 1447609825,
  "location": {
    "country": "US",
    "displayable_name": "Portland, OR",
    "id": 2475687,
    "is_root": false,
    "localized_name": "Portland",
    "name": "Portland",
    "short_name": "Portland, OR",
    "slug": "portland-or",
    "state": "OR",
    "type": "Town",
    "urls": {
      "api": {
        "nearby_projects": "https://api.kickstarter.com/v1/discover?signature=1524082111.8c71b04da40601e245591d70c8f3a301b8561afe&woe_id=2475687"
      },
      "web": {
        "discover": "https://www.kickstarter.com/discover/places/portland-or",
        "location": "https://www.kickstarter.com/locations/portland-or"
      }
    }
  },
  "name": "The Inventors Crop",
  "photo": {
    "1024x576": "https://ksr-ugc.imgix.net/assets/012/290/474/be59ffed2001ecace60894f984828b64_original.JPG?crop=faces&w=1024&h=576&fit=crop&v=1463751805&auto=format&q=92&s=4981beb5d620d69b6cc39211402ca3c3",
    "1536x864": "https://ksr-ugc.imgix.net/assets/012/290/474/be59ffed2001ecace60894f984828b64_original.JPG?crop=faces&w=1552&h=873&fit=crop&v=1463751805&auto=format&q=92&s=7ce93f97148a517ebb1ac946b81616b8",
    "ed": "https://ksr-ugc.imgix.net/assets/012/290/474/be59ffed2001ecace60894f984828b64_original.JPG?crop=faces&w=352&h=198&fit=crop&v=1463751805&auto=format&q=92&s=25b219769ec2333394c99dcff4f36acc",
    "full": "https://ksr-ugc.imgix.net/assets/012/290/474/be59ffed2001ecace60894f984828b64_original.JPG?crop=faces&w=560&h=315&fit=crop&v=1463751805&auto=format&q=92&s=4e78b89f511405f95446e85f82a08f2e",
    "key": "assets/012/290/474/be59ffed2001ecace60894f984828b64_original.JPG",
    "little": "https://ksr-ugc.imgix.net/assets/012/290/474/be59ffed2001ecace60894f984828b64_original.JPG?crop=faces&w=208&h=117&fit=crop&v=1463751805&auto=format&q=92&s=b6789314bebc73873048fc8519d82eb6",
    "med": "https://ksr-ugc.imgix.net/assets/012/290/474/be59ffed2001ecace60894f984828b64_original.JPG?crop=faces&w=272&h=153&fit=crop&v=1463751805&auto=format&q=92&s=9b0b66d07936d6044d42a1d933ab085b",
    "small": "https://ksr-ugc.imgix.net/assets/012/290/474/be59ffed2001ecace60894f984828b64_original.JPG?crop=faces&w=160&h=90&fit=crop&v=1463751805&auto=format&q=92&s=6e8cb12d5ea48e346c44a774cc42cd5d",
    "thumb": "https://ksr-ugc.imgix.net/assets/012/290/474/be59ffed2001ecace60894f984828b64_original.JPG?crop=faces&w=48&h=27&fit=crop&v=1463751805&auto=format&q=92&s=5fb58e8d980f3d76eb3bac0fb4fb7970"
  },
  "pledged": 10.0,
  "profile": {
    "background_color": null,
    "background_image_opacity": 0.8,
    "blurb": null,
    "feature_image_attributes": {
      "image_urls": {
        "baseball_card": "https://ksr-ugc.imgix.net/assets/012/290/474/be59ffed2001ecace60894f984828b64_original.JPG?crop=faces&w=560&h=315&fit=crop&v=1463751805&auto=format&q=92&s=4e78b89f511405f95446e85f82a08f2e",
        "default": "https://ksr-ugc.imgix.net/assets/012/290/474/be59ffed2001ecace60894f984828b64_original.JPG?crop=faces&w=1552&h=873&fit=crop&v=1463751805&auto=format&q=92&s=7ce93f97148a517ebb1ac946b81616b8"
      }
    },
    "id": 2195634,
    "link_background_color": null,
    "link_text": null,
    "link_text_color": null,
    "link_url": null,
    "name": null,
    "project_id": 2195634,
    "should_show_feature_image_section": true,
    "show_feature_image": false,
    "state": "inactive",
    "state_changed_at": 1445942367,
    "text_color": null
  },
  "slug": "the-invention-store",
  "spotlight": false,
  "staff_pick": false,
  "state": "failed",
  "state_changed_at": 1451065825,
  "static_usd_rate": 1.0,
  "urls": {
    "web": {
      "project": "https://www.kickstarter.com/projects/2077196802/the-invention-store?ref=category_newest",
      "rewards": "https://www.kickstarter.com/projects/2077196802/the-invention-store/rewards"
    }
  },
  "usd_pledged": "10.0",
  "usd_type": "international"
}