{
  "backers_count": 22,
  "blurb": "With Snoozy, everytime you hit the snooze button, your favorite charity will receive a small donation directly from your account.",
  "category": {
    "color": 6526716,
    "id": 332,
    "name": "Apps",
    "parent_id": 16,
    "position": 2,
    "slug": "technology/apps",
    "urls": {
      "web": {
        "discover": "http://www.kickstarter.com/discover/categories/technology/apps"
      }
    }
  },
  "converted_pledged_amount": 963,
  "country": "US",
  "created_at": 1421098161,
  "creator": {
    "avatar": {
      "medium": "https://ksr-ugc.imgix.net/assets/006/293/590/4f7e88e99340b52a2376c58cedff12bb_original.jpg?w=160&h=160&fit=crop&v=1461379048&auto=format&q=92&s=3afe94f3740e1c3f5c93efe82b04663f",
      "small": "https://ksr-ugc.imgix.net/assets/006/293/590/4f7e88e99340b52a2376c58cedff12bb_original.jpg?w=160&h=160&fit=crop&v=1461379048&auto=format&q=92&s=3afe94f3740e1c3f5c93efe82b04663f",
      "thumb": "https://ksr-ugc.imgix.net/assets/006/293/590/4f7e88e99340b52a2376c58cedff12bb_original.jpg?w=40&h=40&fit=crop&v=1461379048&auto=format&q=92&s=bf808eaec68ec2eaf6e6081e69ba9674"
    },
    "chosen_currency": null,
    "id": 1675776444,
    "is_registered": true,
    "name": "Ian Dahlinghaus",
    "urls": {
      "api": {
        "user": "https://api.kickstarter.com/v1/users/1675776444?signature=1524100385.904755c68f9702668a4ac4048fc36f7d63b01197"
      },
      "web": {
        "user": "https://www.kickstarter.com/profile/1675776444"
      }
    }
  },
  "currency": "USD",
  "currency_symbol": "$",
  "currency_trailing_code": true,
  "current_currency": "USD",
  "deadline": 1427389800,
  "disable_communication": false,
  "fx_rate": 1.0,
  "goal": 7000.0,
  "id": 1020172151,
  "is_starrable": false,
  "launched_at": 1424801400,
  "location": {
    "country": "US",
    "displayable_name": "Milwaukee, WI",
    "id": 2451822,
    "is_root": false,
    "localized_name": "Milwaukee",
    "name": "Milwaukee",
    "short_name": "Milwaukee, WI",
    "slug": "milwaukee-wi",
    "state": "WI",
    "type": "Town",
    "urls": {
      "api": {
        "nearby_projects": "https://api.kickstarter.com/v1/discover?signature=1524082115.b8ce3c5c3f190a43054e5e8af225af19ddc8837b&woe_id=2451822"
      },
      "web": {
        "discover": "https://www.kickstarter.com/discover/places/milwaukee-wi",
        "location": "https://www.kickstarter.com/locations/milwaukee-wi"
      }
    }
  },
  "name": "Snoozy - The Charity Alarm Clock App",
  "photo": {
    "1024x576": "https://ksr-ugc.imgix.net/assets/011/998/318/4d45536c8f144e8a55982309313b1cde_original.jpg?crop=faces&w=1024&h=576&fit=crop&v=1463722706&auto=format&q=92&s=8963a806725eb1cf183a003689457c73",
    "1536x864": "https://ksr-ugc.imgix.net/assets/011/998/318/4d45536c8f144e8a55982309313b1cde_original.jpg?crop=faces&w=1552&h=873&fit=crop&v=1463722706&auto=format&q=92&s=b5a6cf2e96123163df6b06b51d15302e",
    "ed": "https://ksr-ugc.imgix.net/assets/011/998/318/4d45536c8f144e8a55982309313b1cde_original.jpg?crop=faces&w=352&h=198&fit=crop&v=1463722706&auto=format&q=92&s=f1c0309526594eda0bc83ad34d73a5a9",
    "full": "https://ksr-ugc.imgix.net/assets/011/998/318/4d45536c8f144e8a55982309313b1cde_original.jpg?crop=faces&w=560&h=315&fit=crop&v=1463722706&auto=format&q=92&s=82541396cb34f18ad3fd8527508d2ea1",
    "key": "assets/011/998/318/4d45536c8f144e8a55982309313b1cde_original.jpg",
    "little": "https://ksr-ugc.imgix.net/assets/011/998/318/4d45536c8f144e8a55982309313b1cde_original.jpg?crop=faces&w=208&h=117&fit=crop&v=1463722706&auto=format&q=92&s=8972a4c7c04aa77ad7246fccf91ab99c",
    "med": "https://ksr-ugc.imgix.net/assets/011/998/318/4d45536c8f144e8a55982309313b1cde_original.jpg?crop=faces&w=272&h=153&fit=crop&v=1463722706&auto=format&q=92&s=52fa89bdaedd625678f2db7e934bd3d7",
    "small": "https://ksr-ugc.imgix.net/assets/011/998/318/4d45536c8f144e8a55982309313b1cde_original.jpg?crop=faces&w=160&h=90&fit=crop&v=1463722706&auto=format&q=92&s=724f30459aaa2ae04dde4fc36bb8fae8",
    "thumb": "https://ksr-ugc.imgix.net/assets/011/998/318/4d45536c8f144e8a55982309313b1cde_original.jpg?crop=faces&w=48&h=27&fit=crop&v=1463722706&auto=format&q=92&s=665f5e0ff701e5dac621451fcabb56c8"
  },
  "pledged": 963.0,
  "profile": {
    "background_color": null,
    "background_image_opacity": 0.8,
    "blurb": null,
    "feature_image_attributes": {
      "image_urls": {
        "baseball_card": "https://ksr-ugc.imgix.net/assets/011/998/318/4d45536c8f144e8a55982309313b1cde_original.jpg?crop=faces&w=560&h=315&fit=crop&v=1463722706&auto=format&q=92&s=82541396cb34f18ad3fd8527508d2ea1",
        "default": "https://ksr-ugc.imgix.net/assets/011/998/318/4d45536c8f144e8a55982309313b1cde_original.jpg?crop=faces&w=1552&h=873&fit=crop&v=1463722706&auto=format&q=92&s=b5a6cf2e96123163df6b06b51d15302e"
      }
    },
    "id": 1626923,
    "link_background_color": null,
    "link_text": null,
    "link_text_color": null,
    "link_url": null,
    "name": null,
    "project_id": 1626923,
    "should_show_feature_image_section": true,
    "show_feature_image": false,
    "state": "inactive",
    "state_changed_at": 1425915889,
    "text_color": null
  },
  "slug": "snoozy-the-charity-alarm-clock-app",
  "spotlight": false,
  "staff_pick": false,
  "state": "failed",
  "state_changed_at": 1427389803,
  "static_usd_rate": 1.0,
  "urls": {
    "web": {
      "project": "https://www.kickstarter.com/projects/1675776444/snoozy-the-charity-alarm-clock-app?ref=category_newest",
      "rewards": "https://www.kickstarter.com/projects/1675776444/snoozy-the-charity-alarm-clock-app/rewards"
    }
  },
  "usd_pledged": "963.0",
  "usd_type": "international"
}