{
  "backers_count": 18,
  "blurb": "Easy-to-assemble hexapod kit & controller that enables servos to also act as sensors. Now legs & grippers can set/check applied force!",
  "category": {
    "color": 6526716,
    "id": 52,
    "name": "Hardware",
    "parent_id": 16,
    "position": 8,
    "slug": "technology/hardware",
    "urls": {
      "web": {
        "discover": "http://www.kickstarter.com/discover/categories/technology/hardware"
      }
    }
  },
  "converted_pledged_amount": 3508,
  "country": "US",
  "created_at": 1362582838,
  "creator": {
    "avatar": {
      "medium": "https://ksr-ugc.imgix.net/assets/007/148/283/2adc04a986590ee3c2c0d574f35ec3c2_original.bmp?w=160&h=160&fit=crop&v=1461439094&auto=format&q=92&s=1c571dbf744af4e625f1e33c68eed634",
      "small": "https://ksr-ugc.imgix.net/assets/007/148/283/2adc04a986590ee3c2c0d574f35ec3c2_original.bmp?w=160&h=160&fit=crop&v=1461439094&auto=format&q=92&s=1c571dbf744af4e625f1e33c68eed634",
      "thumb": "https://ksr-ugc.imgix.net/assets/007/148/283/2adc04a986590ee3c2c0d574f35ec3c2_original.bmp?w=40&h=40&fit=crop&v=1461439094&auto=format&q=92&s=c02ba47f75e97d2aac3403e24062b598"
    },
    "chosen_currency": null,
    "id": 1868411300,
    "is_registered": true,
    "name": "Efficient Computer Systems, LLC",
    "slug": "ecs87",
    "urls": {
      "api": {
        "user": "https://api.kickstarter.com/v1/users/1868411300?signature=1524101689.f165122b37f6b5e3d2866f0fe23d35288653bee4"
      },
      "web": {
        "user": "https://www.kickstarter.com/profile/ecs87"
      }
    }
  },
  "currency": "USD",
  "currency_symbol": "$",
  "currency_trailing_code": true,
  "current_currency": "USD",
  "deadline": 1373469901,
  "disable_communication": false,
  "fx_rate": 1.0,
  "goal": 10000.0,
  "id": 1020642922,
  "is_starrable": false,
  "launched_at": 1368285901,
  "location": {
    "country": "US",
    "displayable_name": "Barnstead, NH",
    "id": 2359461,
    "is_root": false,
    "localized_name": "Barnstead",
    "name": "Barnstead",
    "short_name": "Barnstead, NH",
    "slug": "barnstead-nh",
    "state": "NH",
    "type": "Town",
    "urls": {
      "api": {
        "nearby_projects": "https://api.kickstarter.com/v1/discover?signature=1524083428.f9a4e77a7706f8d224f96bfc24abba8102cac62a&woe_id=2359461"
      },
      "web": {
        "discover": "https://www.kickstarter.com/discover/places/barnstead-nh",
        "location": "https://www.kickstarter.com/locations/barnstead-nh"
      }
    }
  },
  "name": "BOT-LOGIC Hexapod with Arduino Powered 30 amp Robot Shield",
  "photo": {
    "1024x576": "https://ksr-ugc.imgix.net/assets/011/490/063/223cb624025f539bff035bec89cb80e2_original.jpg?crop=faces&w=1024&h=576&fit=crop&v=1463683481&auto=format&q=92&s=a26f98ad0ad0d2a969dc40f6f46ba556",
    "1536x864": "https://ksr-ugc.imgix.net/assets/011/490/063/223cb624025f539bff035bec89cb80e2_original.jpg?crop=faces&w=1552&h=873&fit=crop&v=1463683481&auto=format&q=92&s=465ba8fedb6726f2dd27dbd1f49246cf",
    "ed": "https://ksr-ugc.imgix.net/assets/011/490/063/223cb624025f539bff035bec89cb80e2_original.jpg?crop=faces&w=352&h=198&fit=crop&v=1463683481&auto=format&q=92&s=43d63ecfbe52064ea01f66dcfcaadbbb",
    "full": "https://ksr-ugc.imgix.net/assets/011/490/063/223cb624025f539bff035bec89cb80e2_original.jpg?crop=faces&w=560&h=315&fit=crop&v=1463683481&auto=format&q=92&s=8b92b6eadd91915f2cc5bad561df1631",
    "key": "assets/011/490/063/223cb624025f539bff035bec89cb80e2_original.jpg",
    "little": "https://ksr-ugc.imgix.net/assets/011/490/063/223cb624025f539bff035bec89cb80e2_original.jpg?crop=faces&w=208&h=117&fit=crop&v=1463683481&auto=format&q=92&s=55d245ff9be493df90f0067fe6387e33",
    "med": "https://ksr-ugc.imgix.net/assets/011/490/063/223cb624025f539bff035bec89cb80e2_original.jpg?crop=faces&w=272&h=153&fit=crop&v=1463683481&auto=format&q=92&s=e27dc48a386960d8c0e333244fd69d78",
    "small": "https://ksr-ugc.imgix.net/assets/011/490/063/223cb624025f539bff035bec89cb80e2_original.jpg?crop=faces&w=160&h=90&fit=crop&v=1463683481&auto=format&q=92&s=3ca9ceb1f82136a3efed326eda5556d2",
    "thumb": "https://ksr-ugc.imgix.net/assets/011/490/063/223cb624025f539bff035bec89cb80e2_original.jpg?crop=faces&w=48&h=27&fit=crop&v=1463683481&auto=format&q=92&s=8d7ba7ccc79044db560ead5daaa7fd10"
  },
  "pledged": 3508.0,
  "profile": {
    "background_color": null,
    "background_image_opacity": 0.8,
    "blurb": null,
    "feature_image_attributes": {
      "image_urls": {
        "baseball_card": "https://ksr-ugc.imgix.net/assets/011/490/063/223cb624025f539bff035bec89cb80e2_original.jpg?crop=faces&w=560&h=315&fit=crop&v=1463683481&auto=format&q=92&s=8b92b6eadd91915f2cc5bad561df1631",
        "default": "https://ksr-ugc.imgix.net/assets/011/490/063/223cb624025f539bff035bec89cb80e2_original.jpg?crop=faces&w=1552&h=873&fit=crop&v=1463683481&auto=format&q=92&s=465ba8fedb6726f2dd27dbd1f49246cf"
      }
    },
    "id": 492499,
    "link_background_color": null,
    "link_text": null,
    "link_text_color": null,
    "link_url": null,
    "name": null,
    "project_id": 492499,
    "should_show_feature_image_section": true,
    "show_feature_image": false,
    "state": "inactive",
    "state_changed_at": 1425915827,
    "text_color": null
  },
  "slug": "bot-logic-hexapod-with-arduino-powered-30-amp-robo",
  "spotlight": false,
  "staff_pick": false,
  "state": "failed",
  "state_changed_at": 1373469901,
  "static_usd_rate": 1.0,
  "urls": {
    "web": {
      "project": "https://www.kickstarter.com/projects/ecs87/bot-logic-hexapod-with-arduino-powered-30-amp-robo?ref=category_newest",
      "rewards": "https://www.kickstarter.com/projects/ecs87/bot-logic-hexapod-with-arduino-powered-30-amp-robo/rewards"
    }
  },
  "usd_pledged": "3508.0",
  "usd_type": "international"
}