{
  "backers_count": 1,
  "blurb": "Sell Safer, an e-commerce go to site for sellers.  It contains forums, latest industry news, safety alerts and a database of bad buyers",
  "category": {
    "color": 6526716,
    "id": 51,
    "name": "Software",
    "parent_id": 16,
    "position": 11,
    "slug": "technology/software",
    "urls": {
      "web": {
        "discover": "http://www.kickstarter.com/discover/categories/technology/software"
      }
    }
  },
  "converted_pledged_amount": 0,
  "country": "AU",
  "created_at": 1416726560,
  "creator": {
    "avatar": {
      "medium": "https://ksr-ugc.imgix.net/assets/008/311/704/86909cdcbb3aea083495676adaa88de9_original.jpg?w=160&h=160&fit=crop&v=1461516530&auto=format&q=92&s=1f56fd3635239a4f5a0d2fc7eb601ece",
      "small": "https://ksr-ugc.imgix.net/assets/008/311/704/86909cdcbb3aea083495676adaa88de9_original.jpg?w=160&h=160&fit=crop&v=1461516530&auto=format&q=92&s=1f56fd3635239a4f5a0d2fc7eb601ece",
      "thumb": "https://ksr-ugc.imgix.net/assets/008/311/704/86909cdcbb3aea083495676adaa88de9_original.jpg?w=40&h=40&fit=crop&v=1461516530&auto=format&q=92&s=60818ff2a4fd32010e14b9d52ae4637a"
    },
    "chosen_currency": null,
    "id": 28375957,
    "is_registered": true,
    "name": "Nicholas Grace",
    "urls": {
      "api": {
        "user": "https://api.kickstarter.com/v1/users/28375957?signature=1524102243.5b6d69661b2dc033876ec8bc069e41d4c7025734"
      },
      "web": {
        "user": "https://www.kickstarter.com/profile/28375957"
      }
    }
  },
  "currency": "AUD",
  "currency_symbol": "$",
  "currency_trailing_code": true,
  "current_currency": "USD",
  "deadline": 1424998486,
  "disable_communication": false,
  "fx_rate": 0.77656633,
  "goal": 1200.0,
  "id": 1020566690,
  "is_starrable": false,
  "launched_at": 1423270486,
  "location": {
    "country": "AU",
    "displayable_name": "Melbourne, AU",
    "id": 1103816,
    "is_root": false,
    "localized_name": "Melbourne",
    "name": "Melbourne",
    "short_name": "Melbourne, AU",
    "slug": "melbourne-au",
    "state": "VIC",
    "type": "Town",
    "urls": {
      "api": {
        "nearby_projects": "https://api.kickstarter.com/v1/discover?signature=1524082109.3480a47c14ac814502199a7a1865fc5b5c518e2e&woe_id=1103816"
      },
      "web": {
        "discover": "https://www.kickstarter.com/discover/places/melbourne-au",
        "location": "https://www.kickstarter.com/locations/melbourne-au"
      }
    }
  },
  "name": "SellSafer",
  "photo": {
    "1024x576": "https://ksr-ugc.imgix.net/assets/011/953/826/dd23822ea6f3dafabd057cd5b1b2867c_original.png?crop=faces&w=1024&h=576&fit=crop&v=1463718930&auto=format&q=92&s=2e426f1f13d90607a1b64bb2f9b856d7",
    "1536x864": "https://ksr-ugc.imgix.net/assets/011/953/826/dd23822ea6f3dafabd057cd5b1b2867c_original.png?crop=faces&w=1552&h=873&fit=crop&v=1463718930&auto=format&q=92&s=7b88baad8b87e20b1cd05eb19abf57b4",
    "ed": "https://ksr-ugc.imgix.net/assets/011/953/826/dd23822ea6f3dafabd057cd5b1b2867c_original.png?crop=faces&w=352&h=198&fit=crop&v=1463718930&auto=format&q=92&s=0d2bdbe8dd7c254c4613ea9a94dd149d",
    "full": "https://ksr-ugc.imgix.net/assets/011/953/826/dd23822ea6f3dafabd057cd5b1b2867c_original.png?crop=faces&w=560&h=315&fit=crop&v=1463718930&auto=format&q=92&s=d56e527c05beb243c3787f9ffca45a09",
    "key": "assets/011/953/826/dd23822ea6f3dafabd057cd5b1b2867c_original.png",
    "little": "https://ksr-ugc.imgix.net/assets/011/953/826/dd23822ea6f3dafabd057cd5b1b2867c_original.png?crop=faces&w=208&h=117&fit=crop&v=1463718930&auto=format&q=92&s=b3dffd2d4b66562da36a9e1761b245bd",
    "med": "https://ksr-ugc.imgix.net/assets/011/953/826/dd23822ea6f3dafabd057cd5b1b2867c_original.png?crop=faces&w=272&h=153&fit=crop&v=1463718930&auto=format&q=92&s=88745614a86b824200bab58ffd81b6ce",
    "small": "https://ksr-ugc.imgix.net/assets/011/953/826/dd23822ea6f3dafabd057cd5b1b2867c_original.png?crop=faces&w=160&h=90&fit=crop&v=1463718930&auto=format&q=92&s=7cc7d36e2d27337178a07240cdabf93e",
    "thumb": "https://ksr-ugc.imgix.net/assets/011/953/826/dd23822ea6f3dafabd057cd5b1b2867c_original.png?crop=faces&w=48&h=27&fit=crop&v=1463718930&auto=format&q=92&s=da2c51d7ba5d287f0f86b0fb7d692246"
  },
  "pledged": 1.0,
  "profile": {
    "background_color": null,
    "background_image_opacity": 0.8,
    "blurb": null,
    "feature_image_attributes": {
      "image_urls": {
        "baseball_card": "https://ksr-ugc.imgix.net/assets/011/953/826/dd23822ea6f3dafabd057cd5b1b2867c_original.png?crop=faces&w=560&h=315&fit=crop&v=1463718930&auto=format&q=92&s=d56e527c05beb243c3787f9ffca45a09",
        "default": "https://ksr-ugc.imgix.net/assets/011/953/826/dd23822ea6f3dafabd057cd5b1b2867c_original.png?crop=faces&w=1552&h=873&fit=crop&v=1463718930&auto=format&q=92&s=7b88baad8b87e20b1cd05eb19abf57b4"
      }
    },
    "id": 1533338,
    "link_background_color": null,
    "link_text": null,
    "link_text_color": null,
    "link_url": null,
    "name": null,
    "project_id": 1533338,
    "should_show_feature_image_section": true,
    "show_feature_image": false,
    "state": "inactive",
    "state_changed_at": 1425915884,
    "text_color": null
  },
  "slug": "sellsafer",
  "spotlight": false,
  "staff_pick": false,
  "state": "failed",
  "state_changed_at": 1424998489,
  "static_usd_rate": 0.77841063,
  "urls": {
    "web": {
      "project": "https://www.kickstarter.com/projects/28375957/sellsafer?ref=category_newest",
      "rewards": "https://www.kickstarter.com/projects/28375957/sellsafer/rewards"
    }
  },
  "usd_pledged": "0.77841063",
  "usd_type": "international"
}