{
  "backers_count": 4,
  "blurb": "No scroll email is a custom email application that only accepts email messages which can be read without having to use a scroll bar.",
  "category": {
    "color": 6526716,
    "id": 51,
    "name": "Software",
    "parent_id": 16,
    "position": 11,
    "slug": "technology/software",
    "urls": {
      "web": {
        "discover": "http://www.kickstarter.com/discover/categories/technology/software"
      }
    }
  },
  "converted_pledged_amount": 110,
  "country": "US",
  "created_at": 1243391830,
  "creator": {
    "avatar": {
      "medium": "https://ksr-ugc.imgix.net/assets/005/763/026/8cb48effe9ff1b3806fd4cf675ede388_original.gif?w=160&h=160&fit=crop&v=1461084027&auto=format&frame=1&q=92&s=c5952b194a924d1082171c01e302ca68",
      "small": "https://ksr-ugc.imgix.net/assets/005/763/026/8cb48effe9ff1b3806fd4cf675ede388_original.gif?w=160&h=160&fit=crop&v=1461084027&auto=format&frame=1&q=92&s=c5952b194a924d1082171c01e302ca68",
      "thumb": "https://ksr-ugc.imgix.net/assets/005/763/026/8cb48effe9ff1b3806fd4cf675ede388_original.gif?w=40&h=40&fit=crop&v=1461084027&auto=format&frame=1&q=92&s=135d22f5c0addef718e0f465143fb382"
    },
    "chosen_currency": null,
    "id": 95036037,
    "is_registered": true,
    "name": "Evan Roth",
    "slug": "evanroth",
    "urls": {
      "api": {
        "user": "https://api.kickstarter.com/v1/users/95036037?signature=1524102069.08f020c762b6185eb1b8f9385c4074cacae386e4"
      },
      "web": {
        "user": "https://www.kickstarter.com/profile/evanroth"
      }
    }
  },
  "currency": "USD",
  "currency_symbol": "$",
  "currency_trailing_code": true,
  "current_currency": "USD",
  "deadline": 1251945420,
  "disable_communication": false,
  "fx_rate": 1.0,
  "goal": 4500.0,
  "id": 1020928451,
  "is_starrable": false,
  "launched_at": 1244445758,
  "name": "No Scroll Email (Custom Timesaving Email Application)",
  "photo": {
    "1024x576": "https://ksr-ugc.imgix.net/assets/011/257/471/043cae7b7e22d92d579dbd68f782824f_original.jpg?crop=faces&w=1024&h=576&fit=crop&v=1463673676&auto=format&q=92&s=9545f414cabb60012252b99c2fe90c07",
    "1536x864": "https://ksr-ugc.imgix.net/assets/011/257/471/043cae7b7e22d92d579dbd68f782824f_original.jpg?crop=faces&w=1552&h=873&fit=crop&v=1463673676&auto=format&q=92&s=a2c2eed8b44bfd323e9381a3418ec504",
    "ed": "https://ksr-ugc.imgix.net/assets/011/257/471/043cae7b7e22d92d579dbd68f782824f_original.jpg?crop=faces&w=352&h=198&fit=crop&v=1463673676&auto=format&q=92&s=9fce5c73d168e2d63774a30228afe46a",
    "full": "https://ksr-ugc.imgix.net/assets/011/257/471/043cae7b7e22d92d579dbd68f782824f_original.jpg?crop=faces&w=560&h=315&fit=crop&v=1463673676&auto=format&q=92&s=fc4cc628da0b23c526b1d79e72f477e2",
    "key": "assets/011/257/471/043cae7b7e22d92d579dbd68f782824f_original.jpg",
    "little": "https://ksr-ugc.imgix.net/assets/011/257/471/043cae7b7e22d92d579dbd68f782824f_original.jpg?crop=faces&w=208&h=117&fit=crop&v=1463673676&auto=format&q=92&s=6f8951d6b3953a62d7e3b60003309d18",
    "med": "https://ksr-ugc.imgix.net/assets/011/257/471/043cae7b7e22d92d579dbd68f782824f_original.jpg?crop=faces&w=272&h=153&fit=crop&v=1463673676&auto=format&q=92&s=9109d73ecbc4d1811f016dd317bc8b30",
    "small": "https://ksr-ugc.imgix.net/assets/011/257/471/043cae7b7e22d92d579dbd68f782824f_original.jpg?crop=faces&w=160&h=90&fit=crop&v=1463673676&auto=format&q=92&s=ce7c5b0c33dff987c671aad0a81ffcfe",
    "thumb": "https://ksr-ugc.imgix.net/assets/011/257/471/043cae7b7e22d92d579dbd68f782824f_original.jpg?crop=faces&w=48&h=27&fit=crop&v=1463673676&auto=format&q=92&s=7276d9b979d0855cb8c74536223de876"
  },
  "pledged": 110.0,
  "profile": {
    "background_color": null,
    "background_image_opacity": 0.8,
    "blurb": null,
    "feature_image_attributes": {
      "image_urls": {
        "baseball_card": "https://ksr-ugc.imgix.net/assets/011/257/471/043cae7b7e22d92d579dbd68f782824f_original.jpg?crop=faces&w=560&h=315&fit=crop&v=1463673676&auto=format&q=92&s=fc4cc628da0b23c526b1d79e72f477e2",
        "default": "https://ksr-ugc.imgix.net/assets/011/257/471/043cae7b7e22d92d579dbd68f782824f_original.jpg?crop=faces&w=1552&h=873&fit=crop&v=1463673676&auto=format&q=92&s=a2c2eed8b44bfd323e9381a3418ec504"
      }
    },
    "id": 222,
    "link_background_color": null,
    "link_text": null,
    "link_text_color": null,
    "link_url": null,
    "name": null,
    "project_id": 222,
    "should_show_feature_image_section": true,
    "show_feature_image": false,
    "state": "inactive",
    "state_changed_at": 1425915800,
    "text_color": null
  },
  "slug": "no-scroll-email-custom-timesaving-email-application",
  "spotlight": false,
  "staff_pick": false,
  "state": "failed",
  "state_changed_at": 1251945935,
  "static_usd_rate": 1.0,
  "urls": {
    "web": {
      "project": "https://www.kickstarter.com/projects/evanroth/no-scroll-email-custom-timesaving-email-application?ref=category_newest",
      "rewards": "https://www.kickstarter.com/projects/evanroth/no-scroll-email-custom-timesaving-email-application/rewards"
    }
  },
  "usd_pledged": "110.0",
  "usd_type": "international"
}