{
  "backers_count": 144,
  "blurb": "Encouraging childhood literacy and creativity. Bringing together kids from all over the world to write shared stories!",
  "category": {
    "color": 6526716,
    "id": 342,
    "name": "Web",
    "parent_id": 16,
    "position": 15,
    "slug": "technology/web",
    "urls": {
      "web": {
        "discover": "http://www.kickstarter.com/discover/categories/technology/web"
      }
    }
  },
  "converted_pledged_amount": 19817,
  "country": "AU",
  "created_at": 1501906963,
  "creator": {
    "avatar": {
      "medium": "https://ksr-ugc.imgix.net/assets/018/241/219/9cb3f7b30bf117f294438589ad4e2ea7_original.png?w=160&h=160&fit=crop&v=1504839518&auto=format&q=92&s=05bc1ec736d839277a1fd2ddb86be78b",
      "small": "https://ksr-ugc.imgix.net/assets/018/241/219/9cb3f7b30bf117f294438589ad4e2ea7_original.png?w=160&h=160&fit=crop&v=1504839518&auto=format&q=92&s=05bc1ec736d839277a1fd2ddb86be78b",
      "thumb": "https://ksr-ugc.imgix.net/assets/018/241/219/9cb3f7b30bf117f294438589ad4e2ea7_original.png?w=40&h=40&fit=crop&v=1504839518&auto=format&q=92&s=ca4d144796ab43d408a3b871ab505241"
    },
    "chosen_currency": null,
    "id": 1255736543,
    "is_registered": true,
    "name": "Your Secret Sauce",
    "urls": {
      "api": {
        "user": "https://api.kickstarter.com/v1/users/1255736543?signature=1524102919.f6a81b64e0e071ed53fae7a70b15a93aa559a886"
      },
      "web": {
        "user": "https://www.kickstarter.com/profile/1255736543"
      }
    }
  },
  "currency": "AUD",
  "currency_symbol": "$",
  "currency_trailing_code": true,
  "current_currency": "USD",
  "deadline": 1510734285,
  "disable_communication": false,
  "fx_rate": 0.77656633,
  "goal": 25000.0,
  "id": 1020718177,
  "is_starrable": false,
  "launched_at": 1508138685,
  "location": {
    "country": "AU",
    "displayable_name": "Brisbane, AU",
    "id": 1100661,
    "is_root": false,
    "localized_name": "Brisbane",
    "name": "Brisbane",
    "short_name": "Brisbane, AU",
    "slug": "brisbane-au",
    "state": "QLD",
    "type": "Town",
    "urls": {
      "api": {
        "nearby_projects": "https://api.kickstarter.com/v1/discover?signature=1524082113.54493e4c6177bf0d19d84623c00a280fd23eeb3c&woe_id=1100661"
      },
      "web": {
        "discover": "https://www.kickstarter.com/discover/places/brisbane-au",
        "location": "https://www.kickstarter.com/locations/brisbane-au"
      }
    }
  },
  "name": "Your Secret Sauce",
  "photo": {
    "1024x576": "https://ksr-ugc.imgix.net/assets/017/799/429/56b3bb943e67edb12477583821eca6d6_original.jpg?crop=faces&w=1024&h=576&fit=crop&v=1508044684&auto=format&q=92&s=0aeef3b2259fe6c95817037320f9bc94",
    "1536x864": "https://ksr-ugc.imgix.net/assets/017/799/429/56b3bb943e67edb12477583821eca6d6_original.jpg?crop=faces&w=1552&h=873&fit=crop&v=1508044684&auto=format&q=92&s=907a0695a0b737cf23e0ed436c919725",
    "ed": "https://ksr-ugc.imgix.net/assets/017/799/429/56b3bb943e67edb12477583821eca6d6_original.jpg?crop=faces&w=352&h=198&fit=crop&v=1508044684&auto=format&q=92&s=87b29226ce4e46c4eb3be2515db52df3",
    "full": "https://ksr-ugc.imgix.net/assets/017/799/429/56b3bb943e67edb12477583821eca6d6_original.jpg?crop=faces&w=560&h=315&fit=crop&v=1508044684&auto=format&q=92&s=7012c88abcab45e4e57628403a475c63",
    "key": "assets/017/799/429/56b3bb943e67edb12477583821eca6d6_original.jpg",
    "little": "https://ksr-ugc.imgix.net/assets/017/799/429/56b3bb943e67edb12477583821eca6d6_original.jpg?crop=faces&w=208&h=117&fit=crop&v=1508044684&auto=format&q=92&s=43efd4d913ca6fe7ae4acd8ad5aee2df",
    "med": "https://ksr-ugc.imgix.net/assets/017/799/429/56b3bb943e67edb12477583821eca6d6_original.jpg?crop=faces&w=272&h=153&fit=crop&v=1508044684&auto=format&q=92&s=56110223ea60d193939770cb9bf930a6",
    "small": "https://ksr-ugc.imgix.net/assets/017/799/429/56b3bb943e67edb12477583821eca6d6_original.jpg?crop=faces&w=160&h=90&fit=crop&v=1508044684&auto=format&q=92&s=c8fb842a6bd21254b30da4e28637863a",
    "thumb": "https://ksr-ugc.imgix.net/assets/017/799/429/56b3bb943e67edb12477583821eca6d6_original.jpg?crop=faces&w=48&h=27&fit=crop&v=1508044684&auto=format&q=92&s=1a88661c32da1a3f08ea65501b582ade"
  },
  "pledged": 26136.0,
  "profile": {
    "background_color": null,
    "background_image_opacity": 0.8,
    "blurb": null,
    "feature_image_attributes": {
      "image_urls": {
        "baseball_card": "https://ksr-ugc.imgix.net/assets/017/799/429/56b3bb943e67edb12477583821eca6d6_original.jpg?crop=faces&w=560&h=315&fit=crop&v=1508044684&auto=format&q=92&s=7012c88abcab45e4e57628403a475c63",
        "default": "https://ksr-ugc.imgix.net/assets/017/799/429/56b3bb943e67edb12477583821eca6d6_original.jpg?crop=faces&w=1552&h=873&fit=crop&v=1508044684&auto=format&q=92&s=907a0695a0b737cf23e0ed436c919725"
      }
    },
    "id": 3097937,
    "link_background_color": null,
    "link_text": null,
    "link_text_color": null,
    "link_url": null,
    "name": null,
    "project_id": 3097937,
    "should_show_feature_image_section": true,
    "show_feature_image": false,
    "state": "inactive",
    "state_changed_at": 1501906963,
    "text_color": null
  },
  "slug": "your-secret-sauce",
  "spotlight": true,
  "staff_pick": false,
  "state": "successful",
  "state_changed_at": 1510734285,
  "static_usd_rate": 0.78889986,
  "urls": {
    "web": {
      "project": "https://www.kickstarter.com/projects/1255736543/your-secret-sauce?ref=category_newest",
      "rewards": "https://www.kickstarter.com/projects/1255736543/your-secret-sauce/rewards"
    }
  },
  "usd_pledged": "20618.68674096",
  "usd_type": "international"
}