{
  "backers_count": 4,
  "blurb": "Take your Air A01 anywhere. SportClip keeps it ready; SportFinder aims quickly; SportGrip improves hold; LensLanyard keeps it safe.",
  "category": {
    "color": 6526716,
    "id": 333,
    "name": "Camera Equipment",
    "parent_id": 16,
    "position": 3,
    "slug": "technology/camera equipment",
    "urls": {
      "web": {
        "discover": "http://www.kickstarter.com/discover/categories/technology/camera%20equipment"
      }
    }
  },
  "converted_pledged_amount": 279,
  "country": "US",
  "created_at": 1484632680,
  "creator": {
    "avatar": {
      "medium": "https://ksr-ugc.imgix.net/assets/010/325/200/c24c4d15e90a7cb3e62bc537185016ae_original.jpg?w=160&h=160&fit=crop&v=1474056178&auto=format&q=92&s=be51add57ffb650645601b6717431b3a",
      "small": "https://ksr-ugc.imgix.net/assets/010/325/200/c24c4d15e90a7cb3e62bc537185016ae_original.jpg?w=160&h=160&fit=crop&v=1474056178&auto=format&q=92&s=be51add57ffb650645601b6717431b3a",
      "thumb": "https://ksr-ugc.imgix.net/assets/010/325/200/c24c4d15e90a7cb3e62bc537185016ae_original.jpg?w=40&h=40&fit=crop&v=1474056178&auto=format&q=92&s=45e9e4758ea0d8e9113a16c0ed87bb9b"
    },
    "chosen_currency": null,
    "id": 1653453089,
    "is_registered": true,
    "name": "Timothy Gilbert",
    "urls": {
      "api": {
        "user": "https://api.kickstarter.com/v1/users/1653453089?signature=1524100618.7aac654cc99679f48725f4fc8a1634117c7f666b"
      },
      "web": {
        "user": "https://www.kickstarter.com/profile/1653453089"
      }
    }
  },
  "currency": "USD",
  "currency_symbol": "$",
  "currency_trailing_code": true,
  "current_currency": "USD",
  "deadline": 1487866834,
  "disable_communication": false,
  "fx_rate": 1.0,
  "goal": 21700.0,
  "id": 1021717834,
  "is_starrable": false,
  "launched_at": 1485274834,
  "location": {
    "country": "US",
    "displayable_name": "Erie, CO",
    "id": 2400077,
    "is_root": false,
    "localized_name": "Erie",
    "name": "Erie",
    "short_name": "Erie, CO",
    "slug": "erie-co",
    "state": "CO",
    "type": "Town",
    "urls": {
      "api": {
        "nearby_projects": "https://api.kickstarter.com/v1/discover?signature=1524082311.9480c2f6d324ae510b5dab1134e6a1d25a0a1c38&woe_id=2400077"
      },
      "web": {
        "discover": "https://www.kickstarter.com/discover/places/erie-co",
        "location": "https://www.kickstarter.com/locations/erie-co"
      }
    }
  },
  "name": "SportKit: Accessorize your Olympus Air A01 digital camera (Canceled)",
  "photo": {
    "1024x576": "https://ksr-ugc.imgix.net/assets/015/199/401/65401399e8a80f18629e8231344f4a59_original.png?crop=faces&w=1024&h=576&fit=crop&v=1485225583&auto=format&q=92&s=51a8909d4bce33aeacbf0d2276716434",
    "1536x864": "https://ksr-ugc.imgix.net/assets/015/199/401/65401399e8a80f18629e8231344f4a59_original.png?crop=faces&w=1552&h=873&fit=crop&v=1485225583&auto=format&q=92&s=810412b9b495d1ac0668c249b29a4722",
    "ed": "https://ksr-ugc.imgix.net/assets/015/199/401/65401399e8a80f18629e8231344f4a59_original.png?crop=faces&w=352&h=198&fit=crop&v=1485225583&auto=format&q=92&s=0706162a8615008871cc50ce8139e782",
    "full": "https://ksr-ugc.imgix.net/assets/015/199/401/65401399e8a80f18629e8231344f4a59_original.png?crop=faces&w=560&h=315&fit=crop&v=1485225583&auto=format&q=92&s=f54be785e5bfa89ef3013d4c73dc95a0",
    "key": "assets/015/199/401/65401399e8a80f18629e8231344f4a59_original.png",
    "little": "https://ksr-ugc.imgix.net/assets/015/199/401/65401399e8a80f18629e8231344f4a59_original.png?crop=faces&w=208&h=117&fit=crop&v=1485225583&auto=format&q=92&s=bfb3d5cc5fa5196ae381b2cff164047d",
    "med": "https://ksr-ugc.imgix.net/assets/015/199/401/65401399e8a80f18629e8231344f4a59_original.png?crop=faces&w=272&h=153&fit=crop&v=1485225583&auto=format&q=92&s=3c092a51cf56eaa07934961fe3580ad9",
    "small": "https://ksr-ugc.imgix.net/assets/015/199/401/65401399e8a80f18629e8231344f4a59_original.png?crop=faces&w=160&h=90&fit=crop&v=1485225583&auto=format&q=92&s=44775ed0611ddf4fdee514615f17eda2",
    "thumb": "https://ksr-ugc.imgix.net/assets/015/199/401/65401399e8a80f18629e8231344f4a59_original.png?crop=faces&w=48&h=27&fit=crop&v=1485225583&auto=format&q=92&s=795d1f9cff96dab7d5df78bf732324d4"
  },
  "pledged": 279.0,
  "profile": {
    "background_color": null,
    "background_image_opacity": 0.8,
    "blurb": null,
    "feature_image_attributes": {
      "image_urls": {
        "baseball_card": "https://ksr-ugc.imgix.net/assets/015/199/401/65401399e8a80f18629e8231344f4a59_original.png?crop=faces&w=560&h=315&fit=crop&v=1485225583&auto=format&q=92&s=f54be785e5bfa89ef3013d4c73dc95a0",
        "default": "https://ksr-ugc.imgix.net/assets/015/199/401/65401399e8a80f18629e8231344f4a59_original.png?crop=faces&w=1552&h=873&fit=crop&v=1485225583&auto=format&q=92&s=810412b9b495d1ac0668c249b29a4722"
      }
    },
    "id": 2839410,
    "link_background_color": null,
    "link_text": null,
    "link_text_color": null,
    "link_url": null,
    "name": null,
    "project_id": 2839410,
    "should_show_feature_image_section": true,
    "show_feature_image": false,
    "state": "inactive",
    "state_changed_at": 1484632680,
    "text_color": null
  },
  "slug": "sportskit-accessorize-your-olympus-air-a01-digital",
  "spotlight": false,
  "staff_pick": false,
  "state": "canceled",
  "state_changed_at": 1487033403,
  "static_usd_rate": 1.0,
  "urls": {
    "web": {
      "project": "https://www.kickstarter.com/projects/1653453089/sportskit-accessorize-your-olympus-air-a01-digital?ref=category_newest",
      "rewards": "https://www.kickstarter.com/projects/1653453089/sportskit-accessorize-your-olympus-air-a01-digital/rewards"
    }
  },
  "usd_pledged": "279.0",
  "usd_type": "international"
}