{
  "backers_count": 1945,
  "blurb": "Multi-power charging that is smarter, stylish and designed for you.",
  "category": {
    "color": 6526716,
    "id": 52,
    "name": "Hardware",
    "parent_id": 16,
    "position": 8,
    "slug": "technology/hardware",
    "urls": {
      "web": {
        "discover": "http://www.kickstarter.com/discover/categories/technology/hardware"
      }
    }
  },
  "converted_pledged_amount": 202110,
  "country": "DE",
  "created_at": 1452853397,
  "creator": {
    "avatar": {
      "medium": "https://ksr-ugc.imgix.net/assets/010/732/338/364840345a75df6ff02e8c1f3e226db5_original.jpg?w=160&h=160&fit=crop&v=1461709049&auto=format&q=92&s=e9ea23082bc40497f34071dfb92d4331",
      "small": "https://ksr-ugc.imgix.net/assets/010/732/338/364840345a75df6ff02e8c1f3e226db5_original.jpg?w=160&h=160&fit=crop&v=1461709049&auto=format&q=92&s=e9ea23082bc40497f34071dfb92d4331",
      "thumb": "https://ksr-ugc.imgix.net/assets/010/732/338/364840345a75df6ff02e8c1f3e226db5_original.jpg?w=40&h=40&fit=crop&v=1461709049&auto=format&q=92&s=c9a9a89a149ac38b2446347e1f8144fb"
    },
    "chosen_currency": null,
    "id": 1300499319,
    "is_registered": true,
    "name": "Good Gadgets",
    "urls": {
      "api": {
        "user": "https://api.kickstarter.com/v1/users/1300499319?signature=1524101571.d956647c0b0a86d77ddc2e95fc1c0d0d99e6b10c"
      },
      "web": {
        "user": "https://www.kickstarter.com/profile/1300499319"
      }
    }
  },
  "currency": "EUR",
  "currency_symbol": "\u20ac",
  "currency_trailing_code": false,
  "current_currency": "USD",
  "deadline": 1459684862,
  "disable_communication": false,
  "fx_rate": 1.23814016,
  "goal": 50000.0,
  "id": 1021260036,
  "is_starrable": false,
  "launched_at": 1456232462,
  "location": {
    "country": "DE",
    "displayable_name": "Munich, Germany",
    "id": 676757,
    "is_root": false,
    "localized_name": "Munich",
    "name": "Munich",
    "short_name": "Munich, Germany",
    "slug": "munich-de",
    "state": "Bavaria",
    "type": "Town",
    "urls": {
      "api": {
        "nearby_projects": "https://api.kickstarter.com/v1/discover?signature=1524082117.e72b8a5a81d756af92c71c870cb3025f3f57acf0&woe_id=676757"
      },
      "web": {
        "discover": "https://www.kickstarter.com/discover/places/munich-de",
        "location": "https://www.kickstarter.com/locations/munich-de"
      }
    }
  },
  "name": "YOUMO - Your Smart Modular Power Strip",
  "photo": {
    "1024x576": "https://ksr-ugc.imgix.net/assets/012/354/686/987c9cca65a646cbd91b7a67e4f79c29_original.JPG?crop=faces&w=1024&h=576&fit=crop&v=1463756391&auto=format&q=92&s=33c343b6ef92a9ae5baa6243630c0e36",
    "1536x864": "https://ksr-ugc.imgix.net/assets/012/354/686/987c9cca65a646cbd91b7a67e4f79c29_original.JPG?crop=faces&w=1552&h=873&fit=crop&v=1463756391&auto=format&q=92&s=b142cd4e58be7ca159b3c5f577b110dd",
    "ed": "https://ksr-ugc.imgix.net/assets/012/354/686/987c9cca65a646cbd91b7a67e4f79c29_original.JPG?crop=faces&w=352&h=198&fit=crop&v=1463756391&auto=format&q=92&s=60f9aea2c9bc9939fce8b45ec4679ceb",
    "full": "https://ksr-ugc.imgix.net/assets/012/354/686/987c9cca65a646cbd91b7a67e4f79c29_original.JPG?crop=faces&w=560&h=315&fit=crop&v=1463756391&auto=format&q=92&s=17f9f7c6d7d80c831ac840a442e1d06a",
    "key": "assets/012/354/686/987c9cca65a646cbd91b7a67e4f79c29_original.JPG",
    "little": "https://ksr-ugc.imgix.net/assets/012/354/686/987c9cca65a646cbd91b7a67e4f79c29_original.JPG?crop=faces&w=208&h=117&fit=crop&v=1463756391&auto=format&q=92&s=055c3ba8857b137b657bcc20ab534efe",
    "med": "https://ksr-ugc.imgix.net/assets/012/354/686/987c9cca65a646cbd91b7a67e4f79c29_original.JPG?crop=faces&w=272&h=153&fit=crop&v=1463756391&auto=format&q=92&s=15f372778cc2b585ff3374e42f9d2645",
    "small": "https://ksr-ugc.imgix.net/assets/012/354/686/987c9cca65a646cbd91b7a67e4f79c29_original.JPG?crop=faces&w=160&h=90&fit=crop&v=1463756391&auto=format&q=92&s=3b64e23b580ea753b243ad9d91ad7087",
    "thumb": "https://ksr-ugc.imgix.net/assets/012/354/686/987c9cca65a646cbd91b7a67e4f79c29_original.JPG?crop=faces&w=48&h=27&fit=crop&v=1463756391&auto=format&q=92&s=5456446e909db154fece86211046ad20"
  },
  "pledged": 177412.01,
  "profile": {
    "background_color": "",
    "background_image_opacity": 0.8,
    "blurb": "Multi-power charging that is smarter, stylish and designed for you.",
    "feature_image_attributes": {
      "image_urls": {
        "baseball_card": "https://ksr-ugc.imgix.net/assets/012/354/686/987c9cca65a646cbd91b7a67e4f79c29_original.JPG?crop=faces&w=560&h=315&fit=crop&v=1463756391&auto=format&q=92&s=17f9f7c6d7d80c831ac840a442e1d06a",
        "default": "https://ksr-ugc.imgix.net/assets/012/354/686/987c9cca65a646cbd91b7a67e4f79c29_original.JPG?crop=faces&w=1552&h=873&fit=crop&v=1463756391&auto=format&q=92&s=b142cd4e58be7ca159b3c5f577b110dd"
      }
    },
    "id": 2322842,
    "link_background_color": "",
    "link_text": "Follow along!",
    "link_text_color": "",
    "link_url": "http://www.youmo-power.com/",
    "name": "YOUMO - Your Smart Modular Power Strip",
    "project_id": 2322842,
    "should_show_feature_image_section": true,
    "show_feature_image": false,
    "state": "active",
    "state_changed_at": 1459762737,
    "text_color": ""
  },
  "slug": "youmo-your-smart-modular-power-strip",
  "spotlight": true,
  "staff_pick": true,
  "state": "successful",
  "state_changed_at": 1459684866,
  "static_usd_rate": 1.11120371,
  "urls": {
    "web": {
      "project": "https://www.kickstarter.com/projects/1300499319/youmo-your-smart-modular-power-strip?ref=category_newest",
      "rewards": "https://www.kickstarter.com/projects/1300499319/youmo-your-smart-modular-power-strip/rewards"
    }
  },
  "usd_pledged": "197140.8837105571",
  "usd_type": "international"
}