{
  "backers_count": 1,
  "blurb": "An App For Users To Check Their Eligibility for The Supplimental Nutrition Assistance Program",
  "category": {
    "color": 6526716,
    "id": 332,
    "name": "Apps",
    "parent_id": 16,
    "position": 2,
    "slug": "technology/apps",
    "urls": {
      "web": {
        "discover": "http://www.kickstarter.com/discover/categories/technology/apps"
      }
    }
  },
  "converted_pledged_amount": 200,
  "country": "US",
  "created_at": 1523223451,
  "creator": {
    "avatar": {
      "medium": "https://ksr-ugc.imgix.net/assets/020/819/094/dd84af207697ad3a4f02725cb7a9db32_original.jpg?w=160&h=160&fit=crop&v=1523223204&auto=format&q=92&s=bdce5ca013b19a0153094ba918df9225",
      "small": "https://ksr-ugc.imgix.net/assets/020/819/094/dd84af207697ad3a4f02725cb7a9db32_original.jpg?w=160&h=160&fit=crop&v=1523223204&auto=format&q=92&s=bdce5ca013b19a0153094ba918df9225",
      "thumb": "https://ksr-ugc.imgix.net/assets/020/819/094/dd84af207697ad3a4f02725cb7a9db32_original.jpg?w=40&h=40&fit=crop&v=1523223204&auto=format&q=92&s=1fd70647ae69c7bebcdae591855515c0"
    },
    "chosen_currency": null,
    "id": 1490575193,
    "is_registered": true,
    "name": "Gray",
    "slug": "graywoolsey",
    "urls": {
      "api": {
        "user": "https://api.kickstarter.com/v1/users/1490575193?signature=1524100077.494ec495f3fb274457ed12b120bc0d7c95f0ab63"
      },
      "web": {
        "user": "https://www.kickstarter.com/profile/graywoolsey"
      }
    }
  },
  "currency": "USD",
  "currency_symbol": "$",
  "currency_trailing_code": true,
  "current_currency": "USD",
  "deadline": 1525972774,
  "disable_communication": false,
  "fx_rate": 1.0,
  "goal": 5000.0,
  "id": 102106803,
  "is_starrable": true,
  "launched_at": 1523380774,
  "location": {
    "country": "US",
    "displayable_name": "Edmond, OK",
    "id": 2397421,
    "is_root": false,
    "localized_name": "Edmond",
    "name": "Edmond",
    "short_name": "Edmond, OK",
    "slug": "edmond-ok",
    "state": "OK",
    "type": "Town",
    "urls": {
      "api": {
        "nearby_projects": "https://api.kickstarter.com/v1/discover?signature=1524082152.92bba4d42a8698ef767fc20c283164c0b4f01fc3&woe_id=2397421"
      },
      "web": {
        "discover": "https://www.kickstarter.com/discover/places/edmond-ok",
        "location": "https://www.kickstarter.com/locations/edmond-ok"
      }
    }
  },
  "name": "SNAP App (Temporary Name)",
  "photo": {
    "1024x576": "https://ksr-ugc.imgix.net/assets/020/819/255/0669ac45cb153ce0b06e92eecb2adc0a_original.png?crop=faces&w=1024&h=576&fit=crop&v=1523224447&auto=format&q=92&s=58f1b1f503dbdb65ab252885ea889a46",
    "1536x864": "https://ksr-ugc.imgix.net/assets/020/819/255/0669ac45cb153ce0b06e92eecb2adc0a_original.png?crop=faces&w=1552&h=873&fit=crop&v=1523224447&auto=format&q=92&s=c6420fb28ade2a7d42a873b5133f14f8",
    "ed": "https://ksr-ugc.imgix.net/assets/020/819/255/0669ac45cb153ce0b06e92eecb2adc0a_original.png?crop=faces&w=352&h=198&fit=crop&v=1523224447&auto=format&q=92&s=dfa4a332b1d3370fcd287a2443c0b8f3",
    "full": "https://ksr-ugc.imgix.net/assets/020/819/255/0669ac45cb153ce0b06e92eecb2adc0a_original.png?crop=faces&w=560&h=315&fit=crop&v=1523224447&auto=format&q=92&s=18a30dca18f743818cd7d570f1cccb8f",
    "key": "assets/020/819/255/0669ac45cb153ce0b06e92eecb2adc0a_original.png",
    "little": "https://ksr-ugc.imgix.net/assets/020/819/255/0669ac45cb153ce0b06e92eecb2adc0a_original.png?crop=faces&w=208&h=117&fit=crop&v=1523224447&auto=format&q=92&s=a1b571d7fec8669b8708e81d567d1855",
    "med": "https://ksr-ugc.imgix.net/assets/020/819/255/0669ac45cb153ce0b06e92eecb2adc0a_original.png?crop=faces&w=272&h=153&fit=crop&v=1523224447&auto=format&q=92&s=9a12f1e1b50093a5fc6001192751b091",
    "small": "https://ksr-ugc.imgix.net/assets/020/819/255/0669ac45cb153ce0b06e92eecb2adc0a_original.png?crop=faces&w=160&h=90&fit=crop&v=1523224447&auto=format&q=92&s=7ff2f05bd04f4f98819e5ee51a63d6d7",
    "thumb": "https://ksr-ugc.imgix.net/assets/020/819/255/0669ac45cb153ce0b06e92eecb2adc0a_original.png?crop=faces&w=48&h=27&fit=crop&v=1523224447&auto=format&q=92&s=da6aefa2c0a84bd8684791e33734c956"
  },
  "pledged": 200.0,
  "profile": {
    "background_color": null,
    "background_image_opacity": 0.8,
    "blurb": null,
    "feature_image_attributes": {
      "image_urls": {
        "baseball_card": "https://ksr-ugc.imgix.net/assets/020/819/255/0669ac45cb153ce0b06e92eecb2adc0a_original.png?crop=faces&w=560&h=315&fit=crop&v=1523224447&auto=format&q=92&s=18a30dca18f743818cd7d570f1cccb8f",
        "default": "https://ksr-ugc.imgix.net/assets/020/819/255/0669ac45cb153ce0b06e92eecb2adc0a_original.png?crop=faces&w=1552&h=873&fit=crop&v=1523224447&auto=format&q=92&s=c6420fb28ade2a7d42a873b5133f14f8"
      }
    },
    "id": 3353345,
    "link_background_color": null,
    "link_text": null,
    "link_text_color": null,
    "link_url": null,
    "name": null,
    "project_id": 3353345,
    "should_show_feature_image_section": true,
    "show_feature_image": false,
    "state": "inactive",
    "state_changed_at": 1523223451,
    "text_color": null
  },
  "slug": "snap-app-temporary-name",
  "spotlight": false,
  "staff_pick": false,
  "state": "live",
  "state_changed_at": 1523380774,
  "static_usd_rate": 1.0,
  "urls": {
    "web": {
      "project": "https://www.kickstarter.com/projects/graywoolsey/snap-app-temporary-name?ref=category_newest",
      "rewards": "https://www.kickstarter.com/projects/graywoolsey/snap-app-temporary-name/rewards"
    }
  },
  "usd_pledged": "200.0",
  "usd_type": "international"
}