{
  "backers_count": 23,
  "blurb": "MODLINK is an Arduino based programmable modular (shield) circuit board for quick prototyping and deployment of electronic controller.",
  "category": {
    "color": 6526716,
    "id": 334,
    "name": "DIY Electronics",
    "parent_id": 16,
    "position": 4,
    "slug": "technology/diy electronics",
    "urls": {
      "web": {
        "discover": "http://www.kickstarter.com/discover/categories/technology/diy%20electronics"
      }
    }
  },
  "converted_pledged_amount": 5064,
  "country": "US",
  "created_at": 1417829630,
  "creator": {
    "avatar": {
      "medium": "https://ksr-ugc.imgix.net/assets/009/261/664/ccabb1fb8426901d694c6e04fd5d2c98_original.jpg?w=160&h=160&fit=crop&v=1461569402&auto=format&q=92&s=dde7e47c7e43c91fb062445ff2f75558",
      "small": "https://ksr-ugc.imgix.net/assets/009/261/664/ccabb1fb8426901d694c6e04fd5d2c98_original.jpg?w=160&h=160&fit=crop&v=1461569402&auto=format&q=92&s=dde7e47c7e43c91fb062445ff2f75558",
      "thumb": "https://ksr-ugc.imgix.net/assets/009/261/664/ccabb1fb8426901d694c6e04fd5d2c98_original.jpg?w=40&h=40&fit=crop&v=1461569402&auto=format&q=92&s=f2ba2d22d758755c7b70bfbbab6362ac"
    },
    "chosen_currency": null,
    "id": 1473179287,
    "is_registered": true,
    "name": "Jin Lee",
    "urls": {
      "api": {
        "user": "https://api.kickstarter.com/v1/users/1473179287?signature=1524100648.66c685652472913d94600fbdf77c3f520997a3bf"
      },
      "web": {
        "user": "https://www.kickstarter.com/profile/1473179287"
      }
    }
  },
  "currency": "USD",
  "currency_symbol": "$",
  "currency_trailing_code": true,
  "current_currency": "USD",
  "deadline": 1420557179,
  "disable_communication": false,
  "fx_rate": 1.0,
  "goal": 3000.0,
  "id": 1021615407,
  "is_starrable": false,
  "launched_at": 1417965179,
  "location": {
    "country": "US",
    "displayable_name": "Palisades Park, NJ",
    "id": 2467648,
    "is_root": false,
    "localized_name": "Palisades Park",
    "name": "Palisades Park",
    "short_name": "Palisades Park, NJ",
    "slug": "palisades-park-nj",
    "state": "NJ",
    "type": "Town",
    "urls": {
      "api": {
        "nearby_projects": "https://api.kickstarter.com/v1/discover?signature=1524082364.838be2f55da7eb7964a8a53784496f9470277880&woe_id=2467648"
      },
      "web": {
        "discover": "https://www.kickstarter.com/discover/places/palisades-park-nj",
        "location": "https://www.kickstarter.com/locations/palisades-park-nj"
      }
    }
  },
  "name": "MODLINK - All-In-One multi-shield UNO based board",
  "photo": {
    "1024x576": "https://ksr-ugc.imgix.net/assets/011/965/996/d27fb922cbda29a08e7abd17bc32f804_original.jpg?crop=faces&w=1024&h=576&fit=crop&v=1463719932&auto=format&q=92&s=3823cae897e506aea8feba9bc908789b",
    "1536x864": "https://ksr-ugc.imgix.net/assets/011/965/996/d27fb922cbda29a08e7abd17bc32f804_original.jpg?crop=faces&w=1552&h=873&fit=crop&v=1463719932&auto=format&q=92&s=1ef8225dc6ba3cde3a0f6b170df92183",
    "ed": "https://ksr-ugc.imgix.net/assets/011/965/996/d27fb922cbda29a08e7abd17bc32f804_original.jpg?crop=faces&w=352&h=198&fit=crop&v=1463719932&auto=format&q=92&s=f4738e1c95be0845dee41afd78433b7a",
    "full": "https://ksr-ugc.imgix.net/assets/011/965/996/d27fb922cbda29a08e7abd17bc32f804_original.jpg?crop=faces&w=560&h=315&fit=crop&v=1463719932&auto=format&q=92&s=b4ddd1cf2e6b1543a767b6126217a6b4",
    "key": "assets/011/965/996/d27fb922cbda29a08e7abd17bc32f804_original.jpg",
    "little": "https://ksr-ugc.imgix.net/assets/011/965/996/d27fb922cbda29a08e7abd17bc32f804_original.jpg?crop=faces&w=208&h=117&fit=crop&v=1463719932&auto=format&q=92&s=9420b7a462b82c773e4284eab580f5d0",
    "med": "https://ksr-ugc.imgix.net/assets/011/965/996/d27fb922cbda29a08e7abd17bc32f804_original.jpg?crop=faces&w=272&h=153&fit=crop&v=1463719932&auto=format&q=92&s=a89cb4ec4bd5edc8eef57b91ef006225",
    "small": "https://ksr-ugc.imgix.net/assets/011/965/996/d27fb922cbda29a08e7abd17bc32f804_original.jpg?crop=faces&w=160&h=90&fit=crop&v=1463719932&auto=format&q=92&s=6e1b4c2e04bbb6c68602f27d40aa3c3c",
    "thumb": "https://ksr-ugc.imgix.net/assets/011/965/996/d27fb922cbda29a08e7abd17bc32f804_original.jpg?crop=faces&w=48&h=27&fit=crop&v=1463719932&auto=format&q=92&s=899e04d89f9b75a96eccf0df1873e2e0"
  },
  "pledged": 5064.0,
  "profile": {
    "background_color": null,
    "background_image_opacity": 0.8,
    "blurb": null,
    "feature_image_attributes": {
      "image_urls": {
        "baseball_card": "https://ksr-ugc.imgix.net/assets/011/965/996/d27fb922cbda29a08e7abd17bc32f804_original.jpg?crop=faces&w=560&h=315&fit=crop&v=1463719932&auto=format&q=92&s=b4ddd1cf2e6b1543a767b6126217a6b4",
        "default": "https://ksr-ugc.imgix.net/assets/011/965/996/d27fb922cbda29a08e7abd17bc32f804_original.jpg?crop=faces&w=1552&h=873&fit=crop&v=1463719932&auto=format&q=92&s=1ef8225dc6ba3cde3a0f6b170df92183"
      }
    },
    "id": 1559144,
    "link_background_color": null,
    "link_text": null,
    "link_text_color": null,
    "link_url": null,
    "name": null,
    "project_id": 1559144,
    "should_show_feature_image_section": true,
    "show_feature_image": false,
    "state": "inactive",
    "state_changed_at": 1425915885,
    "text_color": null
  },
  "slug": "modlink",
  "spotlight": true,
  "staff_pick": true,
  "state": "successful",
  "state_changed_at": 1420557179,
  "static_usd_rate": 1.0,
  "urls": {
    "web": {
      "project": "https://www.kickstarter.com/projects/1473179287/modlink?ref=category_newest",
      "rewards": "https://www.kickstarter.com/projects/1473179287/modlink/rewards"
    }
  },
  "usd_pledged": "5064.0",
  "usd_type": "international"
}