{
  "backers_count": 10,
  "blurb": "Don't be fooled...we're more than your typical spinner! We make precision designed therapeutic fidget devices for anyone aged 7 and up!",
  "category": {
    "color": 6526716,
    "id": 337,
    "name": "Gadgets",
    "parent_id": 16,
    "position": 7,
    "slug": "technology/gadgets",
    "urls": {
      "web": {
        "discover": "http://www.kickstarter.com/discover/categories/technology/gadgets"
      }
    }
  },
  "converted_pledged_amount": 535,
  "country": "CA",
  "created_at": 1497895457,
  "creator": {
    "avatar": {
      "medium": "https://ksr-ugc.imgix.net/assets/017/171/499/6b0d8dd8223d4ad2ed0c107268621c2c_original.jpg?w=160&h=160&fit=crop&v=1497922257&auto=format&q=92&s=a8e7226dac07e15d07c122f1131dcedf",
      "small": "https://ksr-ugc.imgix.net/assets/017/171/499/6b0d8dd8223d4ad2ed0c107268621c2c_original.jpg?w=160&h=160&fit=crop&v=1497922257&auto=format&q=92&s=a8e7226dac07e15d07c122f1131dcedf",
      "thumb": "https://ksr-ugc.imgix.net/assets/017/171/499/6b0d8dd8223d4ad2ed0c107268621c2c_original.jpg?w=40&h=40&fit=crop&v=1497922257&auto=format&q=92&s=f69ad596b96d0cb8c4a0d247a0242b41"
    },
    "chosen_currency": null,
    "id": 1709264018,
    "is_registered": true,
    "name": "Julie Randall and Wendy Hansen",
    "urls": {
      "api": {
        "user": "https://api.kickstarter.com/v1/users/1709264018?signature=1524101379.6776d8ed504a1b29285aad918e904718d965ed24"
      },
      "web": {
        "user": "https://www.kickstarter.com/profile/1709264018"
      }
    }
  },
  "currency": "CAD",
  "currency_symbol": "$",
  "currency_trailing_code": true,
  "current_currency": "USD",
  "deadline": 1501972300,
  "disable_communication": false,
  "fx_rate": 0.79525709,
  "goal": 13950.0,
  "id": 1021482460,
  "is_starrable": false,
  "launched_at": 1499380300,
  "location": {
    "country": "CA",
    "displayable_name": "Red Deer, Canada",
    "id": 8734,
    "is_root": false,
    "localized_name": "Red Deer",
    "name": "Red Deer",
    "short_name": "Red Deer, Canada",
    "slug": "red-deer-ca",
    "state": "AB",
    "type": "Town",
    "urls": {
      "api": {
        "nearby_projects": "https://api.kickstarter.com/v1/discover?signature=1524082130.cabab1ec1a016a4fd4066e779735a9edc5c6e1eb&woe_id=8734"
      },
      "web": {
        "discover": "https://www.kickstarter.com/discover/places/red-deer-ca",
        "location": "https://www.kickstarter.com/locations/red-deer-ca"
      }
    }
  },
  "name": "Fidgi Spinz Therapeutic Fidget Devices",
  "photo": {
    "1024x576": "https://ksr-ugc.imgix.net/assets/017/166/076/9d5d356da04dfb9034c41f57a9702b2c_original.jpg?crop=faces&w=1024&h=576&fit=crop&v=1498786840&auto=format&q=92&s=543547ebdc48255a6fa3bd42db422898",
    "1536x864": "https://ksr-ugc.imgix.net/assets/017/166/076/9d5d356da04dfb9034c41f57a9702b2c_original.jpg?crop=faces&w=1552&h=873&fit=crop&v=1498786840&auto=format&q=92&s=0da33494baedf377b3419de27be7d722",
    "ed": "https://ksr-ugc.imgix.net/assets/017/166/076/9d5d356da04dfb9034c41f57a9702b2c_original.jpg?crop=faces&w=352&h=198&fit=crop&v=1498786840&auto=format&q=92&s=b74bd67b4dbb5a2246fae653cb380616",
    "full": "https://ksr-ugc.imgix.net/assets/017/166/076/9d5d356da04dfb9034c41f57a9702b2c_original.jpg?crop=faces&w=560&h=315&fit=crop&v=1498786840&auto=format&q=92&s=22a6dd9048c4be8eede89d8b3fcc9e57",
    "key": "assets/017/166/076/9d5d356da04dfb9034c41f57a9702b2c_original.jpg",
    "little": "https://ksr-ugc.imgix.net/assets/017/166/076/9d5d356da04dfb9034c41f57a9702b2c_original.jpg?crop=faces&w=208&h=117&fit=crop&v=1498786840&auto=format&q=92&s=bac0387383dbc9cffb2d39882ed1a291",
    "med": "https://ksr-ugc.imgix.net/assets/017/166/076/9d5d356da04dfb9034c41f57a9702b2c_original.jpg?crop=faces&w=272&h=153&fit=crop&v=1498786840&auto=format&q=92&s=1a8e939315b5924e5101dafb89953ddf",
    "small": "https://ksr-ugc.imgix.net/assets/017/166/076/9d5d356da04dfb9034c41f57a9702b2c_original.jpg?crop=faces&w=160&h=90&fit=crop&v=1498786840&auto=format&q=92&s=76cb2deae4e029dc91dd6f5c3fdf4695",
    "thumb": "https://ksr-ugc.imgix.net/assets/017/166/076/9d5d356da04dfb9034c41f57a9702b2c_original.jpg?crop=faces&w=48&h=27&fit=crop&v=1498786840&auto=format&q=92&s=116fd5534188451d64e5df2ef38d755c"
  },
  "pledged": 678.0,
  "profile": {
    "background_color": null,
    "background_image_opacity": 0.8,
    "blurb": null,
    "feature_image_attributes": {
      "image_urls": {
        "baseball_card": "https://ksr-ugc.imgix.net/assets/017/166/076/9d5d356da04dfb9034c41f57a9702b2c_original.jpg?crop=faces&w=560&h=315&fit=crop&v=1498786840&auto=format&q=92&s=22a6dd9048c4be8eede89d8b3fcc9e57",
        "default": "https://ksr-ugc.imgix.net/assets/017/166/076/9d5d356da04dfb9034c41f57a9702b2c_original.jpg?crop=faces&w=1552&h=873&fit=crop&v=1498786840&auto=format&q=92&s=0da33494baedf377b3419de27be7d722"
      }
    },
    "id": 3044858,
    "link_background_color": null,
    "link_text": null,
    "link_text_color": null,
    "link_url": null,
    "name": null,
    "project_id": 3044858,
    "should_show_feature_image_section": true,
    "show_feature_image": false,
    "state": "inactive",
    "state_changed_at": 1497895457,
    "text_color": null
  },
  "slug": "fidgi-spinz-therapeutic-fidget-devices",
  "spotlight": false,
  "staff_pick": false,
  "state": "failed",
  "state_changed_at": 1501972301,
  "static_usd_rate": 0.77300123,
  "urls": {
    "web": {
      "project": "https://www.kickstarter.com/projects/1709264018/fidgi-spinz-therapeutic-fidget-devices?ref=category_newest",
      "rewards": "https://www.kickstarter.com/projects/1709264018/fidgi-spinz-therapeutic-fidget-devices/rewards"
    }
  },
  "usd_pledged": "524.09483394",
  "usd_type": "international"
}