{
  "backers_count": 10,
  "blurb": "We are a high school robotics team trying to raise money to travel to, and compete in competitions.",
  "category": {
    "color": 6526716,
    "id": 338,
    "name": "Robots",
    "parent_id": 16,
    "position": 10,
    "slug": "technology/robots",
    "urls": {
      "web": {
        "discover": "http://www.kickstarter.com/discover/categories/technology/robots"
      }
    }
  },
  "converted_pledged_amount": 199,
  "country": "US",
  "created_at": 1446601667,
  "creator": {
    "avatar": {
      "medium": "https://ksr-ugc.imgix.net/assets/010/510/840/09d5dc6e22cd21ae31d8b25b63913781_original.jpg?w=160&h=160&fit=crop&v=1461694718&auto=format&q=92&s=ae2604afa7d64f1c612798df5f40d67d",
      "small": "https://ksr-ugc.imgix.net/assets/010/510/840/09d5dc6e22cd21ae31d8b25b63913781_original.jpg?w=160&h=160&fit=crop&v=1461694718&auto=format&q=92&s=ae2604afa7d64f1c612798df5f40d67d",
      "thumb": "https://ksr-ugc.imgix.net/assets/010/510/840/09d5dc6e22cd21ae31d8b25b63913781_original.jpg?w=40&h=40&fit=crop&v=1461694718&auto=format&q=92&s=cd3133c2320e8b3a5f329adfb5a939bd"
    },
    "chosen_currency": null,
    "id": 1608043440,
    "is_registered": true,
    "name": "CINDY Stong",
    "urls": {
      "api": {
        "user": "https://api.kickstarter.com/v1/users/1608043440?signature=1524101952.f444d27fb31a5dc94df9a2d5b9564d1b28b0e36b"
      },
      "web": {
        "user": "https://www.kickstarter.com/profile/1608043440"
      }
    }
  },
  "currency": "USD",
  "currency_symbol": "$",
  "currency_trailing_code": true,
  "current_currency": "USD",
  "deadline": 1452355055,
  "disable_communication": false,
  "fx_rate": 1.0,
  "goal": 5000.0,
  "id": 1021487405,
  "is_starrable": false,
  "launched_at": 1447171055,
  "location": {
    "country": "US",
    "displayable_name": "Alamogordo, NM",
    "id": 2352584,
    "is_root": false,
    "localized_name": "Alamogordo",
    "name": "Alamogordo",
    "short_name": "Alamogordo, NM",
    "slug": "alamogordo-nm",
    "state": "NM",
    "type": "Town",
    "urls": {
      "api": {
        "nearby_projects": "https://api.kickstarter.com/v1/discover?signature=1524082242.ebc303852bbc1b0e17cb3ce572acab46c66ee821&woe_id=2352584"
      },
      "web": {
        "discover": "https://www.kickstarter.com/discover/places/alamogordo-nm",
        "location": "https://www.kickstarter.com/locations/alamogordo-nm"
      }
    }
  },
  "name": "Thunderdogs High School Robotics Team",
  "photo": {
    "1024x576": "https://ksr-ugc.imgix.net/assets/012/297/181/27a54aa4ccc0950742e144979c20483f_original.jpg?crop=faces&w=1024&h=576&fit=crop&v=1463752612&auto=format&q=92&s=075ea6758539928067fa9a0cb54cf292",
    "1536x864": "https://ksr-ugc.imgix.net/assets/012/297/181/27a54aa4ccc0950742e144979c20483f_original.jpg?crop=faces&w=1552&h=873&fit=crop&v=1463752612&auto=format&q=92&s=8fe92b7082b8a36e952e66afc1da7076",
    "ed": "https://ksr-ugc.imgix.net/assets/012/297/181/27a54aa4ccc0950742e144979c20483f_original.jpg?crop=faces&w=352&h=198&fit=crop&v=1463752612&auto=format&q=92&s=924d51ccc921a5214272c303999a789b",
    "full": "https://ksr-ugc.imgix.net/assets/012/297/181/27a54aa4ccc0950742e144979c20483f_original.jpg?crop=faces&w=560&h=315&fit=crop&v=1463752612&auto=format&q=92&s=05839778ab6b240a6a12bae9ee91f6ee",
    "key": "assets/012/297/181/27a54aa4ccc0950742e144979c20483f_original.jpg",
    "little": "https://ksr-ugc.imgix.net/assets/012/297/181/27a54aa4ccc0950742e144979c20483f_original.jpg?crop=faces&w=208&h=117&fit=crop&v=1463752612&auto=format&q=92&s=2e6b52a78a255097a810fecb689cf7a5",
    "med": "https://ksr-ugc.imgix.net/assets/012/297/181/27a54aa4ccc0950742e144979c20483f_original.jpg?crop=faces&w=272&h=153&fit=crop&v=1463752612&auto=format&q=92&s=03eafb72ec59f530012561119ed18c02",
    "small": "https://ksr-ugc.imgix.net/assets/012/297/181/27a54aa4ccc0950742e144979c20483f_original.jpg?crop=faces&w=160&h=90&fit=crop&v=1463752612&auto=format&q=92&s=b2046240a5e3505167cb660c28132e23",
    "thumb": "https://ksr-ugc.imgix.net/assets/012/297/181/27a54aa4ccc0950742e144979c20483f_original.jpg?crop=faces&w=48&h=27&fit=crop&v=1463752612&auto=format&q=92&s=a1e2824ae637ddb86c79e94b4f861f99"
  },
  "pledged": 199.0,
  "profile": {
    "background_color": null,
    "background_image_opacity": 0.8,
    "blurb": null,
    "feature_image_attributes": {
      "image_urls": {
        "baseball_card": "https://ksr-ugc.imgix.net/assets/012/297/181/27a54aa4ccc0950742e144979c20483f_original.jpg?crop=faces&w=560&h=315&fit=crop&v=1463752612&auto=format&q=92&s=05839778ab6b240a6a12bae9ee91f6ee",
        "default": "https://ksr-ugc.imgix.net/assets/012/297/181/27a54aa4ccc0950742e144979c20483f_original.jpg?crop=faces&w=1552&h=873&fit=crop&v=1463752612&auto=format&q=92&s=8fe92b7082b8a36e952e66afc1da7076"
      }
    },
    "id": 2208890,
    "link_background_color": null,
    "link_text": null,
    "link_text_color": null,
    "link_url": null,
    "name": null,
    "project_id": 2208890,
    "should_show_feature_image_section": true,
    "show_feature_image": false,
    "state": "inactive",
    "state_changed_at": 1446601667,
    "text_color": null
  },
  "slug": "thunderdogs-high-school-robotics-team",
  "spotlight": false,
  "staff_pick": false,
  "state": "failed",
  "state_changed_at": 1452355057,
  "static_usd_rate": 1.0,
  "urls": {
    "web": {
      "project": "https://www.kickstarter.com/projects/1608043440/thunderdogs-high-school-robotics-team?ref=category_newest",
      "rewards": "https://www.kickstarter.com/projects/1608043440/thunderdogs-high-school-robotics-team/rewards"
    }
  },
  "usd_pledged": "199.0",
  "usd_type": "international"
}