{
  "backers_count": 2,
  "blurb": "It Is A Marketplace Of Intangibles Where People Can Request, Share, Sell And Buy Information And Knowledge.",
  "category": {
    "color": 6526716,
    "id": 51,
    "name": "Software",
    "parent_id": 16,
    "position": 11,
    "slug": "technology/software",
    "urls": {
      "web": {
        "discover": "http://www.kickstarter.com/discover/categories/technology/software"
      }
    }
  },
  "converted_pledged_amount": 11,
  "country": "ES",
  "created_at": 1476357526,
  "creator": {
    "avatar": {
      "medium": "https://ksr-ugc.imgix.net/assets/014/782/309/e5477c1b86639a9f5d8c4a3aa657c98f_original.png?w=160&h=160&fit=crop&v=1480977326&auto=format&q=92&s=725d110acdc5c1de6a38aac5f6cd0def",
      "small": "https://ksr-ugc.imgix.net/assets/014/782/309/e5477c1b86639a9f5d8c4a3aa657c98f_original.png?w=160&h=160&fit=crop&v=1480977326&auto=format&q=92&s=725d110acdc5c1de6a38aac5f6cd0def",
      "thumb": "https://ksr-ugc.imgix.net/assets/014/782/309/e5477c1b86639a9f5d8c4a3aa657c98f_original.png?w=40&h=40&fit=crop&v=1480977326&auto=format&q=92&s=114398e80cb0998a0aa32387eebc688e"
    },
    "chosen_currency": null,
    "id": 1981202253,
    "is_registered": true,
    "name": "GastonRey",
    "urls": {
      "api": {
        "user": "https://api.kickstarter.com/v1/users/1981202253?signature=1524102407.a01ffee3d6a98ea1114038f89cc906ea6ddc4aa0"
      },
      "web": {
        "user": "https://www.kickstarter.com/profile/1981202253"
      }
    }
  },
  "currency": "EUR",
  "currency_symbol": "\u20ac",
  "currency_trailing_code": false,
  "current_currency": "USD",
  "deadline": 1484506636,
  "disable_communication": false,
  "fx_rate": 1.23814016,
  "goal": 50000.0,
  "id": 1021504282,
  "is_starrable": false,
  "launched_at": 1481050636,
  "location": {
    "country": "ES",
    "displayable_name": "Argentina, Spain",
    "id": 20220607,
    "is_root": false,
    "localized_name": "Argentina",
    "name": "Argentina",
    "short_name": "Argentina, Spain",
    "slug": "argentina-es",
    "state": "Castille and Leon",
    "type": "Town",
    "urls": {
      "api": {
        "nearby_projects": "https://api.kickstarter.com/v1/discover?signature=1524082414.6a2dc4554e0cf5e08c33a27bcc0de4449c0a8739&woe_id=20220607"
      },
      "web": {
        "discover": "https://www.kickstarter.com/discover/places/argentina-es",
        "location": "https://www.kickstarter.com/locations/argentina-es"
      }
    }
  },
  "name": "SolDataBank .\u00b7. The Marketplace Of Information And Knowledge",
  "photo": {
    "1024x576": "https://ksr-ugc.imgix.net/assets/014/098/459/22addddf5c9bb9305b358322cce430b1_original.jpg?crop=faces&w=1024&h=576&fit=crop&v=1476381765&auto=format&q=92&s=db749ff5b602e6403fb05fa12a9d6455",
    "1536x864": "https://ksr-ugc.imgix.net/assets/014/098/459/22addddf5c9bb9305b358322cce430b1_original.jpg?crop=faces&w=1552&h=873&fit=crop&v=1476381765&auto=format&q=92&s=dc966dcb330145ab6f4be7698a398945",
    "ed": "https://ksr-ugc.imgix.net/assets/014/098/459/22addddf5c9bb9305b358322cce430b1_original.jpg?crop=faces&w=352&h=198&fit=crop&v=1476381765&auto=format&q=92&s=10a3b6de0a2484be77cb7705902aa076",
    "full": "https://ksr-ugc.imgix.net/assets/014/098/459/22addddf5c9bb9305b358322cce430b1_original.jpg?crop=faces&w=560&h=315&fit=crop&v=1476381765&auto=format&q=92&s=b5bf35d4306ece1e48a1140d0899f631",
    "key": "assets/014/098/459/22addddf5c9bb9305b358322cce430b1_original.jpg",
    "little": "https://ksr-ugc.imgix.net/assets/014/098/459/22addddf5c9bb9305b358322cce430b1_original.jpg?crop=faces&w=208&h=117&fit=crop&v=1476381765&auto=format&q=92&s=be6e72892fef244f6f3fc89acefbe4d0",
    "med": "https://ksr-ugc.imgix.net/assets/014/098/459/22addddf5c9bb9305b358322cce430b1_original.jpg?crop=faces&w=272&h=153&fit=crop&v=1476381765&auto=format&q=92&s=a0a225c79ce21e6ac27265c99a20fdf5",
    "small": "https://ksr-ugc.imgix.net/assets/014/098/459/22addddf5c9bb9305b358322cce430b1_original.jpg?crop=faces&w=160&h=90&fit=crop&v=1476381765&auto=format&q=92&s=76d7b64fb36bfb4da8dfca9c0114b7e6",
    "thumb": "https://ksr-ugc.imgix.net/assets/014/098/459/22addddf5c9bb9305b358322cce430b1_original.jpg?crop=faces&w=48&h=27&fit=crop&v=1476381765&auto=format&q=92&s=9f2248fe9a8dbcfd9bf1dc0fa70e9ed1"
  },
  "pledged": 11.0,
  "profile": {
    "background_color": null,
    "background_image_opacity": 0.8,
    "blurb": null,
    "feature_image_attributes": {
      "image_urls": {
        "baseball_card": "https://ksr-ugc.imgix.net/assets/014/098/459/22addddf5c9bb9305b358322cce430b1_original.jpg?crop=faces&w=560&h=315&fit=crop&v=1476381765&auto=format&q=92&s=b5bf35d4306ece1e48a1140d0899f631",
        "default": "https://ksr-ugc.imgix.net/assets/014/098/459/22addddf5c9bb9305b358322cce430b1_original.jpg?crop=faces&w=1552&h=873&fit=crop&v=1476381765&auto=format&q=92&s=dc966dcb330145ab6f4be7698a398945"
      }
    },
    "id": 2717264,
    "link_background_color": null,
    "link_text": null,
    "link_text_color": null,
    "link_url": null,
    "name": null,
    "project_id": 2717264,
    "should_show_feature_image_section": true,
    "show_feature_image": false,
    "state": "inactive",
    "state_changed_at": 1476357526,
    "text_color": null
  },
  "slug": "soldatabank-the-marketplace-of-information-and-kno",
  "spotlight": false,
  "staff_pick": false,
  "state": "failed",
  "state_changed_at": 1484506636,
  "static_usd_rate": 1.05479669,
  "urls": {
    "web": {
      "project": "https://www.kickstarter.com/projects/1981202253/soldatabank-the-marketplace-of-information-and-kno?ref=category_newest",
      "rewards": "https://www.kickstarter.com/projects/1981202253/soldatabank-the-marketplace-of-information-and-kno/rewards"
    }
  },
  "usd_pledged": "11.60276359",
  "usd_type": "international"
}