{
  "backers_count": 154,
  "blurb": "Voice Kite allows you to create your digital legacy and permanently share the sights and sounds of your memories with your loved ones.",
  "category": {
    "color": 6526716,
    "id": 51,
    "name": "Software",
    "parent_id": 16,
    "position": 11,
    "slug": "technology/software",
    "urls": {
      "web": {
        "discover": "http://www.kickstarter.com/discover/categories/technology/software"
      }
    }
  },
  "converted_pledged_amount": 11018,
  "country": "US",
  "created_at": 1410397284,
  "creator": {
    "avatar": {
      "medium": "https://ksr-ugc.imgix.net/assets/009/262/458/f6f7cf0f04a943cd74ce907405ecde96_original.jpg?w=160&h=160&fit=crop&v=1461569511&auto=format&q=92&s=7c580a3b17faad31d2a58283af304435",
      "small": "https://ksr-ugc.imgix.net/assets/009/262/458/f6f7cf0f04a943cd74ce907405ecde96_original.jpg?w=160&h=160&fit=crop&v=1461569511&auto=format&q=92&s=7c580a3b17faad31d2a58283af304435",
      "thumb": "https://ksr-ugc.imgix.net/assets/009/262/458/f6f7cf0f04a943cd74ce907405ecde96_original.jpg?w=40&h=40&fit=crop&v=1461569511&auto=format&q=92&s=59d158aab8ee56bdd5e19476dcfc962b"
    },
    "chosen_currency": null,
    "id": 75693128,
    "is_registered": true,
    "name": "Pamela Castrucci",
    "slug": "voicekite",
    "urls": {
      "api": {
        "user": "https://api.kickstarter.com/v1/users/75693128?signature=1524102033.da84d5ee0af7d302f6d7ac99eeca91eefa17acbb"
      },
      "web": {
        "user": "https://www.kickstarter.com/profile/voicekite"
      }
    }
  },
  "currency": "USD",
  "currency_symbol": "$",
  "currency_trailing_code": true,
  "current_currency": "USD",
  "deadline": 1418427382,
  "disable_communication": false,
  "fx_rate": 1.0,
  "goal": 10000.0,
  "id": 1021063280,
  "is_starrable": false,
  "launched_at": 1415835382,
  "location": {
    "country": "US",
    "displayable_name": "Gorham, ME",
    "id": 2412335,
    "is_root": false,
    "localized_name": "Gorham",
    "name": "Gorham",
    "short_name": "Gorham, ME",
    "slug": "gorham-me",
    "state": "ME",
    "type": "Town",
    "urls": {
      "api": {
        "nearby_projects": "https://api.kickstarter.com/v1/discover?signature=1524084837.52d43388f1fa8f31d93f29f3ffcbdab550edfc1b&woe_id=2412335"
      },
      "web": {
        "discover": "https://www.kickstarter.com/discover/places/gorham-me",
        "location": "https://www.kickstarter.com/locations/gorham-me"
      }
    }
  },
  "name": "Voice Kite: Photo & Voice Legacy Preservation System",
  "photo": {
    "1024x576": "https://ksr-ugc.imgix.net/assets/011/865/544/9ce7862088db5b5a39f38ce1ec614158_original.jpg?crop=faces&w=1024&h=576&fit=crop&v=1463706487&auto=format&q=92&s=70f2f2cad1a2a1996d84301d1e0ba2ae",
    "1536x864": "https://ksr-ugc.imgix.net/assets/011/865/544/9ce7862088db5b5a39f38ce1ec614158_original.jpg?crop=faces&w=1552&h=873&fit=crop&v=1463706487&auto=format&q=92&s=699df244a6968ff1374c4e27a13d6231",
    "ed": "https://ksr-ugc.imgix.net/assets/011/865/544/9ce7862088db5b5a39f38ce1ec614158_original.jpg?crop=faces&w=352&h=198&fit=crop&v=1463706487&auto=format&q=92&s=3b8b5fa8a7c470234e49d3bd192a4d65",
    "full": "https://ksr-ugc.imgix.net/assets/011/865/544/9ce7862088db5b5a39f38ce1ec614158_original.jpg?crop=faces&w=560&h=315&fit=crop&v=1463706487&auto=format&q=92&s=422252f5af6adecffddc98a6388bf77f",
    "key": "assets/011/865/544/9ce7862088db5b5a39f38ce1ec614158_original.jpg",
    "little": "https://ksr-ugc.imgix.net/assets/011/865/544/9ce7862088db5b5a39f38ce1ec614158_original.jpg?crop=faces&w=208&h=117&fit=crop&v=1463706487&auto=format&q=92&s=4a82b18cda806aa0bbd7553c4eef88ef",
    "med": "https://ksr-ugc.imgix.net/assets/011/865/544/9ce7862088db5b5a39f38ce1ec614158_original.jpg?crop=faces&w=272&h=153&fit=crop&v=1463706487&auto=format&q=92&s=f80e00d58f1ec02a25a6dd747a03515e",
    "small": "https://ksr-ugc.imgix.net/assets/011/865/544/9ce7862088db5b5a39f38ce1ec614158_original.jpg?crop=faces&w=160&h=90&fit=crop&v=1463706487&auto=format&q=92&s=258c7f5da5649400c1593868a1c38fd1",
    "thumb": "https://ksr-ugc.imgix.net/assets/011/865/544/9ce7862088db5b5a39f38ce1ec614158_original.jpg?crop=faces&w=48&h=27&fit=crop&v=1463706487&auto=format&q=92&s=4d54c23b42ea56e97c698ddb88615593"
  },
  "pledged": 11018.0,
  "profile": {
    "background_color": null,
    "background_image_opacity": 0.8,
    "blurb": null,
    "feature_image_attributes": {
      "image_urls": {
        "baseball_card": "https://ksr-ugc.imgix.net/assets/011/865/544/9ce7862088db5b5a39f38ce1ec614158_original.jpg?crop=faces&w=560&h=315&fit=crop&v=1463706487&auto=format&q=92&s=422252f5af6adecffddc98a6388bf77f",
        "default": "https://ksr-ugc.imgix.net/assets/011/865/544/9ce7862088db5b5a39f38ce1ec614158_original.jpg?crop=faces&w=1552&h=873&fit=crop&v=1463706487&auto=format&q=92&s=699df244a6968ff1374c4e27a13d6231"
      }
    },
    "id": 1351602,
    "link_background_color": null,
    "link_text": null,
    "link_text_color": null,
    "link_url": null,
    "name": null,
    "project_id": 1351602,
    "should_show_feature_image_section": true,
    "show_feature_image": false,
    "state": "inactive",
    "state_changed_at": 1425915875,
    "text_color": null
  },
  "slug": "voice-kite-photo-and-voice-legacy-preservation-sys",
  "spotlight": true,
  "staff_pick": false,
  "state": "successful",
  "state_changed_at": 1418427382,
  "static_usd_rate": 1.0,
  "urls": {
    "web": {
      "project": "https://www.kickstarter.com/projects/voicekite/voice-kite-photo-and-voice-legacy-preservation-sys?ref=category_newest",
      "rewards": "https://www.kickstarter.com/projects/voicekite/voice-kite-photo-and-voice-legacy-preservation-sys/rewards"
    }
  },
  "usd_pledged": "11018.0",
  "usd_type": "international"
}