{
  "backers_count": 1,
  "blurb": "Careerbook is a veteran owned tech startup firm focused on providing instant \"access\" to employers and veterans/jobseekers.",
  "category": {
    "color": 6526716,
    "id": 51,
    "name": "Software",
    "parent_id": 16,
    "position": 11,
    "slug": "technology/software",
    "urls": {
      "web": {
        "discover": "http://www.kickstarter.com/discover/categories/technology/software"
      }
    }
  },
  "converted_pledged_amount": 1,
  "country": "US",
  "created_at": 1441399399,
  "creator": {
    "avatar": {
      "medium": "https://ksr-ugc.imgix.net/assets/009/770/694/a8e19eb274ce9c1f86a182afc1b93471_original.JPG?w=160&h=160&fit=crop&v=1461627172&auto=format&q=92&s=6edd6ef743eaf9792f5c9f9ef71d9b20",
      "small": "https://ksr-ugc.imgix.net/assets/009/770/694/a8e19eb274ce9c1f86a182afc1b93471_original.JPG?w=160&h=160&fit=crop&v=1461627172&auto=format&q=92&s=6edd6ef743eaf9792f5c9f9ef71d9b20",
      "thumb": "https://ksr-ugc.imgix.net/assets/009/770/694/a8e19eb274ce9c1f86a182afc1b93471_original.JPG?w=40&h=40&fit=crop&v=1461627172&auto=format&q=92&s=9fb47babcf2670a34b7978c9ef59c6ae"
    },
    "chosen_currency": null,
    "id": 669837918,
    "is_registered": true,
    "name": "John Damico",
    "urls": {
      "api": {
        "user": "https://api.kickstarter.com/v1/users/669837918?signature=1524102312.992485f75b7d696887278bbdba406c854c94deda"
      },
      "web": {
        "user": "https://www.kickstarter.com/profile/669837918"
      }
    }
  },
  "currency": "USD",
  "currency_symbol": "$",
  "currency_trailing_code": true,
  "current_currency": "USD",
  "deadline": 1445166425,
  "disable_communication": false,
  "fx_rate": 1.0,
  "goal": 250000.0,
  "id": 1021453299,
  "is_starrable": false,
  "launched_at": 1442574425,
  "location": {
    "country": "US",
    "displayable_name": "Orlando, FL",
    "id": 2466256,
    "is_root": false,
    "localized_name": "Orlando",
    "name": "Orlando",
    "short_name": "Orlando, FL",
    "slug": "orlando-fl",
    "state": "FL",
    "type": "Town",
    "urls": {
      "api": {
        "nearby_projects": "https://api.kickstarter.com/v1/discover?signature=1524082111.2bd8c6b888fa6bb6b50ab45ffe4e9369ce1ebce6&woe_id=2466256"
      },
      "web": {
        "discover": "https://www.kickstarter.com/discover/places/orlando-fl",
        "location": "https://www.kickstarter.com/locations/orlando-fl"
      }
    }
  },
  "name": "CareerBook- Connecting Veterans With Top Employers And More",
  "photo": {
    "1024x576": "https://ksr-ugc.imgix.net/assets/012/243/085/4159576fe2abb2e49838a4d175386c7f_original.png?crop=faces&w=1024&h=576&fit=crop&v=1463745716&auto=format&q=92&s=95259798153016dd7f7f35def46b0882",
    "1536x864": "https://ksr-ugc.imgix.net/assets/012/243/085/4159576fe2abb2e49838a4d175386c7f_original.png?crop=faces&w=1552&h=873&fit=crop&v=1463745716&auto=format&q=92&s=eedbf6fc6ac0d64ef0c1d10f77d8841b",
    "ed": "https://ksr-ugc.imgix.net/assets/012/243/085/4159576fe2abb2e49838a4d175386c7f_original.png?crop=faces&w=352&h=198&fit=crop&v=1463745716&auto=format&q=92&s=02228f676ccc1f01b7093db446c9e13e",
    "full": "https://ksr-ugc.imgix.net/assets/012/243/085/4159576fe2abb2e49838a4d175386c7f_original.png?crop=faces&w=560&h=315&fit=crop&v=1463745716&auto=format&q=92&s=9ce34b10430fb2d54ad3860e722a2e78",
    "key": "assets/012/243/085/4159576fe2abb2e49838a4d175386c7f_original.png",
    "little": "https://ksr-ugc.imgix.net/assets/012/243/085/4159576fe2abb2e49838a4d175386c7f_original.png?crop=faces&w=208&h=117&fit=crop&v=1463745716&auto=format&q=92&s=356f0e49dd02623924ac810617938d73",
    "med": "https://ksr-ugc.imgix.net/assets/012/243/085/4159576fe2abb2e49838a4d175386c7f_original.png?crop=faces&w=272&h=153&fit=crop&v=1463745716&auto=format&q=92&s=e6b0be4c99114cfb859e0492590ea118",
    "small": "https://ksr-ugc.imgix.net/assets/012/243/085/4159576fe2abb2e49838a4d175386c7f_original.png?crop=faces&w=160&h=90&fit=crop&v=1463745716&auto=format&q=92&s=1a6fdd77313c1d9e89cdc58ae26ae004",
    "thumb": "https://ksr-ugc.imgix.net/assets/012/243/085/4159576fe2abb2e49838a4d175386c7f_original.png?crop=faces&w=48&h=27&fit=crop&v=1463745716&auto=format&q=92&s=1dd66265b8bdee2538bb33bb5048fa83"
  },
  "pledged": 1.0,
  "profile": {
    "background_color": null,
    "background_image_opacity": 0.8,
    "blurb": null,
    "feature_image_attributes": {
      "image_urls": {
        "baseball_card": "https://ksr-ugc.imgix.net/assets/012/243/085/4159576fe2abb2e49838a4d175386c7f_original.png?crop=faces&w=560&h=315&fit=crop&v=1463745716&auto=format&q=92&s=9ce34b10430fb2d54ad3860e722a2e78",
        "default": "https://ksr-ugc.imgix.net/assets/012/243/085/4159576fe2abb2e49838a4d175386c7f_original.png?crop=faces&w=1552&h=873&fit=crop&v=1463745716&auto=format&q=92&s=eedbf6fc6ac0d64ef0c1d10f77d8841b"
      }
    },
    "id": 2103496,
    "link_background_color": null,
    "link_text": null,
    "link_text_color": null,
    "link_url": null,
    "name": null,
    "project_id": 2103496,
    "should_show_feature_image_section": true,
    "show_feature_image": false,
    "state": "inactive",
    "state_changed_at": 1441399399,
    "text_color": null
  },
  "slug": "careerbook-the-google-of-talent-aquistion-for-vete",
  "spotlight": false,
  "staff_pick": false,
  "state": "failed",
  "state_changed_at": 1445166426,
  "static_usd_rate": 1.0,
  "urls": {
    "web": {
      "project": "https://www.kickstarter.com/projects/669837918/careerbook-the-google-of-talent-aquistion-for-vete?ref=category_newest",
      "rewards": "https://www.kickstarter.com/projects/669837918/careerbook-the-google-of-talent-aquistion-for-vete/rewards"
    }
  },
  "usd_pledged": "1.0",
  "usd_type": "international"
}