{
  "backers_count": 0,
  "blurb": "Web based scheduler, allowing users to sign into a single portal and schedule all of their appointments online 24/7. Single Password :)",
  "category": {
    "color": 6526716,
    "id": 51,
    "name": "Software",
    "parent_id": 16,
    "position": 11,
    "slug": "technology/software",
    "urls": {
      "web": {
        "discover": "http://www.kickstarter.com/discover/categories/technology/software"
      }
    }
  },
  "converted_pledged_amount": 0,
  "country": "US",
  "created_at": 1425060425,
  "creator": {
    "avatar": {
      "medium": "https://ksr-ugc.imgix.net/assets/009/629/722/9bd86751b99bf238f1ce51d76a23a4e3_original.jpg?w=160&h=160&fit=crop&v=1461608552&auto=format&q=92&s=4a9d12509b85161245daae4eafa0fc60",
      "small": "https://ksr-ugc.imgix.net/assets/009/629/722/9bd86751b99bf238f1ce51d76a23a4e3_original.jpg?w=160&h=160&fit=crop&v=1461608552&auto=format&q=92&s=4a9d12509b85161245daae4eafa0fc60",
      "thumb": "https://ksr-ugc.imgix.net/assets/009/629/722/9bd86751b99bf238f1ce51d76a23a4e3_original.jpg?w=40&h=40&fit=crop&v=1461608552&auto=format&q=92&s=b5ef7db0306f64d064da42802352dfb5"
    },
    "chosen_currency": null,
    "id": 1892040222,
    "is_registered": true,
    "name": "Bruce Elliott Pullum",
    "urls": {
      "api": {
        "user": "https://api.kickstarter.com/v1/users/1892040222?signature=1524102254.f72600b40f2b2a33288235d366413975911d36e2"
      },
      "web": {
        "user": "https://www.kickstarter.com/profile/1892040222"
      }
    }
  },
  "currency": "USD",
  "currency_symbol": "$",
  "currency_trailing_code": true,
  "current_currency": "USD",
  "deadline": 1427926834,
  "disable_communication": false,
  "fx_rate": 1.0,
  "goal": 10000.0,
  "id": 1021963839,
  "is_starrable": false,
  "launched_at": 1425338434,
  "location": {
    "country": "US",
    "displayable_name": "Indianapolis, IN",
    "id": 2427032,
    "is_root": false,
    "localized_name": "Indianapolis",
    "name": "Indianapolis",
    "short_name": "Indianapolis, IN",
    "slug": "indianapolis-in",
    "state": "IN",
    "type": "Town",
    "urls": {
      "api": {
        "nearby_projects": "https://api.kickstarter.com/v1/discover?signature=1524082111.a13422b6d046c57baa0649a21027488e40941e8d&woe_id=2427032"
      },
      "web": {
        "discover": "https://www.kickstarter.com/discover/places/indianapolis-in",
        "location": "https://www.kickstarter.com/locations/indianapolis-in"
      }
    }
  },
  "name": "Web Based Appointment Scheduling Made Easy",
  "photo": {
    "1024x576": "https://ksr-ugc.imgix.net/assets/012/052/621/62ae18a588d06066db4879d101a72cbf_original.jpg?crop=faces&w=1024&h=576&fit=crop&v=1463727607&auto=format&q=92&s=7eee71bd79b781e54353de1403ef185d",
    "1536x864": "https://ksr-ugc.imgix.net/assets/012/052/621/62ae18a588d06066db4879d101a72cbf_original.jpg?crop=faces&w=1552&h=873&fit=crop&v=1463727607&auto=format&q=92&s=5b44e41b1362bd60889f3d574e38f868",
    "ed": "https://ksr-ugc.imgix.net/assets/012/052/621/62ae18a588d06066db4879d101a72cbf_original.jpg?crop=faces&w=352&h=198&fit=crop&v=1463727607&auto=format&q=92&s=b752976de2521e4b2bdc3240c4fbad80",
    "full": "https://ksr-ugc.imgix.net/assets/012/052/621/62ae18a588d06066db4879d101a72cbf_original.jpg?crop=faces&w=560&h=315&fit=crop&v=1463727607&auto=format&q=92&s=57ec3c92dada118788da5f1b25b820ba",
    "key": "assets/012/052/621/62ae18a588d06066db4879d101a72cbf_original.jpg",
    "little": "https://ksr-ugc.imgix.net/assets/012/052/621/62ae18a588d06066db4879d101a72cbf_original.jpg?crop=faces&w=208&h=117&fit=crop&v=1463727607&auto=format&q=92&s=0babb09d126e0808d0992514070e236c",
    "med": "https://ksr-ugc.imgix.net/assets/012/052/621/62ae18a588d06066db4879d101a72cbf_original.jpg?crop=faces&w=272&h=153&fit=crop&v=1463727607&auto=format&q=92&s=b7110a36fd315e7ca82374f62e02e0a5",
    "small": "https://ksr-ugc.imgix.net/assets/012/052/621/62ae18a588d06066db4879d101a72cbf_original.jpg?crop=faces&w=160&h=90&fit=crop&v=1463727607&auto=format&q=92&s=d5f6898ced2b2878446cf49df0bfd7c0",
    "thumb": "https://ksr-ugc.imgix.net/assets/012/052/621/62ae18a588d06066db4879d101a72cbf_original.jpg?crop=faces&w=48&h=27&fit=crop&v=1463727607&auto=format&q=92&s=dac92cfc783ff6c27d2ea696ee00dc1c"
  },
  "pledged": 0.0,
  "profile": {
    "background_color": null,
    "background_image_opacity": 0.8,
    "blurb": null,
    "feature_image_attributes": {
      "image_urls": {
        "baseball_card": "https://ksr-ugc.imgix.net/assets/012/052/621/62ae18a588d06066db4879d101a72cbf_original.jpg?crop=faces&w=560&h=315&fit=crop&v=1463727607&auto=format&q=92&s=57ec3c92dada118788da5f1b25b820ba",
        "default": "https://ksr-ugc.imgix.net/assets/012/052/621/62ae18a588d06066db4879d101a72cbf_original.jpg?crop=faces&w=1552&h=873&fit=crop&v=1463727607&auto=format&q=92&s=5b44e41b1362bd60889f3d574e38f868"
      }
    },
    "id": 1736690,
    "link_background_color": null,
    "link_text": null,
    "link_text_color": null,
    "link_url": null,
    "name": null,
    "project_id": 1736690,
    "should_show_feature_image_section": true,
    "show_feature_image": false,
    "state": "inactive",
    "state_changed_at": 1425915895,
    "text_color": null
  },
  "slug": "web-based-appointment-scheduling-made-easy",
  "spotlight": false,
  "staff_pick": false,
  "state": "failed",
  "state_changed_at": 1427926838,
  "static_usd_rate": 1.0,
  "urls": {
    "web": {
      "project": "https://www.kickstarter.com/projects/1892040222/web-based-appointment-scheduling-made-easy?ref=category_newest",
      "rewards": "https://www.kickstarter.com/projects/1892040222/web-based-appointment-scheduling-made-easy/rewards"
    }
  },
  "usd_pledged": "0.0",
  "usd_type": "international"
}