{
  "backers_count": 0,
  "blurb": "My project in one tweet - that's the problem I can't tweet! #2014Problems",
  "category": {
    "color": 6526716,
    "id": 51,
    "name": "Software",
    "parent_id": 16,
    "position": 11,
    "slug": "technology/software",
    "urls": {
      "web": {
        "discover": "http://www.kickstarter.com/discover/categories/technology/software"
      }
    }
  },
  "converted_pledged_amount": 0,
  "country": "CA",
  "created_at": 1406575706,
  "creator": {
    "avatar": {
      "medium": "https://ksr-ugc.imgix.net/assets/008/998/221/a78dd25eee7a5d64cd3ca3ddf5e251fa_original.jpg?w=160&h=160&fit=crop&v=1461553136&auto=format&q=92&s=efdb4bb7652a2349763f60dedd0555b3",
      "small": "https://ksr-ugc.imgix.net/assets/008/998/221/a78dd25eee7a5d64cd3ca3ddf5e251fa_original.jpg?w=160&h=160&fit=crop&v=1461553136&auto=format&q=92&s=efdb4bb7652a2349763f60dedd0555b3",
      "thumb": "https://ksr-ugc.imgix.net/assets/008/998/221/a78dd25eee7a5d64cd3ca3ddf5e251fa_original.jpg?w=40&h=40&fit=crop&v=1461553136&auto=format&q=92&s=0cb5dea25fb4820024498b87116365ab"
    },
    "chosen_currency": null,
    "id": 598014466,
    "is_registered": true,
    "name": "Blair McMillan",
    "urls": {
      "api": {
        "user": "https://api.kickstarter.com/v1/users/598014466?signature=1524102191.fbb71b1648b4f4194b70a76e17ea5e32630e38bc"
      },
      "web": {
        "user": "https://www.kickstarter.com/profile/598014466"
      }
    }
  },
  "currency": "CAD",
  "currency_symbol": "$",
  "currency_trailing_code": true,
  "current_currency": "USD",
  "deadline": 1407211140,
  "disable_communication": false,
  "fx_rate": 0.79525709,
  "goal": 25.0,
  "id": 1022264754,
  "is_starrable": false,
  "launched_at": 1406599190,
  "location": {
    "country": "CA",
    "displayable_name": "Toronto, Canada",
    "id": 4118,
    "is_root": false,
    "localized_name": "Toronto",
    "name": "Toronto",
    "short_name": "Toronto, Canada",
    "slug": "toronto-on-ca",
    "state": "ON",
    "type": "Town",
    "urls": {
      "api": {
        "nearby_projects": "https://api.kickstarter.com/v1/discover?signature=1524082110.0954501205692c6090629918dde236901dc79f21&woe_id=4118"
      },
      "web": {
        "discover": "https://www.kickstarter.com/discover/places/toronto-on-ca",
        "location": "https://www.kickstarter.com/locations/toronto-on-ca"
      }
    }
  },
  "name": "#IMissHashtagsAlready",
  "photo": {
    "1024x576": "https://ksr-ugc.imgix.net/assets/011/810/613/64b91024b9296ae7871bc74fdd1b1975_original.png?crop=faces&w=1024&h=576&fit=crop&v=1463697948&auto=format&q=92&s=77c8cab855047d4065471fa6a673f809",
    "1536x864": "https://ksr-ugc.imgix.net/assets/011/810/613/64b91024b9296ae7871bc74fdd1b1975_original.png?crop=faces&w=1552&h=873&fit=crop&v=1463697948&auto=format&q=92&s=a2f19b2de773e6a6ec8f284bf200b018",
    "ed": "https://ksr-ugc.imgix.net/assets/011/810/613/64b91024b9296ae7871bc74fdd1b1975_original.png?crop=faces&w=352&h=198&fit=crop&v=1463697948&auto=format&q=92&s=d25e5e47b885dbade0f73704c3313e22",
    "full": "https://ksr-ugc.imgix.net/assets/011/810/613/64b91024b9296ae7871bc74fdd1b1975_original.png?crop=faces&w=560&h=315&fit=crop&v=1463697948&auto=format&q=92&s=e30751f5d05d409deca007aba943b31a",
    "key": "assets/011/810/613/64b91024b9296ae7871bc74fdd1b1975_original.png",
    "little": "https://ksr-ugc.imgix.net/assets/011/810/613/64b91024b9296ae7871bc74fdd1b1975_original.png?crop=faces&w=208&h=117&fit=crop&v=1463697948&auto=format&q=92&s=13c0b2b80ca78610d2e3cda7792abb51",
    "med": "https://ksr-ugc.imgix.net/assets/011/810/613/64b91024b9296ae7871bc74fdd1b1975_original.png?crop=faces&w=272&h=153&fit=crop&v=1463697948&auto=format&q=92&s=a9d14cbdf4ed04f9abcfa5f361683ca0",
    "small": "https://ksr-ugc.imgix.net/assets/011/810/613/64b91024b9296ae7871bc74fdd1b1975_original.png?crop=faces&w=160&h=90&fit=crop&v=1463697948&auto=format&q=92&s=28534a07eab85886f239166ffd78666d",
    "thumb": "https://ksr-ugc.imgix.net/assets/011/810/613/64b91024b9296ae7871bc74fdd1b1975_original.png?crop=faces&w=48&h=27&fit=crop&v=1463697948&auto=format&q=92&s=6f1aa1ad58833ffda8022bee3fd0c241"
  },
  "pledged": 0.0,
  "profile": {
    "background_color": null,
    "background_image_opacity": 0.8,
    "blurb": null,
    "feature_image_attributes": {
      "image_urls": {
        "baseball_card": "https://ksr-ugc.imgix.net/assets/011/810/613/64b91024b9296ae7871bc74fdd1b1975_original.png?crop=faces&w=560&h=315&fit=crop&v=1463697948&auto=format&q=92&s=e30751f5d05d409deca007aba943b31a",
        "default": "https://ksr-ugc.imgix.net/assets/011/810/613/64b91024b9296ae7871bc74fdd1b1975_original.png?crop=faces&w=1552&h=873&fit=crop&v=1463697948&auto=format&q=92&s=a2f19b2de773e6a6ec8f284bf200b018"
      }
    },
    "id": 1236505,
    "link_background_color": null,
    "link_text": null,
    "link_text_color": null,
    "link_url": null,
    "name": null,
    "project_id": 1236505,
    "should_show_feature_image_section": true,
    "show_feature_image": false,
    "state": "inactive",
    "state_changed_at": 1425915868,
    "text_color": null
  },
  "slug": "imisshashtagsalready",
  "spotlight": false,
  "staff_pick": false,
  "state": "failed",
  "state_changed_at": 1407211142,
  "static_usd_rate": 0.92469984,
  "urls": {
    "web": {
      "project": "https://www.kickstarter.com/projects/598014466/imisshashtagsalready?ref=category_newest",
      "rewards": "https://www.kickstarter.com/projects/598014466/imisshashtagsalready/rewards"
    }
  },
  "usd_pledged": "0.0",
  "usd_type": "international"
}