{
  "backers_count": 1,
  "blurb": "Free app urging people to moan about anything and everything; the idea is that moans will build up into e-books that can be downloaded.",
  "category": {
    "color": 6526716,
    "id": 332,
    "name": "Apps",
    "parent_id": 16,
    "position": 2,
    "slug": "technology/apps",
    "urls": {
      "web": {
        "discover": "http://www.kickstarter.com/discover/categories/technology/apps"
      }
    }
  },
  "converted_pledged_amount": 1,
  "country": "GB",
  "created_at": 1423567349,
  "creator": {
    "avatar": {
      "medium": "https://ksr-ugc.imgix.net/assets/009/554/442/7ca576e12f86f40e208851a73121490c_original.png?w=160&h=160&fit=crop&v=1461602860&auto=format&q=92&s=3015ee230bc3980a363c0d60ba00145b",
      "small": "https://ksr-ugc.imgix.net/assets/009/554/442/7ca576e12f86f40e208851a73121490c_original.png?w=160&h=160&fit=crop&v=1461602860&auto=format&q=92&s=3015ee230bc3980a363c0d60ba00145b",
      "thumb": "https://ksr-ugc.imgix.net/assets/009/554/442/7ca576e12f86f40e208851a73121490c_original.png?w=40&h=40&fit=crop&v=1461602860&auto=format&q=92&s=22150eef3139c9349e42f7178868a5c7"
    },
    "chosen_currency": null,
    "id": 1832972374,
    "is_registered": true,
    "name": "Regina Avancini",
    "urls": {
      "api": {
        "user": "https://api.kickstarter.com/v1/users/1832972374?signature=1524100379.fed6fa79a43772e54930d7b365bf610e5b8eff82"
      },
      "web": {
        "user": "https://www.kickstarter.com/profile/1832972374"
      }
    }
  },
  "currency": "GBP",
  "currency_symbol": "\u00a3",
  "currency_trailing_code": false,
  "current_currency": "USD",
  "deadline": 1425559711,
  "disable_communication": false,
  "fx_rate": 1.43358488,
  "goal": 1000.0,
  "id": 1022204726,
  "is_starrable": false,
  "launched_at": 1424263711,
  "location": {
    "country": "GB",
    "displayable_name": "London, UK",
    "id": 44418,
    "is_root": false,
    "localized_name": "London",
    "name": "London",
    "short_name": "London, UK",
    "slug": "london-gb",
    "state": "England",
    "type": "Town",
    "urls": {
      "api": {
        "nearby_projects": "https://api.kickstarter.com/v1/discover?signature=1524082109.5118e135081e740cf60892f6b56ae9d8b8d0db64&woe_id=44418"
      },
      "web": {
        "discover": "https://www.kickstarter.com/discover/places/london-gb",
        "location": "https://www.kickstarter.com/locations/london-gb"
      }
    }
  },
  "name": "Moanoir",
  "photo": {
    "1024x576": "https://ksr-ugc.imgix.net/assets/012/032/290/7ca576e12f86f40e208851a73121490c_original.png?crop=faces&w=1024&h=576&fit=crop&v=1463725721&auto=format&q=92&s=eb3ce2f12b64b458eb7ffdef05c18dcb",
    "1536x864": "https://ksr-ugc.imgix.net/assets/012/032/290/7ca576e12f86f40e208851a73121490c_original.png?crop=faces&w=1552&h=873&fit=crop&v=1463725721&auto=format&q=92&s=fd763fc40036d2b7e1ab8946d4b8a250",
    "ed": "https://ksr-ugc.imgix.net/assets/012/032/290/7ca576e12f86f40e208851a73121490c_original.png?crop=faces&w=352&h=198&fit=crop&v=1463725721&auto=format&q=92&s=cbdb6433621961442357434334254890",
    "full": "https://ksr-ugc.imgix.net/assets/012/032/290/7ca576e12f86f40e208851a73121490c_original.png?crop=faces&w=560&h=315&fit=crop&v=1463725721&auto=format&q=92&s=d1e699736c628e880cd31bb39b05b945",
    "key": "assets/012/032/290/7ca576e12f86f40e208851a73121490c_original.png",
    "little": "https://ksr-ugc.imgix.net/assets/012/032/290/7ca576e12f86f40e208851a73121490c_original.png?crop=faces&w=208&h=117&fit=crop&v=1463725721&auto=format&q=92&s=d843fe79411c09fd0f7b9b99e9f41f60",
    "med": "https://ksr-ugc.imgix.net/assets/012/032/290/7ca576e12f86f40e208851a73121490c_original.png?crop=faces&w=272&h=153&fit=crop&v=1463725721&auto=format&q=92&s=6d9f4de16e1f357ead6015e0f581541a",
    "small": "https://ksr-ugc.imgix.net/assets/012/032/290/7ca576e12f86f40e208851a73121490c_original.png?crop=faces&w=160&h=90&fit=crop&v=1463725721&auto=format&q=92&s=b565698695c9d0f601f7a683c2f2eb25",
    "thumb": "https://ksr-ugc.imgix.net/assets/012/032/290/7ca576e12f86f40e208851a73121490c_original.png?crop=faces&w=48&h=27&fit=crop&v=1463725721&auto=format&q=92&s=39cd2f42218b1cdc1c98be79a994a3f2"
  },
  "pledged": 1.0,
  "profile": {
    "background_color": null,
    "background_image_opacity": 0.8,
    "blurb": null,
    "feature_image_attributes": {
      "image_urls": {
        "baseball_card": "https://ksr-ugc.imgix.net/assets/012/032/290/7ca576e12f86f40e208851a73121490c_original.png?crop=faces&w=560&h=315&fit=crop&v=1463725721&auto=format&q=92&s=d1e699736c628e880cd31bb39b05b945",
        "default": "https://ksr-ugc.imgix.net/assets/012/032/290/7ca576e12f86f40e208851a73121490c_original.png?crop=faces&w=1552&h=873&fit=crop&v=1463725721&auto=format&q=92&s=fd763fc40036d2b7e1ab8946d4b8a250"
      }
    },
    "id": 1696046,
    "link_background_color": null,
    "link_text": null,
    "link_text_color": null,
    "link_url": null,
    "name": null,
    "project_id": 1696046,
    "should_show_feature_image_section": true,
    "show_feature_image": false,
    "state": "inactive",
    "state_changed_at": 1425915893,
    "text_color": null
  },
  "slug": "moanoir",
  "spotlight": false,
  "staff_pick": false,
  "state": "failed",
  "state_changed_at": 1425559714,
  "static_usd_rate": 1.53720576,
  "urls": {
    "web": {
      "project": "https://www.kickstarter.com/projects/1832972374/moanoir?ref=category_newest",
      "rewards": "https://www.kickstarter.com/projects/1832972374/moanoir/rewards"
    }
  },
  "usd_pledged": "1.53720576",
  "usd_type": "international"
}