{
  "backers_count": 27,
  "blurb": "Slackbot bot is a talking robot that obeys basic Slack commands, plays music, gives high-fives, and more.",
  "category": {
    "color": 6526716,
    "id": 338,
    "name": "Robots",
    "parent_id": 16,
    "position": 10,
    "slug": "technology/robots",
    "urls": {
      "web": {
        "discover": "http://www.kickstarter.com/discover/categories/technology/robots"
      }
    }
  },
  "converted_pledged_amount": 760,
  "country": "US",
  "created_at": 1421863990,
  "creator": {
    "avatar": {
      "medium": "https://ksr-ugc.imgix.net/assets/005/764/155/9af6ad569603ebb506e779acc4fe8249_original.jpg?w=160&h=160&fit=crop&v=1461084076&auto=format&q=92&s=ae92a41775ee38ccdea8bd58e4b4b7a6",
      "small": "https://ksr-ugc.imgix.net/assets/005/764/155/9af6ad569603ebb506e779acc4fe8249_original.jpg?w=160&h=160&fit=crop&v=1461084076&auto=format&q=92&s=ae92a41775ee38ccdea8bd58e4b4b7a6",
      "thumb": "https://ksr-ugc.imgix.net/assets/005/764/155/9af6ad569603ebb506e779acc4fe8249_original.jpg?w=40&h=40&fit=crop&v=1461084076&auto=format&q=92&s=7d17941814f350c751a05bec33d18395"
    },
    "chosen_currency": null,
    "id": 775411466,
    "is_registered": true,
    "name": "jon arnold",
    "urls": {
      "api": {
        "user": "https://api.kickstarter.com/v1/users/775411466?signature=1524101939.899bf254e884e5c86d2a7cf52efdae4b30bd486e"
      },
      "web": {
        "user": "https://www.kickstarter.com/profile/775411466"
      }
    }
  },
  "currency": "USD",
  "currency_symbol": "$",
  "currency_trailing_code": true,
  "current_currency": "USD",
  "deadline": 1424990008,
  "disable_communication": false,
  "fx_rate": 1.0,
  "goal": 150000.0,
  "id": 1022534317,
  "is_starrable": false,
  "launched_at": 1422398008,
  "location": {
    "country": "US",
    "displayable_name": "Nashville, TN",
    "id": 2457170,
    "is_root": false,
    "localized_name": "Nashville",
    "name": "Nashville",
    "short_name": "Nashville, TN",
    "slug": "nashville-tn",
    "state": "TN",
    "type": "Town",
    "urls": {
      "api": {
        "nearby_projects": "https://api.kickstarter.com/v1/discover?signature=1524082111.915c68c4997e70070f0a0cab318db275749fa404&woe_id=2457170"
      },
      "web": {
        "discover": "https://www.kickstarter.com/discover/places/nashville-tn",
        "location": "https://www.kickstarter.com/locations/nashville-tn"
      }
    }
  },
  "name": "Bring Slackbot to Life with Slackbot Bot!",
  "photo": {
    "1024x576": "https://ksr-ugc.imgix.net/assets/012/008/221/eefabdf4604ac5880648263d9aacc299_original.png?crop=faces&w=1024&h=576&fit=crop&v=1463723627&auto=format&q=92&s=6f8e52e7462ad52b75d05358cb8d417f",
    "1536x864": "https://ksr-ugc.imgix.net/assets/012/008/221/eefabdf4604ac5880648263d9aacc299_original.png?crop=faces&w=1552&h=873&fit=crop&v=1463723627&auto=format&q=92&s=6f5b2bdc15e283c447623c3501d9edc7",
    "ed": "https://ksr-ugc.imgix.net/assets/012/008/221/eefabdf4604ac5880648263d9aacc299_original.png?crop=faces&w=352&h=198&fit=crop&v=1463723627&auto=format&q=92&s=39251dbb8f7de44a831445e74efa417b",
    "full": "https://ksr-ugc.imgix.net/assets/012/008/221/eefabdf4604ac5880648263d9aacc299_original.png?crop=faces&w=560&h=315&fit=crop&v=1463723627&auto=format&q=92&s=9e984109f8bdc2835d9dfdc87c4e4d1a",
    "key": "assets/012/008/221/eefabdf4604ac5880648263d9aacc299_original.png",
    "little": "https://ksr-ugc.imgix.net/assets/012/008/221/eefabdf4604ac5880648263d9aacc299_original.png?crop=faces&w=208&h=117&fit=crop&v=1463723627&auto=format&q=92&s=a2c78bc91bd5da078bdc8b59c678e462",
    "med": "https://ksr-ugc.imgix.net/assets/012/008/221/eefabdf4604ac5880648263d9aacc299_original.png?crop=faces&w=272&h=153&fit=crop&v=1463723627&auto=format&q=92&s=d08a366445a9ce59a7388998d1c67999",
    "small": "https://ksr-ugc.imgix.net/assets/012/008/221/eefabdf4604ac5880648263d9aacc299_original.png?crop=faces&w=160&h=90&fit=crop&v=1463723627&auto=format&q=92&s=549388fba4d90ceb4bf1ca010de5d2a2",
    "thumb": "https://ksr-ugc.imgix.net/assets/012/008/221/eefabdf4604ac5880648263d9aacc299_original.png?crop=faces&w=48&h=27&fit=crop&v=1463723627&auto=format&q=92&s=8810e18058736b7f2a6e7f8e7b61ee08"
  },
  "pledged": 760.0,
  "profile": {
    "background_color": null,
    "background_image_opacity": 0.8,
    "blurb": null,
    "feature_image_attributes": {
      "image_urls": {
        "baseball_card": "https://ksr-ugc.imgix.net/assets/012/008/221/eefabdf4604ac5880648263d9aacc299_original.png?crop=faces&w=560&h=315&fit=crop&v=1463723627&auto=format&q=92&s=9e984109f8bdc2835d9dfdc87c4e4d1a",
        "default": "https://ksr-ugc.imgix.net/assets/012/008/221/eefabdf4604ac5880648263d9aacc299_original.png?crop=faces&w=1552&h=873&fit=crop&v=1463723627&auto=format&q=92&s=6f5b2bdc15e283c447623c3501d9edc7"
      }
    },
    "id": 1646982,
    "link_background_color": null,
    "link_text": null,
    "link_text_color": null,
    "link_url": null,
    "name": null,
    "project_id": 1646982,
    "should_show_feature_image_section": true,
    "show_feature_image": false,
    "state": "inactive",
    "state_changed_at": 1425915890,
    "text_color": null
  },
  "slug": "bring-slackbot-to-life-with-slackbot-bot",
  "spotlight": false,
  "staff_pick": false,
  "state": "failed",
  "state_changed_at": 1424990009,
  "static_usd_rate": 1.0,
  "urls": {
    "web": {
      "project": "https://www.kickstarter.com/projects/775411466/bring-slackbot-to-life-with-slackbot-bot?ref=category_newest",
      "rewards": "https://www.kickstarter.com/projects/775411466/bring-slackbot-to-life-with-slackbot-bot/rewards"
    }
  },
  "usd_pledged": "760.0",
  "usd_type": "international"
}