{
  "backers_count": 212,
  "blurb": "Free/libre and 100% community backed version of XenServer",
  "category": {
    "color": 6526716,
    "id": 51,
    "name": "Software",
    "parent_id": 16,
    "position": 11,
    "slug": "technology/software",
    "urls": {
      "web": {
        "discover": "http://www.kickstarter.com/discover/categories/technology/software"
      }
    }
  },
  "converted_pledged_amount": 47464,
  "country": "FR",
  "created_at": 1514585502,
  "creator": {
    "avatar": {
      "medium": "https://ksr-ugc.imgix.net/assets/020/021/729/f8972c13894a68bf18953a068d25901c_original.jpg?w=160&h=160&fit=crop&v=1517327214&auto=format&q=92&s=8f6e8052b1112f1fa04a81e98952776b",
      "small": "https://ksr-ugc.imgix.net/assets/020/021/729/f8972c13894a68bf18953a068d25901c_original.jpg?w=160&h=160&fit=crop&v=1517327214&auto=format&q=92&s=8f6e8052b1112f1fa04a81e98952776b",
      "thumb": "https://ksr-ugc.imgix.net/assets/020/021/729/f8972c13894a68bf18953a068d25901c_original.jpg?w=40&h=40&fit=crop&v=1517327214&auto=format&q=92&s=8bafefb190ec4b752ef9992d727b9422"
    },
    "chosen_currency": null,
    "id": 78495858,
    "is_registered": true,
    "name": "Olivier Lambert",
    "urls": {
      "api": {
        "user": "https://api.kickstarter.com/v1/users/78495858?signature=1524102067.6450be8675e11f9cbe1b81e4123dccbc3e448f9e"
      },
      "web": {
        "user": "https://www.kickstarter.com/profile/78495858"
      }
    }
  },
  "currency": "EUR",
  "currency_symbol": "\u20ac",
  "currency_trailing_code": false,
  "current_currency": "USD",
  "deadline": 1520181395,
  "disable_communication": false,
  "fx_rate": 1.23814016,
  "goal": 6000.0,
  "id": 1022020024,
  "is_starrable": false,
  "launched_at": 1517416595,
  "location": {
    "country": "FR",
    "displayable_name": "France, France",
    "id": 29332634,
    "is_root": false,
    "localized_name": "France",
    "name": "France",
    "short_name": "France, France",
    "slug": "france-fr",
    "state": "Auvergne",
    "type": "Town",
    "urls": {
      "api": {
        "nearby_projects": "https://api.kickstarter.com/v1/discover?signature=1524082110.1370c861f75d9d5d2ccbde2fb9ab32e09b8311d9&woe_id=29332634"
      },
      "web": {
        "discover": "https://www.kickstarter.com/discover/places/france-fr",
        "location": "https://www.kickstarter.com/locations/france-fr"
      }
    }
  },
  "name": "xcp-ng",
  "photo": {
    "1024x576": "https://ksr-ugc.imgix.net/assets/019/721/802/c4ef8819707943f7da6110ca08845c87_original.png?crop=faces&w=1024&h=576&fit=crop&v=1517306842&auto=format&q=92&s=a351296c413a4a5e1b5cb3c8460a4ab9",
    "1536x864": "https://ksr-ugc.imgix.net/assets/019/721/802/c4ef8819707943f7da6110ca08845c87_original.png?crop=faces&w=1552&h=873&fit=crop&v=1517306842&auto=format&q=92&s=09dfe5d74dce196936a246ef5266deb0",
    "ed": "https://ksr-ugc.imgix.net/assets/019/721/802/c4ef8819707943f7da6110ca08845c87_original.png?crop=faces&w=352&h=198&fit=crop&v=1517306842&auto=format&q=92&s=a3aec06e9acce8e5fbe8145c2301d023",
    "full": "https://ksr-ugc.imgix.net/assets/019/721/802/c4ef8819707943f7da6110ca08845c87_original.png?crop=faces&w=560&h=315&fit=crop&v=1517306842&auto=format&q=92&s=d305983e396f37e71ca2ad17730e966b",
    "key": "assets/019/721/802/c4ef8819707943f7da6110ca08845c87_original.png",
    "little": "https://ksr-ugc.imgix.net/assets/019/721/802/c4ef8819707943f7da6110ca08845c87_original.png?crop=faces&w=208&h=117&fit=crop&v=1517306842&auto=format&q=92&s=24bc8ef771f6e55703eb38bf94c633dd",
    "med": "https://ksr-ugc.imgix.net/assets/019/721/802/c4ef8819707943f7da6110ca08845c87_original.png?crop=faces&w=272&h=153&fit=crop&v=1517306842&auto=format&q=92&s=312d4238cd84b7c088c1423a283574ca",
    "small": "https://ksr-ugc.imgix.net/assets/019/721/802/c4ef8819707943f7da6110ca08845c87_original.png?crop=faces&w=160&h=90&fit=crop&v=1517306842&auto=format&q=92&s=37accfbc6664747de245a1f83c06ab59",
    "thumb": "https://ksr-ugc.imgix.net/assets/019/721/802/c4ef8819707943f7da6110ca08845c87_original.png?crop=faces&w=48&h=27&fit=crop&v=1517306842&auto=format&q=92&s=917c1852d59dc19d5761e8e97d4d5806"
  },
  "pledged": 38531.37,
  "profile": {
    "background_color": null,
    "background_image_opacity": 0.8,
    "blurb": null,
    "feature_image_attributes": {
      "image_urls": {
        "baseball_card": "https://ksr-ugc.imgix.net/assets/019/721/802/c4ef8819707943f7da6110ca08845c87_original.png?crop=faces&w=560&h=315&fit=crop&v=1517306842&auto=format&q=92&s=d305983e396f37e71ca2ad17730e966b",
        "default": "https://ksr-ugc.imgix.net/assets/019/721/802/c4ef8819707943f7da6110ca08845c87_original.png?crop=faces&w=1552&h=873&fit=crop&v=1517306842&auto=format&q=92&s=09dfe5d74dce196936a246ef5266deb0"
      }
    },
    "id": 3261362,
    "link_background_color": null,
    "link_text": null,
    "link_text_color": null,
    "link_url": null,
    "name": null,
    "project_id": 3261362,
    "should_show_feature_image_section": true,
    "show_feature_image": false,
    "state": "inactive",
    "state_changed_at": 1514585502,
    "text_color": null
  },
  "slug": "xcp-ng",
  "spotlight": true,
  "staff_pick": false,
  "state": "successful",
  "state_changed_at": 1520181396,
  "static_usd_rate": 1.23704811,
  "urls": {
    "web": {
      "project": "https://www.kickstarter.com/projects/78495858/xcp-ng?ref=category_newest",
      "rewards": "https://www.kickstarter.com/projects/78495858/xcp-ng/rewards"
    }
  },
  "usd_pledged": "47665.1584342107",
  "usd_type": "international"
}