{
  "backers_count": 2,
  "blurb": "The U-flip grip is THE WORLD'S 1ST SELFIE CASE combined with an exchangable elastic strap holder.",
  "category": {
    "color": 6526716,
    "id": 337,
    "name": "Gadgets",
    "parent_id": 16,
    "position": 7,
    "slug": "technology/gadgets",
    "urls": {
      "web": {
        "discover": "http://www.kickstarter.com/discover/categories/technology/gadgets"
      }
    }
  },
  "converted_pledged_amount": 21,
  "country": "US",
  "created_at": 1421624167,
  "creator": {
    "avatar": {
      "medium": "https://ksr-ugc.imgix.net/assets/009/457/174/c8393e6cc46702c498fc69c1ffed87f7_original.jpg?w=160&h=160&fit=crop&v=1461596570&auto=format&q=92&s=fe02d1f1f679c86735b41751fa1692a2",
      "small": "https://ksr-ugc.imgix.net/assets/009/457/174/c8393e6cc46702c498fc69c1ffed87f7_original.jpg?w=160&h=160&fit=crop&v=1461596570&auto=format&q=92&s=fe02d1f1f679c86735b41751fa1692a2",
      "thumb": "https://ksr-ugc.imgix.net/assets/009/457/174/c8393e6cc46702c498fc69c1ffed87f7_original.jpg?w=40&h=40&fit=crop&v=1461596570&auto=format&q=92&s=5d7cf5f777989b42aa602174b52e42c2"
    },
    "chosen_currency": null,
    "id": 210975151,
    "is_registered": true,
    "name": "U-flip Ceo Kevin Maldonado",
    "urls": {
      "api": {
        "user": "https://api.kickstarter.com/v1/users/210975151?signature=1524101195.482cfd1fc0be90d0bdd5027a1f4de34bc399dda3"
      },
      "web": {
        "user": "https://www.kickstarter.com/profile/210975151"
      }
    }
  },
  "currency": "USD",
  "currency_symbol": "$",
  "currency_trailing_code": true,
  "current_currency": "USD",
  "deadline": 1431706695,
  "disable_communication": false,
  "fx_rate": 1.0,
  "goal": 500.0,
  "id": 1022053101,
  "is_starrable": false,
  "launched_at": 1429114695,
  "location": {
    "country": "US",
    "displayable_name": "Tuckahoe, NY",
    "id": 2508367,
    "is_root": false,
    "localized_name": "Tuckahoe",
    "name": "Tuckahoe",
    "short_name": "Tuckahoe, NY",
    "slug": "tuckahoe-ny",
    "state": "NY",
    "type": "Town",
    "urls": {
      "api": {
        "nearby_projects": "https://api.kickstarter.com/v1/discover?signature=1524083081.2d5ab1d117e6b6ae90854b88c927911c7c4445dd&woe_id=2508367"
      },
      "web": {
        "discover": "https://www.kickstarter.com/discover/places/tuckahoe-ny",
        "location": "https://www.kickstarter.com/locations/tuckahoe-ny"
      }
    }
  },
  "name": "WORLD'S 1st SELFIE CASE.",
  "photo": {
    "1024x576": "https://ksr-ugc.imgix.net/assets/012/004/731/07dd46dde397da24993a9515654b96ff_original.jpg?crop=faces&w=1024&h=576&fit=crop&v=1463723295&auto=format&q=92&s=c5afacaf2bffc7fff147a49b7077e944",
    "1536x864": "https://ksr-ugc.imgix.net/assets/012/004/731/07dd46dde397da24993a9515654b96ff_original.jpg?crop=faces&w=1552&h=873&fit=crop&v=1463723295&auto=format&q=92&s=7fd39e178148434041d051c2258df4aa",
    "ed": "https://ksr-ugc.imgix.net/assets/012/004/731/07dd46dde397da24993a9515654b96ff_original.jpg?crop=faces&w=352&h=198&fit=crop&v=1463723295&auto=format&q=92&s=b3600c72b0a40f4f81488f982d46b33c",
    "full": "https://ksr-ugc.imgix.net/assets/012/004/731/07dd46dde397da24993a9515654b96ff_original.jpg?crop=faces&w=560&h=315&fit=crop&v=1463723295&auto=format&q=92&s=511973bea013ee3dbad7c713de020fb4",
    "key": "assets/012/004/731/07dd46dde397da24993a9515654b96ff_original.jpg",
    "little": "https://ksr-ugc.imgix.net/assets/012/004/731/07dd46dde397da24993a9515654b96ff_original.jpg?crop=faces&w=208&h=117&fit=crop&v=1463723295&auto=format&q=92&s=5b6a24d43297653142adb0ad4d408c3d",
    "med": "https://ksr-ugc.imgix.net/assets/012/004/731/07dd46dde397da24993a9515654b96ff_original.jpg?crop=faces&w=272&h=153&fit=crop&v=1463723295&auto=format&q=92&s=76f3c6ac7a37faa3610215e1ffca7667",
    "small": "https://ksr-ugc.imgix.net/assets/012/004/731/07dd46dde397da24993a9515654b96ff_original.jpg?crop=faces&w=160&h=90&fit=crop&v=1463723295&auto=format&q=92&s=7e2b9f32edd19bf81b3c1a2dbd014775",
    "thumb": "https://ksr-ugc.imgix.net/assets/012/004/731/07dd46dde397da24993a9515654b96ff_original.jpg?crop=faces&w=48&h=27&fit=crop&v=1463723295&auto=format&q=92&s=e91a082ea441486c08c35a4a070bc7ec"
  },
  "pledged": 21.0,
  "profile": {
    "background_color": null,
    "background_image_opacity": 0.8,
    "blurb": null,
    "feature_image_attributes": {
      "image_urls": {
        "baseball_card": "https://ksr-ugc.imgix.net/assets/012/004/731/07dd46dde397da24993a9515654b96ff_original.jpg?crop=faces&w=560&h=315&fit=crop&v=1463723295&auto=format&q=92&s=511973bea013ee3dbad7c713de020fb4",
        "default": "https://ksr-ugc.imgix.net/assets/012/004/731/07dd46dde397da24993a9515654b96ff_original.jpg?crop=faces&w=1552&h=873&fit=crop&v=1463723295&auto=format&q=92&s=7fd39e178148434041d051c2258df4aa"
      }
    },
    "id": 1639895,
    "link_background_color": null,
    "link_text": null,
    "link_text_color": null,
    "link_url": null,
    "name": null,
    "project_id": 1639895,
    "should_show_feature_image_section": true,
    "show_feature_image": false,
    "state": "inactive",
    "state_changed_at": 1425915890,
    "text_color": null
  },
  "slug": "worlds-1st-selfie-case",
  "spotlight": false,
  "staff_pick": false,
  "state": "failed",
  "state_changed_at": 1431706695,
  "static_usd_rate": 1.0,
  "urls": {
    "web": {
      "project": "https://www.kickstarter.com/projects/210975151/worlds-1st-selfie-case?ref=category_newest",
      "rewards": "https://www.kickstarter.com/projects/210975151/worlds-1st-selfie-case/rewards"
    }
  },
  "usd_pledged": "21.0",
  "usd_type": "international"
}