{
  "backers_count": 105,
  "blurb": "I'm Back\u2122 protects your Raspberry Pi and gives you the possibility to take photos with many analog cameras SLR or rangefinder.",
  "category": {
    "color": 6526716,
    "id": 333,
    "name": "Camera Equipment",
    "parent_id": 16,
    "position": 3,
    "slug": "technology/camera equipment",
    "urls": {
      "web": {
        "discover": "http://www.kickstarter.com/discover/categories/technology/camera%20equipment"
      }
    }
  },
  "converted_pledged_amount": 7152,
  "country": "IT",
  "created_at": 1469725745,
  "creator": {
    "avatar": {
      "medium": "https://ksr-ugc.imgix.net/assets/010/281/622/e342bf5e819290f1407cd146a25fe55a_original.jpg?w=160&h=160&fit=crop&v=1461678515&auto=format&q=92&s=7306585b958ea91962475f9de935600d",
      "small": "https://ksr-ugc.imgix.net/assets/010/281/622/e342bf5e819290f1407cd146a25fe55a_original.jpg?w=160&h=160&fit=crop&v=1461678515&auto=format&q=92&s=7306585b958ea91962475f9de935600d",
      "thumb": "https://ksr-ugc.imgix.net/assets/010/281/622/e342bf5e819290f1407cd146a25fe55a_original.jpg?w=40&h=40&fit=crop&v=1461678515&auto=format&q=92&s=bc24fdddd6940fd6c69dcf961b12f1f1"
    },
    "chosen_currency": null,
    "id": 2018549524,
    "is_registered": true,
    "name": "Samuel Mello Medeiros",
    "slug": "samellos",
    "urls": {
      "api": {
        "user": "https://api.kickstarter.com/v1/users/2018549524?signature=1524100560.5ee42ccb1145910c3852e7a282b04dd3b2b98e7a"
      },
      "web": {
        "user": "https://www.kickstarter.com/profile/samellos"
      }
    }
  },
  "currency": "EUR",
  "currency_symbol": "\u20ac",
  "currency_trailing_code": false,
  "current_currency": "USD",
  "deadline": 1475526476,
  "disable_communication": false,
  "fx_rate": 1.23814016,
  "goal": 2000.0,
  "id": 102361894,
  "is_starrable": false,
  "launched_at": 1470342476,
  "location": {
    "country": "IT",
    "displayable_name": "Italia, Italy",
    "id": 20150549,
    "is_root": false,
    "localized_name": "Italia",
    "name": "Italia",
    "short_name": "Italia, Italy",
    "slug": "italia-turin-it",
    "state": "Piedmont",
    "type": "Suburb",
    "urls": {
      "api": {
        "nearby_projects": "https://api.kickstarter.com/v1/discover?signature=1524082112.ead27017c3aba494b59ce079948cf286a1af8a7d&woe_id=20150549"
      },
      "web": {
        "discover": "https://www.kickstarter.com/discover/places/italia-turin-it",
        "location": "https://www.kickstarter.com/locations/italia-turin-it"
      }
    }
  },
  "name": "The unique Raspberry Pi case and low cost 35mm digital back",
  "photo": {
    "1024x576": "https://ksr-ugc.imgix.net/assets/013/204/402/c87fb1eb5f0cd04fd5c359b5344a5fbb_original.jpg?crop=faces&w=1024&h=576&fit=crop&v=1474803124&auto=format&q=92&s=2230bcd1ec190cb682c7bd8d1a2be5bc",
    "1536x864": "https://ksr-ugc.imgix.net/assets/013/204/402/c87fb1eb5f0cd04fd5c359b5344a5fbb_original.jpg?crop=faces&w=1552&h=873&fit=crop&v=1474803124&auto=format&q=92&s=45895797612e250a7d78075d0dc97aad",
    "ed": "https://ksr-ugc.imgix.net/assets/013/204/402/c87fb1eb5f0cd04fd5c359b5344a5fbb_original.jpg?crop=faces&w=352&h=198&fit=crop&v=1474803124&auto=format&q=92&s=bbc30e60f31857f955e6bd83f5c585a5",
    "full": "https://ksr-ugc.imgix.net/assets/013/204/402/c87fb1eb5f0cd04fd5c359b5344a5fbb_original.jpg?crop=faces&w=560&h=315&fit=crop&v=1474803124&auto=format&q=92&s=6018eb1ba9ac895e8120e27cb5b8704d",
    "key": "assets/013/204/402/c87fb1eb5f0cd04fd5c359b5344a5fbb_original.jpg",
    "little": "https://ksr-ugc.imgix.net/assets/013/204/402/c87fb1eb5f0cd04fd5c359b5344a5fbb_original.jpg?crop=faces&w=208&h=117&fit=crop&v=1474803124&auto=format&q=92&s=52c50bf4b0260d4e043e6837e3b69de7",
    "med": "https://ksr-ugc.imgix.net/assets/013/204/402/c87fb1eb5f0cd04fd5c359b5344a5fbb_original.jpg?crop=faces&w=272&h=153&fit=crop&v=1474803124&auto=format&q=92&s=d9cce82c7177cc2d1d002cc5db455612",
    "small": "https://ksr-ugc.imgix.net/assets/013/204/402/c87fb1eb5f0cd04fd5c359b5344a5fbb_original.jpg?crop=faces&w=160&h=90&fit=crop&v=1474803124&auto=format&q=92&s=d9981772b1f492c6831a25ccc7ef7fc1",
    "thumb": "https://ksr-ugc.imgix.net/assets/013/204/402/c87fb1eb5f0cd04fd5c359b5344a5fbb_original.jpg?crop=faces&w=48&h=27&fit=crop&v=1474803124&auto=format&q=92&s=c6c1fc64d35a0174f34ecc8435883d7b"
  },
  "pledged": 6367.0,
  "profile": {
    "background_color": "",
    "background_image_opacity": 0.8,
    "blurb": "I'm Back\u2122 protects your Raspberry Pi and gives you the possibility to take photos with many analog cameras SLR or rangefinder.",
    "feature_image_attributes": {
      "image_urls": {
        "baseball_card": "https://ksr-ugc.imgix.net/assets/013/204/402/c87fb1eb5f0cd04fd5c359b5344a5fbb_original.jpg?crop=faces&w=560&h=315&fit=crop&v=1474803124&auto=format&q=92&s=6018eb1ba9ac895e8120e27cb5b8704d",
        "default": "https://ksr-ugc.imgix.net/assets/013/204/402/c87fb1eb5f0cd04fd5c359b5344a5fbb_original.jpg?crop=faces&w=1552&h=873&fit=crop&v=1474803124&auto=format&q=92&s=45895797612e250a7d78075d0dc97aad"
      }
    },
    "id": 2617860,
    "link_background_color": "",
    "link_text": "imback.eu",
    "link_text_color": "",
    "link_url": "http://imback.eu",
    "name": "The unique Raspberry Pi case and low cost 35mm digital back",
    "project_id": 2617860,
    "should_show_feature_image_section": true,
    "show_feature_image": false,
    "state": "active",
    "state_changed_at": 1482931876,
    "text_color": ""
  },
  "slug": "raspberry-pi-case-and-use-a-analog-cameras",
  "spotlight": true,
  "staff_pick": true,
  "state": "successful",
  "state_changed_at": 1475526496,
  "static_usd_rate": 1.12120193,
  "urls": {
    "web": {
      "project": "https://www.kickstarter.com/projects/samellos/raspberry-pi-case-and-use-a-analog-cameras?ref=category_newest",
      "rewards": "https://www.kickstarter.com/projects/samellos/raspberry-pi-case-and-use-a-analog-cameras/rewards"
    }
  },
  "usd_pledged": "7138.69268831",
  "usd_type": "international"
}