{
  "backers_count": 0,
  "blurb": "Me llaman incr\u00e9dulo por so\u00f1ar, me llaman loco por visualizar un futuro mejor, y se r\u00eden cuando les digo que es posible.",
  "category": {
    "color": 6526716,
    "id": 362,
    "name": "Makerspaces",
    "parent_id": 16,
    "position": 9,
    "slug": "technology/makerspaces",
    "urls": {
      "web": {
        "discover": "http://www.kickstarter.com/discover/categories/technology/makerspaces"
      }
    }
  },
  "converted_pledged_amount": 0,
  "country": "ES",
  "created_at": 1435151716,
  "creator": {
    "avatar": {
      "medium": "https://ksr-ugc.imgix.net/assets/010/056/399/025c716bf0fbdd3afd3e130a536a059c_original.jpg?w=160&h=160&fit=crop&v=1461664601&auto=format&q=92&s=d4cd6cc276f4a55df05cdc68ac0faabb",
      "small": "https://ksr-ugc.imgix.net/assets/010/056/399/025c716bf0fbdd3afd3e130a536a059c_original.jpg?w=160&h=160&fit=crop&v=1461664601&auto=format&q=92&s=d4cd6cc276f4a55df05cdc68ac0faabb",
      "thumb": "https://ksr-ugc.imgix.net/assets/010/056/399/025c716bf0fbdd3afd3e130a536a059c_original.jpg?w=40&h=40&fit=crop&v=1461664601&auto=format&q=92&s=4d259feadaee5bb9f374afc06f6a54e4"
    },
    "chosen_currency": null,
    "id": 1593943801,
    "is_registered": true,
    "name": "So\u00f1ador",
    "urls": {
      "api": {
        "user": "https://api.kickstarter.com/v1/users/1593943801?signature=1524101882.5e0db88675e343956f8e94d0fe9075d428b281e1"
      },
      "web": {
        "user": "https://www.kickstarter.com/profile/1593943801"
      }
    }
  },
  "currency": "EUR",
  "currency_symbol": "\u20ac",
  "currency_trailing_code": false,
  "current_currency": "USD",
  "deadline": 1440343366,
  "disable_communication": true,
  "fx_rate": 1.23814016,
  "goal": 1000.0,
  "id": 1023455031,
  "is_starrable": false,
  "launched_at": 1435159366,
  "location": {
    "country": "ES",
    "displayable_name": "Espa\u00f1a, Spain",
    "id": 29370606,
    "is_root": false,
    "localized_name": "Espa\u00f1a",
    "name": "Espa\u00f1a",
    "short_name": "Espa\u00f1a, Spain",
    "slug": "espana-es",
    "state": "Madrid",
    "type": "Town",
    "urls": {
      "api": {
        "nearby_projects": "https://api.kickstarter.com/v1/discover?signature=1524082110.213b0c1c24ae3a8f5176583dd58483286a00afd9&woe_id=29370606"
      },
      "web": {
        "discover": "https://www.kickstarter.com/discover/places/espana-es",
        "location": "https://www.kickstarter.com/locations/espana-es"
      }
    }
  },
  "name": "M\u00e1quina de caf\u00e9 (Suspended)",
  "photo": {
    "1024x576": "https://ksr-ugc.imgix.net/assets/012/177/819/c7e9d63235433f4b8c5255694810d8cd_original.jpg?crop=faces&w=1024&h=576&fit=crop&v=1463739654&auto=format&q=92&s=78a9f8928f4a856d468ab8d5548bcd68",
    "1536x864": "https://ksr-ugc.imgix.net/assets/012/177/819/c7e9d63235433f4b8c5255694810d8cd_original.jpg?crop=faces&w=1552&h=873&fit=crop&v=1463739654&auto=format&q=92&s=a3cab4fa180b060e0fd4ad360b8ce7dd",
    "ed": "https://ksr-ugc.imgix.net/assets/012/177/819/c7e9d63235433f4b8c5255694810d8cd_original.jpg?crop=faces&w=352&h=198&fit=crop&v=1463739654&auto=format&q=92&s=bea910943c7289b7f9964c7481420c39",
    "full": "https://ksr-ugc.imgix.net/assets/012/177/819/c7e9d63235433f4b8c5255694810d8cd_original.jpg?crop=faces&w=560&h=315&fit=crop&v=1463739654&auto=format&q=92&s=cfe7b8cf2a255d71cdf53b35cc6f6097",
    "key": "assets/012/177/819/c7e9d63235433f4b8c5255694810d8cd_original.jpg",
    "little": "https://ksr-ugc.imgix.net/assets/012/177/819/c7e9d63235433f4b8c5255694810d8cd_original.jpg?crop=faces&w=208&h=117&fit=crop&v=1463739654&auto=format&q=92&s=91b7fa77073dd9ba2873689717d71ccf",
    "med": "https://ksr-ugc.imgix.net/assets/012/177/819/c7e9d63235433f4b8c5255694810d8cd_original.jpg?crop=faces&w=272&h=153&fit=crop&v=1463739654&auto=format&q=92&s=9927b7bbea16ceddf685ce85e7b0dd96",
    "small": "https://ksr-ugc.imgix.net/assets/012/177/819/c7e9d63235433f4b8c5255694810d8cd_original.jpg?crop=faces&w=160&h=90&fit=crop&v=1463739654&auto=format&q=92&s=a002f9f4503197cf1a05e7f5df8a3b91",
    "thumb": "https://ksr-ugc.imgix.net/assets/012/177/819/c7e9d63235433f4b8c5255694810d8cd_original.jpg?crop=faces&w=48&h=27&fit=crop&v=1463739654&auto=format&q=92&s=e13b8d27171068bfe5bd4a315f54128e"
  },
  "pledged": 0.0,
  "profile": {
    "background_color": null,
    "background_image_opacity": 0.8,
    "blurb": null,
    "feature_image_attributes": {
      "image_urls": {
        "baseball_card": "https://ksr-ugc.imgix.net/assets/012/177/819/c7e9d63235433f4b8c5255694810d8cd_original.jpg?crop=faces&w=560&h=315&fit=crop&v=1463739654&auto=format&q=92&s=cfe7b8cf2a255d71cdf53b35cc6f6097",
        "default": "https://ksr-ugc.imgix.net/assets/012/177/819/c7e9d63235433f4b8c5255694810d8cd_original.jpg?crop=faces&w=1552&h=873&fit=crop&v=1463739654&auto=format&q=92&s=a3cab4fa180b060e0fd4ad360b8ce7dd"
      }
    },
    "id": 1978534,
    "link_background_color": null,
    "link_text": null,
    "link_text_color": null,
    "link_url": null,
    "name": null,
    "project_id": 1978534,
    "should_show_feature_image_section": true,
    "show_feature_image": false,
    "state": "inactive",
    "state_changed_at": 1435151716,
    "text_color": null
  },
  "slug": "maquina-de-cafe",
  "spotlight": false,
  "staff_pick": false,
  "state": "suspended",
  "state_changed_at": 1438013073,
  "static_usd_rate": 1.12839562,
  "urls": {
    "web": {
      "project": "https://www.kickstarter.com/projects/1593943801/maquina-de-cafe?ref=category_newest",
      "rewards": "https://www.kickstarter.com/projects/1593943801/maquina-de-cafe/rewards"
    }
  },
  "usd_pledged": "0.0",
  "usd_type": "international"
}