{
  "backers_count": 192,
  "blurb": "A game-changing new solar car design in a 3000km solar marathon across Australia. Support Cambridge University Eco Racing.",
  "category": {
    "color": 6526716,
    "id": 16,
    "name": "Technology",
    "position": 14,
    "slug": "technology",
    "urls": {
      "web": {
        "discover": "http://www.kickstarter.com/discover/categories/technology"
      }
    }
  },
  "converted_pledged_amount": 16959,
  "country": "GB",
  "created_at": 1353367422,
  "creator": {
    "avatar": {
      "medium": "https://ksr-ugc.imgix.net/assets/007/088/668/92ed0ddd9eea4ba16c8a4aa5bb96b3fe_original.jpg?w=160&h=160&fit=crop&v=1461433831&auto=format&q=92&s=bf228efffd990097b20763b9ea130dba",
      "small": "https://ksr-ugc.imgix.net/assets/007/088/668/92ed0ddd9eea4ba16c8a4aa5bb96b3fe_original.jpg?w=160&h=160&fit=crop&v=1461433831&auto=format&q=92&s=bf228efffd990097b20763b9ea130dba",
      "thumb": "https://ksr-ugc.imgix.net/assets/007/088/668/92ed0ddd9eea4ba16c8a4aa5bb96b3fe_original.jpg?w=40&h=40&fit=crop&v=1461433831&auto=format&q=92&s=d3a0e8311b51b66c1b2e419a1876ddbd"
    },
    "chosen_currency": null,
    "id": 704143762,
    "is_registered": true,
    "name": "CUER",
    "urls": {
      "api": {
        "user": "https://api.kickstarter.com/v1/users/704143762?signature=1524099633.3785fe63118ab40fc2203e9a53ac0e26c2de3c84"
      },
      "web": {
        "user": "https://www.kickstarter.com/profile/704143762"
      }
    }
  },
  "currency": "GBP",
  "currency_symbol": "\u00a3",
  "currency_trailing_code": false,
  "current_currency": "USD",
  "deadline": 1357430400,
  "disable_communication": false,
  "fx_rate": 1.43358488,
  "goal": 10000.0,
  "id": 1023720141,
  "is_starrable": false,
  "launched_at": 1354059725,
  "location": {
    "country": "GB",
    "displayable_name": "Cambridge, UK",
    "id": 14979,
    "is_root": false,
    "localized_name": "Cambridge",
    "name": "Cambridge",
    "short_name": "Cambridge, UK",
    "slug": "cambridge-cambridge-city-gb",
    "state": "England",
    "type": "Town",
    "urls": {
      "api": {
        "nearby_projects": "https://api.kickstarter.com/v1/discover?signature=1524082115.337a7ec4c3439beebb67ee7b243da5fa65efbfa2&woe_id=14979"
      },
      "web": {
        "discover": "https://www.kickstarter.com/discover/places/cambridge-cambridge-city-gb",
        "location": "https://www.kickstarter.com/locations/cambridge-cambridge-city-gb"
      }
    }
  },
  "name": "CUER: the UK's number one solar car team",
  "photo": {
    "1024x576": "https://ksr-ugc.imgix.net/assets/011/452/476/ba42fce0604905e907003b7204db6332_original.jpg?crop=faces&w=1024&h=576&fit=crop&v=1463682926&auto=format&q=92&s=f4420df20fec07aaeb50abd294f445ef",
    "1536x864": "https://ksr-ugc.imgix.net/assets/011/452/476/ba42fce0604905e907003b7204db6332_original.jpg?crop=faces&w=1552&h=873&fit=crop&v=1463682926&auto=format&q=92&s=c6113346dcb86fe589a7643d1240a476",
    "ed": "https://ksr-ugc.imgix.net/assets/011/452/476/ba42fce0604905e907003b7204db6332_original.jpg?crop=faces&w=352&h=198&fit=crop&v=1463682926&auto=format&q=92&s=cb3a388b4a7ed251c5bfbc7926b83bdf",
    "full": "https://ksr-ugc.imgix.net/assets/011/452/476/ba42fce0604905e907003b7204db6332_original.jpg?crop=faces&w=560&h=315&fit=crop&v=1463682926&auto=format&q=92&s=4789a5be1716e9e2db0d874c6fa198d2",
    "key": "assets/011/452/476/ba42fce0604905e907003b7204db6332_original.jpg",
    "little": "https://ksr-ugc.imgix.net/assets/011/452/476/ba42fce0604905e907003b7204db6332_original.jpg?crop=faces&w=208&h=117&fit=crop&v=1463682926&auto=format&q=92&s=38abce844a23d571549f34113f6d3881",
    "med": "https://ksr-ugc.imgix.net/assets/011/452/476/ba42fce0604905e907003b7204db6332_original.jpg?crop=faces&w=272&h=153&fit=crop&v=1463682926&auto=format&q=92&s=e62b314671da8750956b45074e7f8b9f",
    "small": "https://ksr-ugc.imgix.net/assets/011/452/476/ba42fce0604905e907003b7204db6332_original.jpg?crop=faces&w=160&h=90&fit=crop&v=1463682926&auto=format&q=92&s=1f754dde74cca70eb214b42677f5da4f",
    "thumb": "https://ksr-ugc.imgix.net/assets/011/452/476/ba42fce0604905e907003b7204db6332_original.jpg?crop=faces&w=48&h=27&fit=crop&v=1463682926&auto=format&q=92&s=96d7b0411ce83805a2e3762adcdfdbf8"
  },
  "pledged": 10524.1,
  "profile": {
    "background_color": null,
    "background_image_opacity": 0.8,
    "blurb": null,
    "feature_image_attributes": {
      "image_urls": {
        "baseball_card": "https://ksr-ugc.imgix.net/assets/011/452/476/ba42fce0604905e907003b7204db6332_original.jpg?crop=faces&w=560&h=315&fit=crop&v=1463682926&auto=format&q=92&s=4789a5be1716e9e2db0d874c6fa198d2",
        "default": "https://ksr-ugc.imgix.net/assets/011/452/476/ba42fce0604905e907003b7204db6332_original.jpg?crop=faces&w=1552&h=873&fit=crop&v=1463682926&auto=format&q=92&s=c6113346dcb86fe589a7643d1240a476"
      }
    },
    "id": 404785,
    "link_background_color": null,
    "link_text": null,
    "link_text_color": null,
    "link_url": null,
    "name": null,
    "project_id": 404785,
    "should_show_feature_image_section": true,
    "show_feature_image": false,
    "state": "inactive",
    "state_changed_at": 1425915822,
    "text_color": null
  },
  "slug": "cuer-the-uks-number-one-solar-car-team",
  "spotlight": true,
  "staff_pick": false,
  "state": "successful",
  "state_changed_at": 1357430431,
  "static_usd_rate": 1.60229449,
  "urls": {
    "web": {
      "project": "https://www.kickstarter.com/projects/704143762/cuer-the-uks-number-one-solar-car-team?ref=category_newest",
      "rewards": "https://www.kickstarter.com/projects/704143762/cuer-the-uks-number-one-solar-car-team/rewards"
    }
  },
  "usd_pledged": "16862.707442209",
  "usd_type": "international"
}