{
  "backers_count": 5,
  "blurb": "Despite using old technology and no sponsor support, we beat 24 better-equipped teams to advance to the state finals. Please help us!",
  "category": {
    "color": 6526716,
    "id": 338,
    "name": "Robots",
    "parent_id": 16,
    "position": 10,
    "slug": "technology/robots",
    "urls": {
      "web": {
        "discover": "http://www.kickstarter.com/discover/categories/technology/robots"
      }
    }
  },
  "converted_pledged_amount": 287,
  "country": "US",
  "created_at": 1416768247,
  "creator": {
    "avatar": {
      "medium": "https://ksr-ugc.imgix.net/assets/009/373/073/a4612e7885fc993bf9c8ed04a491f598_original.jpg?w=160&h=160&fit=crop&v=1461587303&auto=format&q=92&s=1cc98302958a32c18e506438b41b7462",
      "small": "https://ksr-ugc.imgix.net/assets/009/373/073/a4612e7885fc993bf9c8ed04a491f598_original.jpg?w=160&h=160&fit=crop&v=1461587303&auto=format&q=92&s=1cc98302958a32c18e506438b41b7462",
      "thumb": "https://ksr-ugc.imgix.net/assets/009/373/073/a4612e7885fc993bf9c8ed04a491f598_original.jpg?w=40&h=40&fit=crop&v=1461587303&auto=format&q=92&s=01c1bd5ede8fd98e4e474b1010fc401a"
    },
    "chosen_currency": null,
    "id": 1246604364,
    "is_registered": true,
    "name": "Marshmallow Mavericks",
    "urls": {
      "api": {
        "user": "https://api.kickstarter.com/v1/users/1246604364?signature=1524101937.ac852c2587fceb814dce1f02be77f7601b0c016c"
      },
      "web": {
        "user": "https://www.kickstarter.com/profile/1246604364"
      }
    }
  },
  "currency": "USD",
  "currency_symbol": "$",
  "currency_trailing_code": true,
  "current_currency": "USD",
  "deadline": 1420425977,
  "disable_communication": false,
  "fx_rate": 1.0,
  "goal": 4300.0,
  "id": 102363843,
  "is_starrable": false,
  "launched_at": 1417833977,
  "location": {
    "country": "US",
    "displayable_name": "High Point, NC",
    "id": 2421250,
    "is_root": false,
    "localized_name": "High Point",
    "name": "High Point",
    "short_name": "High Point, NC",
    "slug": "high-point-nc",
    "state": "NC",
    "type": "Town",
    "urls": {
      "api": {
        "nearby_projects": "https://api.kickstarter.com/v1/discover?signature=1524082255.627af881a79edcf39383033f28734a638c62a919&woe_id=2421250"
      },
      "web": {
        "discover": "https://www.kickstarter.com/discover/places/high-point-nc",
        "location": "https://www.kickstarter.com/locations/high-point-nc"
      }
    }
  },
  "name": "Marshmallow Mavericks",
  "photo": {
    "1024x576": "https://ksr-ugc.imgix.net/assets/011/954/141/a4612e7885fc993bf9c8ed04a491f598_original.jpg?crop=faces&w=1024&h=576&fit=crop&v=1463718960&auto=format&q=92&s=215f81630d4c549603be23c0244a0bec",
    "1536x864": "https://ksr-ugc.imgix.net/assets/011/954/141/a4612e7885fc993bf9c8ed04a491f598_original.jpg?crop=faces&w=1552&h=873&fit=crop&v=1463718960&auto=format&q=92&s=3416ff286041e36875b5d612e6310896",
    "ed": "https://ksr-ugc.imgix.net/assets/011/954/141/a4612e7885fc993bf9c8ed04a491f598_original.jpg?crop=faces&w=352&h=198&fit=crop&v=1463718960&auto=format&q=92&s=d02bdad813623262645e485ec03ceb03",
    "full": "https://ksr-ugc.imgix.net/assets/011/954/141/a4612e7885fc993bf9c8ed04a491f598_original.jpg?crop=faces&w=560&h=315&fit=crop&v=1463718960&auto=format&q=92&s=4de4376003fd108c1d5d5576600c696b",
    "key": "assets/011/954/141/a4612e7885fc993bf9c8ed04a491f598_original.jpg",
    "little": "https://ksr-ugc.imgix.net/assets/011/954/141/a4612e7885fc993bf9c8ed04a491f598_original.jpg?crop=faces&w=208&h=117&fit=crop&v=1463718960&auto=format&q=92&s=96578ed1f5406ff95fa5f60d1b043ae4",
    "med": "https://ksr-ugc.imgix.net/assets/011/954/141/a4612e7885fc993bf9c8ed04a491f598_original.jpg?crop=faces&w=272&h=153&fit=crop&v=1463718960&auto=format&q=92&s=4a2ba359e4eb0fa844b5373eca68cf07",
    "small": "https://ksr-ugc.imgix.net/assets/011/954/141/a4612e7885fc993bf9c8ed04a491f598_original.jpg?crop=faces&w=160&h=90&fit=crop&v=1463718960&auto=format&q=92&s=90b21293e1c3fcdeb1fe791211b11612",
    "thumb": "https://ksr-ugc.imgix.net/assets/011/954/141/a4612e7885fc993bf9c8ed04a491f598_original.jpg?crop=faces&w=48&h=27&fit=crop&v=1463718960&auto=format&q=92&s=f0b9a697bcdcd55cee00067b1c0def49"
  },
  "pledged": 287.0,
  "profile": {
    "background_color": null,
    "background_image_opacity": 0.8,
    "blurb": null,
    "feature_image_attributes": {
      "image_urls": {
        "baseball_card": "https://ksr-ugc.imgix.net/assets/011/954/141/a4612e7885fc993bf9c8ed04a491f598_original.jpg?crop=faces&w=560&h=315&fit=crop&v=1463718960&auto=format&q=92&s=4de4376003fd108c1d5d5576600c696b",
        "default": "https://ksr-ugc.imgix.net/assets/011/954/141/a4612e7885fc993bf9c8ed04a491f598_original.jpg?crop=faces&w=1552&h=873&fit=crop&v=1463718960&auto=format&q=92&s=3416ff286041e36875b5d612e6310896"
      }
    },
    "id": 1534029,
    "link_background_color": null,
    "link_text": null,
    "link_text_color": null,
    "link_url": null,
    "name": null,
    "project_id": 1534029,
    "should_show_feature_image_section": true,
    "show_feature_image": false,
    "state": "inactive",
    "state_changed_at": 1425915884,
    "text_color": null
  },
  "slug": "marshmallow-mavericks",
  "spotlight": false,
  "staff_pick": false,
  "state": "failed",
  "state_changed_at": 1420425977,
  "static_usd_rate": 1.0,
  "urls": {
    "web": {
      "project": "https://www.kickstarter.com/projects/1246604364/marshmallow-mavericks?ref=category_newest",
      "rewards": "https://www.kickstarter.com/projects/1246604364/marshmallow-mavericks/rewards"
    }
  },
  "usd_pledged": "287.0",
  "usd_type": "international"
}