{
  "backers_count": 13,
  "blurb": "Helps you model scrum stories realistically, and graphs the minimum number of sprints required to complete them.",
  "category": {
    "color": 6526716,
    "id": 342,
    "name": "Web",
    "parent_id": 16,
    "position": 15,
    "slug": "technology/web",
    "urls": {
      "web": {
        "discover": "http://www.kickstarter.com/discover/categories/technology/web"
      }
    }
  },
  "converted_pledged_amount": 955,
  "country": "US",
  "created_at": 1406643843,
  "creator": {
    "avatar": {
      "medium": "https://ksr-ugc.imgix.net/assets/009/131/461/f281c1799e4d53147514da33a0991c7a_original.jpg?w=160&h=160&fit=crop&v=1461559736&auto=format&q=92&s=c2c337016f55deaf6c08081355a3bbc4",
      "small": "https://ksr-ugc.imgix.net/assets/009/131/461/f281c1799e4d53147514da33a0991c7a_original.jpg?w=160&h=160&fit=crop&v=1461559736&auto=format&q=92&s=c2c337016f55deaf6c08081355a3bbc4",
      "thumb": "https://ksr-ugc.imgix.net/assets/009/131/461/f281c1799e4d53147514da33a0991c7a_original.jpg?w=40&h=40&fit=crop&v=1461559736&auto=format&q=92&s=4b3a3d5c87afaab69c27e6c42a51dbb0"
    },
    "chosen_currency": null,
    "id": 1020691701,
    "is_registered": true,
    "name": "Lynn Elaine Jepsen",
    "urls": {
      "api": {
        "user": "https://api.kickstarter.com/v1/users/1020691701?signature=1524102974.9b7135c9674d77f45231118c3c41b9356067774b"
      },
      "web": {
        "user": "https://www.kickstarter.com/profile/1020691701"
      }
    }
  },
  "currency": "USD",
  "currency_symbol": "$",
  "currency_trailing_code": true,
  "current_currency": "USD",
  "deadline": 1410030936,
  "disable_communication": false,
  "fx_rate": 1.0,
  "goal": 13000.0,
  "id": 1023311842,
  "is_starrable": false,
  "launched_at": 1407438936,
  "location": {
    "country": "US",
    "displayable_name": "Mountain View, CA",
    "id": 2455920,
    "is_root": false,
    "localized_name": "Mountain View",
    "name": "Mountain View",
    "short_name": "Mountain View, CA",
    "slug": "mountain-view-santa-clara-ca",
    "state": "CA",
    "type": "Town",
    "urls": {
      "api": {
        "nearby_projects": "https://api.kickstarter.com/v1/discover?signature=1524082116.06a2a1959127373151bfcbaac070f7664770cd59&woe_id=2455920"
      },
      "web": {
        "discover": "https://www.kickstarter.com/discover/places/mountain-view-santa-clara-ca",
        "location": "https://www.kickstarter.com/locations/mountain-view-santa-clara-ca"
      }
    }
  },
  "name": "Hybrid Waterfall-Agile Scrum Planning",
  "photo": {
    "1024x576": "https://ksr-ugc.imgix.net/assets/011/811/797/b0409fec36a04ac53a864660c5e41f69_original.jpg?crop=faces&w=1024&h=576&fit=crop&v=1463698132&auto=format&q=92&s=1c36d73640df46feb734e93b08773e18",
    "1536x864": "https://ksr-ugc.imgix.net/assets/011/811/797/b0409fec36a04ac53a864660c5e41f69_original.jpg?crop=faces&w=1552&h=873&fit=crop&v=1463698132&auto=format&q=92&s=a241e25a2ba0ed6e8d81ff458f7ab6d9",
    "ed": "https://ksr-ugc.imgix.net/assets/011/811/797/b0409fec36a04ac53a864660c5e41f69_original.jpg?crop=faces&w=352&h=198&fit=crop&v=1463698132&auto=format&q=92&s=462110f43f5ce128915177637c0f37a5",
    "full": "https://ksr-ugc.imgix.net/assets/011/811/797/b0409fec36a04ac53a864660c5e41f69_original.jpg?crop=faces&w=560&h=315&fit=crop&v=1463698132&auto=format&q=92&s=d2472d67488980de55f5e8ba13e649e8",
    "key": "assets/011/811/797/b0409fec36a04ac53a864660c5e41f69_original.jpg",
    "little": "https://ksr-ugc.imgix.net/assets/011/811/797/b0409fec36a04ac53a864660c5e41f69_original.jpg?crop=faces&w=208&h=117&fit=crop&v=1463698132&auto=format&q=92&s=ab47e7030a4e3b3a8ffe03cf96824574",
    "med": "https://ksr-ugc.imgix.net/assets/011/811/797/b0409fec36a04ac53a864660c5e41f69_original.jpg?crop=faces&w=272&h=153&fit=crop&v=1463698132&auto=format&q=92&s=a9fbc34aa96df5f7f435e450acb393a8",
    "small": "https://ksr-ugc.imgix.net/assets/011/811/797/b0409fec36a04ac53a864660c5e41f69_original.jpg?crop=faces&w=160&h=90&fit=crop&v=1463698132&auto=format&q=92&s=25420392092a5fdce1d068699a68106e",
    "thumb": "https://ksr-ugc.imgix.net/assets/011/811/797/b0409fec36a04ac53a864660c5e41f69_original.jpg?crop=faces&w=48&h=27&fit=crop&v=1463698132&auto=format&q=92&s=9e4ab3b5ab8f734b8a712f448b158c05"
  },
  "pledged": 955.0,
  "profile": {
    "background_color": null,
    "background_image_opacity": 0.8,
    "blurb": null,
    "feature_image_attributes": {
      "image_urls": {
        "baseball_card": "https://ksr-ugc.imgix.net/assets/011/811/797/b0409fec36a04ac53a864660c5e41f69_original.jpg?crop=faces&w=560&h=315&fit=crop&v=1463698132&auto=format&q=92&s=d2472d67488980de55f5e8ba13e649e8",
        "default": "https://ksr-ugc.imgix.net/assets/011/811/797/b0409fec36a04ac53a864660c5e41f69_original.jpg?crop=faces&w=1552&h=873&fit=crop&v=1463698132&auto=format&q=92&s=a241e25a2ba0ed6e8d81ff458f7ab6d9"
      }
    },
    "id": 1239084,
    "link_background_color": null,
    "link_text": null,
    "link_text_color": null,
    "link_url": null,
    "name": null,
    "project_id": 1239084,
    "should_show_feature_image_section": true,
    "show_feature_image": false,
    "state": "inactive",
    "state_changed_at": 1425915869,
    "text_color": null
  },
  "slug": "hybrid-waterfall-agile-scrum-planning",
  "spotlight": false,
  "staff_pick": false,
  "state": "failed",
  "state_changed_at": 1410030936,
  "static_usd_rate": 1.0,
  "urls": {
    "web": {
      "project": "https://www.kickstarter.com/projects/1020691701/hybrid-waterfall-agile-scrum-planning?ref=category_newest",
      "rewards": "https://www.kickstarter.com/projects/1020691701/hybrid-waterfall-agile-scrum-planning/rewards"
    }
  },
  "usd_pledged": "955.0",
  "usd_type": "international"
}