{
  "backers_count": 1,
  "blurb": "i have an apps project to realize dedicated for the safety of all bikers on a ride.plus one about the search and find children missing.",
  "category": {
    "color": 6526716,
    "id": 332,
    "name": "Apps",
    "parent_id": 16,
    "position": 2,
    "slug": "technology/apps",
    "urls": {
      "web": {
        "discover": "http://www.kickstarter.com/discover/categories/technology/apps"
      }
    }
  },
  "converted_pledged_amount": 13,
  "country": "CA",
  "created_at": 1407246652,
  "creator": {
    "avatar": {
      "medium": "https://ksr-ugc.imgix.net/assets/009/162/093/135c6797d57de0d8c1165b6734ccbf33_original.JPG?w=160&h=160&fit=crop&v=1461561822&auto=format&q=92&s=8c42b4ab84d69fed6f30bb3d51dd8ab6",
      "small": "https://ksr-ugc.imgix.net/assets/009/162/093/135c6797d57de0d8c1165b6734ccbf33_original.JPG?w=160&h=160&fit=crop&v=1461561822&auto=format&q=92&s=8c42b4ab84d69fed6f30bb3d51dd8ab6",
      "thumb": "https://ksr-ugc.imgix.net/assets/009/162/093/135c6797d57de0d8c1165b6734ccbf33_original.JPG?w=40&h=40&fit=crop&v=1461561822&auto=format&q=92&s=6292f5996aa8161e4aa5ba3136a7b169"
    },
    "chosen_currency": null,
    "id": 930059817,
    "is_registered": true,
    "name": "sylvain green",
    "urls": {
      "api": {
        "user": "https://api.kickstarter.com/v1/users/930059817?signature=1524100226.a0e24b9acc81a5f522337673d677066dc1c3cc8a"
      },
      "web": {
        "user": "https://www.kickstarter.com/profile/930059817"
      }
    }
  },
  "currency": "CAD",
  "currency_symbol": "$",
  "currency_trailing_code": true,
  "current_currency": "USD",
  "deadline": 1413064145,
  "disable_communication": false,
  "fx_rate": 0.79525709,
  "goal": 40000.0,
  "id": 1024858646,
  "is_starrable": false,
  "launched_at": 1407880145,
  "location": {
    "country": "CA",
    "displayable_name": "Montreal, Canada",
    "id": 3534,
    "is_root": false,
    "localized_name": "Montreal",
    "name": "Montreal",
    "short_name": "Montreal, Canada",
    "slug": "montreal-ca",
    "state": "QC",
    "type": "Town",
    "urls": {
      "api": {
        "nearby_projects": "https://api.kickstarter.com/v1/discover?signature=1524082111.ec6a33c49f56a514191c901fefdba9a00b5027b8&woe_id=3534"
      },
      "web": {
        "discover": "https://www.kickstarter.com/discover/places/montreal-ca",
        "location": "https://www.kickstarter.com/locations/montreal-ca"
      }
    }
  },
  "name": "apps for android and google.safety first and very innovative",
  "photo": {
    "1024x576": "https://ksr-ugc.imgix.net/assets/011/822/708/21a6592ab2ae9d0daff30a892ec4ff5a_original.JPG?crop=faces&w=1024&h=576&fit=crop&v=1463699583&auto=format&q=92&s=b236ba4022d82d746c9cf61c8dce3f0b",
    "1536x864": "https://ksr-ugc.imgix.net/assets/011/822/708/21a6592ab2ae9d0daff30a892ec4ff5a_original.JPG?crop=faces&w=1552&h=873&fit=crop&v=1463699583&auto=format&q=92&s=2d25c499791a381b8a274055ccd2bbed",
    "ed": "https://ksr-ugc.imgix.net/assets/011/822/708/21a6592ab2ae9d0daff30a892ec4ff5a_original.JPG?crop=faces&w=352&h=198&fit=crop&v=1463699583&auto=format&q=92&s=b1998877bf0452175e58d265a2680bef",
    "full": "https://ksr-ugc.imgix.net/assets/011/822/708/21a6592ab2ae9d0daff30a892ec4ff5a_original.JPG?crop=faces&w=560&h=315&fit=crop&v=1463699583&auto=format&q=92&s=fa4d85ed37c0c7e61c7a05ebb3bb24e4",
    "key": "assets/011/822/708/21a6592ab2ae9d0daff30a892ec4ff5a_original.JPG",
    "little": "https://ksr-ugc.imgix.net/assets/011/822/708/21a6592ab2ae9d0daff30a892ec4ff5a_original.JPG?crop=faces&w=208&h=117&fit=crop&v=1463699583&auto=format&q=92&s=d8e928fdb658c4fb9dd282543958e78d",
    "med": "https://ksr-ugc.imgix.net/assets/011/822/708/21a6592ab2ae9d0daff30a892ec4ff5a_original.JPG?crop=faces&w=272&h=153&fit=crop&v=1463699583&auto=format&q=92&s=133da37f49580ea5abbc7586bb4f6455",
    "small": "https://ksr-ugc.imgix.net/assets/011/822/708/21a6592ab2ae9d0daff30a892ec4ff5a_original.JPG?crop=faces&w=160&h=90&fit=crop&v=1463699583&auto=format&q=92&s=2d016a7efd02e111ebbbe8a2c3e5a088",
    "thumb": "https://ksr-ugc.imgix.net/assets/011/822/708/21a6592ab2ae9d0daff30a892ec4ff5a_original.JPG?crop=faces&w=48&h=27&fit=crop&v=1463699583&auto=format&q=92&s=d24d1c5d6002b3755bfb70cfbbaca03b"
  },
  "pledged": 15.0,
  "profile": {
    "background_color": null,
    "background_image_opacity": 0.8,
    "blurb": null,
    "feature_image_attributes": {
      "image_urls": {
        "baseball_card": "https://ksr-ugc.imgix.net/assets/011/822/708/21a6592ab2ae9d0daff30a892ec4ff5a_original.JPG?crop=faces&w=560&h=315&fit=crop&v=1463699583&auto=format&q=92&s=fa4d85ed37c0c7e61c7a05ebb3bb24e4",
        "default": "https://ksr-ugc.imgix.net/assets/011/822/708/21a6592ab2ae9d0daff30a892ec4ff5a_original.JPG?crop=faces&w=1552&h=873&fit=crop&v=1463699583&auto=format&q=92&s=2d25c499791a381b8a274055ccd2bbed"
      }
    },
    "id": 1261882,
    "link_background_color": null,
    "link_text": null,
    "link_text_color": null,
    "link_url": null,
    "name": null,
    "project_id": 1261882,
    "should_show_feature_image_section": true,
    "show_feature_image": false,
    "state": "inactive",
    "state_changed_at": 1425915870,
    "text_color": null
  },
  "slug": "apps-for-android-and-googlesafety-first-and-very-i",
  "spotlight": false,
  "staff_pick": false,
  "state": "failed",
  "state_changed_at": 1413064145,
  "static_usd_rate": 0.91132531,
  "urls": {
    "web": {
      "project": "https://www.kickstarter.com/projects/930059817/apps-for-android-and-googlesafety-first-and-very-i?ref=category_newest",
      "rewards": "https://www.kickstarter.com/projects/930059817/apps-for-android-and-googlesafety-first-and-very-i/rewards"
    }
  },
  "usd_pledged": "13.66987965",
  "usd_type": "international"
}