{
  "backers_count": 5,
  "blurb": "California's premier WWI scale fun fly event for ALL WWI models. Get up close & personal with some amazing airplanes & their builders.",
  "category": {
    "color": 6526716,
    "id": 336,
    "name": "Flight",
    "parent_id": 16,
    "position": 6,
    "slug": "technology/flight",
    "urls": {
      "web": {
        "discover": "http://www.kickstarter.com/discover/categories/technology/flight"
      }
    }
  },
  "converted_pledged_amount": 150,
  "country": "US",
  "created_at": 1400087763,
  "creator": {
    "avatar": {
      "medium": "https://ksr-ugc.imgix.net/assets/008/724/806/38fdea1b303c0a54de35418a5dee65c9_original.gif?w=160&h=160&fit=crop&v=1461540821&auto=format&frame=1&q=92&s=825fe18ec27bdc8dc859867654ef0510",
      "small": "https://ksr-ugc.imgix.net/assets/008/724/806/38fdea1b303c0a54de35418a5dee65c9_original.gif?w=160&h=160&fit=crop&v=1461540821&auto=format&frame=1&q=92&s=825fe18ec27bdc8dc859867654ef0510",
      "thumb": "https://ksr-ugc.imgix.net/assets/008/724/806/38fdea1b303c0a54de35418a5dee65c9_original.gif?w=40&h=40&fit=crop&v=1461540821&auto=format&frame=1&q=92&s=82f8e8a62a94e39ee72cc7059dd85351"
    },
    "chosen_currency": null,
    "id": 942961864,
    "is_registered": true,
    "name": "Eric Puchalski",
    "urls": {
      "api": {
        "user": "https://api.kickstarter.com/v1/users/942961864?signature=1524100867.d3da2f7c9a9bad09552d558ceceb401bd4d9088d"
      },
      "web": {
        "user": "https://www.kickstarter.com/profile/942961864"
      }
    }
  },
  "currency": "USD",
  "currency_symbol": "$",
  "currency_trailing_code": true,
  "current_currency": "USD",
  "deadline": 1410472432,
  "disable_communication": false,
  "fx_rate": 1.0,
  "goal": 1500.0,
  "id": 1024208,
  "is_starrable": false,
  "launched_at": 1407880432,
  "location": {
    "country": "US",
    "displayable_name": "Irvine, CA",
    "id": 2427665,
    "is_root": false,
    "localized_name": "Irvine",
    "name": "Irvine",
    "short_name": "Irvine, CA",
    "slug": "irvine-ca",
    "state": "CA",
    "type": "Town",
    "urls": {
      "api": {
        "nearby_projects": "https://api.kickstarter.com/v1/discover?signature=1524082112.8a6bde31ef2f8aa39b9037625dd30e28d09a23c4&woe_id=2427665"
      },
      "web": {
        "discover": "https://www.kickstarter.com/discover/places/irvine-ca",
        "location": "https://www.kickstarter.com/locations/irvine-ca"
      }
    }
  },
  "name": "2014 Black Star Dawn Patrol",
  "photo": {
    "1024x576": "https://ksr-ugc.imgix.net/assets/011/705/435/ccd900d060815b542b153f38dbfbaccd_original.jpg?crop=faces&w=1024&h=576&fit=crop&v=1463687034&auto=format&q=92&s=d4ebae70872e11ac30a62ed2c7aafc5b",
    "1536x864": "https://ksr-ugc.imgix.net/assets/011/705/435/ccd900d060815b542b153f38dbfbaccd_original.jpg?crop=faces&w=1552&h=873&fit=crop&v=1463687034&auto=format&q=92&s=3ffc50eccccfea7812a7b190eb1a58b8",
    "ed": "https://ksr-ugc.imgix.net/assets/011/705/435/ccd900d060815b542b153f38dbfbaccd_original.jpg?crop=faces&w=352&h=198&fit=crop&v=1463687034&auto=format&q=92&s=6b92b2bf8d6f672605458e1e80e5ec3e",
    "full": "https://ksr-ugc.imgix.net/assets/011/705/435/ccd900d060815b542b153f38dbfbaccd_original.jpg?crop=faces&w=560&h=315&fit=crop&v=1463687034&auto=format&q=92&s=69aa689830cc1534fe3bb70296d7b427",
    "key": "assets/011/705/435/ccd900d060815b542b153f38dbfbaccd_original.jpg",
    "little": "https://ksr-ugc.imgix.net/assets/011/705/435/ccd900d060815b542b153f38dbfbaccd_original.jpg?crop=faces&w=208&h=117&fit=crop&v=1463687034&auto=format&q=92&s=efa1241e40b163314bb14b4aed303612",
    "med": "https://ksr-ugc.imgix.net/assets/011/705/435/ccd900d060815b542b153f38dbfbaccd_original.jpg?crop=faces&w=272&h=153&fit=crop&v=1463687034&auto=format&q=92&s=8555cea22894e9e026aef330f3f699fe",
    "small": "https://ksr-ugc.imgix.net/assets/011/705/435/ccd900d060815b542b153f38dbfbaccd_original.jpg?crop=faces&w=160&h=90&fit=crop&v=1463687034&auto=format&q=92&s=5d8c60edeab7fcf5e71eeee61478565d",
    "thumb": "https://ksr-ugc.imgix.net/assets/011/705/435/ccd900d060815b542b153f38dbfbaccd_original.jpg?crop=faces&w=48&h=27&fit=crop&v=1463687034&auto=format&q=92&s=b03f5c14a9c85d22b9be8b1f71a4add6"
  },
  "pledged": 150.0,
  "profile": {
    "background_color": null,
    "background_image_opacity": 0.8,
    "blurb": null,
    "feature_image_attributes": {
      "image_urls": {
        "baseball_card": "https://ksr-ugc.imgix.net/assets/011/705/435/ccd900d060815b542b153f38dbfbaccd_original.jpg?crop=faces&w=560&h=315&fit=crop&v=1463687034&auto=format&q=92&s=69aa689830cc1534fe3bb70296d7b427",
        "default": "https://ksr-ugc.imgix.net/assets/011/705/435/ccd900d060815b542b153f38dbfbaccd_original.jpg?crop=faces&w=1552&h=873&fit=crop&v=1463687034&auto=format&q=92&s=3ffc50eccccfea7812a7b190eb1a58b8"
      }
    },
    "id": 1022982,
    "link_background_color": null,
    "link_text": null,
    "link_text_color": null,
    "link_url": null,
    "name": null,
    "project_id": 1022982,
    "should_show_feature_image_section": true,
    "show_feature_image": false,
    "state": "inactive",
    "state_changed_at": 1425915857,
    "text_color": null
  },
  "slug": "2014-black-star-dawn-patrol",
  "spotlight": false,
  "staff_pick": false,
  "state": "failed",
  "state_changed_at": 1410472432,
  "static_usd_rate": 1.0,
  "urls": {
    "web": {
      "project": "https://www.kickstarter.com/projects/942961864/2014-black-star-dawn-patrol?ref=category_newest",
      "rewards": "https://www.kickstarter.com/projects/942961864/2014-black-star-dawn-patrol/rewards"
    }
  },
  "usd_pledged": "150.0",
  "usd_type": "international"
}