{
  "backers_count": 3,
  "blurb": "Original 3d scanner for scanning any objects and converting them to any popular formats (.3ds, .3dm, .obj, .blend, .c4d)",
  "category": {
    "color": 6526716,
    "id": 331,
    "name": "3D Printing",
    "parent_id": 16,
    "position": 1,
    "slug": "technology/3d printing",
    "urls": {
      "web": {
        "discover": "http://www.kickstarter.com/discover/categories/technology/3d%20printing"
      }
    }
  },
  "converted_pledged_amount": 16,
  "country": "US",
  "created_at": 1432564010,
  "creator": {
    "avatar": {
      "medium": "https://ksr-ugc.imgix.net/assets/009/926/288/61cd9a43748f75b94541da63b3a1b6ae_original.png?w=160&h=160&fit=crop&v=1461653304&auto=format&q=92&s=3a797fdfb310e73be0b21f43d90c8492",
      "small": "https://ksr-ugc.imgix.net/assets/009/926/288/61cd9a43748f75b94541da63b3a1b6ae_original.png?w=160&h=160&fit=crop&v=1461653304&auto=format&q=92&s=3a797fdfb310e73be0b21f43d90c8492",
      "thumb": "https://ksr-ugc.imgix.net/assets/009/926/288/61cd9a43748f75b94541da63b3a1b6ae_original.png?w=40&h=40&fit=crop&v=1461653304&auto=format&q=92&s=f9b2e753ef052a5a11ae2f271cb305de"
    },
    "chosen_currency": null,
    "id": 322296539,
    "is_registered": true,
    "name": "Zippo",
    "slug": "armata",
    "urls": {
      "api": {
        "user": "https://api.kickstarter.com/v1/users/322296539?signature=1524100018.0cfaf98cd63496d7b44ffa5d35a751cc4dcb624e"
      },
      "web": {
        "user": "https://www.kickstarter.com/profile/armata"
      }
    }
  },
  "currency": "USD",
  "currency_symbol": "$",
  "currency_trailing_code": true,
  "current_currency": "USD",
  "deadline": 1439546215,
  "disable_communication": false,
  "fx_rate": 1.0,
  "goal": 110000.0,
  "id": 1024321283,
  "is_starrable": false,
  "launched_at": 1434362215,
  "location": {
    "country": "RU",
    "displayable_name": "Moscow, Russia",
    "id": 2122265,
    "is_root": false,
    "localized_name": "Moscow",
    "name": "Moscow",
    "short_name": "Moscow, Russia",
    "slug": "moscow-ru",
    "state": "Moscow Federal City",
    "type": "Town",
    "urls": {
      "api": {
        "nearby_projects": "https://api.kickstarter.com/v1/discover?signature=1524082115.e33cb4f9dde4fa9b32c86bae92919caec4dc4d1c&woe_id=2122265"
      },
      "web": {
        "discover": "https://www.kickstarter.com/discover/places/moscow-ru",
        "location": "https://www.kickstarter.com/locations/moscow-ru"
      }
    }
  },
  "name": "3D scanner",
  "photo": {
    "1024x576": "https://ksr-ugc.imgix.net/assets/012/148/341/a2287a5cf34e5fbe2afe961e15a6f932_original.jpg?crop=faces&w=1024&h=576&fit=crop&v=1463738664&auto=format&q=92&s=3d6c9b45bdddfd394c484faa9fd154ae",
    "1536x864": "https://ksr-ugc.imgix.net/assets/012/148/341/a2287a5cf34e5fbe2afe961e15a6f932_original.jpg?crop=faces&w=1552&h=873&fit=crop&v=1463738664&auto=format&q=92&s=deeb0b5c9231003f61722f508147ea1f",
    "ed": "https://ksr-ugc.imgix.net/assets/012/148/341/a2287a5cf34e5fbe2afe961e15a6f932_original.jpg?crop=faces&w=352&h=198&fit=crop&v=1463738664&auto=format&q=92&s=ce914b8f45e07728b60175250537cfac",
    "full": "https://ksr-ugc.imgix.net/assets/012/148/341/a2287a5cf34e5fbe2afe961e15a6f932_original.jpg?crop=faces&w=560&h=315&fit=crop&v=1463738664&auto=format&q=92&s=91338649c676a6ddc849a7c41920bd5d",
    "key": "assets/012/148/341/a2287a5cf34e5fbe2afe961e15a6f932_original.jpg",
    "little": "https://ksr-ugc.imgix.net/assets/012/148/341/a2287a5cf34e5fbe2afe961e15a6f932_original.jpg?crop=faces&w=208&h=117&fit=crop&v=1463738664&auto=format&q=92&s=b21ebb7c345559243116bf26ab6fd0b2",
    "med": "https://ksr-ugc.imgix.net/assets/012/148/341/a2287a5cf34e5fbe2afe961e15a6f932_original.jpg?crop=faces&w=272&h=153&fit=crop&v=1463738664&auto=format&q=92&s=29ad7138b00ca69111e8d09c58bad904",
    "small": "https://ksr-ugc.imgix.net/assets/012/148/341/a2287a5cf34e5fbe2afe961e15a6f932_original.jpg?crop=faces&w=160&h=90&fit=crop&v=1463738664&auto=format&q=92&s=c73d202ceae367a8133eca608c07cecd",
    "thumb": "https://ksr-ugc.imgix.net/assets/012/148/341/a2287a5cf34e5fbe2afe961e15a6f932_original.jpg?crop=faces&w=48&h=27&fit=crop&v=1463738664&auto=format&q=92&s=f844a2661e019cd61e5d6d7f67465950"
  },
  "pledged": 16.0,
  "profile": {
    "background_color": null,
    "background_image_opacity": 0.8,
    "blurb": null,
    "feature_image_attributes": {
      "image_urls": {
        "baseball_card": "https://ksr-ugc.imgix.net/assets/012/148/341/a2287a5cf34e5fbe2afe961e15a6f932_original.jpg?crop=faces&w=560&h=315&fit=crop&v=1463738664&auto=format&q=92&s=91338649c676a6ddc849a7c41920bd5d",
        "default": "https://ksr-ugc.imgix.net/assets/012/148/341/a2287a5cf34e5fbe2afe961e15a6f932_original.jpg?crop=faces&w=1552&h=873&fit=crop&v=1463738664&auto=format&q=92&s=deeb0b5c9231003f61722f508147ea1f"
      }
    },
    "id": 1920110,
    "link_background_color": null,
    "link_text": null,
    "link_text_color": null,
    "link_url": null,
    "name": null,
    "project_id": 1920110,
    "should_show_feature_image_section": true,
    "show_feature_image": false,
    "state": "inactive",
    "state_changed_at": 1432564010,
    "text_color": null
  },
  "slug": "3d-scanner-from-russia",
  "spotlight": false,
  "staff_pick": false,
  "state": "failed",
  "state_changed_at": 1439546215,
  "static_usd_rate": 1.0,
  "urls": {
    "web": {
      "project": "https://www.kickstarter.com/projects/armata/3d-scanner-from-russia?ref=category_newest",
      "rewards": "https://www.kickstarter.com/projects/armata/3d-scanner-from-russia/rewards"
    }
  },
  "usd_pledged": "16.0",
  "usd_type": "international"
}