{
  "backers_count": 4,
  "blurb": "A membership supported facility for Makers, Techies, Inventors, and Craftspeople in Edmonton Alberta.  Learn, Explore, Create.",
  "category": {
    "color": 6526716,
    "id": 362,
    "name": "Makerspaces",
    "parent_id": 16,
    "position": 9,
    "slug": "technology/makerspaces",
    "urls": {
      "web": {
        "discover": "http://www.kickstarter.com/discover/categories/technology/makerspaces"
      }
    }
  },
  "converted_pledged_amount": 202,
  "country": "CA",
  "created_at": 1425103521,
  "creator": {
    "avatar": {
      "medium": "https://ksr-ugc.imgix.net/assets/009/633/798/ba1df7531b625c9d59c1aba6d1640878_original.jpg?w=160&h=160&fit=crop&v=1461609098&auto=format&q=92&s=733f2be74551cf68145bc0532adfc14c",
      "small": "https://ksr-ugc.imgix.net/assets/009/633/798/ba1df7531b625c9d59c1aba6d1640878_original.jpg?w=160&h=160&fit=crop&v=1461609098&auto=format&q=92&s=733f2be74551cf68145bc0532adfc14c",
      "thumb": "https://ksr-ugc.imgix.net/assets/009/633/798/ba1df7531b625c9d59c1aba6d1640878_original.jpg?w=40&h=40&fit=crop&v=1461609098&auto=format&q=92&s=06cbfcee800feb5bc3f3556a43724271"
    },
    "chosen_currency": null,
    "id": 732606080,
    "is_registered": true,
    "name": "William Steed",
    "urls": {
      "api": {
        "user": "https://api.kickstarter.com/v1/users/732606080?signature=1524101856.0934ae82d7981c8e626ce54ff7f3d50b848dfe64"
      },
      "web": {
        "user": "https://www.kickstarter.com/profile/732606080"
      }
    }
  },
  "currency": "CAD",
  "currency_symbol": "$",
  "currency_trailing_code": true,
  "current_currency": "USD",
  "deadline": 1427925264,
  "disable_communication": false,
  "fx_rate": 0.79525709,
  "goal": 100000.0,
  "id": 1024059270,
  "is_starrable": false,
  "launched_at": 1425336864,
  "location": {
    "country": "CA",
    "displayable_name": "Edmonton, Canada",
    "id": 8676,
    "is_root": false,
    "localized_name": "Edmonton",
    "name": "Edmonton",
    "short_name": "Edmonton, Canada",
    "slug": "edmonton-ca",
    "state": "AB",
    "type": "Town",
    "urls": {
      "api": {
        "nearby_projects": "https://api.kickstarter.com/v1/discover?signature=1524082115.d69e1d3e21de06c28160086476413ebab88a46e2&woe_id=8676"
      },
      "web": {
        "discover": "https://www.kickstarter.com/discover/places/edmonton-ca",
        "location": "https://www.kickstarter.com/locations/edmonton-ca"
      }
    }
  },
  "name": "Imagination Studio",
  "photo": {
    "1024x576": "https://ksr-ugc.imgix.net/assets/012/053/264/8b4873129f2293dde5609ef9c487367b_original.jpg?crop=faces&w=1024&h=576&fit=crop&v=1463727663&auto=format&q=92&s=272c3197f28d794eaa55a7d5c7d8db97",
    "1536x864": "https://ksr-ugc.imgix.net/assets/012/053/264/8b4873129f2293dde5609ef9c487367b_original.jpg?crop=faces&w=1552&h=873&fit=crop&v=1463727663&auto=format&q=92&s=f5402194842afa281fef0df6116da228",
    "ed": "https://ksr-ugc.imgix.net/assets/012/053/264/8b4873129f2293dde5609ef9c487367b_original.jpg?crop=faces&w=352&h=198&fit=crop&v=1463727663&auto=format&q=92&s=ab734ebabb2b05337a1bfea9c7538fcc",
    "full": "https://ksr-ugc.imgix.net/assets/012/053/264/8b4873129f2293dde5609ef9c487367b_original.jpg?crop=faces&w=560&h=315&fit=crop&v=1463727663&auto=format&q=92&s=c308d50a6045420d66b8fc8f41ed9cd1",
    "key": "assets/012/053/264/8b4873129f2293dde5609ef9c487367b_original.jpg",
    "little": "https://ksr-ugc.imgix.net/assets/012/053/264/8b4873129f2293dde5609ef9c487367b_original.jpg?crop=faces&w=208&h=117&fit=crop&v=1463727663&auto=format&q=92&s=ac4e48d7d94a29ea2cbb0e8916ae8fdf",
    "med": "https://ksr-ugc.imgix.net/assets/012/053/264/8b4873129f2293dde5609ef9c487367b_original.jpg?crop=faces&w=272&h=153&fit=crop&v=1463727663&auto=format&q=92&s=d2cffe4143ec7ca5ecf4fa971ac565c4",
    "small": "https://ksr-ugc.imgix.net/assets/012/053/264/8b4873129f2293dde5609ef9c487367b_original.jpg?crop=faces&w=160&h=90&fit=crop&v=1463727663&auto=format&q=92&s=f0b79ed40b6281dffda2a6ba6b11c5ba",
    "thumb": "https://ksr-ugc.imgix.net/assets/012/053/264/8b4873129f2293dde5609ef9c487367b_original.jpg?crop=faces&w=48&h=27&fit=crop&v=1463727663&auto=format&q=92&s=394ed03ed24ac54251d1805a29dbeba8"
  },
  "pledged": 256.0,
  "profile": {
    "background_color": null,
    "background_image_opacity": 0.8,
    "blurb": null,
    "feature_image_attributes": {
      "image_urls": {
        "baseball_card": "https://ksr-ugc.imgix.net/assets/012/053/264/8b4873129f2293dde5609ef9c487367b_original.jpg?crop=faces&w=560&h=315&fit=crop&v=1463727663&auto=format&q=92&s=c308d50a6045420d66b8fc8f41ed9cd1",
        "default": "https://ksr-ugc.imgix.net/assets/012/053/264/8b4873129f2293dde5609ef9c487367b_original.jpg?crop=faces&w=1552&h=873&fit=crop&v=1463727663&auto=format&q=92&s=f5402194842afa281fef0df6116da228"
      }
    },
    "id": 1737976,
    "link_background_color": null,
    "link_text": null,
    "link_text_color": null,
    "link_url": null,
    "name": null,
    "project_id": 1737976,
    "should_show_feature_image_section": true,
    "show_feature_image": false,
    "state": "inactive",
    "state_changed_at": 1425915895,
    "text_color": null
  },
  "slug": "imagination-studio",
  "spotlight": false,
  "staff_pick": false,
  "state": "failed",
  "state_changed_at": 1427925267,
  "static_usd_rate": 0.79937329,
  "urls": {
    "web": {
      "project": "https://www.kickstarter.com/projects/732606080/imagination-studio?ref=category_newest",
      "rewards": "https://www.kickstarter.com/projects/732606080/imagination-studio/rewards"
    }
  },
  "usd_pledged": "204.63956224",
  "usd_type": "international"
}