{
  "backers_count": 36,
  "blurb": "Two processor boards to choose from! Functions include servo motor control, panic alarm, Arduino compatible outputs & one talks to you!",
  "category": {
    "color": 6526716,
    "id": 52,
    "name": "Hardware",
    "parent_id": 16,
    "position": 8,
    "slug": "technology/hardware",
    "urls": {
      "web": {
        "discover": "http://www.kickstarter.com/discover/categories/technology/hardware"
      }
    }
  },
  "converted_pledged_amount": 2118,
  "country": "CA",
  "created_at": 1394915714,
  "creator": {
    "avatar": {
      "medium": "https://ksr-ugc.imgix.net/assets/007/943/377/3d8deacd877eadc998dacf425a781bac_original.JPG?w=160&h=160&fit=crop&v=1461492720&auto=format&q=92&s=aca2c19cbef43e7a91648bb984e0ffdf",
      "small": "https://ksr-ugc.imgix.net/assets/007/943/377/3d8deacd877eadc998dacf425a781bac_original.JPG?w=160&h=160&fit=crop&v=1461492720&auto=format&q=92&s=aca2c19cbef43e7a91648bb984e0ffdf",
      "thumb": "https://ksr-ugc.imgix.net/assets/007/943/377/3d8deacd877eadc998dacf425a781bac_original.JPG?w=40&h=40&fit=crop&v=1461492720&auto=format&q=92&s=f576792bf5ccbdcf5f787a946dd1ae5c"
    },
    "chosen_currency": null,
    "id": 172204344,
    "is_registered": true,
    "name": "Patrick Thomas Mitchell",
    "urls": {
      "api": {
        "user": "https://api.kickstarter.com/v1/users/172204344?signature=1524101483.11bebe5bcc757b7d21e3212b8158f905ad3049c6"
      },
      "web": {
        "user": "https://www.kickstarter.com/profile/172204344"
      }
    }
  },
  "currency": "CAD",
  "currency_symbol": "$",
  "currency_trailing_code": true,
  "current_currency": "USD",
  "deadline": 1398290291,
  "disable_communication": false,
  "fx_rate": 0.79525709,
  "goal": 2000.0,
  "id": 1024874385,
  "is_starrable": false,
  "launched_at": 1395698291,
  "location": {
    "country": "CA",
    "displayable_name": "Carleton Place, Canada",
    "id": 3379,
    "is_root": false,
    "localized_name": "Carleton Place",
    "name": "Carleton Place",
    "short_name": "Carleton Place, Canada",
    "slug": "carleton-place-ca",
    "state": "ON",
    "type": "Town",
    "urls": {
      "api": {
        "nearby_projects": "https://api.kickstarter.com/v1/discover?signature=1524082199.70c86970d61f85a70795d2f3101cd99a98d53dad&woe_id=3379"
      },
      "web": {
        "discover": "https://www.kickstarter.com/discover/places/carleton-place-ca",
        "location": "https://www.kickstarter.com/locations/carleton-place-ca"
      }
    }
  },
  "name": "The Arduino Compatible 4x4 Keypad Matrix Processor Set",
  "photo": {
    "1024x576": "https://ksr-ugc.imgix.net/assets/011/667/792/2d1576e3307b9a662fcaec003088d6b7_original.jpg?crop=faces&w=1024&h=576&fit=crop&v=1463686532&auto=format&q=92&s=18d0572a1bd0129104c934dbdf7b6e8a",
    "1536x864": "https://ksr-ugc.imgix.net/assets/011/667/792/2d1576e3307b9a662fcaec003088d6b7_original.jpg?crop=faces&w=1552&h=873&fit=crop&v=1463686532&auto=format&q=92&s=28a1d27081dddda215b169c278b7d14f",
    "ed": "https://ksr-ugc.imgix.net/assets/011/667/792/2d1576e3307b9a662fcaec003088d6b7_original.jpg?crop=faces&w=352&h=198&fit=crop&v=1463686532&auto=format&q=92&s=0d1fda4580c516dfeefb6d1620c7b21b",
    "full": "https://ksr-ugc.imgix.net/assets/011/667/792/2d1576e3307b9a662fcaec003088d6b7_original.jpg?crop=faces&w=560&h=315&fit=crop&v=1463686532&auto=format&q=92&s=3d67d8e20a0441aa47719564a8fcd6d4",
    "key": "assets/011/667/792/2d1576e3307b9a662fcaec003088d6b7_original.jpg",
    "little": "https://ksr-ugc.imgix.net/assets/011/667/792/2d1576e3307b9a662fcaec003088d6b7_original.jpg?crop=faces&w=208&h=117&fit=crop&v=1463686532&auto=format&q=92&s=5f5280d28a888d66584e0b137fd90802",
    "med": "https://ksr-ugc.imgix.net/assets/011/667/792/2d1576e3307b9a662fcaec003088d6b7_original.jpg?crop=faces&w=272&h=153&fit=crop&v=1463686532&auto=format&q=92&s=89f114681f1f26ad577c4f782a68421b",
    "small": "https://ksr-ugc.imgix.net/assets/011/667/792/2d1576e3307b9a662fcaec003088d6b7_original.jpg?crop=faces&w=160&h=90&fit=crop&v=1463686532&auto=format&q=92&s=c98a3291bb1db5304729e2d3ce2ba9db",
    "thumb": "https://ksr-ugc.imgix.net/assets/011/667/792/2d1576e3307b9a662fcaec003088d6b7_original.jpg?crop=faces&w=48&h=27&fit=crop&v=1463686532&auto=format&q=92&s=0a953979dab59921b8fe0b5005625388"
  },
  "pledged": 2337.0,
  "profile": {
    "background_color": null,
    "background_image_opacity": 0.8,
    "blurb": null,
    "feature_image_attributes": {
      "image_urls": {
        "baseball_card": "https://ksr-ugc.imgix.net/assets/011/667/792/2d1576e3307b9a662fcaec003088d6b7_original.jpg?crop=faces&w=560&h=315&fit=crop&v=1463686532&auto=format&q=92&s=3d67d8e20a0441aa47719564a8fcd6d4",
        "default": "https://ksr-ugc.imgix.net/assets/011/667/792/2d1576e3307b9a662fcaec003088d6b7_original.jpg?crop=faces&w=1552&h=873&fit=crop&v=1463686532&auto=format&q=92&s=28a1d27081dddda215b169c278b7d14f"
      }
    },
    "id": 931700,
    "link_background_color": null,
    "link_text": null,
    "link_text_color": null,
    "link_url": null,
    "name": null,
    "project_id": 931700,
    "should_show_feature_image_section": true,
    "show_feature_image": false,
    "state": "inactive",
    "state_changed_at": 1425915851,
    "text_color": null
  },
  "slug": "the-arduino-compatible-4x4-keypad-matrix-processor",
  "spotlight": true,
  "staff_pick": false,
  "state": "successful",
  "state_changed_at": 1398290291,
  "static_usd_rate": 0.89122112,
  "urls": {
    "web": {
      "project": "https://www.kickstarter.com/projects/172204344/the-arduino-compatible-4x4-keypad-matrix-processor?ref=category_newest",
      "rewards": "https://www.kickstarter.com/projects/172204344/the-arduino-compatible-4x4-keypad-matrix-processor/rewards"
    }
  },
  "usd_pledged": "2082.78375744",
  "usd_type": "international"
}