{
  "backers_count": 2,
  "blurb": "An app that sheds light on senators and representatives true motivations by aggregating the peoples vote vs external pressures.",
  "category": {
    "color": 6526716,
    "id": 332,
    "name": "Apps",
    "parent_id": 16,
    "position": 2,
    "slug": "technology/apps",
    "urls": {
      "web": {
        "discover": "http://www.kickstarter.com/discover/categories/technology/apps"
      }
    }
  },
  "converted_pledged_amount": 50,
  "country": "US",
  "created_at": 1404351725,
  "creator": {
    "avatar": {
      "medium": "https://ksr-ugc.imgix.net/assets/008/941/176/4823a40dd64cab72790128169035548e_original.JPG?w=160&h=160&fit=crop&v=1461550887&auto=format&q=92&s=466f667c0396a02fa984a53acc037965",
      "small": "https://ksr-ugc.imgix.net/assets/008/941/176/4823a40dd64cab72790128169035548e_original.JPG?w=160&h=160&fit=crop&v=1461550887&auto=format&q=92&s=466f667c0396a02fa984a53acc037965",
      "thumb": "https://ksr-ugc.imgix.net/assets/008/941/176/4823a40dd64cab72790128169035548e_original.JPG?w=40&h=40&fit=crop&v=1461550887&auto=format&q=92&s=1673785946249d8c7e673949d0dd783a"
    },
    "chosen_currency": null,
    "id": 1386592009,
    "is_registered": true,
    "name": "Alex Ewing",
    "urls": {
      "api": {
        "user": "https://api.kickstarter.com/v1/users/1386592009?signature=1524100188.1ed7bd4c6a23b99715dcffc4a1c794ad89d5672e"
      },
      "web": {
        "user": "https://www.kickstarter.com/profile/1386592009"
      }
    }
  },
  "currency": "USD",
  "currency_symbol": "$",
  "currency_trailing_code": true,
  "current_currency": "USD",
  "deadline": 1406977479,
  "disable_communication": false,
  "fx_rate": 1.0,
  "goal": 10000.0,
  "id": 1024206640,
  "is_starrable": false,
  "launched_at": 1404385479,
  "location": {
    "country": "US",
    "displayable_name": "Washington, DC",
    "id": 2514815,
    "is_root": false,
    "localized_name": "Washington",
    "name": "Washington",
    "short_name": "Washington, DC",
    "slug": "washington-dc",
    "state": "DC",
    "type": "Town",
    "urls": {
      "api": {
        "nearby_projects": "https://api.kickstarter.com/v1/discover?signature=1524082111.e0a075516614f948e0b1fb865d83add56e8bd185&woe_id=2514815"
      },
      "web": {
        "discover": "https://www.kickstarter.com/discover/places/washington-dc",
        "location": "https://www.kickstarter.com/locations/washington-dc"
      }
    }
  },
  "name": "okular",
  "photo": {
    "1024x576": "https://ksr-ugc.imgix.net/assets/011/737/966/964b04bd376b1f43f7a4f5419ea8251c_original.jpg?crop=faces&w=1024&h=576&fit=crop&v=1463688098&auto=format&q=92&s=8f28f0f87c630d325d3f59732217c023",
    "1536x864": "https://ksr-ugc.imgix.net/assets/011/737/966/964b04bd376b1f43f7a4f5419ea8251c_original.jpg?crop=faces&w=1552&h=873&fit=crop&v=1463688098&auto=format&q=92&s=98c4bb1e2d884117554a0ca1093bbac4",
    "ed": "https://ksr-ugc.imgix.net/assets/011/737/966/964b04bd376b1f43f7a4f5419ea8251c_original.jpg?crop=faces&w=352&h=198&fit=crop&v=1463688098&auto=format&q=92&s=213af41f8b65f2e927dcfa120510e636",
    "full": "https://ksr-ugc.imgix.net/assets/011/737/966/964b04bd376b1f43f7a4f5419ea8251c_original.jpg?crop=faces&w=560&h=315&fit=crop&v=1463688098&auto=format&q=92&s=25adc86e358b8fa0e9ec7d110663804a",
    "key": "assets/011/737/966/964b04bd376b1f43f7a4f5419ea8251c_original.jpg",
    "little": "https://ksr-ugc.imgix.net/assets/011/737/966/964b04bd376b1f43f7a4f5419ea8251c_original.jpg?crop=faces&w=208&h=117&fit=crop&v=1463688098&auto=format&q=92&s=f6958dc37b3f029414a54f75101bbafd",
    "med": "https://ksr-ugc.imgix.net/assets/011/737/966/964b04bd376b1f43f7a4f5419ea8251c_original.jpg?crop=faces&w=272&h=153&fit=crop&v=1463688098&auto=format&q=92&s=9ec3f5e25274f841d1bd32df3b49b347",
    "small": "https://ksr-ugc.imgix.net/assets/011/737/966/964b04bd376b1f43f7a4f5419ea8251c_original.jpg?crop=faces&w=160&h=90&fit=crop&v=1463688098&auto=format&q=92&s=3cfd8f85de5f82c091cedb038ff2e306",
    "thumb": "https://ksr-ugc.imgix.net/assets/011/737/966/964b04bd376b1f43f7a4f5419ea8251c_original.jpg?crop=faces&w=48&h=27&fit=crop&v=1463688098&auto=format&q=92&s=a29497bcace3943ccda05695ded91ca5"
  },
  "pledged": 50.0,
  "profile": {
    "background_color": null,
    "background_image_opacity": 0.8,
    "blurb": null,
    "feature_image_attributes": {
      "image_urls": {
        "baseball_card": "https://ksr-ugc.imgix.net/assets/011/737/966/964b04bd376b1f43f7a4f5419ea8251c_original.jpg?crop=faces&w=560&h=315&fit=crop&v=1463688098&auto=format&q=92&s=25adc86e358b8fa0e9ec7d110663804a",
        "default": "https://ksr-ugc.imgix.net/assets/011/737/966/964b04bd376b1f43f7a4f5419ea8251c_original.jpg?crop=faces&w=1552&h=873&fit=crop&v=1463688098&auto=format&q=92&s=98c4bb1e2d884117554a0ca1093bbac4"
      }
    },
    "id": 1095491,
    "link_background_color": null,
    "link_text": null,
    "link_text_color": null,
    "link_url": null,
    "name": null,
    "project_id": 1095491,
    "should_show_feature_image_section": true,
    "show_feature_image": false,
    "state": "inactive",
    "state_changed_at": 1425915860,
    "text_color": null
  },
  "slug": "okular",
  "spotlight": false,
  "staff_pick": false,
  "state": "failed",
  "state_changed_at": 1406977479,
  "static_usd_rate": 1.0,
  "urls": {
    "web": {
      "project": "https://www.kickstarter.com/projects/1386592009/okular?ref=category_newest",
      "rewards": "https://www.kickstarter.com/projects/1386592009/okular/rewards"
    }
  },
  "usd_pledged": "50.0",
  "usd_type": "international"
}