{
  "backers_count": 0,
  "blurb": "A FREE Computer app that will make real estate transactions safe, fun and EZ. Save thousands instantly.  So simple a child can do it!",
  "category": {
    "color": 6526716,
    "id": 332,
    "name": "Apps",
    "parent_id": 16,
    "position": 2,
    "slug": "technology/apps",
    "urls": {
      "web": {
        "discover": "http://www.kickstarter.com/discover/categories/technology/apps"
      }
    }
  },
  "converted_pledged_amount": 0,
  "country": "US",
  "created_at": 1407159826,
  "creator": {
    "avatar": {
      "medium": "https://ksr-ugc.imgix.net/assets/008/441/143/75e16ddd530f961df7902124bf6d23e2_original.jpeg?w=160&h=160&fit=crop&v=1461524231&auto=format&q=92&s=7f223e12b8cd516b9569ef73ad628c95",
      "small": "https://ksr-ugc.imgix.net/assets/008/441/143/75e16ddd530f961df7902124bf6d23e2_original.jpeg?w=160&h=160&fit=crop&v=1461524231&auto=format&q=92&s=7f223e12b8cd516b9569ef73ad628c95",
      "thumb": "https://ksr-ugc.imgix.net/assets/008/441/143/75e16ddd530f961df7902124bf6d23e2_original.jpeg?w=40&h=40&fit=crop&v=1461524231&auto=format&q=92&s=ed377f417d6cd9dc107d08bf4347dcc5"
    },
    "chosen_currency": null,
    "id": 1710952431,
    "is_registered": true,
    "name": "PATRIC N. SMITH",
    "slug": "realestatemadeez",
    "urls": {
      "api": {
        "user": "https://api.kickstarter.com/v1/users/1710952431?signature=1524100232.2801acbaeefaee8023293d67d16128263936d965"
      },
      "web": {
        "user": "https://www.kickstarter.com/profile/realestatemadeez"
      }
    }
  },
  "currency": "USD",
  "currency_symbol": "$",
  "currency_trailing_code": true,
  "current_currency": "USD",
  "deadline": 1411235100,
  "disable_communication": false,
  "fx_rate": 1.0,
  "goal": 4500.0,
  "id": 1024367910,
  "is_starrable": false,
  "launched_at": 1408149655,
  "location": {
    "country": "US",
    "displayable_name": "Redford, MI",
    "id": 2479592,
    "is_root": false,
    "localized_name": "Redford",
    "name": "Redford",
    "short_name": "Redford, MI",
    "slug": "redford-mi",
    "state": "MI",
    "type": "Town",
    "urls": {
      "api": {
        "nearby_projects": "https://api.kickstarter.com/v1/discover?signature=1524082114.37c10a8ceb63086fb81f50f41628543282959f8e&woe_id=2479592"
      },
      "web": {
        "discover": "https://www.kickstarter.com/discover/places/redford-mi",
        "location": "https://www.kickstarter.com/locations/redford-mi"
      }
    }
  },
  "name": "Real Estate Made EZ",
  "photo": {
    "1024x576": "https://ksr-ugc.imgix.net/assets/011/820/811/002f6566c294780460b58b5da5ff68e6_original.jpg?crop=faces&w=1024&h=576&fit=crop&v=1463699325&auto=format&q=92&s=1483a2561203dc296195ad92ca4930c2",
    "1536x864": "https://ksr-ugc.imgix.net/assets/011/820/811/002f6566c294780460b58b5da5ff68e6_original.jpg?crop=faces&w=1552&h=873&fit=crop&v=1463699325&auto=format&q=92&s=f3ffc9d8b0a78435bdffd0170e5f819b",
    "ed": "https://ksr-ugc.imgix.net/assets/011/820/811/002f6566c294780460b58b5da5ff68e6_original.jpg?crop=faces&w=352&h=198&fit=crop&v=1463699325&auto=format&q=92&s=9413dad6302a0a404eb3d3bcf1298689",
    "full": "https://ksr-ugc.imgix.net/assets/011/820/811/002f6566c294780460b58b5da5ff68e6_original.jpg?crop=faces&w=560&h=315&fit=crop&v=1463699325&auto=format&q=92&s=debfcdf335c826964fc4b6a60d2ec8b3",
    "key": "assets/011/820/811/002f6566c294780460b58b5da5ff68e6_original.jpg",
    "little": "https://ksr-ugc.imgix.net/assets/011/820/811/002f6566c294780460b58b5da5ff68e6_original.jpg?crop=faces&w=208&h=117&fit=crop&v=1463699325&auto=format&q=92&s=5a735a268a652726b9973a2d256a6fef",
    "med": "https://ksr-ugc.imgix.net/assets/011/820/811/002f6566c294780460b58b5da5ff68e6_original.jpg?crop=faces&w=272&h=153&fit=crop&v=1463699325&auto=format&q=92&s=77611b25c72f01fe8da1a23990727001",
    "small": "https://ksr-ugc.imgix.net/assets/011/820/811/002f6566c294780460b58b5da5ff68e6_original.jpg?crop=faces&w=160&h=90&fit=crop&v=1463699325&auto=format&q=92&s=ecf7babdcc4fc2e7a94c1547e3facc60",
    "thumb": "https://ksr-ugc.imgix.net/assets/011/820/811/002f6566c294780460b58b5da5ff68e6_original.jpg?crop=faces&w=48&h=27&fit=crop&v=1463699325&auto=format&q=92&s=0dd8b8c36d3048627a6e0b4aa7267cd4"
  },
  "pledged": 0.0,
  "profile": {
    "background_color": null,
    "background_image_opacity": 0.8,
    "blurb": null,
    "feature_image_attributes": {
      "image_urls": {
        "baseball_card": "https://ksr-ugc.imgix.net/assets/011/820/811/002f6566c294780460b58b5da5ff68e6_original.jpg?crop=faces&w=560&h=315&fit=crop&v=1463699325&auto=format&q=92&s=debfcdf335c826964fc4b6a60d2ec8b3",
        "default": "https://ksr-ugc.imgix.net/assets/011/820/811/002f6566c294780460b58b5da5ff68e6_original.jpg?crop=faces&w=1552&h=873&fit=crop&v=1463699325&auto=format&q=92&s=f3ffc9d8b0a78435bdffd0170e5f819b"
      }
    },
    "id": 1257810,
    "link_background_color": null,
    "link_text": null,
    "link_text_color": null,
    "link_url": null,
    "name": null,
    "project_id": 1257810,
    "should_show_feature_image_section": true,
    "show_feature_image": false,
    "state": "inactive",
    "state_changed_at": 1425915870,
    "text_color": null
  },
  "slug": "real-estate-made-ez",
  "spotlight": false,
  "staff_pick": false,
  "state": "failed",
  "state_changed_at": 1411235110,
  "static_usd_rate": 1.0,
  "urls": {
    "web": {
      "project": "https://www.kickstarter.com/projects/realestatemadeez/real-estate-made-ez?ref=category_newest",
      "rewards": "https://www.kickstarter.com/projects/realestatemadeez/real-estate-made-ez/rewards"
    }
  },
  "usd_pledged": "0.0",
  "usd_type": "international"
}