{
  "backers_count": 592,
  "blurb": "Report on the quality of your internet service. Easily troubleshoot internet problems. Ensure your IoT devices are online.",
  "category": {
    "color": 6526716,
    "id": 52,
    "name": "Hardware",
    "parent_id": 16,
    "position": 8,
    "slug": "technology/hardware",
    "urls": {
      "web": {
        "discover": "http://www.kickstarter.com/discover/categories/technology/hardware"
      }
    }
  },
  "converted_pledged_amount": 58060,
  "country": "US",
  "created_at": 1489422075,
  "creator": {
    "avatar": {
      "medium": "https://ksr-ugc.imgix.net/assets/019/063/098/f9850455ad64e84d30d2a9901fe2c8b5_original.png?w=160&h=160&fit=crop&v=1509811888&auto=format&q=92&s=6c06b3fdaed07677aa441ef94d20e8bc",
      "small": "https://ksr-ugc.imgix.net/assets/019/063/098/f9850455ad64e84d30d2a9901fe2c8b5_original.png?w=160&h=160&fit=crop&v=1509811888&auto=format&q=92&s=6c06b3fdaed07677aa441ef94d20e8bc",
      "thumb": "https://ksr-ugc.imgix.net/assets/019/063/098/f9850455ad64e84d30d2a9901fe2c8b5_original.png?w=40&h=40&fit=crop&v=1509811888&auto=format&q=92&s=98c946ccb6c86807eb2f7f8c1370cd25"
    },
    "chosen_currency": null,
    "id": 802071374,
    "is_registered": true,
    "name": "monitor-io",
    "urls": {
      "api": {
        "user": "https://api.kickstarter.com/v1/users/802071374?signature=1524101632.71cb9e1e5295bf3e327e0c06845d334ace7181aa"
      },
      "web": {
        "user": "https://www.kickstarter.com/profile/802071374"
      }
    }
  },
  "currency": "USD",
  "currency_symbol": "$",
  "currency_trailing_code": true,
  "current_currency": "USD",
  "deadline": 1523505772,
  "disable_communication": false,
  "fx_rate": 1.0,
  "goal": 10000.0,
  "id": 1024377192,
  "is_starrable": false,
  "launched_at": 1520913772,
  "location": {
    "country": "US",
    "displayable_name": "Holmdel, NJ",
    "id": 2423516,
    "is_root": false,
    "localized_name": "Holmdel",
    "name": "Holmdel",
    "short_name": "Holmdel, NJ",
    "slug": "holmdel-nj",
    "state": "NJ",
    "type": "Town",
    "urls": {
      "api": {
        "nearby_projects": "https://api.kickstarter.com/v1/discover?signature=1524082256.b66944f7d5dfe54645b51fb83838da1f3e133307&woe_id=2423516"
      },
      "web": {
        "discover": "https://www.kickstarter.com/discover/places/holmdel-nj",
        "location": "https://www.kickstarter.com/locations/holmdel-nj"
      }
    }
  },
  "name": "Continuously track your internet connection with monitor-io",
  "photo": {
    "1024x576": "https://ksr-ugc.imgix.net/assets/015/864/801/864a21589fdf09fef2d0f7a5e1c81a5d_original.png?crop=faces&w=1024&h=576&fit=crop&v=1519008366&auto=format&q=92&s=327e04e8935ef1e013dfc82be2baffb3",
    "1536x864": "https://ksr-ugc.imgix.net/assets/015/864/801/864a21589fdf09fef2d0f7a5e1c81a5d_original.png?crop=faces&w=1552&h=873&fit=crop&v=1519008366&auto=format&q=92&s=2e224e6be179d8d2736f4ea9025f3b48",
    "ed": "https://ksr-ugc.imgix.net/assets/015/864/801/864a21589fdf09fef2d0f7a5e1c81a5d_original.png?crop=faces&w=352&h=198&fit=crop&v=1519008366&auto=format&q=92&s=2fcb8c7cbd0413c0d99486d5703db06c",
    "full": "https://ksr-ugc.imgix.net/assets/015/864/801/864a21589fdf09fef2d0f7a5e1c81a5d_original.png?crop=faces&w=560&h=315&fit=crop&v=1519008366&auto=format&q=92&s=8a7bbaa877a6998d9e0a171104888ac8",
    "key": "assets/015/864/801/864a21589fdf09fef2d0f7a5e1c81a5d_original.png",
    "little": "https://ksr-ugc.imgix.net/assets/015/864/801/864a21589fdf09fef2d0f7a5e1c81a5d_original.png?crop=faces&w=208&h=117&fit=crop&v=1519008366&auto=format&q=92&s=4ed9003f7128b75584f8dae003efef44",
    "med": "https://ksr-ugc.imgix.net/assets/015/864/801/864a21589fdf09fef2d0f7a5e1c81a5d_original.png?crop=faces&w=272&h=153&fit=crop&v=1519008366&auto=format&q=92&s=5087e89b7fdfed30f2ba6e92245cea68",
    "small": "https://ksr-ugc.imgix.net/assets/015/864/801/864a21589fdf09fef2d0f7a5e1c81a5d_original.png?crop=faces&w=160&h=90&fit=crop&v=1519008366&auto=format&q=92&s=e585f78465b123722d056b16223bf2e3",
    "thumb": "https://ksr-ugc.imgix.net/assets/015/864/801/864a21589fdf09fef2d0f7a5e1c81a5d_original.png?crop=faces&w=48&h=27&fit=crop&v=1519008366&auto=format&q=92&s=e1451aee335f3f19bbd305180fd4bcf9"
  },
  "pledged": 58060.0,
  "profile": {
    "background_color": "",
    "background_image_opacity": 0.8,
    "blurb": "Report on the quality of your internet service. Easily troubleshoot internet problems. Ensure your IoT devices are online.",
    "feature_image_attributes": {
      "image_urls": {
        "baseball_card": "https://ksr-ugc.imgix.net/assets/015/864/801/864a21589fdf09fef2d0f7a5e1c81a5d_original.png?crop=faces&w=560&h=315&fit=crop&v=1519008366&auto=format&q=92&s=8a7bbaa877a6998d9e0a171104888ac8",
        "default": "https://ksr-ugc.imgix.net/assets/015/864/801/864a21589fdf09fef2d0f7a5e1c81a5d_original.png?crop=faces&w=1552&h=873&fit=crop&v=1519008366&auto=format&q=92&s=2e224e6be179d8d2736f4ea9025f3b48"
      }
    },
    "id": 2918117,
    "link_background_color": "00a79d",
    "link_text": "Buy Now",
    "link_text_color": "",
    "link_url": "https://www.monitor-io.com/buy.html",
    "name": "Continuously track your internet connection with monitor-io",
    "project_id": 2918117,
    "should_show_feature_image_section": true,
    "show_feature_image": false,
    "state": "active",
    "state_changed_at": 1523506246,
    "text_color": ""
  },
  "slug": "continuously-track-your-internet-connection-with-m",
  "spotlight": true,
  "staff_pick": false,
  "state": "successful",
  "state_changed_at": 1523505773,
  "static_usd_rate": 1.0,
  "urls": {
    "web": {
      "project": "https://www.kickstarter.com/projects/802071374/continuously-track-your-internet-connection-with-m?ref=category_newest",
      "rewards": "https://www.kickstarter.com/projects/802071374/continuously-track-your-internet-connection-with-m/rewards"
    }
  },
  "usd_pledged": "58060.0",
  "usd_type": "international"
}