{
  "backers_count": 26,
  "blurb": "An easy way to keep count of your Mivtzoeim and Report to the Rebbe via email or print. \n\nALREADY RAISED $8000",
  "category": {
    "color": 6526716,
    "id": 332,
    "name": "Apps",
    "parent_id": 16,
    "position": 2,
    "slug": "technology/apps",
    "urls": {
      "web": {
        "discover": "http://www.kickstarter.com/discover/categories/technology/apps"
      }
    }
  },
  "converted_pledged_amount": 13603,
  "country": "US",
  "created_at": 1440570274,
  "creator": {
    "avatar": {
      "medium": "https://ksr-ugc.imgix.net/assets/010/279/930/bd687c7225be9e0ef49045a7e9df491d_original.jpg?w=160&h=160&fit=crop&v=1461678414&auto=format&q=92&s=ed1851440d58505a0d2274d432ba5009",
      "small": "https://ksr-ugc.imgix.net/assets/010/279/930/bd687c7225be9e0ef49045a7e9df491d_original.jpg?w=160&h=160&fit=crop&v=1461678414&auto=format&q=92&s=ed1851440d58505a0d2274d432ba5009",
      "thumb": "https://ksr-ugc.imgix.net/assets/010/279/930/bd687c7225be9e0ef49045a7e9df491d_original.jpg?w=40&h=40&fit=crop&v=1461678414&auto=format&q=92&s=26aca2bdff4a890b497f0c1b4c28d3b8"
    },
    "chosen_currency": null,
    "id": 895488477,
    "is_registered": true,
    "name": "Eli Schlanger",
    "urls": {
      "api": {
        "user": "https://api.kickstarter.com/v1/users/895488477?signature=1524100123.d32ce6d0fc9779c4379ebe0e3435a9f0d09eed4f"
      },
      "web": {
        "user": "https://www.kickstarter.com/profile/895488477"
      }
    }
  },
  "currency": "USD",
  "currency_symbol": "$",
  "currency_trailing_code": true,
  "current_currency": "USD",
  "deadline": 1443421440,
  "disable_communication": false,
  "fx_rate": 1.0,
  "goal": 13500.0,
  "id": 1025353346,
  "is_starrable": false,
  "launched_at": 1440719481,
  "location": {
    "country": "AU",
    "displayable_name": "Sydney, AU",
    "id": 1105779,
    "is_root": false,
    "localized_name": "Sydney",
    "name": "Sydney",
    "short_name": "Sydney, AU",
    "slug": "sydney-au",
    "state": "NSW",
    "type": "Town",
    "urls": {
      "api": {
        "nearby_projects": "https://api.kickstarter.com/v1/discover?signature=1524082110.b9fdee45ce4e7d5af303362d3ac9585affd5b0ce&woe_id=1105779"
      },
      "web": {
        "discover": "https://www.kickstarter.com/discover/places/sydney-au",
        "location": "https://www.kickstarter.com/locations/sydney-au"
      }
    }
  },
  "name": "Report to the Rebbe \u05d3\u05d5\"\u05d7",
  "photo": {
    "1024x576": "https://ksr-ugc.imgix.net/assets/012/234/684/ec93b7607788007316ea1688bed8a0ea_original.png?crop=faces&w=1024&h=576&fit=crop&v=1463744860&auto=format&q=92&s=9b11ca58e29ce5f4b3ee8634640d88ba",
    "1536x864": "https://ksr-ugc.imgix.net/assets/012/234/684/ec93b7607788007316ea1688bed8a0ea_original.png?crop=faces&w=1552&h=873&fit=crop&v=1463744860&auto=format&q=92&s=10c01f6249bdd77eef556e69ac82999d",
    "ed": "https://ksr-ugc.imgix.net/assets/012/234/684/ec93b7607788007316ea1688bed8a0ea_original.png?crop=faces&w=352&h=198&fit=crop&v=1463744860&auto=format&q=92&s=b220269e808aec18ea6a81565f10d9a7",
    "full": "https://ksr-ugc.imgix.net/assets/012/234/684/ec93b7607788007316ea1688bed8a0ea_original.png?crop=faces&w=560&h=315&fit=crop&v=1463744860&auto=format&q=92&s=a3d0bc0c3e40539463f5f3490121655a",
    "key": "assets/012/234/684/ec93b7607788007316ea1688bed8a0ea_original.png",
    "little": "https://ksr-ugc.imgix.net/assets/012/234/684/ec93b7607788007316ea1688bed8a0ea_original.png?crop=faces&w=208&h=117&fit=crop&v=1463744860&auto=format&q=92&s=d6ab496f0495744e465f922b70fbceaa",
    "med": "https://ksr-ugc.imgix.net/assets/012/234/684/ec93b7607788007316ea1688bed8a0ea_original.png?crop=faces&w=272&h=153&fit=crop&v=1463744860&auto=format&q=92&s=086ada9ce1e5cb3d2925de8df0c9fb45",
    "small": "https://ksr-ugc.imgix.net/assets/012/234/684/ec93b7607788007316ea1688bed8a0ea_original.png?crop=faces&w=160&h=90&fit=crop&v=1463744860&auto=format&q=92&s=f6e2e50f1faf89a20c8adc131e1d84bd",
    "thumb": "https://ksr-ugc.imgix.net/assets/012/234/684/ec93b7607788007316ea1688bed8a0ea_original.png?crop=faces&w=48&h=27&fit=crop&v=1463744860&auto=format&q=92&s=656b4a998d75c4f388475823b67d2fec"
  },
  "pledged": 13603.0,
  "profile": {
    "background_color": null,
    "background_image_opacity": 0.8,
    "blurb": null,
    "feature_image_attributes": {
      "image_urls": {
        "baseball_card": "https://ksr-ugc.imgix.net/assets/012/234/684/ec93b7607788007316ea1688bed8a0ea_original.png?crop=faces&w=560&h=315&fit=crop&v=1463744860&auto=format&q=92&s=a3d0bc0c3e40539463f5f3490121655a",
        "default": "https://ksr-ugc.imgix.net/assets/012/234/684/ec93b7607788007316ea1688bed8a0ea_original.png?crop=faces&w=1552&h=873&fit=crop&v=1463744860&auto=format&q=92&s=10c01f6249bdd77eef556e69ac82999d"
      }
    },
    "id": 2087412,
    "link_background_color": null,
    "link_text": null,
    "link_text_color": null,
    "link_url": null,
    "name": null,
    "project_id": 2087412,
    "should_show_feature_image_section": true,
    "show_feature_image": false,
    "state": "inactive",
    "state_changed_at": 1440570274,
    "text_color": null
  },
  "slug": "report-to-the-rebbe",
  "spotlight": true,
  "staff_pick": false,
  "state": "successful",
  "state_changed_at": 1443421440,
  "static_usd_rate": 1.0,
  "urls": {
    "web": {
      "project": "https://www.kickstarter.com/projects/895488477/report-to-the-rebbe?ref=category_newest",
      "rewards": "https://www.kickstarter.com/projects/895488477/report-to-the-rebbe/rewards"
    }
  },
  "usd_pledged": "13603.0",
  "usd_type": "international"
}