{
  "backers_count": 16,
  "blurb": "At Leadership Prep School, we are learning about computers and hard drives by building them; then giving them to backers and Goodwill.",
  "category": {
    "color": 6526716,
    "id": 52,
    "name": "Hardware",
    "parent_id": 16,
    "position": 8,
    "slug": "technology/hardware",
    "urls": {
      "web": {
        "discover": "http://www.kickstarter.com/discover/categories/technology/hardware"
      }
    }
  },
  "converted_pledged_amount": 1605,
  "country": "US",
  "created_at": 1483982372,
  "creator": {
    "avatar": {
      "medium": "https://ksr-ugc.imgix.net/assets/015/110/998/ba742fae3039b345a86f40ef3911874c_original.PNG?w=160&h=160&fit=crop&v=1483983398&auto=format&q=92&s=1223c0e11852f59ea8a43976d880a66d",
      "small": "https://ksr-ugc.imgix.net/assets/015/110/998/ba742fae3039b345a86f40ef3911874c_original.PNG?w=160&h=160&fit=crop&v=1483983398&auto=format&q=92&s=1223c0e11852f59ea8a43976d880a66d",
      "thumb": "https://ksr-ugc.imgix.net/assets/015/110/998/ba742fae3039b345a86f40ef3911874c_original.PNG?w=40&h=40&fit=crop&v=1483983398&auto=format&q=92&s=97f35036765a198df781fb002f3689fe"
    },
    "chosen_currency": null,
    "id": 288115225,
    "is_registered": true,
    "name": "IT Class at Leadership Prep School",
    "urls": {
      "api": {
        "user": "https://api.kickstarter.com/v1/users/288115225?signature=1524101604.9744abbcd11e92961e59387deb577e7415d5b39c"
      },
      "web": {
        "user": "https://www.kickstarter.com/profile/288115225"
      }
    }
  },
  "currency": "USD",
  "currency_symbol": "$",
  "currency_trailing_code": true,
  "current_currency": "USD",
  "deadline": 1487617897,
  "disable_communication": false,
  "fx_rate": 1.0,
  "goal": 1500.0,
  "id": 102529987,
  "is_starrable": false,
  "launched_at": 1485889897,
  "location": {
    "country": "US",
    "displayable_name": "Frisco, TX",
    "id": 2407781,
    "is_root": false,
    "localized_name": "Frisco",
    "name": "Frisco",
    "short_name": "Frisco, TX",
    "slug": "frisco-tx",
    "state": "TX",
    "type": "Town",
    "urls": {
      "api": {
        "nearby_projects": "https://api.kickstarter.com/v1/discover?signature=1524082284.2fdfc49d2e38019ff25c26164b9c35b0b48f5159&woe_id=2407781"
      },
      "web": {
        "discover": "https://www.kickstarter.com/discover/places/frisco-tx",
        "location": "https://www.kickstarter.com/locations/frisco-tx"
      }
    }
  },
  "name": "Leadership Prep School Learning About Computers by Building",
  "photo": {
    "1024x576": "https://ksr-ugc.imgix.net/assets/015/110/905/ba742fae3039b345a86f40ef3911874c_original.PNG?crop=faces&w=1024&h=576&fit=crop&v=1483982799&auto=format&q=92&s=3bbc7b2a915805fa7ec189987cec387a",
    "1536x864": "https://ksr-ugc.imgix.net/assets/015/110/905/ba742fae3039b345a86f40ef3911874c_original.PNG?crop=faces&w=1552&h=873&fit=crop&v=1483982799&auto=format&q=92&s=6508f32c8b0ee96d9e9f623603388dba",
    "ed": "https://ksr-ugc.imgix.net/assets/015/110/905/ba742fae3039b345a86f40ef3911874c_original.PNG?crop=faces&w=352&h=198&fit=crop&v=1483982799&auto=format&q=92&s=0e311a4c908f3d19cd2680d6774a69bf",
    "full": "https://ksr-ugc.imgix.net/assets/015/110/905/ba742fae3039b345a86f40ef3911874c_original.PNG?crop=faces&w=560&h=315&fit=crop&v=1483982799&auto=format&q=92&s=95402db22009fba5990781765b50042f",
    "key": "assets/015/110/905/ba742fae3039b345a86f40ef3911874c_original.PNG",
    "little": "https://ksr-ugc.imgix.net/assets/015/110/905/ba742fae3039b345a86f40ef3911874c_original.PNG?crop=faces&w=208&h=117&fit=crop&v=1483982799&auto=format&q=92&s=94f7d22caa0aa0bc7798a4f0d2e092f9",
    "med": "https://ksr-ugc.imgix.net/assets/015/110/905/ba742fae3039b345a86f40ef3911874c_original.PNG?crop=faces&w=272&h=153&fit=crop&v=1483982799&auto=format&q=92&s=6439dd9b676d3a027092336ac9940881",
    "small": "https://ksr-ugc.imgix.net/assets/015/110/905/ba742fae3039b345a86f40ef3911874c_original.PNG?crop=faces&w=160&h=90&fit=crop&v=1483982799&auto=format&q=92&s=732763455163d4d9e9f09b9aafef4638",
    "thumb": "https://ksr-ugc.imgix.net/assets/015/110/905/ba742fae3039b345a86f40ef3911874c_original.PNG?crop=faces&w=48&h=27&fit=crop&v=1483982799&auto=format&q=92&s=91390d408763fcc176f5fb2b006a3d05"
  },
  "pledged": 1605.0,
  "profile": {
    "background_color": null,
    "background_image_opacity": 0.8,
    "blurb": null,
    "feature_image_attributes": {
      "image_urls": {
        "baseball_card": "https://ksr-ugc.imgix.net/assets/015/110/905/ba742fae3039b345a86f40ef3911874c_original.PNG?crop=faces&w=560&h=315&fit=crop&v=1483982799&auto=format&q=92&s=95402db22009fba5990781765b50042f",
        "default": "https://ksr-ugc.imgix.net/assets/015/110/905/ba742fae3039b345a86f40ef3911874c_original.PNG?crop=faces&w=1552&h=873&fit=crop&v=1483982799&auto=format&q=92&s=6508f32c8b0ee96d9e9f623603388dba"
      }
    },
    "id": 2828419,
    "link_background_color": null,
    "link_text": null,
    "link_text_color": null,
    "link_url": null,
    "name": null,
    "project_id": 2828419,
    "should_show_feature_image_section": true,
    "show_feature_image": false,
    "state": "inactive",
    "state_changed_at": 1483982372,
    "text_color": null
  },
  "slug": "leadership-prep-school-learning-about-computers-by",
  "spotlight": true,
  "staff_pick": false,
  "state": "successful",
  "state_changed_at": 1487617898,
  "static_usd_rate": 1.0,
  "urls": {
    "web": {
      "project": "https://www.kickstarter.com/projects/288115225/leadership-prep-school-learning-about-computers-by?ref=category_newest",
      "rewards": "https://www.kickstarter.com/projects/288115225/leadership-prep-school-learning-about-computers-by/rewards"
    }
  },
  "usd_pledged": "1605.0",
  "usd_type": "international"
}