{
  "backers_count": 200,
  "blurb": "An App for those seeking guidance and mindfulness. Come connect with Bobby and each other",
  "category": {
    "color": 6526716,
    "id": 332,
    "name": "Apps",
    "parent_id": 16,
    "position": 2,
    "slug": "technology/apps",
    "urls": {
      "web": {
        "discover": "http://www.kickstarter.com/discover/categories/technology/apps"
      }
    }
  },
  "converted_pledged_amount": 30364,
  "country": "GB",
  "created_at": 1442840450,
  "creator": {
    "avatar": {
      "medium": "https://ksr-ugc.imgix.net/assets/010/362/176/33e84f3d3f13a46c75919328a487eff8_original.jpg?w=160&h=160&fit=crop&v=1461684293&auto=format&q=92&s=d7be8f0d12cb4c588540d8eac14a2d1e",
      "small": "https://ksr-ugc.imgix.net/assets/010/362/176/33e84f3d3f13a46c75919328a487eff8_original.jpg?w=160&h=160&fit=crop&v=1461684293&auto=format&q=92&s=d7be8f0d12cb4c588540d8eac14a2d1e",
      "thumb": "https://ksr-ugc.imgix.net/assets/010/362/176/33e84f3d3f13a46c75919328a487eff8_original.jpg?w=40&h=40&fit=crop&v=1461684293&auto=format&q=92&s=eec9219f3fab25363dbe5e429664b932"
    },
    "chosen_currency": null,
    "id": 2127883355,
    "is_registered": true,
    "name": "Bobby Klein",
    "urls": {
      "api": {
        "user": "https://api.kickstarter.com/v1/users/2127883355?signature=1524100125.74942f84bdbb35841562133174275da47f586c58"
      },
      "web": {
        "user": "https://www.kickstarter.com/profile/2127883355"
      }
    }
  },
  "currency": "GBP",
  "currency_symbol": "\u00a3",
  "currency_trailing_code": false,
  "current_currency": "USD",
  "deadline": 1449057600,
  "disable_communication": false,
  "fx_rate": 1.43358488,
  "goal": 20000.0,
  "id": 102593615,
  "is_starrable": false,
  "launched_at": 1446060942,
  "location": {
    "country": "MX",
    "displayable_name": "Tulum, Mexico",
    "id": 150215,
    "is_root": false,
    "localized_name": "Tulum",
    "name": "Tulum",
    "short_name": "Tulum, Mexico",
    "slug": "tulum-mx",
    "state": "Quintana Roo",
    "type": "Town",
    "urls": {
      "api": {
        "nearby_projects": "https://api.kickstarter.com/v1/discover?signature=1524083146.e0ba4a371dec41c96b29ed5a95633d0dd98fb5b3&woe_id=150215"
      },
      "web": {
        "discover": "https://www.kickstarter.com/discover/places/tulum-mx",
        "location": "https://www.kickstarter.com/locations/tulum-mx"
      }
    }
  },
  "name": "REAL - A Guide for Living - more than just a meditation app",
  "photo": {
    "1024x576": "https://ksr-ugc.imgix.net/assets/012/259/167/f86e1da60b25fda9d2ba469a7283fea8_original.jpg?crop=faces&w=1024&h=576&fit=crop&v=1463747360&auto=format&q=92&s=27b4a25a4d615e5635d8914dd62d2795",
    "1536x864": "https://ksr-ugc.imgix.net/assets/012/259/167/f86e1da60b25fda9d2ba469a7283fea8_original.jpg?crop=faces&w=1552&h=873&fit=crop&v=1463747360&auto=format&q=92&s=38ad69e2a8ecb812a0c3c498cf94e180",
    "ed": "https://ksr-ugc.imgix.net/assets/012/259/167/f86e1da60b25fda9d2ba469a7283fea8_original.jpg?crop=faces&w=352&h=198&fit=crop&v=1463747360&auto=format&q=92&s=8eb831982eacbd677c2d6a8f51c539cd",
    "full": "https://ksr-ugc.imgix.net/assets/012/259/167/f86e1da60b25fda9d2ba469a7283fea8_original.jpg?crop=faces&w=560&h=315&fit=crop&v=1463747360&auto=format&q=92&s=2caf7e25adc53bcc80d8bd9b55c1ddc1",
    "key": "assets/012/259/167/f86e1da60b25fda9d2ba469a7283fea8_original.jpg",
    "little": "https://ksr-ugc.imgix.net/assets/012/259/167/f86e1da60b25fda9d2ba469a7283fea8_original.jpg?crop=faces&w=208&h=117&fit=crop&v=1463747360&auto=format&q=92&s=35e9bf9f48ac680c1066d3bdea8a4da1",
    "med": "https://ksr-ugc.imgix.net/assets/012/259/167/f86e1da60b25fda9d2ba469a7283fea8_original.jpg?crop=faces&w=272&h=153&fit=crop&v=1463747360&auto=format&q=92&s=feda1f3021ca58e2bd07d8864430e572",
    "small": "https://ksr-ugc.imgix.net/assets/012/259/167/f86e1da60b25fda9d2ba469a7283fea8_original.jpg?crop=faces&w=160&h=90&fit=crop&v=1463747360&auto=format&q=92&s=4a16f57063b23413eba1fa8b9092997b",
    "thumb": "https://ksr-ugc.imgix.net/assets/012/259/167/f86e1da60b25fda9d2ba469a7283fea8_original.jpg?crop=faces&w=48&h=27&fit=crop&v=1463747360&auto=format&q=92&s=7f80a90907d5b28567c46f85558b067f"
  },
  "pledged": 20151.0,
  "profile": {
    "background_color": null,
    "background_image_opacity": 0.8,
    "blurb": null,
    "feature_image_attributes": {
      "image_urls": {
        "baseball_card": "https://ksr-ugc.imgix.net/assets/012/259/167/f86e1da60b25fda9d2ba469a7283fea8_original.jpg?crop=faces&w=560&h=315&fit=crop&v=1463747360&auto=format&q=92&s=2caf7e25adc53bcc80d8bd9b55c1ddc1",
        "default": "https://ksr-ugc.imgix.net/assets/012/259/167/f86e1da60b25fda9d2ba469a7283fea8_original.jpg?crop=faces&w=1552&h=873&fit=crop&v=1463747360&auto=format&q=92&s=38ad69e2a8ecb812a0c3c498cf94e180"
      }
    },
    "id": 2134339,
    "link_background_color": null,
    "link_text": null,
    "link_text_color": null,
    "link_url": null,
    "name": null,
    "project_id": 2134339,
    "should_show_feature_image_section": true,
    "show_feature_image": false,
    "state": "inactive",
    "state_changed_at": 1442840450,
    "text_color": null
  },
  "slug": "real-a-guide-for-living-more-than-just-a-meditatio",
  "spotlight": true,
  "staff_pick": true,
  "state": "successful",
  "state_changed_at": 1449057601,
  "static_usd_rate": 1.53529175,
  "urls": {
    "web": {
      "project": "https://www.kickstarter.com/projects/2127883355/real-a-guide-for-living-more-than-just-a-meditatio?ref=category_newest",
      "rewards": "https://www.kickstarter.com/projects/2127883355/real-a-guide-for-living-more-than-just-a-meditatio/rewards"
    }
  },
  "usd_pledged": "30937.66405425",
  "usd_type": "international"
}