{
  "backers_count": 15,
  "blurb": "Bitzong's rClock is the world's first robot alarm clock that can effectively wake the user without disturbing others around them.",
  "category": {
    "color": 6526716,
    "id": 338,
    "name": "Robots",
    "parent_id": 16,
    "position": 10,
    "slug": "technology/robots",
    "urls": {
      "web": {
        "discover": "http://www.kickstarter.com/discover/categories/technology/robots"
      }
    }
  },
  "converted_pledged_amount": 3647,
  "country": "AU",
  "created_at": 1411875128,
  "creator": {
    "avatar": {
      "medium": "https://ksr-ugc.imgix.net/assets/009/285/698/cc38552e742733cb57bc2ad3d602d18a_original.png?w=160&h=160&fit=crop&v=1461574032&auto=format&q=92&s=0aed701570dff0df79f24b58b1c172cd",
      "small": "https://ksr-ugc.imgix.net/assets/009/285/698/cc38552e742733cb57bc2ad3d602d18a_original.png?w=160&h=160&fit=crop&v=1461574032&auto=format&q=92&s=0aed701570dff0df79f24b58b1c172cd",
      "thumb": "https://ksr-ugc.imgix.net/assets/009/285/698/cc38552e742733cb57bc2ad3d602d18a_original.png?w=40&h=40&fit=crop&v=1461574032&auto=format&q=92&s=89df48c9c87417a2899be90ff4c6819a"
    },
    "chosen_currency": null,
    "id": 2027853280,
    "is_registered": true,
    "name": "Bitzong",
    "urls": {
      "api": {
        "user": "https://api.kickstarter.com/v1/users/2027853280?signature=1524101979.7487034cdc6fc4a3e15a54205198337f8440e37f"
      },
      "web": {
        "user": "https://www.kickstarter.com/profile/2027853280"
      }
    }
  },
  "currency": "AUD",
  "currency_symbol": "$",
  "currency_trailing_code": true,
  "current_currency": "USD",
  "deadline": 1415991892,
  "disable_communication": false,
  "fx_rate": 0.77656633,
  "goal": 30000.0,
  "id": 1025731988,
  "is_starrable": false,
  "launched_at": 1412532292,
  "location": {
    "country": "AU",
    "displayable_name": "Adelaide, AU",
    "id": 1099805,
    "is_root": false,
    "localized_name": "Adelaide",
    "name": "Adelaide",
    "short_name": "Adelaide, AU",
    "slug": "adelaide-sa-au",
    "state": "SA",
    "type": "Town",
    "urls": {
      "api": {
        "nearby_projects": "https://api.kickstarter.com/v1/discover?signature=1524082116.46a26566edc90acb5541a52b1027401a3c9aa69e&woe_id=1099805"
      },
      "web": {
        "discover": "https://www.kickstarter.com/discover/places/adelaide-sa-au",
        "location": "https://www.kickstarter.com/locations/adelaide-sa-au"
      }
    }
  },
  "name": "rClock: An affordable, useful robot alarm clock (Canceled)",
  "photo": {
    "1024x576": "https://ksr-ugc.imgix.net/assets/011/884/993/ac0385c10e496d5ef61ce054b9846dc1_original.PNG?crop=faces&w=1024&h=576&fit=crop&v=1463710156&auto=format&q=92&s=ce6f7901d64906b980f85d29c3d6a73f",
    "1536x864": "https://ksr-ugc.imgix.net/assets/011/884/993/ac0385c10e496d5ef61ce054b9846dc1_original.PNG?crop=faces&w=1552&h=873&fit=crop&v=1463710156&auto=format&q=92&s=fb6f5511b9088453d80d4102adf0f158",
    "ed": "https://ksr-ugc.imgix.net/assets/011/884/993/ac0385c10e496d5ef61ce054b9846dc1_original.PNG?crop=faces&w=352&h=198&fit=crop&v=1463710156&auto=format&q=92&s=6d2f66d61e67a9d00e5eb7e5f7158eec",
    "full": "https://ksr-ugc.imgix.net/assets/011/884/993/ac0385c10e496d5ef61ce054b9846dc1_original.PNG?crop=faces&w=560&h=315&fit=crop&v=1463710156&auto=format&q=92&s=a4e7ceaaca6586e960da1724269970c8",
    "key": "assets/011/884/993/ac0385c10e496d5ef61ce054b9846dc1_original.PNG",
    "little": "https://ksr-ugc.imgix.net/assets/011/884/993/ac0385c10e496d5ef61ce054b9846dc1_original.PNG?crop=faces&w=208&h=117&fit=crop&v=1463710156&auto=format&q=92&s=3e54a85cdf839a4e4512b21f1d02b7b7",
    "med": "https://ksr-ugc.imgix.net/assets/011/884/993/ac0385c10e496d5ef61ce054b9846dc1_original.PNG?crop=faces&w=272&h=153&fit=crop&v=1463710156&auto=format&q=92&s=e76b7e1f6d87e975e17e7c2f24383198",
    "small": "https://ksr-ugc.imgix.net/assets/011/884/993/ac0385c10e496d5ef61ce054b9846dc1_original.PNG?crop=faces&w=160&h=90&fit=crop&v=1463710156&auto=format&q=92&s=887f5d25ab416eeb366060a39b2505d4",
    "thumb": "https://ksr-ugc.imgix.net/assets/011/884/993/ac0385c10e496d5ef61ce054b9846dc1_original.PNG?crop=faces&w=48&h=27&fit=crop&v=1463710156&auto=format&q=92&s=11a9c7284032e011468d797a172c8e24"
  },
  "pledged": 4199.0,
  "profile": {
    "background_color": null,
    "background_image_opacity": 0.8,
    "blurb": null,
    "feature_image_attributes": {
      "image_urls": {
        "baseball_card": "https://ksr-ugc.imgix.net/assets/011/884/993/ac0385c10e496d5ef61ce054b9846dc1_original.PNG?crop=faces&w=560&h=315&fit=crop&v=1463710156&auto=format&q=92&s=a4e7ceaaca6586e960da1724269970c8",
        "default": "https://ksr-ugc.imgix.net/assets/011/884/993/ac0385c10e496d5ef61ce054b9846dc1_original.PNG?crop=faces&w=1552&h=873&fit=crop&v=1463710156&auto=format&q=92&s=fb6f5511b9088453d80d4102adf0f158"
      }
    },
    "id": 1391962,
    "link_background_color": null,
    "link_text": null,
    "link_text_color": null,
    "link_url": null,
    "name": null,
    "project_id": 1391962,
    "should_show_feature_image_section": true,
    "show_feature_image": false,
    "state": "inactive",
    "state_changed_at": 1425915877,
    "text_color": null
  },
  "slug": "rclock-an-affordable-useful-robot-alarm-clock",
  "spotlight": false,
  "staff_pick": false,
  "state": "canceled",
  "state_changed_at": 1415793715,
  "static_usd_rate": 0.86752089,
  "urls": {
    "web": {
      "project": "https://www.kickstarter.com/projects/2027853280/rclock-an-affordable-useful-robot-alarm-clock?ref=category_newest",
      "rewards": "https://www.kickstarter.com/projects/2027853280/rclock-an-affordable-useful-robot-alarm-clock/rewards"
    }
  },
  "usd_pledged": "3642.72021711",
  "usd_type": "international"
}