{
  "backers_count": 4420,
  "blurb": "It's affordable, small, lightweight, and unique.  It's a 3D printer in a class all its own!",
  "category": {
    "color": 6526716,
    "id": 331,
    "name": "3D Printing",
    "parent_id": 16,
    "position": 1,
    "slug": "technology/3d printing",
    "urls": {
      "web": {
        "discover": "http://www.kickstarter.com/discover/categories/technology/3d%20printing"
      }
    }
  },
  "converted_pledged_amount": 632777,
  "country": "CA",
  "created_at": 1375932774,
  "creator": {
    "avatar": {
      "medium": "https://ksr-ugc.imgix.net/assets/007/295/764/75fd0ca63c6f18036037e5ee7a0f19e9_original.jpg?w=160&h=160&fit=crop&v=1461448588&auto=format&q=92&s=3235fc6d65f3a13c25e4be030071d718",
      "small": "https://ksr-ugc.imgix.net/assets/007/295/764/75fd0ca63c6f18036037e5ee7a0f19e9_original.jpg?w=160&h=160&fit=crop&v=1461448588&auto=format&q=92&s=3235fc6d65f3a13c25e4be030071d718",
      "thumb": "https://ksr-ugc.imgix.net/assets/007/295/764/75fd0ca63c6f18036037e5ee7a0f19e9_original.jpg?w=40&h=40&fit=crop&v=1461448588&auto=format&q=92&s=551660dec2ffd08d3568ffd25afedab9"
    },
    "chosen_currency": null,
    "id": 117421627,
    "is_registered": true,
    "name": "Rinnovated Design",
    "urls": {
      "api": {
        "user": "https://api.kickstarter.com/v1/users/117421627?signature=1524099940.0f3f836c21c8ffca0b6bb229c087d9939aa18889"
      },
      "web": {
        "user": "https://www.kickstarter.com/profile/117421627"
      }
    }
  },
  "currency": "CAD",
  "currency_symbol": "$",
  "currency_trailing_code": true,
  "current_currency": "USD",
  "deadline": 1382304074,
  "disable_communication": false,
  "fx_rate": 0.79525709,
  "goal": 50000.0,
  "id": 1025701043,
  "is_starrable": false,
  "launched_at": 1379712074,
  "location": {
    "country": "CA",
    "displayable_name": "Saskatchewan, Canada",
    "id": 29373382,
    "is_root": false,
    "localized_name": "Saskatchewan",
    "name": "Saskatchewan",
    "short_name": "Saskatchewan, Canada",
    "slug": "saskatchewan-ca",
    "state": "MB",
    "type": "Town",
    "urls": {
      "api": {
        "nearby_projects": "https://api.kickstarter.com/v1/discover?signature=1524082134.1ae0c65f0b09751ba8135cdb114aa85331ea827c&woe_id=29373382"
      },
      "web": {
        "discover": "https://www.kickstarter.com/discover/places/saskatchewan-ca",
        "location": "https://www.kickstarter.com/locations/saskatchewan-ca"
      }
    }
  },
  "name": "The Peachy Printer - The First $100 3D Printer & Scanner!",
  "photo": {
    "1024x576": "https://ksr-ugc.imgix.net/assets/011/560/986/3431d7970ac43bfce77cef44e8a39237_original.jpg?crop=faces&w=1024&h=576&fit=crop&v=1463684494&auto=format&q=92&s=47ae8e11b78434db3cac2570a6a45553",
    "1536x864": "https://ksr-ugc.imgix.net/assets/011/560/986/3431d7970ac43bfce77cef44e8a39237_original.jpg?crop=faces&w=1552&h=873&fit=crop&v=1463684494&auto=format&q=92&s=4a1bd7db091181ef59d5ed1b090dda5d",
    "ed": "https://ksr-ugc.imgix.net/assets/011/560/986/3431d7970ac43bfce77cef44e8a39237_original.jpg?crop=faces&w=352&h=198&fit=crop&v=1463684494&auto=format&q=92&s=a322301a3508f3beea29a08db759e16f",
    "full": "https://ksr-ugc.imgix.net/assets/011/560/986/3431d7970ac43bfce77cef44e8a39237_original.jpg?crop=faces&w=560&h=315&fit=crop&v=1463684494&auto=format&q=92&s=b7bdfeb7233eae93057eb1332e6db423",
    "key": "assets/011/560/986/3431d7970ac43bfce77cef44e8a39237_original.jpg",
    "little": "https://ksr-ugc.imgix.net/assets/011/560/986/3431d7970ac43bfce77cef44e8a39237_original.jpg?crop=faces&w=208&h=117&fit=crop&v=1463684494&auto=format&q=92&s=01503d3563768b32e00e881e86ba06b0",
    "med": "https://ksr-ugc.imgix.net/assets/011/560/986/3431d7970ac43bfce77cef44e8a39237_original.jpg?crop=faces&w=272&h=153&fit=crop&v=1463684494&auto=format&q=92&s=47ebb494494716e4f9ba558108074c0b",
    "small": "https://ksr-ugc.imgix.net/assets/011/560/986/3431d7970ac43bfce77cef44e8a39237_original.jpg?crop=faces&w=160&h=90&fit=crop&v=1463684494&auto=format&q=92&s=f37dbbd2162bae88c564779d234a66f4",
    "thumb": "https://ksr-ugc.imgix.net/assets/011/560/986/3431d7970ac43bfce77cef44e8a39237_original.jpg?crop=faces&w=48&h=27&fit=crop&v=1463684494&auto=format&q=92&s=006766dc0ea85982203e1cdc823f12f1"
  },
  "pledged": 651091.16,
  "profile": {
    "background_color": "",
    "background_image_opacity": 0.8,
    "blurb": "The world's most affordable 3D printer.",
    "feature_image_attributes": {
      "id": 3869514,
      "image_urls": {
        "baseball_card": "https://ksr-ugc.imgix.net/assets/003/869/514/9342628847eeecc070c657b3c15ed12f_original.jpg?crop=faces,edges&w=560&h=315&fit=crop&v=1432745600&auto=format&q=92&s=be028acc61a3f8e6f84955669da57e6c",
        "default": "https://ksr-ugc.imgix.net/assets/003/869/514/9342628847eeecc070c657b3c15ed12f_original.jpg?w=700&fit=max&v=1432745600&auto=format&q=92&s=8e6191a993dfa23440e5fac8bd9180f2"
      }
    },
    "id": 658088,
    "link_background_color": "",
    "link_text": "Learn More...",
    "link_text_color": "",
    "link_url": "http://www.peachyprinter.com/#!peachy-printer-kit/c1uoo",
    "name": "The Peachy Printer - The First $100 3D Printer & Scanner!",
    "project_id": 658088,
    "should_show_feature_image_section": true,
    "show_feature_image": true,
    "state": "active",
    "state_changed_at": 1430283639,
    "text_color": ""
  },
  "slug": "the-peachy-printer-the-first-100-3d-printer-and-sc",
  "spotlight": true,
  "staff_pick": false,
  "state": "successful",
  "state_changed_at": 1382304074,
  "static_usd_rate": 0.97759356,
  "urls": {
    "web": {
      "project": "https://www.kickstarter.com/projects/117421627/the-peachy-printer-the-first-100-3d-printer-and-sc?ref=category_newest",
      "rewards": "https://www.kickstarter.com/projects/117421627/the-peachy-printer-the-first-100-3d-printer-and-sc/rewards"
    }
  },
  "usd_pledged": "636502.5249889296",
  "usd_type": "international"
}