{
  "backers_count": 1,
  "blurb": "Putting college basketball on mobile phones for every major college basketball team.",
  "category": {
    "color": 6526716,
    "id": 51,
    "name": "Software",
    "parent_id": 16,
    "position": 11,
    "slug": "technology/software",
    "urls": {
      "web": {
        "discover": "http://www.kickstarter.com/discover/categories/technology/software"
      }
    }
  },
  "converted_pledged_amount": 50,
  "country": "US",
  "created_at": 1348868841,
  "creator": {
    "avatar": {
      "medium": "https://ksr-ugc.imgix.net/assets/006/979/723/969fd1a451440f4475dfc4705982a2d8_original.jpg?w=160&h=160&fit=crop&v=1461425614&auto=format&q=92&s=c3beb197082e51370d62b7e869b33784",
      "small": "https://ksr-ugc.imgix.net/assets/006/979/723/969fd1a451440f4475dfc4705982a2d8_original.jpg?w=160&h=160&fit=crop&v=1461425614&auto=format&q=92&s=c3beb197082e51370d62b7e869b33784",
      "thumb": "https://ksr-ugc.imgix.net/assets/006/979/723/969fd1a451440f4475dfc4705982a2d8_original.jpg?w=40&h=40&fit=crop&v=1461425614&auto=format&q=92&s=33b9be4019296c5b2c3e6e1973ef4f11"
    },
    "chosen_currency": null,
    "id": 1168069859,
    "is_registered": true,
    "name": "David VanBergen",
    "urls": {
      "api": {
        "user": "https://api.kickstarter.com/v1/users/1168069859?signature=1524102112.a115c78eed5a053809405865d7c1d38cd40baaae"
      },
      "web": {
        "user": "https://www.kickstarter.com/profile/1168069859"
      }
    }
  },
  "currency": "USD",
  "currency_symbol": "$",
  "currency_trailing_code": true,
  "current_currency": "USD",
  "deadline": 1353208386,
  "disable_communication": false,
  "fx_rate": 1.0,
  "goal": 1000.0,
  "id": 1026651481,
  "is_starrable": false,
  "launched_at": 1350612786,
  "location": {
    "country": "US",
    "displayable_name": "Wichita Falls, TX",
    "id": 2520100,
    "is_root": false,
    "localized_name": "Wichita Falls",
    "name": "Wichita Falls",
    "short_name": "Wichita Falls, TX",
    "slug": "wichita-falls-tx",
    "state": "TX",
    "type": "Town",
    "urls": {
      "api": {
        "nearby_projects": "https://api.kickstarter.com/v1/discover?signature=1524082123.0f475c3f85b4ece9c87669dda6ad542fc59b7c8d&woe_id=2520100"
      },
      "web": {
        "discover": "https://www.kickstarter.com/discover/places/wichita-falls-tx",
        "location": "https://www.kickstarter.com/locations/wichita-falls-tx"
      }
    }
  },
  "name": "College Basketball Mobile Phone App Project",
  "photo": {
    "1024x576": "https://ksr-ugc.imgix.net/assets/011/433/240/0b7d8b60d4169e8ee6d5464966306ceb_original.png?crop=faces&w=1024&h=576&fit=crop&v=1463682658&auto=format&q=92&s=28ce681414380d4b2afc257640f5bfcb",
    "1536x864": "https://ksr-ugc.imgix.net/assets/011/433/240/0b7d8b60d4169e8ee6d5464966306ceb_original.png?crop=faces&w=1552&h=873&fit=crop&v=1463682658&auto=format&q=92&s=56c88c25283af2c17f2f94566497e60c",
    "ed": "https://ksr-ugc.imgix.net/assets/011/433/240/0b7d8b60d4169e8ee6d5464966306ceb_original.png?crop=faces&w=352&h=198&fit=crop&v=1463682658&auto=format&q=92&s=e5d2276a41f640944bff0b1f28115c15",
    "full": "https://ksr-ugc.imgix.net/assets/011/433/240/0b7d8b60d4169e8ee6d5464966306ceb_original.png?crop=faces&w=560&h=315&fit=crop&v=1463682658&auto=format&q=92&s=da51dc6872427d569330989fc9b24676",
    "key": "assets/011/433/240/0b7d8b60d4169e8ee6d5464966306ceb_original.png",
    "little": "https://ksr-ugc.imgix.net/assets/011/433/240/0b7d8b60d4169e8ee6d5464966306ceb_original.png?crop=faces&w=208&h=117&fit=crop&v=1463682658&auto=format&q=92&s=1429d110a36b2cca365c0e54b694928d",
    "med": "https://ksr-ugc.imgix.net/assets/011/433/240/0b7d8b60d4169e8ee6d5464966306ceb_original.png?crop=faces&w=272&h=153&fit=crop&v=1463682658&auto=format&q=92&s=ef290cad8815ae15d8f4f69714fcba34",
    "small": "https://ksr-ugc.imgix.net/assets/011/433/240/0b7d8b60d4169e8ee6d5464966306ceb_original.png?crop=faces&w=160&h=90&fit=crop&v=1463682658&auto=format&q=92&s=051cc1ac30ac9050cf949b52ee659809",
    "thumb": "https://ksr-ugc.imgix.net/assets/011/433/240/0b7d8b60d4169e8ee6d5464966306ceb_original.png?crop=faces&w=48&h=27&fit=crop&v=1463682658&auto=format&q=92&s=2659f8151007036332edc25111d2c0da"
  },
  "pledged": 50.0,
  "profile": {
    "background_color": null,
    "background_image_opacity": 0.8,
    "blurb": null,
    "feature_image_attributes": {
      "image_urls": {
        "baseball_card": "https://ksr-ugc.imgix.net/assets/011/433/240/0b7d8b60d4169e8ee6d5464966306ceb_original.png?crop=faces&w=560&h=315&fit=crop&v=1463682658&auto=format&q=92&s=da51dc6872427d569330989fc9b24676",
        "default": "https://ksr-ugc.imgix.net/assets/011/433/240/0b7d8b60d4169e8ee6d5464966306ceb_original.png?crop=faces&w=1552&h=873&fit=crop&v=1463682658&auto=format&q=92&s=56c88c25283af2c17f2f94566497e60c"
      }
    },
    "id": 358783,
    "link_background_color": null,
    "link_text": null,
    "link_text_color": null,
    "link_url": null,
    "name": null,
    "project_id": 358783,
    "should_show_feature_image_section": true,
    "show_feature_image": false,
    "state": "inactive",
    "state_changed_at": 1425915819,
    "text_color": null
  },
  "slug": "college-basketball-mobile-phone-app-project",
  "spotlight": false,
  "staff_pick": false,
  "state": "failed",
  "state_changed_at": 1353208386,
  "static_usd_rate": 1.0,
  "urls": {
    "web": {
      "project": "https://www.kickstarter.com/projects/1168069859/college-basketball-mobile-phone-app-project?ref=category_newest",
      "rewards": "https://www.kickstarter.com/projects/1168069859/college-basketball-mobile-phone-app-project/rewards"
    }
  },
  "usd_pledged": "50.0",
  "usd_type": "international"
}