{
  "backers_count": 1,
  "blurb": "Make carrying several cellphones a thing of the past! Sviper combines the power of cloud & gives you one handset, multiple smartphones!",
  "category": {
    "color": 6526716,
    "id": 332,
    "name": "Apps",
    "parent_id": 16,
    "position": 2,
    "slug": "technology/apps",
    "urls": {
      "web": {
        "discover": "http://www.kickstarter.com/discover/categories/technology/apps"
      }
    }
  },
  "converted_pledged_amount": 5,
  "country": "US",
  "created_at": 1401952635,
  "creator": {
    "avatar": {
      "medium": "https://ksr-ugc.imgix.net/assets/008/828/625/5713241f651871eb455538247e630727_original.jpg?w=160&h=160&fit=crop&v=1461545577&auto=format&q=92&s=3e1b7fb11b8f230ec0825edea2c1403f",
      "small": "https://ksr-ugc.imgix.net/assets/008/828/625/5713241f651871eb455538247e630727_original.jpg?w=160&h=160&fit=crop&v=1461545577&auto=format&q=92&s=3e1b7fb11b8f230ec0825edea2c1403f",
      "thumb": "https://ksr-ugc.imgix.net/assets/008/828/625/5713241f651871eb455538247e630727_original.jpg?w=40&h=40&fit=crop&v=1461545577&auto=format&q=92&s=eacb9d99b6a60b7513fe3575a7dff259"
    },
    "chosen_currency": null,
    "id": 644734749,
    "is_registered": true,
    "name": "Sviper Development Team",
    "urls": {
      "api": {
        "user": "https://api.kickstarter.com/v1/users/644734749?signature=1524100179.738ae78c868bc0f5b1f356d0e9eab1be733dcad8"
      },
      "web": {
        "user": "https://www.kickstarter.com/profile/644734749"
      }
    }
  },
  "currency": "USD",
  "currency_symbol": "$",
  "currency_trailing_code": true,
  "current_currency": "USD",
  "deadline": 1405316345,
  "disable_communication": false,
  "fx_rate": 1.0,
  "goal": 50000.0,
  "id": 1026388130,
  "is_starrable": false,
  "launched_at": 1402724345,
  "location": {
    "country": "US",
    "displayable_name": "Los Angeles, CA",
    "id": 2442047,
    "is_root": false,
    "localized_name": "Los Angeles",
    "name": "Los Angeles",
    "short_name": "Los Angeles, CA",
    "slug": "los-angeles-ca",
    "state": "CA",
    "type": "Town",
    "urls": {
      "api": {
        "nearby_projects": "https://api.kickstarter.com/v1/discover?signature=1524082109.85e1ac450ea9010763e72751ef0e7aad8408a809&woe_id=2442047"
      },
      "web": {
        "discover": "https://www.kickstarter.com/discover/places/los-angeles-ca",
        "location": "https://www.kickstarter.com/locations/los-angeles-ca"
      }
    }
  },
  "name": "Sviper - One Handset / Multiple Smartphones",
  "photo": {
    "1024x576": "https://ksr-ugc.imgix.net/assets/011/719/605/5713241f651871eb455538247e630727_original.jpg?crop=faces&w=1024&h=576&fit=crop&v=1463687264&auto=format&q=92&s=b3a34c59efbb0d6411eb9b169ede3489",
    "1536x864": "https://ksr-ugc.imgix.net/assets/011/719/605/5713241f651871eb455538247e630727_original.jpg?crop=faces&w=1552&h=873&fit=crop&v=1463687264&auto=format&q=92&s=3f98536bfd9cd059cf6782eec7238bd5",
    "ed": "https://ksr-ugc.imgix.net/assets/011/719/605/5713241f651871eb455538247e630727_original.jpg?crop=faces&w=352&h=198&fit=crop&v=1463687264&auto=format&q=92&s=1561d5eca4dabe58d44300116fe37fff",
    "full": "https://ksr-ugc.imgix.net/assets/011/719/605/5713241f651871eb455538247e630727_original.jpg?crop=faces&w=560&h=315&fit=crop&v=1463687264&auto=format&q=92&s=4b7257bf78a5055e7a5af8f32553cb9f",
    "key": "assets/011/719/605/5713241f651871eb455538247e630727_original.jpg",
    "little": "https://ksr-ugc.imgix.net/assets/011/719/605/5713241f651871eb455538247e630727_original.jpg?crop=faces&w=208&h=117&fit=crop&v=1463687264&auto=format&q=92&s=add70ef2a8f2d6c7a08da2490ff9455d",
    "med": "https://ksr-ugc.imgix.net/assets/011/719/605/5713241f651871eb455538247e630727_original.jpg?crop=faces&w=272&h=153&fit=crop&v=1463687264&auto=format&q=92&s=b695ab4e3b3481a5d7e8d20e4c8dc910",
    "small": "https://ksr-ugc.imgix.net/assets/011/719/605/5713241f651871eb455538247e630727_original.jpg?crop=faces&w=160&h=90&fit=crop&v=1463687264&auto=format&q=92&s=07da9611a23aa285bd8c623b97f41bd9",
    "thumb": "https://ksr-ugc.imgix.net/assets/011/719/605/5713241f651871eb455538247e630727_original.jpg?crop=faces&w=48&h=27&fit=crop&v=1463687264&auto=format&q=92&s=45d23496958d59e4143513864146882c"
  },
  "pledged": 5.0,
  "profile": {
    "background_color": null,
    "background_image_opacity": 0.8,
    "blurb": null,
    "feature_image_attributes": {
      "image_urls": {
        "baseball_card": "https://ksr-ugc.imgix.net/assets/011/719/605/5713241f651871eb455538247e630727_original.jpg?crop=faces&w=560&h=315&fit=crop&v=1463687264&auto=format&q=92&s=4b7257bf78a5055e7a5af8f32553cb9f",
        "default": "https://ksr-ugc.imgix.net/assets/011/719/605/5713241f651871eb455538247e630727_original.jpg?crop=faces&w=1552&h=873&fit=crop&v=1463687264&auto=format&q=92&s=3f98536bfd9cd059cf6782eec7238bd5"
      }
    },
    "id": 1055350,
    "link_background_color": null,
    "link_text": null,
    "link_text_color": null,
    "link_url": null,
    "name": null,
    "project_id": 1055350,
    "should_show_feature_image_section": true,
    "show_feature_image": false,
    "state": "inactive",
    "state_changed_at": 1425915858,
    "text_color": null
  },
  "slug": "sviper-one-handset-multiple-smartphones",
  "spotlight": false,
  "staff_pick": false,
  "state": "failed",
  "state_changed_at": 1405316345,
  "static_usd_rate": 1.0,
  "urls": {
    "web": {
      "project": "https://www.kickstarter.com/projects/644734749/sviper-one-handset-multiple-smartphones?ref=category_newest",
      "rewards": "https://www.kickstarter.com/projects/644734749/sviper-one-handset-multiple-smartphones/rewards"
    }
  },
  "usd_pledged": "5.0",
  "usd_type": "international"
}