{
  "backers_count": 0,
  "blurb": "It\u2019s a compact, simple to use, garden and tree watering system designed for myself but one I would like to produce and sell to others.",
  "category": {
    "color": 6526716,
    "id": 337,
    "name": "Gadgets",
    "parent_id": 16,
    "position": 7,
    "slug": "technology/gadgets",
    "urls": {
      "web": {
        "discover": "http://www.kickstarter.com/discover/categories/technology/gadgets"
      }
    }
  },
  "converted_pledged_amount": 0,
  "country": "US",
  "created_at": 1473386798,
  "creator": {
    "avatar": {
      "medium": "https://ksr-ugc.imgix.net/assets/013/781/944/ca80556c6158d7d0c17e87cd3485079b_original.JPG?w=160&h=160&fit=crop&v=1474218405&auto=format&q=92&s=df95c2b363c0e191201485578863a0c8",
      "small": "https://ksr-ugc.imgix.net/assets/013/781/944/ca80556c6158d7d0c17e87cd3485079b_original.JPG?w=160&h=160&fit=crop&v=1474218405&auto=format&q=92&s=df95c2b363c0e191201485578863a0c8",
      "thumb": "https://ksr-ugc.imgix.net/assets/013/781/944/ca80556c6158d7d0c17e87cd3485079b_original.JPG?w=40&h=40&fit=crop&v=1474218405&auto=format&q=92&s=e175d4b1e21231abe4eec00041f439bb"
    },
    "chosen_currency": null,
    "id": 870447864,
    "is_registered": true,
    "name": "Wesley Benefield",
    "slug": "wesleyb",
    "urls": {
      "api": {
        "user": "https://api.kickstarter.com/v1/users/870447864?signature=1524101322.ae554af7f2ffcd7a5612f2a3d821a415a253b737"
      },
      "web": {
        "user": "https://www.kickstarter.com/profile/wesleyb"
      }
    }
  },
  "currency": "USD",
  "currency_symbol": "$",
  "currency_trailing_code": true,
  "current_currency": "USD",
  "deadline": 1479739667,
  "disable_communication": false,
  "fx_rate": 1.0,
  "goal": 8000.0,
  "id": 1026811270,
  "is_starrable": false,
  "launched_at": 1477144067,
  "location": {
    "country": "US",
    "displayable_name": "Birmingham, AL",
    "id": 2364559,
    "is_root": false,
    "localized_name": "Birmingham",
    "name": "Birmingham",
    "short_name": "Birmingham, AL",
    "slug": "birmingham-al",
    "state": "AL",
    "type": "Town",
    "urls": {
      "api": {
        "nearby_projects": "https://api.kickstarter.com/v1/discover?signature=1524082116.5a242650e6534c38c9b22370fdd53ef85df6d183&woe_id=2364559"
      },
      "web": {
        "discover": "https://www.kickstarter.com/discover/places/birmingham-al",
        "location": "https://www.kickstarter.com/locations/birmingham-al"
      }
    }
  },
  "name": "Garden Harvest Portable Water Timer",
  "photo": {
    "1024x576": "https://ksr-ugc.imgix.net/assets/013/775/924/6697c83e005a39aea4a560114717217b_original.JPG?crop=faces&w=1024&h=576&fit=crop&v=1474224837&auto=format&q=92&s=ee1a1af14ae23993c717b712ea007924",
    "1536x864": "https://ksr-ugc.imgix.net/assets/013/775/924/6697c83e005a39aea4a560114717217b_original.JPG?crop=faces&w=1552&h=873&fit=crop&v=1474224837&auto=format&q=92&s=7723ec9d3c7475966cef78337203f255",
    "ed": "https://ksr-ugc.imgix.net/assets/013/775/924/6697c83e005a39aea4a560114717217b_original.JPG?crop=faces&w=352&h=198&fit=crop&v=1474224837&auto=format&q=92&s=a41b9d4a67cc4328a310f3402d6a9da7",
    "full": "https://ksr-ugc.imgix.net/assets/013/775/924/6697c83e005a39aea4a560114717217b_original.JPG?crop=faces&w=560&h=315&fit=crop&v=1474224837&auto=format&q=92&s=dd5dce997c42b08346310cf769f23bb6",
    "key": "assets/013/775/924/6697c83e005a39aea4a560114717217b_original.JPG",
    "little": "https://ksr-ugc.imgix.net/assets/013/775/924/6697c83e005a39aea4a560114717217b_original.JPG?crop=faces&w=208&h=117&fit=crop&v=1474224837&auto=format&q=92&s=10ef93a62430bc2bde0239cee106e6ea",
    "med": "https://ksr-ugc.imgix.net/assets/013/775/924/6697c83e005a39aea4a560114717217b_original.JPG?crop=faces&w=272&h=153&fit=crop&v=1474224837&auto=format&q=92&s=7ea93c8098bd05636fcacdf1d30dad4b",
    "small": "https://ksr-ugc.imgix.net/assets/013/775/924/6697c83e005a39aea4a560114717217b_original.JPG?crop=faces&w=160&h=90&fit=crop&v=1474224837&auto=format&q=92&s=6eb3813435c6465f0c2de50ccd9269c4",
    "thumb": "https://ksr-ugc.imgix.net/assets/013/775/924/6697c83e005a39aea4a560114717217b_original.JPG?crop=faces&w=48&h=27&fit=crop&v=1474224837&auto=format&q=92&s=379c8c6f0406b873556ca628644a275e"
  },
  "pledged": 0.0,
  "profile": {
    "background_color": null,
    "background_image_opacity": 0.8,
    "blurb": null,
    "feature_image_attributes": {
      "image_urls": {
        "baseball_card": "https://ksr-ugc.imgix.net/assets/013/775/924/6697c83e005a39aea4a560114717217b_original.JPG?crop=faces&w=560&h=315&fit=crop&v=1474224837&auto=format&q=92&s=dd5dce997c42b08346310cf769f23bb6",
        "default": "https://ksr-ugc.imgix.net/assets/013/775/924/6697c83e005a39aea4a560114717217b_original.JPG?crop=faces&w=1552&h=873&fit=crop&v=1474224837&auto=format&q=92&s=7723ec9d3c7475966cef78337203f255"
      }
    },
    "id": 2671578,
    "link_background_color": null,
    "link_text": null,
    "link_text_color": null,
    "link_url": null,
    "name": null,
    "project_id": 2671578,
    "should_show_feature_image_section": true,
    "show_feature_image": false,
    "state": "inactive",
    "state_changed_at": 1473386798,
    "text_color": null
  },
  "slug": "garden-harvest-portable-water-timer",
  "spotlight": false,
  "staff_pick": false,
  "state": "failed",
  "state_changed_at": 1479739667,
  "static_usd_rate": 1.0,
  "urls": {
    "web": {
      "project": "https://www.kickstarter.com/projects/wesleyb/garden-harvest-portable-water-timer?ref=category_newest",
      "rewards": "https://www.kickstarter.com/projects/wesleyb/garden-harvest-portable-water-timer/rewards"
    }
  },
  "usd_pledged": "0.0",
  "usd_type": "international"
}