{
  "backers_count": 5,
  "blurb": "2LOW is a PLUG and PLAY accessory for 4 wheel drive trucks that gives you 2 wheel drive low range at the push of a button.",
  "category": {
    "color": 6526716,
    "id": 337,
    "name": "Gadgets",
    "parent_id": 16,
    "position": 7,
    "slug": "technology/gadgets",
    "urls": {
      "web": {
        "discover": "http://www.kickstarter.com/discover/categories/technology/gadgets"
      }
    }
  },
  "converted_pledged_amount": 385,
  "country": "CA",
  "created_at": 1449604683,
  "creator": {
    "avatar": {
      "medium": "https://ksr-ugc.imgix.net/assets/010/634/491/c4f08b6ac7fa15652e584849aab27eb0_original.jpg?w=160&h=160&fit=crop&v=1461703057&auto=format&q=92&s=0264b51e7a19553485b935532c08d710",
      "small": "https://ksr-ugc.imgix.net/assets/010/634/491/c4f08b6ac7fa15652e584849aab27eb0_original.jpg?w=160&h=160&fit=crop&v=1461703057&auto=format&q=92&s=0264b51e7a19553485b935532c08d710",
      "thumb": "https://ksr-ugc.imgix.net/assets/010/634/491/c4f08b6ac7fa15652e584849aab27eb0_original.jpg?w=40&h=40&fit=crop&v=1461703057&auto=format&q=92&s=2b784543967dd0c17aac0acfe136673c"
    },
    "chosen_currency": null,
    "id": 162120444,
    "is_registered": true,
    "name": "John and Tony Ferguson",
    "slug": "2low",
    "urls": {
      "api": {
        "user": "https://api.kickstarter.com/v1/users/162120444?signature=1524101277.36a9928b1385d3031bcd9ebdf6e9864eb1245c55"
      },
      "web": {
        "user": "https://www.kickstarter.com/profile/2low"
      }
    }
  },
  "currency": "CAD",
  "currency_symbol": "$",
  "currency_trailing_code": true,
  "current_currency": "USD",
  "deadline": 1458943283,
  "disable_communication": false,
  "fx_rate": 0.79525709,
  "goal": 30000.0,
  "id": 1026275631,
  "is_starrable": false,
  "launched_at": 1456354883,
  "location": {
    "country": "CA",
    "displayable_name": "Lombardy, Canada",
    "id": 23397208,
    "is_root": false,
    "localized_name": "Lombardy",
    "name": "Lombardy",
    "short_name": "Lombardy, Canada",
    "slug": "lombardy-ca",
    "state": "ON",
    "type": "Town",
    "urls": {
      "api": {
        "nearby_projects": "https://api.kickstarter.com/v1/discover?signature=1524087976.d020b25186e87d2e567dc0ca8b202f170eb5a77a&woe_id=23397208"
      },
      "web": {
        "discover": "https://www.kickstarter.com/discover/places/lombardy-ca",
        "location": "https://www.kickstarter.com/locations/lombardy-ca"
      }
    }
  },
  "name": "2LOW gives you 2 wheel drive low range at a push of a button",
  "photo": {
    "1024x576": "https://ksr-ugc.imgix.net/assets/012/327/655/9036d6efd592608b3ef9ece3b5823a13_original.jpg?crop=faces&w=1024&h=576&fit=crop&v=1463755752&auto=format&q=92&s=9cf386427c8e472416bfe1a663d3209c",
    "1536x864": "https://ksr-ugc.imgix.net/assets/012/327/655/9036d6efd592608b3ef9ece3b5823a13_original.jpg?crop=faces&w=1552&h=873&fit=crop&v=1463755752&auto=format&q=92&s=b46c7ade1fd0ec373d3175fdfbec436c",
    "ed": "https://ksr-ugc.imgix.net/assets/012/327/655/9036d6efd592608b3ef9ece3b5823a13_original.jpg?crop=faces&w=352&h=198&fit=crop&v=1463755752&auto=format&q=92&s=a763a8e1e7816797b03f47b3f381c9dd",
    "full": "https://ksr-ugc.imgix.net/assets/012/327/655/9036d6efd592608b3ef9ece3b5823a13_original.jpg?crop=faces&w=560&h=315&fit=crop&v=1463755752&auto=format&q=92&s=f2888c1f0bdf39e5be84d2f1233d9ceb",
    "key": "assets/012/327/655/9036d6efd592608b3ef9ece3b5823a13_original.jpg",
    "little": "https://ksr-ugc.imgix.net/assets/012/327/655/9036d6efd592608b3ef9ece3b5823a13_original.jpg?crop=faces&w=208&h=117&fit=crop&v=1463755752&auto=format&q=92&s=ad36177e9b9cfe773ee00f5732cb9a88",
    "med": "https://ksr-ugc.imgix.net/assets/012/327/655/9036d6efd592608b3ef9ece3b5823a13_original.jpg?crop=faces&w=272&h=153&fit=crop&v=1463755752&auto=format&q=92&s=33c09964a2d0b12ed775a69e899945fb",
    "small": "https://ksr-ugc.imgix.net/assets/012/327/655/9036d6efd592608b3ef9ece3b5823a13_original.jpg?crop=faces&w=160&h=90&fit=crop&v=1463755752&auto=format&q=92&s=725a729e8994d35c8d840c4cce2f83f5",
    "thumb": "https://ksr-ugc.imgix.net/assets/012/327/655/9036d6efd592608b3ef9ece3b5823a13_original.jpg?crop=faces&w=48&h=27&fit=crop&v=1463755752&auto=format&q=92&s=136c182c74a4851fa7cce58528811429"
  },
  "pledged": 511.0,
  "profile": {
    "background_color": null,
    "background_image_opacity": 0.8,
    "blurb": null,
    "feature_image_attributes": {
      "image_urls": {
        "baseball_card": "https://ksr-ugc.imgix.net/assets/012/327/655/9036d6efd592608b3ef9ece3b5823a13_original.jpg?crop=faces&w=560&h=315&fit=crop&v=1463755752&auto=format&q=92&s=f2888c1f0bdf39e5be84d2f1233d9ceb",
        "default": "https://ksr-ugc.imgix.net/assets/012/327/655/9036d6efd592608b3ef9ece3b5823a13_original.jpg?crop=faces&w=1552&h=873&fit=crop&v=1463755752&auto=format&q=92&s=b46c7ade1fd0ec373d3175fdfbec436c"
      }
    },
    "id": 2268197,
    "link_background_color": null,
    "link_text": null,
    "link_text_color": null,
    "link_url": null,
    "name": null,
    "project_id": 2268197,
    "should_show_feature_image_section": true,
    "show_feature_image": false,
    "state": "inactive",
    "state_changed_at": 1449604683,
    "text_color": null
  },
  "slug": "2low-gives-you-2-wheel-drive-low-range-at-a-push-o",
  "spotlight": false,
  "staff_pick": false,
  "state": "failed",
  "state_changed_at": 1458943284,
  "static_usd_rate": 0.72864364,
  "urls": {
    "web": {
      "project": "https://www.kickstarter.com/projects/2low/2low-gives-you-2-wheel-drive-low-range-at-a-push-o?ref=category_newest",
      "rewards": "https://www.kickstarter.com/projects/2low/2low-gives-you-2-wheel-drive-low-range-at-a-push-o/rewards"
    }
  },
  "usd_pledged": "372.33690004",
  "usd_type": "international"
}