{
  "backers_count": 2,
  "blurb": "NoteLion is a multi-platform service which allows students the capability to effortlessly view and share classroom notes.",
  "category": {
    "color": 6526716,
    "id": 342,
    "name": "Web",
    "parent_id": 16,
    "position": 15,
    "slug": "technology/web",
    "urls": {
      "web": {
        "discover": "http://www.kickstarter.com/discover/categories/technology/web"
      }
    }
  },
  "converted_pledged_amount": 2,
  "country": "US",
  "created_at": 1456125933,
  "creator": {
    "avatar": {
      "medium": "https://ksr-ugc.imgix.net/assets/007/332/671/2801945e902567436679fd1227f9a539_original.jpg?w=160&h=160&fit=crop&v=1461450829&auto=format&q=92&s=63d135860ec05ea31fe0039fe78cace3",
      "small": "https://ksr-ugc.imgix.net/assets/007/332/671/2801945e902567436679fd1227f9a539_original.jpg?w=160&h=160&fit=crop&v=1461450829&auto=format&q=92&s=63d135860ec05ea31fe0039fe78cace3",
      "thumb": "https://ksr-ugc.imgix.net/assets/007/332/671/2801945e902567436679fd1227f9a539_original.jpg?w=40&h=40&fit=crop&v=1461450829&auto=format&q=92&s=c6b3f5b0273a36b88671e1aa4368522c"
    },
    "chosen_currency": null,
    "id": 170086559,
    "is_registered": true,
    "name": "Wesley Brower",
    "slug": "notelion",
    "urls": {
      "api": {
        "user": "https://api.kickstarter.com/v1/users/170086559?signature=1524103295.5f12e1fc3a8a073c62207507262e3b9fef9915f7"
      },
      "web": {
        "user": "https://www.kickstarter.com/profile/notelion"
      }
    }
  },
  "currency": "USD",
  "currency_symbol": "$",
  "currency_trailing_code": true,
  "current_currency": "USD",
  "deadline": 1459273616,
  "disable_communication": false,
  "fx_rate": 1.0,
  "goal": 29000.0,
  "id": 1026323805,
  "is_starrable": false,
  "launched_at": 1456685216,
  "location": {
    "country": "US",
    "displayable_name": "Camarillo, CA",
    "id": 2373505,
    "is_root": false,
    "localized_name": "Camarillo",
    "name": "Camarillo",
    "short_name": "Camarillo, CA",
    "slug": "camarillo-ca",
    "state": "CA",
    "type": "Town",
    "urls": {
      "api": {
        "nearby_projects": "https://api.kickstarter.com/v1/discover?signature=1524082129.3720a41ee70d4ee12ea78cad1580601824cd8e5a&woe_id=2373505"
      },
      "web": {
        "discover": "https://www.kickstarter.com/discover/places/camarillo-ca",
        "location": "https://www.kickstarter.com/locations/camarillo-ca"
      }
    }
  },
  "name": "Notelion - Notes You Can ReLION",
  "photo": {
    "1024x576": "https://ksr-ugc.imgix.net/assets/012/387/466/2801945e902567436679fd1227f9a539_original.jpg?crop=faces&w=1024&h=576&fit=crop&v=1463758434&auto=format&q=92&s=404d8991a3d3263774cc4247c2fedb9a",
    "1536x864": "https://ksr-ugc.imgix.net/assets/012/387/466/2801945e902567436679fd1227f9a539_original.jpg?crop=faces&w=1552&h=873&fit=crop&v=1463758434&auto=format&q=92&s=02bfd1797581f42b3913aae96e05fd30",
    "ed": "https://ksr-ugc.imgix.net/assets/012/387/466/2801945e902567436679fd1227f9a539_original.jpg?crop=faces&w=352&h=198&fit=crop&v=1463758434&auto=format&q=92&s=a631fa53e10941b2971296a4a232295e",
    "full": "https://ksr-ugc.imgix.net/assets/012/387/466/2801945e902567436679fd1227f9a539_original.jpg?crop=faces&w=560&h=315&fit=crop&v=1463758434&auto=format&q=92&s=2c31a683b38f283c045e4ebbbd78971a",
    "key": "assets/012/387/466/2801945e902567436679fd1227f9a539_original.jpg",
    "little": "https://ksr-ugc.imgix.net/assets/012/387/466/2801945e902567436679fd1227f9a539_original.jpg?crop=faces&w=208&h=117&fit=crop&v=1463758434&auto=format&q=92&s=edc15f966fbaf62658836a886dffd6d5",
    "med": "https://ksr-ugc.imgix.net/assets/012/387/466/2801945e902567436679fd1227f9a539_original.jpg?crop=faces&w=272&h=153&fit=crop&v=1463758434&auto=format&q=92&s=3f5f1e952c969cb5ce054db9700f0dd0",
    "small": "https://ksr-ugc.imgix.net/assets/012/387/466/2801945e902567436679fd1227f9a539_original.jpg?crop=faces&w=160&h=90&fit=crop&v=1463758434&auto=format&q=92&s=8ca6498dc38a1c7a8e00fc671e7ac8e2",
    "thumb": "https://ksr-ugc.imgix.net/assets/012/387/466/2801945e902567436679fd1227f9a539_original.jpg?crop=faces&w=48&h=27&fit=crop&v=1463758434&auto=format&q=92&s=882b4a267c820a3116eba4953dd74bd2"
  },
  "pledged": 2.0,
  "profile": {
    "background_color": null,
    "background_image_opacity": 0.8,
    "blurb": null,
    "feature_image_attributes": {
      "image_urls": {
        "baseball_card": "https://ksr-ugc.imgix.net/assets/012/387/466/2801945e902567436679fd1227f9a539_original.jpg?crop=faces&w=560&h=315&fit=crop&v=1463758434&auto=format&q=92&s=2c31a683b38f283c045e4ebbbd78971a",
        "default": "https://ksr-ugc.imgix.net/assets/012/387/466/2801945e902567436679fd1227f9a539_original.jpg?crop=faces&w=1552&h=873&fit=crop&v=1463758434&auto=format&q=92&s=02bfd1797581f42b3913aae96e05fd30"
      }
    },
    "id": 2387059,
    "link_background_color": null,
    "link_text": null,
    "link_text_color": null,
    "link_url": null,
    "name": null,
    "project_id": 2387059,
    "should_show_feature_image_section": true,
    "show_feature_image": false,
    "state": "inactive",
    "state_changed_at": 1456125933,
    "text_color": null
  },
  "slug": "notelion-notes-you-can-relion-0",
  "spotlight": false,
  "staff_pick": false,
  "state": "failed",
  "state_changed_at": 1459273616,
  "static_usd_rate": 1.0,
  "urls": {
    "web": {
      "project": "https://www.kickstarter.com/projects/notelion/notelion-notes-you-can-relion-0?ref=category_newest",
      "rewards": "https://www.kickstarter.com/projects/notelion/notelion-notes-you-can-relion-0/rewards"
    }
  },
  "usd_pledged": "2.0",
  "usd_type": "international"
}