{
  "backers_count": 0,
  "blurb": "I am a soon to start university student who has an aspiration of creating useful and visually appealing apps/games for everyone!",
  "category": {
    "color": 6526716,
    "id": 337,
    "name": "Gadgets",
    "parent_id": 16,
    "position": 7,
    "slug": "technology/gadgets",
    "urls": {
      "web": {
        "discover": "http://www.kickstarter.com/discover/categories/technology/gadgets"
      }
    }
  },
  "converted_pledged_amount": 0,
  "country": "GB",
  "created_at": 1404857415,
  "creator": {
    "avatar": {
      "medium": "https://ksr-ugc.imgix.net/assets/008/980/213/ff6ddc2fdcf3a8e4d06805b6c2b45c2f_original.jpg?w=160&h=160&fit=crop&v=1461552449&auto=format&q=92&s=28d8cb6817eedb9db102986d638faa60",
      "small": "https://ksr-ugc.imgix.net/assets/008/980/213/ff6ddc2fdcf3a8e4d06805b6c2b45c2f_original.jpg?w=160&h=160&fit=crop&v=1461552449&auto=format&q=92&s=28d8cb6817eedb9db102986d638faa60",
      "thumb": "https://ksr-ugc.imgix.net/assets/008/980/213/ff6ddc2fdcf3a8e4d06805b6c2b45c2f_original.jpg?w=40&h=40&fit=crop&v=1461552449&auto=format&q=92&s=d1a4dad1a7dab8d57d68a3c2101da00c"
    },
    "chosen_currency": null,
    "id": 997280129,
    "is_registered": true,
    "name": "Hasan Tariq",
    "urls": {
      "api": {
        "user": "https://api.kickstarter.com/v1/users/997280129?signature=1524101123.7edefb6dc187a860956f4c9f1907d0916aa79ec8"
      },
      "web": {
        "user": "https://www.kickstarter.com/profile/997280129"
      }
    }
  },
  "currency": "GBP",
  "currency_symbol": "\u00a3",
  "currency_trailing_code": false,
  "current_currency": "USD",
  "deadline": 1407512230,
  "disable_communication": false,
  "fx_rate": 1.43358488,
  "goal": 750.0,
  "id": 102679287,
  "is_starrable": false,
  "launched_at": 1404920230,
  "location": {
    "country": "GB",
    "displayable_name": "Birmingham, UK",
    "id": 12723,
    "is_root": false,
    "localized_name": "Birmingham",
    "name": "Birmingham",
    "short_name": "Birmingham, UK",
    "slug": "birmingham-gb",
    "state": "England",
    "type": "Town",
    "urls": {
      "api": {
        "nearby_projects": "https://api.kickstarter.com/v1/discover?signature=1524082111.96891f5c24318e765ebc677e98a22effe6a5ccec&woe_id=12723"
      },
      "web": {
        "discover": "https://www.kickstarter.com/discover/places/birmingham-gb",
        "location": "https://www.kickstarter.com/locations/birmingham-gb"
      }
    }
  },
  "name": "New laptop for future app/game making",
  "photo": {
    "1024x576": "https://ksr-ugc.imgix.net/assets/011/756/326/e0bb0cb3de9173718bd0b6d7ea29bc0f_original.jpg?crop=faces&w=1024&h=576&fit=crop&v=1463690375&auto=format&q=92&s=4f98b076a87385aed55fd5dab6d88f01",
    "1536x864": "https://ksr-ugc.imgix.net/assets/011/756/326/e0bb0cb3de9173718bd0b6d7ea29bc0f_original.jpg?crop=faces&w=1552&h=873&fit=crop&v=1463690375&auto=format&q=92&s=e9f02d2112d000d22974cff680bfe5eb",
    "ed": "https://ksr-ugc.imgix.net/assets/011/756/326/e0bb0cb3de9173718bd0b6d7ea29bc0f_original.jpg?crop=faces&w=352&h=198&fit=crop&v=1463690375&auto=format&q=92&s=af937b900b3afb76e18a982f0c3822b9",
    "full": "https://ksr-ugc.imgix.net/assets/011/756/326/e0bb0cb3de9173718bd0b6d7ea29bc0f_original.jpg?crop=faces&w=560&h=315&fit=crop&v=1463690375&auto=format&q=92&s=c7af64470d923135188fe4eb32f7835d",
    "key": "assets/011/756/326/e0bb0cb3de9173718bd0b6d7ea29bc0f_original.jpg",
    "little": "https://ksr-ugc.imgix.net/assets/011/756/326/e0bb0cb3de9173718bd0b6d7ea29bc0f_original.jpg?crop=faces&w=208&h=117&fit=crop&v=1463690375&auto=format&q=92&s=c9d1b013362ea6afddb7ab037db26921",
    "med": "https://ksr-ugc.imgix.net/assets/011/756/326/e0bb0cb3de9173718bd0b6d7ea29bc0f_original.jpg?crop=faces&w=272&h=153&fit=crop&v=1463690375&auto=format&q=92&s=01dec56ccd991613df650e251adc2b47",
    "small": "https://ksr-ugc.imgix.net/assets/011/756/326/e0bb0cb3de9173718bd0b6d7ea29bc0f_original.jpg?crop=faces&w=160&h=90&fit=crop&v=1463690375&auto=format&q=92&s=58a9c94671f8a8e143f111b89df8d6fd",
    "thumb": "https://ksr-ugc.imgix.net/assets/011/756/326/e0bb0cb3de9173718bd0b6d7ea29bc0f_original.jpg?crop=faces&w=48&h=27&fit=crop&v=1463690375&auto=format&q=92&s=d5d6e33715952bf443db2f0601da50c2"
  },
  "pledged": 0.0,
  "profile": {
    "background_color": null,
    "background_image_opacity": 0.8,
    "blurb": null,
    "feature_image_attributes": {
      "image_urls": {
        "baseball_card": "https://ksr-ugc.imgix.net/assets/011/756/326/e0bb0cb3de9173718bd0b6d7ea29bc0f_original.jpg?crop=faces&w=560&h=315&fit=crop&v=1463690375&auto=format&q=92&s=c7af64470d923135188fe4eb32f7835d",
        "default": "https://ksr-ugc.imgix.net/assets/011/756/326/e0bb0cb3de9173718bd0b6d7ea29bc0f_original.jpg?crop=faces&w=1552&h=873&fit=crop&v=1463690375&auto=format&q=92&s=e9f02d2112d000d22974cff680bfe5eb"
      }
    },
    "id": 1130400,
    "link_background_color": null,
    "link_text": null,
    "link_text_color": null,
    "link_url": null,
    "name": null,
    "project_id": 1130400,
    "should_show_feature_image_section": true,
    "show_feature_image": false,
    "state": "inactive",
    "state_changed_at": 1425915862,
    "text_color": null
  },
  "slug": "new-laptop-for-future-app-game-making",
  "spotlight": false,
  "staff_pick": false,
  "state": "failed",
  "state_changed_at": 1407512230,
  "static_usd_rate": 1.71337029,
  "urls": {
    "web": {
      "project": "https://www.kickstarter.com/projects/997280129/new-laptop-for-future-app-game-making?ref=category_newest",
      "rewards": "https://www.kickstarter.com/projects/997280129/new-laptop-for-future-app-game-making/rewards"
    }
  },
  "usd_pledged": "0.0",
  "usd_type": "international"
}