{
  "backers_count": 220,
  "blurb": "The Smallest and Lightest Bluetooth Speaker and Hands Free Speaker Phone for iPhone and all other Smart Phones.",
  "category": {
    "color": 6526716,
    "id": 16,
    "name": "Technology",
    "position": 14,
    "slug": "technology",
    "urls": {
      "web": {
        "discover": "http://www.kickstarter.com/discover/categories/technology"
      }
    }
  },
  "converted_pledged_amount": 23459,
  "country": "US",
  "created_at": 1383342842,
  "creator": {
    "avatar": {
      "medium": "https://ksr-ugc.imgix.net/assets/007/867/337/df9e10e12efd82fdc495a0286a844743_original.jpg?w=160&h=160&fit=crop&v=1461484854&auto=format&q=92&s=aec13ee1b389bf80897feedc136ea372",
      "small": "https://ksr-ugc.imgix.net/assets/007/867/337/df9e10e12efd82fdc495a0286a844743_original.jpg?w=160&h=160&fit=crop&v=1461484854&auto=format&q=92&s=aec13ee1b389bf80897feedc136ea372",
      "thumb": "https://ksr-ugc.imgix.net/assets/007/867/337/df9e10e12efd82fdc495a0286a844743_original.jpg?w=40&h=40&fit=crop&v=1461484854&auto=format&q=92&s=e7641d59e92f179901517e461444004c"
    },
    "chosen_currency": null,
    "id": 1784085898,
    "is_registered": true,
    "name": "inCync",
    "urls": {
      "api": {
        "user": "https://api.kickstarter.com/v1/users/1784085898?signature=1524099773.e2bec2f9308a9a5bd5bdd60d6565b88a28281e83"
      },
      "web": {
        "user": "https://www.kickstarter.com/profile/1784085898"
      }
    }
  },
  "currency": "USD",
  "currency_symbol": "$",
  "currency_trailing_code": true,
  "current_currency": "USD",
  "deadline": 1392908463,
  "disable_communication": false,
  "fx_rate": 1.0,
  "goal": 20000.0,
  "id": 1026200929,
  "is_starrable": false,
  "launched_at": 1390316463,
  "location": {
    "country": "US",
    "displayable_name": "Grass Valley, CA",
    "id": 2413262,
    "is_root": false,
    "localized_name": "Grass Valley",
    "name": "Grass Valley",
    "short_name": "Grass Valley, CA",
    "slug": "grass-valley-ca",
    "state": "CA",
    "type": "Town",
    "urls": {
      "api": {
        "nearby_projects": "https://api.kickstarter.com/v1/discover?signature=1524082268.64a68ddf15decccb1c6bd39d16220d5a4c9c7e47&woe_id=2413262"
      },
      "web": {
        "discover": "https://www.kickstarter.com/discover/places/grass-valley-ca",
        "location": "https://www.kickstarter.com/locations/grass-valley-ca"
      }
    }
  },
  "name": "inCync - The Bluetooth Speaker that Goes With You Anywhere.",
  "photo": {
    "1024x576": "https://ksr-ugc.imgix.net/assets/011/600/877/8be27c97c346eb624f3f09274ddeea21_original.png?crop=faces&w=1024&h=576&fit=crop&v=1463685170&auto=format&q=92&s=82aba8cfd351e44cf83cc6b55bfb2591",
    "1536x864": "https://ksr-ugc.imgix.net/assets/011/600/877/8be27c97c346eb624f3f09274ddeea21_original.png?crop=faces&w=1552&h=873&fit=crop&v=1463685170&auto=format&q=92&s=9673d2c941c3977ae22b93b06300cca6",
    "ed": "https://ksr-ugc.imgix.net/assets/011/600/877/8be27c97c346eb624f3f09274ddeea21_original.png?crop=faces&w=352&h=198&fit=crop&v=1463685170&auto=format&q=92&s=03a6579ba68dfcf43c27582b097fd276",
    "full": "https://ksr-ugc.imgix.net/assets/011/600/877/8be27c97c346eb624f3f09274ddeea21_original.png?crop=faces&w=560&h=315&fit=crop&v=1463685170&auto=format&q=92&s=ae530c27b5970b0b049eebdfa6887808",
    "key": "assets/011/600/877/8be27c97c346eb624f3f09274ddeea21_original.png",
    "little": "https://ksr-ugc.imgix.net/assets/011/600/877/8be27c97c346eb624f3f09274ddeea21_original.png?crop=faces&w=208&h=117&fit=crop&v=1463685170&auto=format&q=92&s=ca8e281e4ced521711c72afb7e635045",
    "med": "https://ksr-ugc.imgix.net/assets/011/600/877/8be27c97c346eb624f3f09274ddeea21_original.png?crop=faces&w=272&h=153&fit=crop&v=1463685170&auto=format&q=92&s=9efdb43033ebc7f47d1899a04e2d28c3",
    "small": "https://ksr-ugc.imgix.net/assets/011/600/877/8be27c97c346eb624f3f09274ddeea21_original.png?crop=faces&w=160&h=90&fit=crop&v=1463685170&auto=format&q=92&s=7ea40b770c78559b265e5b51764cb84d",
    "thumb": "https://ksr-ugc.imgix.net/assets/011/600/877/8be27c97c346eb624f3f09274ddeea21_original.png?crop=faces&w=48&h=27&fit=crop&v=1463685170&auto=format&q=92&s=2f3f904398542e90ae9eec2457fc5ecf"
  },
  "pledged": 23459.0,
  "profile": {
    "background_color": null,
    "background_image_opacity": 0.8,
    "blurb": null,
    "feature_image_attributes": {
      "image_urls": {
        "baseball_card": "https://ksr-ugc.imgix.net/assets/011/600/877/8be27c97c346eb624f3f09274ddeea21_original.png?crop=faces&w=560&h=315&fit=crop&v=1463685170&auto=format&q=92&s=ae530c27b5970b0b049eebdfa6887808",
        "default": "https://ksr-ugc.imgix.net/assets/011/600/877/8be27c97c346eb624f3f09274ddeea21_original.png?crop=faces&w=1552&h=873&fit=crop&v=1463685170&auto=format&q=92&s=9673d2c941c3977ae22b93b06300cca6"
      }
    },
    "id": 760195,
    "link_background_color": null,
    "link_text": null,
    "link_text_color": null,
    "link_url": null,
    "name": null,
    "project_id": 760195,
    "should_show_feature_image_section": true,
    "show_feature_image": false,
    "state": "inactive",
    "state_changed_at": 1425915841,
    "text_color": null
  },
  "slug": "incync-the-bluetooth-speaker-that-goes-with-you-an",
  "spotlight": true,
  "staff_pick": false,
  "state": "successful",
  "state_changed_at": 1392908463,
  "static_usd_rate": 1.0,
  "urls": {
    "web": {
      "project": "https://www.kickstarter.com/projects/1784085898/incync-the-bluetooth-speaker-that-goes-with-you-an?ref=category_newest",
      "rewards": "https://www.kickstarter.com/projects/1784085898/incync-the-bluetooth-speaker-that-goes-with-you-an/rewards"
    }
  },
  "usd_pledged": "23459.0",
  "usd_type": "international"
}