{
  "backers_count": 16,
  "blurb": "The automated, clip-free grocery coupon app that lets you save money automatically at the checkout.",
  "category": {
    "color": 6526716,
    "id": 332,
    "name": "Apps",
    "parent_id": 16,
    "position": 2,
    "slug": "technology/apps",
    "urls": {
      "web": {
        "discover": "http://www.kickstarter.com/discover/categories/technology/apps"
      }
    }
  },
  "converted_pledged_amount": 448,
  "country": "US",
  "created_at": 1424412160,
  "creator": {
    "avatar": {
      "medium": "https://ksr-ugc.imgix.net/assets/006/625/996/ec8d63773d96d7e77e49c7e6e875502a_original.jpg?w=160&h=160&fit=crop&v=1461400861&auto=format&q=92&s=3b466c4139bf4238f42523800c7eca3c",
      "small": "https://ksr-ugc.imgix.net/assets/006/625/996/ec8d63773d96d7e77e49c7e6e875502a_original.jpg?w=160&h=160&fit=crop&v=1461400861&auto=format&q=92&s=3b466c4139bf4238f42523800c7eca3c",
      "thumb": "https://ksr-ugc.imgix.net/assets/006/625/996/ec8d63773d96d7e77e49c7e6e875502a_original.jpg?w=40&h=40&fit=crop&v=1461400861&auto=format&q=92&s=677469d9e7359ca339a7d8cead96f553"
    },
    "chosen_currency": null,
    "id": 78812434,
    "is_registered": true,
    "name": "RedBottle Design",
    "slug": "redbottledesign",
    "urls": {
      "api": {
        "user": "https://api.kickstarter.com/v1/users/78812434?signature=1524100417.cfc5618d2fb2939fe01a52512f77ce7983bae730"
      },
      "web": {
        "user": "https://www.kickstarter.com/profile/redbottledesign"
      }
    }
  },
  "currency": "USD",
  "currency_symbol": "$",
  "currency_trailing_code": true,
  "current_currency": "USD",
  "deadline": 1430970780,
  "disable_communication": false,
  "fx_rate": 1.0,
  "goal": 75000.0,
  "id": 1026093958,
  "is_starrable": false,
  "launched_at": 1427082780,
  "location": {
    "country": "US",
    "displayable_name": "Rochester, NY",
    "id": 2482949,
    "is_root": false,
    "localized_name": "Rochester",
    "name": "Rochester",
    "short_name": "Rochester, NY",
    "slug": "rochester-monroe-ny",
    "state": "NY",
    "type": "Town",
    "urls": {
      "api": {
        "nearby_projects": "https://api.kickstarter.com/v1/discover?signature=1524082135.633e59e94f7956cebdd11da33a5e2ce7eabfc4f4&woe_id=2482949"
      },
      "web": {
        "discover": "https://www.kickstarter.com/discover/places/rochester-monroe-ny",
        "location": "https://www.kickstarter.com/locations/rochester-monroe-ny"
      }
    }
  },
  "name": "Zazu Wallet: Grocery Coupons on Autopilot",
  "photo": {
    "1024x576": "https://ksr-ugc.imgix.net/assets/012/043/491/dcf6df632e039bac35ae7a102b95a702_original.jpg?crop=faces&w=1024&h=576&fit=crop&v=1463726783&auto=format&q=92&s=905de5a4a1a2658265fb4b466daad8b2",
    "1536x864": "https://ksr-ugc.imgix.net/assets/012/043/491/dcf6df632e039bac35ae7a102b95a702_original.jpg?crop=faces&w=1552&h=873&fit=crop&v=1463726783&auto=format&q=92&s=a5ecf77008b9845b872db5dca45b1c7b",
    "ed": "https://ksr-ugc.imgix.net/assets/012/043/491/dcf6df632e039bac35ae7a102b95a702_original.jpg?crop=faces&w=352&h=198&fit=crop&v=1463726783&auto=format&q=92&s=36100f7ff977d33b9b2f680d99f3ea41",
    "full": "https://ksr-ugc.imgix.net/assets/012/043/491/dcf6df632e039bac35ae7a102b95a702_original.jpg?crop=faces&w=560&h=315&fit=crop&v=1463726783&auto=format&q=92&s=1b87763b8034452d04a537b55779d29a",
    "key": "assets/012/043/491/dcf6df632e039bac35ae7a102b95a702_original.jpg",
    "little": "https://ksr-ugc.imgix.net/assets/012/043/491/dcf6df632e039bac35ae7a102b95a702_original.jpg?crop=faces&w=208&h=117&fit=crop&v=1463726783&auto=format&q=92&s=5fd7ce60b2f85364c39d205797949710",
    "med": "https://ksr-ugc.imgix.net/assets/012/043/491/dcf6df632e039bac35ae7a102b95a702_original.jpg?crop=faces&w=272&h=153&fit=crop&v=1463726783&auto=format&q=92&s=eb85e49e8737ec525069e450cb4e6267",
    "small": "https://ksr-ugc.imgix.net/assets/012/043/491/dcf6df632e039bac35ae7a102b95a702_original.jpg?crop=faces&w=160&h=90&fit=crop&v=1463726783&auto=format&q=92&s=8795b3070d50e55f4446b0c956d1413f",
    "thumb": "https://ksr-ugc.imgix.net/assets/012/043/491/dcf6df632e039bac35ae7a102b95a702_original.jpg?crop=faces&w=48&h=27&fit=crop&v=1463726783&auto=format&q=92&s=e8f6f20da1b11a9496ca090e1240dd2a"
  },
  "pledged": 448.0,
  "profile": {
    "background_color": null,
    "background_image_opacity": 0.8,
    "blurb": null,
    "feature_image_attributes": {
      "image_urls": {
        "baseball_card": "https://ksr-ugc.imgix.net/assets/012/043/491/dcf6df632e039bac35ae7a102b95a702_original.jpg?crop=faces&w=560&h=315&fit=crop&v=1463726783&auto=format&q=92&s=1b87763b8034452d04a537b55779d29a",
        "default": "https://ksr-ugc.imgix.net/assets/012/043/491/dcf6df632e039bac35ae7a102b95a702_original.jpg?crop=faces&w=1552&h=873&fit=crop&v=1463726783&auto=format&q=92&s=a5ecf77008b9845b872db5dca45b1c7b"
      }
    },
    "id": 1718308,
    "link_background_color": null,
    "link_text": null,
    "link_text_color": null,
    "link_url": null,
    "name": null,
    "project_id": 1718308,
    "should_show_feature_image_section": true,
    "show_feature_image": false,
    "state": "inactive",
    "state_changed_at": 1425915894,
    "text_color": null
  },
  "slug": "zazu-wallet-grocery-coupons-on-auto-pilot",
  "spotlight": false,
  "staff_pick": false,
  "state": "failed",
  "state_changed_at": 1430970783,
  "static_usd_rate": 1.0,
  "urls": {
    "web": {
      "project": "https://www.kickstarter.com/projects/redbottledesign/zazu-wallet-grocery-coupons-on-auto-pilot?ref=category_newest",
      "rewards": "https://www.kickstarter.com/projects/redbottledesign/zazu-wallet-grocery-coupons-on-auto-pilot/rewards"
    }
  },
  "usd_pledged": "448.0",
  "usd_type": "international"
}