{
  "backers_count": 1,
  "blurb": "Are you tired of not knowing who has access to your data? I'm building a small scale personal solution to help using OwnCloud",
  "category": {
    "color": 6526716,
    "id": 342,
    "name": "Web",
    "parent_id": 16,
    "position": 15,
    "slug": "technology/web",
    "urls": {
      "web": {
        "discover": "http://www.kickstarter.com/discover/categories/technology/web"
      }
    }
  },
  "converted_pledged_amount": 1,
  "country": "US",
  "created_at": 1405034692,
  "creator": {
    "avatar": {
      "medium": "https://ksr-ugc.imgix.net/assets/006/971/924/cac769322ff47cc20d6d26af58e6870d_original.jpg?w=160&h=160&fit=crop&v=1461424994&auto=format&q=92&s=fd734e308cd1ea32aaf6e8ae5a0e7c28",
      "small": "https://ksr-ugc.imgix.net/assets/006/971/924/cac769322ff47cc20d6d26af58e6870d_original.jpg?w=160&h=160&fit=crop&v=1461424994&auto=format&q=92&s=fd734e308cd1ea32aaf6e8ae5a0e7c28",
      "thumb": "https://ksr-ugc.imgix.net/assets/006/971/924/cac769322ff47cc20d6d26af58e6870d_original.jpg?w=40&h=40&fit=crop&v=1461424994&auto=format&q=92&s=c21a4a80aff96e5003afc3e3aeb8f41c"
    },
    "chosen_currency": null,
    "id": 760186668,
    "is_registered": true,
    "name": "Rob Chaney",
    "urls": {
      "api": {
        "user": "https://api.kickstarter.com/v1/users/760186668?signature=1524102947.7a806ab02cd7d49b5d9f1436772375e39b9bbb2c"
      },
      "web": {
        "user": "https://www.kickstarter.com/profile/760186668"
      }
    }
  },
  "currency": "USD",
  "currency_symbol": "$",
  "currency_trailing_code": true,
  "current_currency": "USD",
  "deadline": 1407700926,
  "disable_communication": false,
  "fx_rate": 1.0,
  "goal": 50.0,
  "id": 1026976892,
  "is_starrable": false,
  "launched_at": 1405108926,
  "location": {
    "country": "US",
    "displayable_name": "Delaware, OH",
    "id": 2390774,
    "is_root": false,
    "localized_name": "Delaware",
    "name": "Delaware",
    "short_name": "Delaware, OH",
    "slug": "delaware-oh",
    "state": "OH",
    "type": "Town",
    "urls": {
      "api": {
        "nearby_projects": "https://api.kickstarter.com/v1/discover?signature=1524082113.e2ac1cbad133a0f7067be5db7c026aabe18fcf93&woe_id=2390774"
      },
      "web": {
        "discover": "https://www.kickstarter.com/discover/places/delaware-oh",
        "location": "https://www.kickstarter.com/locations/delaware-oh"
      }
    }
  },
  "name": "Your personal version of Drop Box you Control!",
  "photo": {
    "1024x576": "https://ksr-ugc.imgix.net/assets/011/772/348/7fde48f47236808bb7780342959eda00_original.png?crop=faces&w=1024&h=576&fit=crop&v=1463692493&auto=format&q=92&s=b00c1d744f3b5d448678c3e1c030bae9",
    "1536x864": "https://ksr-ugc.imgix.net/assets/011/772/348/7fde48f47236808bb7780342959eda00_original.png?crop=faces&w=1552&h=873&fit=crop&v=1463692493&auto=format&q=92&s=a4c3485ff5ddf032aa1e113d56816ecd",
    "ed": "https://ksr-ugc.imgix.net/assets/011/772/348/7fde48f47236808bb7780342959eda00_original.png?crop=faces&w=352&h=198&fit=crop&v=1463692493&auto=format&q=92&s=2159f93eec6e2508e1fe60285a47880e",
    "full": "https://ksr-ugc.imgix.net/assets/011/772/348/7fde48f47236808bb7780342959eda00_original.png?crop=faces&w=560&h=315&fit=crop&v=1463692493&auto=format&q=92&s=b8bc56ee787caebcdbac967187671bfb",
    "key": "assets/011/772/348/7fde48f47236808bb7780342959eda00_original.png",
    "little": "https://ksr-ugc.imgix.net/assets/011/772/348/7fde48f47236808bb7780342959eda00_original.png?crop=faces&w=208&h=117&fit=crop&v=1463692493&auto=format&q=92&s=2eeba8ff33662ea182f237e5b478f990",
    "med": "https://ksr-ugc.imgix.net/assets/011/772/348/7fde48f47236808bb7780342959eda00_original.png?crop=faces&w=272&h=153&fit=crop&v=1463692493&auto=format&q=92&s=8bc297ae30cc12cab5c0765cf10683de",
    "small": "https://ksr-ugc.imgix.net/assets/011/772/348/7fde48f47236808bb7780342959eda00_original.png?crop=faces&w=160&h=90&fit=crop&v=1463692493&auto=format&q=92&s=17158a8258cfdb6aeb4bab91965de4c6",
    "thumb": "https://ksr-ugc.imgix.net/assets/011/772/348/7fde48f47236808bb7780342959eda00_original.png?crop=faces&w=48&h=27&fit=crop&v=1463692493&auto=format&q=92&s=00d4f6c86d85e2396d3a37cdafa8b533"
  },
  "pledged": 1.0,
  "profile": {
    "background_color": null,
    "background_image_opacity": 0.8,
    "blurb": null,
    "feature_image_attributes": {
      "image_urls": {
        "baseball_card": "https://ksr-ugc.imgix.net/assets/011/772/348/7fde48f47236808bb7780342959eda00_original.png?crop=faces&w=560&h=315&fit=crop&v=1463692493&auto=format&q=92&s=b8bc56ee787caebcdbac967187671bfb",
        "default": "https://ksr-ugc.imgix.net/assets/011/772/348/7fde48f47236808bb7780342959eda00_original.png?crop=faces&w=1552&h=873&fit=crop&v=1463692493&auto=format&q=92&s=a4c3485ff5ddf032aa1e113d56816ecd"
      }
    },
    "id": 1160282,
    "link_background_color": null,
    "link_text": null,
    "link_text_color": null,
    "link_url": null,
    "name": null,
    "project_id": 1160282,
    "should_show_feature_image_section": true,
    "show_feature_image": false,
    "state": "inactive",
    "state_changed_at": 1425915864,
    "text_color": null
  },
  "slug": "your-personal-version-of-drop-box-you-control",
  "spotlight": false,
  "staff_pick": false,
  "state": "failed",
  "state_changed_at": 1407700926,
  "static_usd_rate": 1.0,
  "urls": {
    "web": {
      "project": "https://www.kickstarter.com/projects/760186668/your-personal-version-of-drop-box-you-control?ref=category_newest",
      "rewards": "https://www.kickstarter.com/projects/760186668/your-personal-version-of-drop-box-you-control/rewards"
    }
  },
  "usd_pledged": "1.0",
  "usd_type": "international"
}