{
  "backers_count": 14,
  "blurb": "YoungBoard \u2014 A new transport for sustainable development by Center Young GmbH.  We are a new start up company and need your support!",
  "category": {
    "color": 6526716,
    "id": 334,
    "name": "DIY Electronics",
    "parent_id": 16,
    "position": 4,
    "slug": "technology/diy electronics",
    "urls": {
      "web": {
        "discover": "http://www.kickstarter.com/discover/categories/technology/diy%20electronics"
      }
    }
  },
  "converted_pledged_amount": 27489,
  "country": "DE",
  "created_at": 1453213456,
  "creator": {
    "avatar": {
      "medium": "https://ksr-ugc.imgix.net/assets/010/588/216/c32a97f46a5a7d2876f21b12819f0862_original.PNG?w=160&h=160&fit=crop&v=1461699885&auto=format&q=92&s=ca265d730bc02e892a0d1f0e703128e3",
      "small": "https://ksr-ugc.imgix.net/assets/010/588/216/c32a97f46a5a7d2876f21b12819f0862_original.PNG?w=160&h=160&fit=crop&v=1461699885&auto=format&q=92&s=ca265d730bc02e892a0d1f0e703128e3",
      "thumb": "https://ksr-ugc.imgix.net/assets/010/588/216/c32a97f46a5a7d2876f21b12819f0862_original.PNG?w=40&h=40&fit=crop&v=1461699885&auto=format&q=92&s=e6d6fa847149c581558192cc93f56ded"
    },
    "chosen_currency": null,
    "id": 50537264,
    "is_registered": true,
    "name": "Center Young GmbH",
    "urls": {
      "api": {
        "user": "https://api.kickstarter.com/v1/users/50537264?signature=1524100675.e45a60e73126d0c2ee9900b6aa93e40a2e1598f9"
      },
      "web": {
        "user": "https://www.kickstarter.com/profile/50537264"
      }
    }
  },
  "currency": "EUR",
  "currency_symbol": "\u20ac",
  "currency_trailing_code": false,
  "current_currency": "USD",
  "deadline": 1467046326,
  "disable_communication": false,
  "fx_rate": 1.23814016,
  "goal": 25000.0,
  "id": 1027721189,
  "is_starrable": false,
  "launched_at": 1464454326,
  "location": {
    "country": "DE",
    "displayable_name": "Duisburg, Germany",
    "id": 645877,
    "is_root": false,
    "localized_name": "Duisburg",
    "name": "Duisburg",
    "short_name": "Duisburg, Germany",
    "slug": "duisburg-de",
    "state": "North Rhine-Westphalia",
    "type": "Town",
    "urls": {
      "api": {
        "nearby_projects": "https://api.kickstarter.com/v1/discover?signature=1524082161.d3779a243b2ab840add3070020b26c977b456b31&woe_id=645877"
      },
      "web": {
        "discover": "https://www.kickstarter.com/discover/places/duisburg-de",
        "location": "https://www.kickstarter.com/locations/duisburg-de"
      }
    }
  },
  "name": "YoungBoard-The world\u2019s first real solar electric skateboard",
  "photo": {
    "1024x576": "https://ksr-ugc.imgix.net/assets/012/358/115/290f62e82af9201acd0691572347554a_original.jpg?crop=faces&w=1024&h=576&fit=crop&v=1464410444&auto=format&q=92&s=ad1a8d321a5003479110990fcdc08956",
    "1536x864": "https://ksr-ugc.imgix.net/assets/012/358/115/290f62e82af9201acd0691572347554a_original.jpg?crop=faces&w=1552&h=873&fit=crop&v=1464410444&auto=format&q=92&s=4c037b089f1adf045231d5cd66f0d431",
    "ed": "https://ksr-ugc.imgix.net/assets/012/358/115/290f62e82af9201acd0691572347554a_original.jpg?crop=faces&w=352&h=198&fit=crop&v=1464410444&auto=format&q=92&s=d516090760f458c54b43daa2e612b80f",
    "full": "https://ksr-ugc.imgix.net/assets/012/358/115/290f62e82af9201acd0691572347554a_original.jpg?crop=faces&w=560&h=315&fit=crop&v=1464410444&auto=format&q=92&s=7cb75821690d4cabe33dd3a8f47a665d",
    "key": "assets/012/358/115/290f62e82af9201acd0691572347554a_original.jpg",
    "little": "https://ksr-ugc.imgix.net/assets/012/358/115/290f62e82af9201acd0691572347554a_original.jpg?crop=faces&w=208&h=117&fit=crop&v=1464410444&auto=format&q=92&s=2892c520f0681838b6e8f61ca6b7c960",
    "med": "https://ksr-ugc.imgix.net/assets/012/358/115/290f62e82af9201acd0691572347554a_original.jpg?crop=faces&w=272&h=153&fit=crop&v=1464410444&auto=format&q=92&s=01bdfecbaf342e9cac831639f6f9ddfc",
    "small": "https://ksr-ugc.imgix.net/assets/012/358/115/290f62e82af9201acd0691572347554a_original.jpg?crop=faces&w=160&h=90&fit=crop&v=1464410444&auto=format&q=92&s=c0b8622ebc73beb1e894fd395eb3e2e7",
    "thumb": "https://ksr-ugc.imgix.net/assets/012/358/115/290f62e82af9201acd0691572347554a_original.jpg?crop=faces&w=48&h=27&fit=crop&v=1464410444&auto=format&q=92&s=ddcfc54ef634241fd9cca5dff2d2e5d9"
  },
  "pledged": 25000.0,
  "profile": {
    "background_color": "",
    "background_image_opacity": 0.8,
    "blurb": "YoungBoard \u2014 A new transport for sustainable development by Center Young GmbH.  We are a new start up company and need your support!",
    "feature_image_attributes": {
      "image_urls": {
        "baseball_card": "https://ksr-ugc.imgix.net/assets/012/358/115/290f62e82af9201acd0691572347554a_original.jpg?crop=faces&w=560&h=315&fit=crop&v=1464410444&auto=format&q=92&s=7cb75821690d4cabe33dd3a8f47a665d",
        "default": "https://ksr-ugc.imgix.net/assets/012/358/115/290f62e82af9201acd0691572347554a_original.jpg?crop=faces&w=1552&h=873&fit=crop&v=1464410444&auto=format&q=92&s=4c037b089f1adf045231d5cd66f0d431"
      }
    },
    "id": 2329570,
    "link_background_color": "",
    "link_text": "Follow along!",
    "link_text_color": "",
    "link_url": "https://twitter.com/yangchuanbin",
    "name": "YoungBoard-The world\u2019s first real solar electric skateboard",
    "project_id": 2329570,
    "should_show_feature_image_section": true,
    "show_feature_image": false,
    "state": "active",
    "state_changed_at": 1470039087,
    "text_color": ""
  },
  "slug": "youngboard-solar-electric-skateboard",
  "spotlight": true,
  "staff_pick": false,
  "state": "successful",
  "state_changed_at": 1467046326,
  "static_usd_rate": 1.11870838,
  "urls": {
    "web": {
      "project": "https://www.kickstarter.com/projects/50537264/youngboard-solar-electric-skateboard?ref=category_newest",
      "rewards": "https://www.kickstarter.com/projects/50537264/youngboard-solar-electric-skateboard/rewards"
    }
  },
  "usd_pledged": "27967.7095",
  "usd_type": "international"
}