{
  "backers_count": 8,
  "blurb": "Solve your input confusion at the push of a button with a learning remote that syncs your TV, cable box, HDMI & other A/V components!",
  "category": {
    "color": 6526716,
    "id": 337,
    "name": "Gadgets",
    "parent_id": 16,
    "position": 7,
    "slug": "technology/gadgets",
    "urls": {
      "web": {
        "discover": "http://www.kickstarter.com/discover/categories/technology/gadgets"
      }
    }
  },
  "converted_pledged_amount": 1350,
  "country": "US",
  "created_at": 1466457910,
  "creator": {
    "avatar": {
      "medium": "https://ksr-ugc.imgix.net/assets/012/888/316/43f7fbd73ef2caa9956901953f2e9a96_original.jpg?w=160&h=160&fit=crop&v=1467129714&auto=format&q=92&s=e22454345ac1a70b0c5e8c0aa2532ff8",
      "small": "https://ksr-ugc.imgix.net/assets/012/888/316/43f7fbd73ef2caa9956901953f2e9a96_original.jpg?w=160&h=160&fit=crop&v=1467129714&auto=format&q=92&s=e22454345ac1a70b0c5e8c0aa2532ff8",
      "thumb": "https://ksr-ugc.imgix.net/assets/012/888/316/43f7fbd73ef2caa9956901953f2e9a96_original.jpg?w=40&h=40&fit=crop&v=1467129714&auto=format&q=92&s=7ae3d8951d264d28c6f58c93c6ea337b"
    },
    "chosen_currency": null,
    "id": 5877985,
    "is_registered": true,
    "name": "Ron Mocogni",
    "urls": {
      "api": {
        "user": "https://api.kickstarter.com/v1/users/5877985?signature=1524101303.88e885804ff3c85ed6c58f5664033a8638faf3ad"
      },
      "web": {
        "user": "https://www.kickstarter.com/profile/5877985"
      }
    }
  },
  "currency": "USD",
  "currency_symbol": "$",
  "currency_trailing_code": true,
  "current_currency": "USD",
  "deadline": 1470016800,
  "disable_communication": false,
  "fx_rate": 1.0,
  "goal": 75000.0,
  "id": 10278585,
  "is_starrable": false,
  "launched_at": 1467322668,
  "location": {
    "country": "US",
    "displayable_name": "Jupiter, FL",
    "id": 2430365,
    "is_root": false,
    "localized_name": "Jupiter",
    "name": "Jupiter",
    "short_name": "Jupiter, FL",
    "slug": "jupiter-fl",
    "state": "FL",
    "type": "Town",
    "urls": {
      "api": {
        "nearby_projects": "https://api.kickstarter.com/v1/discover?signature=1524082113.909641ef97d6436897d3d9590e6a87d7471e533e&woe_id=2430365"
      },
      "web": {
        "discover": "https://www.kickstarter.com/discover/places/jupiter-fl",
        "location": "https://www.kickstarter.com/locations/jupiter-fl"
      }
    }
  },
  "name": "iRMimic - Making TV Simple Again!",
  "photo": {
    "1024x576": "https://ksr-ugc.imgix.net/assets/012/804/343/ad53887f8fed11107156aa0a538643d3_original.jpg?crop=faces&w=1024&h=576&fit=crop&v=1467934950&auto=format&q=92&s=007969b5aa12543be1a2b104cf7e6fb8",
    "1536x864": "https://ksr-ugc.imgix.net/assets/012/804/343/ad53887f8fed11107156aa0a538643d3_original.jpg?crop=faces&w=1552&h=873&fit=crop&v=1467934950&auto=format&q=92&s=ab5b2d280db01d845ef6c301165e9303",
    "ed": "https://ksr-ugc.imgix.net/assets/012/804/343/ad53887f8fed11107156aa0a538643d3_original.jpg?crop=faces&w=352&h=198&fit=crop&v=1467934950&auto=format&q=92&s=a88025576220354f5bf40f7a31aec70d",
    "full": "https://ksr-ugc.imgix.net/assets/012/804/343/ad53887f8fed11107156aa0a538643d3_original.jpg?crop=faces&w=560&h=315&fit=crop&v=1467934950&auto=format&q=92&s=4d0059a784eb96609240d9c92ce88e70",
    "key": "assets/012/804/343/ad53887f8fed11107156aa0a538643d3_original.jpg",
    "little": "https://ksr-ugc.imgix.net/assets/012/804/343/ad53887f8fed11107156aa0a538643d3_original.jpg?crop=faces&w=208&h=117&fit=crop&v=1467934950&auto=format&q=92&s=f9d60f73a3dccaefb3b07fc9cc6bbe86",
    "med": "https://ksr-ugc.imgix.net/assets/012/804/343/ad53887f8fed11107156aa0a538643d3_original.jpg?crop=faces&w=272&h=153&fit=crop&v=1467934950&auto=format&q=92&s=4b4cf159c3314e33eff682f5a14d00a6",
    "small": "https://ksr-ugc.imgix.net/assets/012/804/343/ad53887f8fed11107156aa0a538643d3_original.jpg?crop=faces&w=160&h=90&fit=crop&v=1467934950&auto=format&q=92&s=425100f11aec7b7fece9442a8eea5d2e",
    "thumb": "https://ksr-ugc.imgix.net/assets/012/804/343/ad53887f8fed11107156aa0a538643d3_original.jpg?crop=faces&w=48&h=27&fit=crop&v=1467934950&auto=format&q=92&s=27bda1cc995418f350cf0eb152e584ef"
  },
  "pledged": 1350.0,
  "profile": {
    "background_color": null,
    "background_image_opacity": 0.8,
    "blurb": null,
    "feature_image_attributes": {
      "image_urls": {
        "baseball_card": "https://ksr-ugc.imgix.net/assets/012/804/343/ad53887f8fed11107156aa0a538643d3_original.jpg?crop=faces&w=560&h=315&fit=crop&v=1467934950&auto=format&q=92&s=4d0059a784eb96609240d9c92ce88e70",
        "default": "https://ksr-ugc.imgix.net/assets/012/804/343/ad53887f8fed11107156aa0a538643d3_original.jpg?crop=faces&w=1552&h=873&fit=crop&v=1467934950&auto=format&q=92&s=ab5b2d280db01d845ef6c301165e9303"
      }
    },
    "id": 2568012,
    "link_background_color": null,
    "link_text": null,
    "link_text_color": null,
    "link_url": null,
    "name": null,
    "project_id": 2568012,
    "should_show_feature_image_section": true,
    "show_feature_image": false,
    "state": "inactive",
    "state_changed_at": 1466457910,
    "text_color": null
  },
  "slug": "irmimic-making-tv-simple-again",
  "spotlight": false,
  "staff_pick": false,
  "state": "failed",
  "state_changed_at": 1470016800,
  "static_usd_rate": 1.0,
  "urls": {
    "web": {
      "project": "https://www.kickstarter.com/projects/5877985/irmimic-making-tv-simple-again?ref=category_newest",
      "rewards": "https://www.kickstarter.com/projects/5877985/irmimic-making-tv-simple-again/rewards"
    }
  },
  "usd_pledged": "1350.0",
  "usd_type": "international"
}