{
  "backers_count": 62,
  "blurb": "Freedom to be online safely and securely. A computer that lets anyone protect their identity, information and location online.",
  "category": {
    "color": 6526716,
    "id": 51,
    "name": "Software",
    "parent_id": 16,
    "position": 11,
    "slug": "technology/software",
    "urls": {
      "web": {
        "discover": "http://www.kickstarter.com/discover/categories/technology/software"
      }
    }
  },
  "converted_pledged_amount": 4235,
  "country": "GB",
  "created_at": 1460930267,
  "creator": {
    "avatar": {
      "medium": "https://ksr-ugc.imgix.net/assets/005/742/987/2b9bbab4e2a744c05311de1065203741_original.png?w=160&h=160&fit=crop&v=1460935388&auto=format&q=92&s=0752a4f01821de50ae4f394d76c7872f",
      "small": "https://ksr-ugc.imgix.net/assets/005/742/987/2b9bbab4e2a744c05311de1065203741_original.png?w=160&h=160&fit=crop&v=1460935388&auto=format&q=92&s=0752a4f01821de50ae4f394d76c7872f",
      "thumb": "https://ksr-ugc.imgix.net/assets/005/742/987/2b9bbab4e2a744c05311de1065203741_original.png?w=40&h=40&fit=crop&v=1460935388&auto=format&q=92&s=83bc4e260327daf4b7cf7af6b5be583d"
    },
    "chosen_currency": null,
    "id": 562146716,
    "is_registered": true,
    "name": "Dyc Studio Ltd (deleted)",
    "urls": {
      "api": {
        "user": "https://api.kickstarter.com/v1/users/562146716?signature=1524102372.a7e2dbdb4364c5092b1414644a4ff5d4e3e1a9b1"
      },
      "web": {
        "user": "https://www.kickstarter.com/profile/562146716"
      }
    }
  },
  "currency": "GBP",
  "currency_symbol": "\u00a3",
  "currency_trailing_code": false,
  "current_currency": "USD",
  "deadline": 1466371662,
  "disable_communication": false,
  "fx_rate": 1.43358488,
  "goal": 20000.0,
  "id": 1027590221,
  "is_starrable": false,
  "launched_at": 1463779662,
  "location": {
    "country": "GB",
    "displayable_name": "London, UK",
    "id": 44418,
    "is_root": false,
    "localized_name": "London",
    "name": "London",
    "short_name": "London, UK",
    "slug": "london-gb",
    "state": "England",
    "type": "Town",
    "urls": {
      "api": {
        "nearby_projects": "https://api.kickstarter.com/v1/discover?signature=1524082109.5118e135081e740cf60892f6b56ae9d8b8d0db64&woe_id=44418"
      },
      "web": {
        "discover": "https://www.kickstarter.com/discover/places/london-gb",
        "location": "https://www.kickstarter.com/locations/london-gb"
      }
    }
  },
  "name": "Kiri - The Anonymous Computer",
  "photo": {
    "1024x576": "https://ksr-ugc.imgix.net/assets/012/432/208/482f1d784b894cd87a44b0a86a085416_original.jpg?crop=faces&w=1024&h=576&fit=crop&v=1463760864&auto=format&q=92&s=9f3d796eb92e1b245d54a3685e288023",
    "1536x864": "https://ksr-ugc.imgix.net/assets/012/432/208/482f1d784b894cd87a44b0a86a085416_original.jpg?crop=faces&w=1552&h=873&fit=crop&v=1463760864&auto=format&q=92&s=00e1306e48f03a761f669c4e812a2703",
    "ed": "https://ksr-ugc.imgix.net/assets/012/432/208/482f1d784b894cd87a44b0a86a085416_original.jpg?crop=faces&w=352&h=198&fit=crop&v=1463760864&auto=format&q=92&s=f126dc187c5f6a07f29ba93415f121d9",
    "full": "https://ksr-ugc.imgix.net/assets/012/432/208/482f1d784b894cd87a44b0a86a085416_original.jpg?crop=faces&w=560&h=315&fit=crop&v=1463760864&auto=format&q=92&s=678bc49d6d46ce841637beed8d7c80b6",
    "key": "assets/012/432/208/482f1d784b894cd87a44b0a86a085416_original.jpg",
    "little": "https://ksr-ugc.imgix.net/assets/012/432/208/482f1d784b894cd87a44b0a86a085416_original.jpg?crop=faces&w=208&h=117&fit=crop&v=1463760864&auto=format&q=92&s=701bf997468f432a93c63cc56fa4a876",
    "med": "https://ksr-ugc.imgix.net/assets/012/432/208/482f1d784b894cd87a44b0a86a085416_original.jpg?crop=faces&w=272&h=153&fit=crop&v=1463760864&auto=format&q=92&s=c9bad6d6b365636c2b8148d067cf3998",
    "small": "https://ksr-ugc.imgix.net/assets/012/432/208/482f1d784b894cd87a44b0a86a085416_original.jpg?crop=faces&w=160&h=90&fit=crop&v=1463760864&auto=format&q=92&s=340f7390a388c6edc5a68311c781458f",
    "thumb": "https://ksr-ugc.imgix.net/assets/012/432/208/482f1d784b894cd87a44b0a86a085416_original.jpg?crop=faces&w=48&h=27&fit=crop&v=1463760864&auto=format&q=92&s=3e5e86d0cc5fefa86e395f6d7514b840"
  },
  "pledged": 2950.0,
  "profile": {
    "background_color": null,
    "background_image_opacity": 0.8,
    "blurb": null,
    "feature_image_attributes": {
      "image_urls": {
        "baseball_card": "https://ksr-ugc.imgix.net/assets/012/432/208/482f1d784b894cd87a44b0a86a085416_original.jpg?crop=faces&w=560&h=315&fit=crop&v=1463760864&auto=format&q=92&s=678bc49d6d46ce841637beed8d7c80b6",
        "default": "https://ksr-ugc.imgix.net/assets/012/432/208/482f1d784b894cd87a44b0a86a085416_original.jpg?crop=faces&w=1552&h=873&fit=crop&v=1463760864&auto=format&q=92&s=00e1306e48f03a761f669c4e812a2703"
      }
    },
    "id": 2475339,
    "link_background_color": null,
    "link_text": null,
    "link_text_color": null,
    "link_url": null,
    "name": null,
    "project_id": 2475339,
    "should_show_feature_image_section": true,
    "show_feature_image": false,
    "state": "inactive",
    "state_changed_at": 1460930267,
    "text_color": null
  },
  "slug": "kiri-the-anonymous-computer",
  "spotlight": false,
  "staff_pick": false,
  "state": "failed",
  "state_changed_at": 1466371662,
  "static_usd_rate": 1.45244126,
  "urls": {
    "web": {
      "project": "https://www.kickstarter.com/projects/562146716/kiri-the-anonymous-computer?ref=category_newest",
      "rewards": "https://www.kickstarter.com/projects/562146716/kiri-the-anonymous-computer/rewards"
    }
  },
  "usd_pledged": "4284.701717",
  "usd_type": "international"
}