{
  "backers_count": 3,
  "blurb": "iGeekReviews.com is a tech review website. We have a BETA with a long URL sosoaspm2.wix.com/iGeek and seek a legit domain and hosting.",
  "category": {
    "color": 6526716,
    "id": 342,
    "name": "Web",
    "parent_id": 16,
    "position": 15,
    "slug": "technology/web",
    "urls": {
      "web": {
        "discover": "http://www.kickstarter.com/discover/categories/technology/web"
      }
    }
  },
  "converted_pledged_amount": 7,
  "country": "US",
  "created_at": 1422408799,
  "creator": {
    "avatar": {
      "medium": "https://ksr-ugc.imgix.net/assets/008/265/830/59d03c2b1da48ef65a82e198ab9375d2_original.png?w=160&h=160&fit=crop&v=1461513705&auto=format&q=92&s=a6e4ea0040189325c83ea0e33edbe47b",
      "small": "https://ksr-ugc.imgix.net/assets/008/265/830/59d03c2b1da48ef65a82e198ab9375d2_original.png?w=160&h=160&fit=crop&v=1461513705&auto=format&q=92&s=a6e4ea0040189325c83ea0e33edbe47b",
      "thumb": "https://ksr-ugc.imgix.net/assets/008/265/830/59d03c2b1da48ef65a82e198ab9375d2_original.png?w=40&h=40&fit=crop&v=1461513705&auto=format&q=92&s=8a68bf0c7da40bdc24d2d45043a2ccf9"
    },
    "chosen_currency": null,
    "id": 1257329487,
    "is_registered": true,
    "name": "Andrew Stevenson",
    "urls": {
      "api": {
        "user": "https://api.kickstarter.com/v1/users/1257329487?signature=1524103077.284afd646163d15c5d078ce1e8491e67b675b4d4"
      },
      "web": {
        "user": "https://www.kickstarter.com/profile/1257329487"
      }
    }
  },
  "currency": "USD",
  "currency_symbol": "$",
  "currency_trailing_code": true,
  "current_currency": "USD",
  "deadline": 1424660761,
  "disable_communication": false,
  "fx_rate": 1.0,
  "goal": 500.0,
  "id": 1027052134,
  "is_starrable": false,
  "launched_at": 1422500761,
  "location": {
    "country": "US",
    "displayable_name": "Birmingham, AL",
    "id": 2364559,
    "is_root": false,
    "localized_name": "Birmingham",
    "name": "Birmingham",
    "short_name": "Birmingham, AL",
    "slug": "birmingham-al",
    "state": "AL",
    "type": "Town",
    "urls": {
      "api": {
        "nearby_projects": "https://api.kickstarter.com/v1/discover?signature=1524082116.5a242650e6534c38c9b22370fdd53ef85df6d183&woe_id=2364559"
      },
      "web": {
        "discover": "https://www.kickstarter.com/discover/places/birmingham-al",
        "location": "https://www.kickstarter.com/locations/birmingham-al"
      }
    }
  },
  "name": "iGeekReviews.com domain and hosting aquisition.",
  "photo": {
    "1024x576": "https://ksr-ugc.imgix.net/assets/012/016/523/8389ee9b955f3325b8114e9176c614c5_original.jpg?crop=faces&w=1024&h=576&fit=crop&v=1463724330&auto=format&q=92&s=bdccaa56c15a4e767c18b09ce7036ec1",
    "1536x864": "https://ksr-ugc.imgix.net/assets/012/016/523/8389ee9b955f3325b8114e9176c614c5_original.jpg?crop=faces&w=1552&h=873&fit=crop&v=1463724330&auto=format&q=92&s=431da0ce023e7b099583df4fb25d9330",
    "ed": "https://ksr-ugc.imgix.net/assets/012/016/523/8389ee9b955f3325b8114e9176c614c5_original.jpg?crop=faces&w=352&h=198&fit=crop&v=1463724330&auto=format&q=92&s=a928589e4b1a2b7b07dbacc5c4f19214",
    "full": "https://ksr-ugc.imgix.net/assets/012/016/523/8389ee9b955f3325b8114e9176c614c5_original.jpg?crop=faces&w=560&h=315&fit=crop&v=1463724330&auto=format&q=92&s=03708ec7f72b98fc23dc26fb4a097348",
    "key": "assets/012/016/523/8389ee9b955f3325b8114e9176c614c5_original.jpg",
    "little": "https://ksr-ugc.imgix.net/assets/012/016/523/8389ee9b955f3325b8114e9176c614c5_original.jpg?crop=faces&w=208&h=117&fit=crop&v=1463724330&auto=format&q=92&s=71ea9bb11953782f84dd5f4d8db754ad",
    "med": "https://ksr-ugc.imgix.net/assets/012/016/523/8389ee9b955f3325b8114e9176c614c5_original.jpg?crop=faces&w=272&h=153&fit=crop&v=1463724330&auto=format&q=92&s=f87f5e4468ce7edbcea13fb6e3711980",
    "small": "https://ksr-ugc.imgix.net/assets/012/016/523/8389ee9b955f3325b8114e9176c614c5_original.jpg?crop=faces&w=160&h=90&fit=crop&v=1463724330&auto=format&q=92&s=54030ace44bce0a5bb0e192ad46ec19c",
    "thumb": "https://ksr-ugc.imgix.net/assets/012/016/523/8389ee9b955f3325b8114e9176c614c5_original.jpg?crop=faces&w=48&h=27&fit=crop&v=1463724330&auto=format&q=92&s=203a0445310e3315cf193a36742380ac"
  },
  "pledged": 7.0,
  "profile": {
    "background_color": null,
    "background_image_opacity": 0.8,
    "blurb": null,
    "feature_image_attributes": {
      "image_urls": {
        "baseball_card": "https://ksr-ugc.imgix.net/assets/012/016/523/8389ee9b955f3325b8114e9176c614c5_original.jpg?crop=faces&w=560&h=315&fit=crop&v=1463724330&auto=format&q=92&s=03708ec7f72b98fc23dc26fb4a097348",
        "default": "https://ksr-ugc.imgix.net/assets/012/016/523/8389ee9b955f3325b8114e9176c614c5_original.jpg?crop=faces&w=1552&h=873&fit=crop&v=1463724330&auto=format&q=92&s=431da0ce023e7b099583df4fb25d9330"
      }
    },
    "id": 1664092,
    "link_background_color": null,
    "link_text": null,
    "link_text_color": null,
    "link_url": null,
    "name": null,
    "project_id": 1664092,
    "should_show_feature_image_section": true,
    "show_feature_image": false,
    "state": "inactive",
    "state_changed_at": 1425915891,
    "text_color": null
  },
  "slug": "igeekreviewscom-domain-and-hosting-aquisition",
  "spotlight": false,
  "staff_pick": false,
  "state": "failed",
  "state_changed_at": 1424660761,
  "static_usd_rate": 1.0,
  "urls": {
    "web": {
      "project": "https://www.kickstarter.com/projects/1257329487/igeekreviewscom-domain-and-hosting-aquisition?ref=category_newest",
      "rewards": "https://www.kickstarter.com/projects/1257329487/igeekreviewscom-domain-and-hosting-aquisition/rewards"
    }
  },
  "usd_pledged": "7.0",
  "usd_type": "international"
}