{
  "backers_count": 10,
  "blurb": "The Mano-Matic is an extremely affordable, fully functional Bionic hand that was developed for those in need.",
  "category": {
    "color": 6526716,
    "id": 331,
    "name": "3D Printing",
    "parent_id": 16,
    "position": 1,
    "slug": "technology/3d printing",
    "urls": {
      "web": {
        "discover": "http://www.kickstarter.com/discover/categories/technology/3d%20printing"
      }
    }
  },
  "converted_pledged_amount": 586,
  "country": "US",
  "created_at": 1390172817,
  "creator": {
    "avatar": {
      "medium": "https://ksr-ugc.imgix.net/assets/008/340/888/37c7e1b2d7b7b8b93efd7d382a105e41_original.jpg?w=160&h=160&fit=crop&v=1517272550&auto=format&q=92&s=3e23afac90b29ce1c71dc045db09d864",
      "small": "https://ksr-ugc.imgix.net/assets/008/340/888/37c7e1b2d7b7b8b93efd7d382a105e41_original.jpg?w=160&h=160&fit=crop&v=1517272550&auto=format&q=92&s=3e23afac90b29ce1c71dc045db09d864",
      "thumb": "https://ksr-ugc.imgix.net/assets/008/340/888/37c7e1b2d7b7b8b93efd7d382a105e41_original.jpg?w=40&h=40&fit=crop&v=1517272550&auto=format&q=92&s=ba94b80f14835078d95907287a523c86"
    },
    "chosen_currency": null,
    "id": 354249880,
    "is_registered": true,
    "name": "Lyman Connor",
    "urls": {
      "api": {
        "user": "https://api.kickstarter.com/v1/users/354249880?signature=1524099997.1147e44b1245ecd818fa1fc1873ffd45c5240986"
      },
      "web": {
        "user": "https://www.kickstarter.com/profile/354249880"
      }
    }
  },
  "currency": "USD",
  "currency_symbol": "$",
  "currency_trailing_code": true,
  "current_currency": "USD",
  "deadline": 1412376300,
  "disable_communication": false,
  "fx_rate": 1.0,
  "goal": 5000.0,
  "id": 1027002147,
  "is_starrable": false,
  "launched_at": 1407793753,
  "location": {
    "country": "US",
    "displayable_name": "Roanoke, VA",
    "id": 2482550,
    "is_root": false,
    "localized_name": "Roanoke",
    "name": "Roanoke",
    "short_name": "Roanoke, VA",
    "slug": "roanoke-va",
    "state": "VA",
    "type": "Town",
    "urls": {
      "api": {
        "nearby_projects": "https://api.kickstarter.com/v1/discover?signature=1524082157.baec5de4b60403c2acc44f185e5ad70b505791d2&woe_id=2482550"
      },
      "web": {
        "discover": "https://www.kickstarter.com/discover/places/roanoke-va",
        "location": "https://www.kickstarter.com/locations/roanoke-va"
      }
    }
  },
  "name": "The \"Mano-Matic\" 3D printed Bionic Hand",
  "photo": {
    "1024x576": "https://ksr-ugc.imgix.net/assets/011/638/437/4b1a4f9fabe4c170c966ffa1a62ad03e_original.jpg?crop=faces&w=1024&h=576&fit=crop&v=1463686065&auto=format&q=92&s=7a55eb1dad59c832e4ae7c35a089b0dd",
    "1536x864": "https://ksr-ugc.imgix.net/assets/011/638/437/4b1a4f9fabe4c170c966ffa1a62ad03e_original.jpg?crop=faces&w=1552&h=873&fit=crop&v=1463686065&auto=format&q=92&s=6b6824ef8c1812c8bffc986c05a4e254",
    "ed": "https://ksr-ugc.imgix.net/assets/011/638/437/4b1a4f9fabe4c170c966ffa1a62ad03e_original.jpg?crop=faces&w=352&h=198&fit=crop&v=1463686065&auto=format&q=92&s=80ea37214080a2952c0eee13addb0c86",
    "full": "https://ksr-ugc.imgix.net/assets/011/638/437/4b1a4f9fabe4c170c966ffa1a62ad03e_original.jpg?crop=faces&w=560&h=315&fit=crop&v=1463686065&auto=format&q=92&s=0329d7f406a5e4f0fc24e266dd175e01",
    "key": "assets/011/638/437/4b1a4f9fabe4c170c966ffa1a62ad03e_original.jpg",
    "little": "https://ksr-ugc.imgix.net/assets/011/638/437/4b1a4f9fabe4c170c966ffa1a62ad03e_original.jpg?crop=faces&w=208&h=117&fit=crop&v=1463686065&auto=format&q=92&s=f7b77d879b05d7c7706b588d9d273106",
    "med": "https://ksr-ugc.imgix.net/assets/011/638/437/4b1a4f9fabe4c170c966ffa1a62ad03e_original.jpg?crop=faces&w=272&h=153&fit=crop&v=1463686065&auto=format&q=92&s=73180f98e64d3b8c0fe2dad5966928af",
    "small": "https://ksr-ugc.imgix.net/assets/011/638/437/4b1a4f9fabe4c170c966ffa1a62ad03e_original.jpg?crop=faces&w=160&h=90&fit=crop&v=1463686065&auto=format&q=92&s=4be8f81a4a090da00d1c451660ca0aef",
    "thumb": "https://ksr-ugc.imgix.net/assets/011/638/437/4b1a4f9fabe4c170c966ffa1a62ad03e_original.jpg?crop=faces&w=48&h=27&fit=crop&v=1463686065&auto=format&q=92&s=09756afb045706bf5ca7c65f853d8b90"
  },
  "pledged": 586.0,
  "profile": {
    "background_color": null,
    "background_image_opacity": 0.8,
    "blurb": null,
    "feature_image_attributes": {
      "image_urls": {
        "baseball_card": "https://ksr-ugc.imgix.net/assets/011/638/437/4b1a4f9fabe4c170c966ffa1a62ad03e_original.jpg?crop=faces&w=560&h=315&fit=crop&v=1463686065&auto=format&q=92&s=0329d7f406a5e4f0fc24e266dd175e01",
        "default": "https://ksr-ugc.imgix.net/assets/011/638/437/4b1a4f9fabe4c170c966ffa1a62ad03e_original.jpg?crop=faces&w=1552&h=873&fit=crop&v=1463686065&auto=format&q=92&s=6b6824ef8c1812c8bffc986c05a4e254"
      }
    },
    "id": 856014,
    "link_background_color": null,
    "link_text": null,
    "link_text_color": null,
    "link_url": null,
    "name": null,
    "project_id": 856014,
    "should_show_feature_image_section": true,
    "show_feature_image": false,
    "state": "inactive",
    "state_changed_at": 1425915847,
    "text_color": null
  },
  "slug": "the-mano-matic-3d-printed-bionic-hand",
  "spotlight": false,
  "staff_pick": false,
  "state": "failed",
  "state_changed_at": 1412376310,
  "static_usd_rate": 1.0,
  "urls": {
    "web": {
      "project": "https://www.kickstarter.com/projects/354249880/the-mano-matic-3d-printed-bionic-hand?ref=category_newest",
      "rewards": "https://www.kickstarter.com/projects/354249880/the-mano-matic-3d-printed-bionic-hand/rewards"
    }
  },
  "usd_pledged": "586.0",
  "usd_type": "international"
}