{
  "backers_count": 0,
  "blurb": "Expandably adjustable cart for safely carrying thin fragile loads. Padded to protect load & obsticals",
  "category": {
    "color": 6526716,
    "id": 337,
    "name": "Gadgets",
    "parent_id": 16,
    "position": 7,
    "slug": "technology/gadgets",
    "urls": {
      "web": {
        "discover": "http://www.kickstarter.com/discover/categories/technology/gadgets"
      }
    }
  },
  "converted_pledged_amount": 0,
  "country": "US",
  "created_at": 1468806819,
  "creator": {
    "avatar": {
      "medium": "https://ksr-ugc.imgix.net/assets/013/091/717/177429b2e734a5b0d7d4ced6277f0cc1_original.jpg?w=160&h=160&fit=crop&v=1468817324&auto=format&q=92&s=47879cf6045b185898b362fc68658748",
      "small": "https://ksr-ugc.imgix.net/assets/013/091/717/177429b2e734a5b0d7d4ced6277f0cc1_original.jpg?w=160&h=160&fit=crop&v=1468817324&auto=format&q=92&s=47879cf6045b185898b362fc68658748",
      "thumb": "https://ksr-ugc.imgix.net/assets/013/091/717/177429b2e734a5b0d7d4ced6277f0cc1_original.jpg?w=40&h=40&fit=crop&v=1468817324&auto=format&q=92&s=06c945d3dfaf212ea19772ac8fe88c70"
    },
    "chosen_currency": null,
    "id": 627536174,
    "is_registered": true,
    "name": "Dennis Krizan",
    "urls": {
      "api": {
        "user": "https://api.kickstarter.com/v1/users/627536174?signature=1524101308.8f3ab5b8e451f13d011a84cef1cfed9e1850ee59"
      },
      "web": {
        "user": "https://www.kickstarter.com/profile/627536174"
      }
    }
  },
  "currency": "USD",
  "currency_symbol": "$",
  "currency_trailing_code": true,
  "current_currency": "USD",
  "deadline": 1469653612,
  "disable_communication": false,
  "fx_rate": 1.0,
  "goal": 3300000.0,
  "id": 1027934952,
  "is_starrable": false,
  "launched_at": 1469048812,
  "location": {
    "country": "US",
    "displayable_name": "Milwaukee, WI",
    "id": 2451822,
    "is_root": false,
    "localized_name": "Milwaukee",
    "name": "Milwaukee",
    "short_name": "Milwaukee, WI",
    "slug": "milwaukee-wi",
    "state": "WI",
    "type": "Town",
    "urls": {
      "api": {
        "nearby_projects": "https://api.kickstarter.com/v1/discover?signature=1524082115.b8ce3c5c3f190a43054e5e8af225af19ddc8837b&woe_id=2451822"
      },
      "web": {
        "discover": "https://www.kickstarter.com/discover/places/milwaukee-wi",
        "location": "https://www.kickstarter.com/locations/milwaukee-wi"
      }
    }
  },
  "name": "Monitor,TV,SolarPanel,Slat adjustable cart/dolly",
  "photo": {
    "1024x576": "https://ksr-ugc.imgix.net/assets/013/091/021/b795c64482667918fab3e4da3771e8d7_original.JPG?crop=faces&w=1024&h=576&fit=crop&v=1468810082&auto=format&q=92&s=6dea1d65705d02546e6b3e6a1951bc63",
    "1536x864": "https://ksr-ugc.imgix.net/assets/013/091/021/b795c64482667918fab3e4da3771e8d7_original.JPG?crop=faces&w=1552&h=873&fit=crop&v=1468810082&auto=format&q=92&s=daf7a8739b60aebd3800bd3fb0439d82",
    "ed": "https://ksr-ugc.imgix.net/assets/013/091/021/b795c64482667918fab3e4da3771e8d7_original.JPG?crop=faces&w=352&h=198&fit=crop&v=1468810082&auto=format&q=92&s=4b9b3fc6ce1c2eff32383c0acff3a693",
    "full": "https://ksr-ugc.imgix.net/assets/013/091/021/b795c64482667918fab3e4da3771e8d7_original.JPG?crop=faces&w=560&h=315&fit=crop&v=1468810082&auto=format&q=92&s=04663ac0925e34d8edad4ba0a72c5ba9",
    "key": "assets/013/091/021/b795c64482667918fab3e4da3771e8d7_original.JPG",
    "little": "https://ksr-ugc.imgix.net/assets/013/091/021/b795c64482667918fab3e4da3771e8d7_original.JPG?crop=faces&w=208&h=117&fit=crop&v=1468810082&auto=format&q=92&s=7c591fe303a3648708d5c510becd7a2f",
    "med": "https://ksr-ugc.imgix.net/assets/013/091/021/b795c64482667918fab3e4da3771e8d7_original.JPG?crop=faces&w=272&h=153&fit=crop&v=1468810082&auto=format&q=92&s=ba750df050fb038e77e099dfc0407136",
    "small": "https://ksr-ugc.imgix.net/assets/013/091/021/b795c64482667918fab3e4da3771e8d7_original.JPG?crop=faces&w=160&h=90&fit=crop&v=1468810082&auto=format&q=92&s=435154801d7a18b22e9b55827bd460ee",
    "thumb": "https://ksr-ugc.imgix.net/assets/013/091/021/b795c64482667918fab3e4da3771e8d7_original.JPG?crop=faces&w=48&h=27&fit=crop&v=1468810082&auto=format&q=92&s=40592400a392d137283596bafbeeb2bb"
  },
  "pledged": 0.0,
  "profile": {
    "background_color": null,
    "background_image_opacity": 0.8,
    "blurb": null,
    "feature_image_attributes": {
      "image_urls": {
        "baseball_card": "https://ksr-ugc.imgix.net/assets/013/091/021/b795c64482667918fab3e4da3771e8d7_original.JPG?crop=faces&w=560&h=315&fit=crop&v=1468810082&auto=format&q=92&s=04663ac0925e34d8edad4ba0a72c5ba9",
        "default": "https://ksr-ugc.imgix.net/assets/013/091/021/b795c64482667918fab3e4da3771e8d7_original.JPG?crop=faces&w=1552&h=873&fit=crop&v=1468810082&auto=format&q=92&s=daf7a8739b60aebd3800bd3fb0439d82"
      }
    },
    "id": 2604035,
    "link_background_color": null,
    "link_text": null,
    "link_text_color": null,
    "link_url": null,
    "name": null,
    "project_id": 2604035,
    "should_show_feature_image_section": true,
    "show_feature_image": false,
    "state": "inactive",
    "state_changed_at": 1468806819,
    "text_color": null
  },
  "slug": "monitortvsolarpanelslat-adjustable-cart-dolly",
  "spotlight": false,
  "staff_pick": false,
  "state": "failed",
  "state_changed_at": 1469653613,
  "static_usd_rate": 1.0,
  "urls": {
    "web": {
      "project": "https://www.kickstarter.com/projects/627536174/monitortvsolarpanelslat-adjustable-cart-dolly?ref=category_newest",
      "rewards": "https://www.kickstarter.com/projects/627536174/monitortvsolarpanelslat-adjustable-cart-dolly/rewards"
    }
  },
  "usd_pledged": "0.0",
  "usd_type": "international"
}