{
  "backers_count": 13,
  "blurb": "The first fully compatible LPT hardware device for the Beaglebone Black. For hobbyists, developers, and designers!",
  "category": {
    "color": 6526716,
    "id": 52,
    "name": "Hardware",
    "parent_id": 16,
    "position": 8,
    "slug": "technology/hardware",
    "urls": {
      "web": {
        "discover": "http://www.kickstarter.com/discover/categories/technology/hardware"
      }
    }
  },
  "converted_pledged_amount": 836,
  "country": "US",
  "created_at": 1384299173,
  "creator": {
    "avatar": {
      "medium": "https://ksr-ugc.imgix.net/assets/008/151/314/bbe60c7ebd4c0f1195122962e96334fc_original.JPG?w=160&h=160&fit=crop&v=1461506039&auto=format&q=92&s=4406df30250e590eb93903de4f0ce339",
      "small": "https://ksr-ugc.imgix.net/assets/008/151/314/bbe60c7ebd4c0f1195122962e96334fc_original.JPG?w=160&h=160&fit=crop&v=1461506039&auto=format&q=92&s=4406df30250e590eb93903de4f0ce339",
      "thumb": "https://ksr-ugc.imgix.net/assets/008/151/314/bbe60c7ebd4c0f1195122962e96334fc_original.JPG?w=40&h=40&fit=crop&v=1461506039&auto=format&q=92&s=565b7a6141eee252ae18e5f9574acfbb"
    },
    "chosen_currency": null,
    "id": 1289576655,
    "is_registered": true,
    "name": "Justin Carlson",
    "urls": {
      "api": {
        "user": "https://api.kickstarter.com/v1/users/1289576655?signature=1524101724.ef31f039c2c899176757198f11025b9e042a4a59"
      },
      "web": {
        "user": "https://www.kickstarter.com/profile/1289576655"
      }
    }
  },
  "currency": "USD",
  "currency_symbol": "$",
  "currency_trailing_code": true,
  "current_currency": "USD",
  "deadline": 1388604617,
  "disable_communication": false,
  "fx_rate": 1.0,
  "goal": 7400.0,
  "id": 10270441,
  "is_starrable": false,
  "launched_at": 1386012617,
  "location": {
    "country": "US",
    "displayable_name": "Phoenix, AZ",
    "id": 2471390,
    "is_root": false,
    "localized_name": "Phoenix",
    "name": "Phoenix",
    "short_name": "Phoenix, AZ",
    "slug": "phoenix-az",
    "state": "AZ",
    "type": "Town",
    "urls": {
      "api": {
        "nearby_projects": "https://api.kickstarter.com/v1/discover?signature=1524082110.f3c9758578dcb282e77c79eeb4b3edc2e05a7039&woe_id=2471390"
      },
      "web": {
        "discover": "https://www.kickstarter.com/discover/places/phoenix-az",
        "location": "https://www.kickstarter.com/locations/phoenix-az"
      }
    }
  },
  "name": "Io-1 -  A True LPT Parallel Port Cape For The Beaglebone.",
  "photo": {
    "1024x576": "https://ksr-ugc.imgix.net/assets/011/606/837/240151ea272ef38b1bb3e3f90d0c6224_original.jpg?crop=faces&w=1024&h=576&fit=crop&v=1463685272&auto=format&q=92&s=45fafb1e8842e9390ee3b16564cbc0f0",
    "1536x864": "https://ksr-ugc.imgix.net/assets/011/606/837/240151ea272ef38b1bb3e3f90d0c6224_original.jpg?crop=faces&w=1552&h=873&fit=crop&v=1463685272&auto=format&q=92&s=69e58640c5a636e6510dcc533f9c86bf",
    "ed": "https://ksr-ugc.imgix.net/assets/011/606/837/240151ea272ef38b1bb3e3f90d0c6224_original.jpg?crop=faces&w=352&h=198&fit=crop&v=1463685272&auto=format&q=92&s=d3d57563729b93fbc9d06b2a3ea13dec",
    "full": "https://ksr-ugc.imgix.net/assets/011/606/837/240151ea272ef38b1bb3e3f90d0c6224_original.jpg?crop=faces&w=560&h=315&fit=crop&v=1463685272&auto=format&q=92&s=b5ed33fa032358cea8035451f8b9ebb0",
    "key": "assets/011/606/837/240151ea272ef38b1bb3e3f90d0c6224_original.jpg",
    "little": "https://ksr-ugc.imgix.net/assets/011/606/837/240151ea272ef38b1bb3e3f90d0c6224_original.jpg?crop=faces&w=208&h=117&fit=crop&v=1463685272&auto=format&q=92&s=a67c593beb53b363900811cb32812b6a",
    "med": "https://ksr-ugc.imgix.net/assets/011/606/837/240151ea272ef38b1bb3e3f90d0c6224_original.jpg?crop=faces&w=272&h=153&fit=crop&v=1463685272&auto=format&q=92&s=a40209a7405171088fd047a3b0b8e066",
    "small": "https://ksr-ugc.imgix.net/assets/011/606/837/240151ea272ef38b1bb3e3f90d0c6224_original.jpg?crop=faces&w=160&h=90&fit=crop&v=1463685272&auto=format&q=92&s=9586de0d9f778d6d80e4049aafdfe335",
    "thumb": "https://ksr-ugc.imgix.net/assets/011/606/837/240151ea272ef38b1bb3e3f90d0c6224_original.jpg?crop=faces&w=48&h=27&fit=crop&v=1463685272&auto=format&q=92&s=9268bc09341745a39058df312b46afd0"
  },
  "pledged": 836.0,
  "profile": {
    "background_color": null,
    "background_image_opacity": 0.8,
    "blurb": null,
    "feature_image_attributes": {
      "image_urls": {
        "baseball_card": "https://ksr-ugc.imgix.net/assets/011/606/837/240151ea272ef38b1bb3e3f90d0c6224_original.jpg?crop=faces&w=560&h=315&fit=crop&v=1463685272&auto=format&q=92&s=b5ed33fa032358cea8035451f8b9ebb0",
        "default": "https://ksr-ugc.imgix.net/assets/011/606/837/240151ea272ef38b1bb3e3f90d0c6224_original.jpg?crop=faces&w=1552&h=873&fit=crop&v=1463685272&auto=format&q=92&s=69e58640c5a636e6510dcc533f9c86bf"
      }
    },
    "id": 775017,
    "link_background_color": null,
    "link_text": null,
    "link_text_color": null,
    "link_url": null,
    "name": null,
    "project_id": 775017,
    "should_show_feature_image_section": true,
    "show_feature_image": false,
    "state": "inactive",
    "state_changed_at": 1425915842,
    "text_color": null
  },
  "slug": "io-1-a-true-lpt-parallel-port-cape-for-the-beagleb",
  "spotlight": false,
  "staff_pick": false,
  "state": "failed",
  "state_changed_at": 1388604617,
  "static_usd_rate": 1.0,
  "urls": {
    "web": {
      "project": "https://www.kickstarter.com/projects/1289576655/io-1-a-true-lpt-parallel-port-cape-for-the-beagleb?ref=category_newest",
      "rewards": "https://www.kickstarter.com/projects/1289576655/io-1-a-true-lpt-parallel-port-cape-for-the-beagleb/rewards"
    }
  },
  "usd_pledged": "836.0",
  "usd_type": "international"
}