{
  "backers_count": 7,
  "blurb": "Developing a free webmail to include All-In-One Emails, Social media, File sharing, Calendar, Contact list, and To do list.",
  "category": {
    "color": 6526716,
    "id": 342,
    "name": "Web",
    "parent_id": 16,
    "position": 15,
    "slug": "technology/web",
    "urls": {
      "web": {
        "discover": "http://www.kickstarter.com/discover/categories/technology/web"
      }
    }
  },
  "converted_pledged_amount": 1764,
  "country": "CA",
  "created_at": 1414950169,
  "creator": {
    "avatar": {
      "medium": "https://ksr-ugc.imgix.net/assets/008/585/390/4e54d259ce48f646de42c26650447ec6_original.jpg?w=160&h=160&fit=crop&v=1461533114&auto=format&q=92&s=57a5fe222180d8c057578a2a41acf7d9",
      "small": "https://ksr-ugc.imgix.net/assets/008/585/390/4e54d259ce48f646de42c26650447ec6_original.jpg?w=160&h=160&fit=crop&v=1461533114&auto=format&q=92&s=57a5fe222180d8c057578a2a41acf7d9",
      "thumb": "https://ksr-ugc.imgix.net/assets/008/585/390/4e54d259ce48f646de42c26650447ec6_original.jpg?w=40&h=40&fit=crop&v=1461533114&auto=format&q=92&s=4459e65c1465ecd9d4a40464c0fce3f0"
    },
    "chosen_currency": null,
    "id": 600426823,
    "is_registered": true,
    "name": "Nili Canada",
    "urls": {
      "api": {
        "user": "https://api.kickstarter.com/v1/users/600426823?signature=1524103030.3a395f76cf4dcb707b7658bcffdc61c6ac96de3d"
      },
      "web": {
        "user": "https://www.kickstarter.com/profile/600426823"
      }
    }
  },
  "currency": "CAD",
  "currency_symbol": "$",
  "currency_trailing_code": true,
  "current_currency": "USD",
  "deadline": 1420232860,
  "disable_communication": false,
  "fx_rate": 0.79525709,
  "goal": 14250.0,
  "id": 1028026144,
  "is_starrable": false,
  "launched_at": 1415048860,
  "location": {
    "country": "CA",
    "displayable_name": "Toronto, Canada",
    "id": 4118,
    "is_root": false,
    "localized_name": "Toronto",
    "name": "Toronto",
    "short_name": "Toronto, Canada",
    "slug": "toronto-on-ca",
    "state": "ON",
    "type": "Town",
    "urls": {
      "api": {
        "nearby_projects": "https://api.kickstarter.com/v1/discover?signature=1524082110.0954501205692c6090629918dde236901dc79f21&woe_id=4118"
      },
      "web": {
        "discover": "https://www.kickstarter.com/discover/places/toronto-on-ca",
        "location": "https://www.kickstarter.com/locations/toronto-on-ca"
      }
    }
  },
  "name": "Free All-In-One eMail, Social Media, File share inbox | Nili",
  "photo": {
    "1024x576": "https://ksr-ugc.imgix.net/assets/011/930/988/a7a57f033816c2460a1d3d5412e366d3_original.png?crop=faces&w=1024&h=576&fit=crop&v=1463716533&auto=format&q=92&s=2f92b518acb6696b5666f4dd1c5c4c61",
    "1536x864": "https://ksr-ugc.imgix.net/assets/011/930/988/a7a57f033816c2460a1d3d5412e366d3_original.png?crop=faces&w=1552&h=873&fit=crop&v=1463716533&auto=format&q=92&s=f778263369d212293d18a13cd7a1cebf",
    "ed": "https://ksr-ugc.imgix.net/assets/011/930/988/a7a57f033816c2460a1d3d5412e366d3_original.png?crop=faces&w=352&h=198&fit=crop&v=1463716533&auto=format&q=92&s=9ddb1362246a1993a8204794ba2d61e2",
    "full": "https://ksr-ugc.imgix.net/assets/011/930/988/a7a57f033816c2460a1d3d5412e366d3_original.png?crop=faces&w=560&h=315&fit=crop&v=1463716533&auto=format&q=92&s=3e452f5cd83c6ef2479ecc7f4caeff55",
    "key": "assets/011/930/988/a7a57f033816c2460a1d3d5412e366d3_original.png",
    "little": "https://ksr-ugc.imgix.net/assets/011/930/988/a7a57f033816c2460a1d3d5412e366d3_original.png?crop=faces&w=208&h=117&fit=crop&v=1463716533&auto=format&q=92&s=9c3456dd0e64d225512854bb6d41c560",
    "med": "https://ksr-ugc.imgix.net/assets/011/930/988/a7a57f033816c2460a1d3d5412e366d3_original.png?crop=faces&w=272&h=153&fit=crop&v=1463716533&auto=format&q=92&s=19ea3ec431668c868c682a8042a736ab",
    "small": "https://ksr-ugc.imgix.net/assets/011/930/988/a7a57f033816c2460a1d3d5412e366d3_original.png?crop=faces&w=160&h=90&fit=crop&v=1463716533&auto=format&q=92&s=72bb5c5dbfb15c9a20cd4596ce74f62e",
    "thumb": "https://ksr-ugc.imgix.net/assets/011/930/988/a7a57f033816c2460a1d3d5412e366d3_original.png?crop=faces&w=48&h=27&fit=crop&v=1463716533&auto=format&q=92&s=58b1c72837d843e12a32c2d5012dc313"
  },
  "pledged": 2052.0,
  "profile": {
    "background_color": null,
    "background_image_opacity": 0.8,
    "blurb": null,
    "feature_image_attributes": {
      "image_urls": {
        "baseball_card": "https://ksr-ugc.imgix.net/assets/011/930/988/a7a57f033816c2460a1d3d5412e366d3_original.png?crop=faces&w=560&h=315&fit=crop&v=1463716533&auto=format&q=92&s=3e452f5cd83c6ef2479ecc7f4caeff55",
        "default": "https://ksr-ugc.imgix.net/assets/011/930/988/a7a57f033816c2460a1d3d5412e366d3_original.png?crop=faces&w=1552&h=873&fit=crop&v=1463716533&auto=format&q=92&s=f778263369d212293d18a13cd7a1cebf"
      }
    },
    "id": 1486080,
    "link_background_color": null,
    "link_text": null,
    "link_text_color": null,
    "link_url": null,
    "name": null,
    "project_id": 1486080,
    "should_show_feature_image_section": true,
    "show_feature_image": false,
    "state": "inactive",
    "state_changed_at": 1425915882,
    "text_color": null
  },
  "slug": "free-all-in-one-email-social-media-file-share-inbo",
  "spotlight": false,
  "staff_pick": false,
  "state": "failed",
  "state_changed_at": 1420232860,
  "static_usd_rate": 0.88781247,
  "urls": {
    "web": {
      "project": "https://www.kickstarter.com/projects/600426823/free-all-in-one-email-social-media-file-share-inbo?ref=category_newest",
      "rewards": "https://www.kickstarter.com/projects/600426823/free-all-in-one-email-social-media-file-share-inbo/rewards"
    }
  },
  "usd_pledged": "1821.79118844",
  "usd_type": "international"
}