{
  "backers_count": 35,
  "blurb": "The Easyhook Driver Bit (aka Cuphook Driver & Why-didn't-I-think-of-that-idea) is designed to install cuphooks at all angles with ease.",
  "category": {
    "color": 6526716,
    "id": 52,
    "name": "Hardware",
    "parent_id": 16,
    "position": 8,
    "slug": "technology/hardware",
    "urls": {
      "web": {
        "discover": "http://www.kickstarter.com/discover/categories/technology/hardware"
      }
    }
  },
  "converted_pledged_amount": 590,
  "country": "US",
  "created_at": 1406303616,
  "creator": {
    "avatar": {
      "medium": "https://ksr-ugc.imgix.net/assets/009/111/857/9ad7f5b18975fcb32e11616339657ef4_original.png?w=160&h=160&fit=crop&v=1461558695&auto=format&q=92&s=4ec4f87ed4a9594905b8e7127a081d60",
      "small": "https://ksr-ugc.imgix.net/assets/009/111/857/9ad7f5b18975fcb32e11616339657ef4_original.png?w=160&h=160&fit=crop&v=1461558695&auto=format&q=92&s=4ec4f87ed4a9594905b8e7127a081d60",
      "thumb": "https://ksr-ugc.imgix.net/assets/009/111/857/9ad7f5b18975fcb32e11616339657ef4_original.png?w=40&h=40&fit=crop&v=1461558695&auto=format&q=92&s=60677e34440c4b9df9b1fbc5eb7f3c30"
    },
    "chosen_currency": null,
    "id": 968851372,
    "is_registered": true,
    "name": "Peter Stonefield",
    "urls": {
      "api": {
        "user": "https://api.kickstarter.com/v1/users/968851372?signature=1524101774.eb6cbe2792c6a3c919940993c8e34f3a5aac2f4c"
      },
      "web": {
        "user": "https://www.kickstarter.com/profile/968851372"
      }
    }
  },
  "currency": "USD",
  "currency_symbol": "$",
  "currency_trailing_code": true,
  "current_currency": "USD",
  "deadline": 1411863772,
  "disable_communication": false,
  "fx_rate": 1.0,
  "goal": 25000.0,
  "id": 1028998661,
  "is_starrable": false,
  "launched_at": 1406679772,
  "location": {
    "country": "US",
    "displayable_name": "Charleston, SC",
    "id": 2378319,
    "is_root": false,
    "localized_name": "Charleston",
    "name": "Charleston",
    "short_name": "Charleston, SC",
    "slug": "charleston-sc",
    "state": "SC",
    "type": "Town",
    "urls": {
      "api": {
        "nearby_projects": "https://api.kickstarter.com/v1/discover?signature=1524082131.bb9529e4ff3ae902fab010d0912988ea1ea72a8d&woe_id=2378319"
      },
      "web": {
        "discover": "https://www.kickstarter.com/discover/places/charleston-sc",
        "location": "https://www.kickstarter.com/locations/charleston-sc"
      }
    }
  },
  "name": "The Easyhook Driver Bit; Cuphook Installation Made Easy",
  "photo": {
    "1024x576": "https://ksr-ugc.imgix.net/assets/011/805/570/8d1147d993c9a7a248e79dc90be24ce1_original.jpg?crop=faces&w=1024&h=576&fit=crop&v=1463697196&auto=format&q=92&s=8836a9b632b15928d0a4026573eed381",
    "1536x864": "https://ksr-ugc.imgix.net/assets/011/805/570/8d1147d993c9a7a248e79dc90be24ce1_original.jpg?crop=faces&w=1552&h=873&fit=crop&v=1463697196&auto=format&q=92&s=47bbb3783f11728df3e5db5eccde80f4",
    "ed": "https://ksr-ugc.imgix.net/assets/011/805/570/8d1147d993c9a7a248e79dc90be24ce1_original.jpg?crop=faces&w=352&h=198&fit=crop&v=1463697196&auto=format&q=92&s=c010ce62d15a5eb63149c5ab4d0fa881",
    "full": "https://ksr-ugc.imgix.net/assets/011/805/570/8d1147d993c9a7a248e79dc90be24ce1_original.jpg?crop=faces&w=560&h=315&fit=crop&v=1463697196&auto=format&q=92&s=c3816d1791e53188518f49c57ebf630b",
    "key": "assets/011/805/570/8d1147d993c9a7a248e79dc90be24ce1_original.jpg",
    "little": "https://ksr-ugc.imgix.net/assets/011/805/570/8d1147d993c9a7a248e79dc90be24ce1_original.jpg?crop=faces&w=208&h=117&fit=crop&v=1463697196&auto=format&q=92&s=8aae6400e9a8a5a6baebf26c14eb71ce",
    "med": "https://ksr-ugc.imgix.net/assets/011/805/570/8d1147d993c9a7a248e79dc90be24ce1_original.jpg?crop=faces&w=272&h=153&fit=crop&v=1463697196&auto=format&q=92&s=79b3c82113c9737843225719a62acd7e",
    "small": "https://ksr-ugc.imgix.net/assets/011/805/570/8d1147d993c9a7a248e79dc90be24ce1_original.jpg?crop=faces&w=160&h=90&fit=crop&v=1463697196&auto=format&q=92&s=d5d2eea6d8e0727c344e39da175b956d",
    "thumb": "https://ksr-ugc.imgix.net/assets/011/805/570/8d1147d993c9a7a248e79dc90be24ce1_original.jpg?crop=faces&w=48&h=27&fit=crop&v=1463697196&auto=format&q=92&s=db024307107b99aeb69a1da328d82e8d"
  },
  "pledged": 590.0,
  "profile": {
    "background_color": null,
    "background_image_opacity": 0.8,
    "blurb": null,
    "feature_image_attributes": {
      "image_urls": {
        "baseball_card": "https://ksr-ugc.imgix.net/assets/011/805/570/8d1147d993c9a7a248e79dc90be24ce1_original.jpg?crop=faces&w=560&h=315&fit=crop&v=1463697196&auto=format&q=92&s=c3816d1791e53188518f49c57ebf630b",
        "default": "https://ksr-ugc.imgix.net/assets/011/805/570/8d1147d993c9a7a248e79dc90be24ce1_original.jpg?crop=faces&w=1552&h=873&fit=crop&v=1463697196&auto=format&q=92&s=47bbb3783f11728df3e5db5eccde80f4"
      }
    },
    "id": 1226278,
    "link_background_color": null,
    "link_text": null,
    "link_text_color": null,
    "link_url": null,
    "name": null,
    "project_id": 1226278,
    "should_show_feature_image_section": true,
    "show_feature_image": false,
    "state": "inactive",
    "state_changed_at": 1425915868,
    "text_color": null
  },
  "slug": "the-easyhook-driver-bit-cuphook-installation-made",
  "spotlight": false,
  "staff_pick": false,
  "state": "failed",
  "state_changed_at": 1411863773,
  "static_usd_rate": 1.0,
  "urls": {
    "web": {
      "project": "https://www.kickstarter.com/projects/968851372/the-easyhook-driver-bit-cuphook-installation-made?ref=category_newest",
      "rewards": "https://www.kickstarter.com/projects/968851372/the-easyhook-driver-bit-cuphook-installation-made/rewards"
    }
  },
  "usd_pledged": "590.0",
  "usd_type": "international"
}