{
  "backers_count": 16,
  "blurb": "Struggle picking out clothes to wear or when you're out shopping? Can't decide between two things? Steyelr is the app for you!",
  "category": {
    "color": 6526716,
    "id": 332,
    "name": "Apps",
    "parent_id": 16,
    "position": 2,
    "slug": "technology/apps",
    "urls": {
      "web": {
        "discover": "http://www.kickstarter.com/discover/categories/technology/apps"
      }
    }
  },
  "converted_pledged_amount": 937,
  "country": "US",
  "created_at": 1415567389,
  "creator": {
    "avatar": {
      "medium": "https://ksr-ugc.imgix.net/assets/009/338/511/f9ffbf034a55141d263d8fa967d6f692_original.png?w=160&h=160&fit=crop&v=1461582123&auto=format&q=92&s=cfe9799e3f995a17c6319e45ca4833d4",
      "small": "https://ksr-ugc.imgix.net/assets/009/338/511/f9ffbf034a55141d263d8fa967d6f692_original.png?w=160&h=160&fit=crop&v=1461582123&auto=format&q=92&s=cfe9799e3f995a17c6319e45ca4833d4",
      "thumb": "https://ksr-ugc.imgix.net/assets/009/338/511/f9ffbf034a55141d263d8fa967d6f692_original.png?w=40&h=40&fit=crop&v=1461582123&auto=format&q=92&s=0095e959063ee9783b5b681480a9308a"
    },
    "chosen_currency": null,
    "id": 442770792,
    "is_registered": true,
    "name": "Brennan Orlando",
    "urls": {
      "api": {
        "user": "https://api.kickstarter.com/v1/users/442770792?signature=1524100332.b75a95851072768120f6b6c0a3358fef64e230f9"
      },
      "web": {
        "user": "https://www.kickstarter.com/profile/442770792"
      }
    }
  },
  "currency": "USD",
  "currency_symbol": "$",
  "currency_trailing_code": true,
  "current_currency": "USD",
  "deadline": 1422550825,
  "disable_communication": false,
  "fx_rate": 1.0,
  "goal": 24000.0,
  "id": 1028052051,
  "is_starrable": false,
  "launched_at": 1419613225,
  "location": {
    "country": "US",
    "displayable_name": "Baltimore, MD",
    "id": 2358820,
    "is_root": false,
    "localized_name": "Baltimore",
    "name": "Baltimore",
    "short_name": "Baltimore, MD",
    "slug": "baltimore-md",
    "state": "MD",
    "type": "Town",
    "urls": {
      "api": {
        "nearby_projects": "https://api.kickstarter.com/v1/discover?signature=1524082113.9708d4abf1a9421f49763bfb25f1f526f350eaf5&woe_id=2358820"
      },
      "web": {
        "discover": "https://www.kickstarter.com/discover/places/baltimore-md",
        "location": "https://www.kickstarter.com/locations/baltimore-md"
      }
    }
  },
  "name": "Steyelr, dress better.",
  "photo": {
    "1024x576": "https://ksr-ugc.imgix.net/assets/011/939/351/9dcd3764c1a060cd62ecfad0534f7b59_original.png?crop=faces&w=1024&h=576&fit=crop&v=1463718356&auto=format&q=92&s=a45a90d69f0a9f66750bfed74ac6f665",
    "1536x864": "https://ksr-ugc.imgix.net/assets/011/939/351/9dcd3764c1a060cd62ecfad0534f7b59_original.png?crop=faces&w=1552&h=873&fit=crop&v=1463718356&auto=format&q=92&s=faefe4ad09b52e2a6f06dff2cb6a9481",
    "ed": "https://ksr-ugc.imgix.net/assets/011/939/351/9dcd3764c1a060cd62ecfad0534f7b59_original.png?crop=faces&w=352&h=198&fit=crop&v=1463718356&auto=format&q=92&s=d8f65b2f0330717e0ed52d222af7c869",
    "full": "https://ksr-ugc.imgix.net/assets/011/939/351/9dcd3764c1a060cd62ecfad0534f7b59_original.png?crop=faces&w=560&h=315&fit=crop&v=1463718356&auto=format&q=92&s=85d1d44dc0c82012f738571f66699229",
    "key": "assets/011/939/351/9dcd3764c1a060cd62ecfad0534f7b59_original.png",
    "little": "https://ksr-ugc.imgix.net/assets/011/939/351/9dcd3764c1a060cd62ecfad0534f7b59_original.png?crop=faces&w=208&h=117&fit=crop&v=1463718356&auto=format&q=92&s=df8ca7f1a3ee2ae3ffea8a22ec56aa6f",
    "med": "https://ksr-ugc.imgix.net/assets/011/939/351/9dcd3764c1a060cd62ecfad0534f7b59_original.png?crop=faces&w=272&h=153&fit=crop&v=1463718356&auto=format&q=92&s=776cb56cf074dcd074ea151970dfc5ea",
    "small": "https://ksr-ugc.imgix.net/assets/011/939/351/9dcd3764c1a060cd62ecfad0534f7b59_original.png?crop=faces&w=160&h=90&fit=crop&v=1463718356&auto=format&q=92&s=a716c71faac92a8844afa00495a1d0d1",
    "thumb": "https://ksr-ugc.imgix.net/assets/011/939/351/9dcd3764c1a060cd62ecfad0534f7b59_original.png?crop=faces&w=48&h=27&fit=crop&v=1463718356&auto=format&q=92&s=2ad66b5d718996a5bdb8b7a94515e175"
  },
  "pledged": 937.0,
  "profile": {
    "background_color": null,
    "background_image_opacity": 0.8,
    "blurb": null,
    "feature_image_attributes": {
      "image_urls": {
        "baseball_card": "https://ksr-ugc.imgix.net/assets/011/939/351/9dcd3764c1a060cd62ecfad0534f7b59_original.png?crop=faces&w=560&h=315&fit=crop&v=1463718356&auto=format&q=92&s=85d1d44dc0c82012f738571f66699229",
        "default": "https://ksr-ugc.imgix.net/assets/011/939/351/9dcd3764c1a060cd62ecfad0534f7b59_original.png?crop=faces&w=1552&h=873&fit=crop&v=1463718356&auto=format&q=92&s=faefe4ad09b52e2a6f06dff2cb6a9481"
      }
    },
    "id": 1503171,
    "link_background_color": null,
    "link_text": null,
    "link_text_color": null,
    "link_url": null,
    "name": null,
    "project_id": 1503171,
    "should_show_feature_image_section": true,
    "show_feature_image": false,
    "state": "inactive",
    "state_changed_at": 1425915882,
    "text_color": null
  },
  "slug": "steyelr-dress-better",
  "spotlight": false,
  "staff_pick": false,
  "state": "failed",
  "state_changed_at": 1422550825,
  "static_usd_rate": 1.0,
  "urls": {
    "web": {
      "project": "https://www.kickstarter.com/projects/442770792/steyelr-dress-better?ref=category_newest",
      "rewards": "https://www.kickstarter.com/projects/442770792/steyelr-dress-better/rewards"
    }
  },
  "usd_pledged": "937.0",
  "usd_type": "international"
}