{
  "backers_count": 0,
  "blurb": "Revolutionary equipment to make life as a law enforcement officer easier and keep them accountable for their actions...",
  "category": {
    "color": 6526716,
    "id": 333,
    "name": "Camera Equipment",
    "parent_id": 16,
    "position": 3,
    "slug": "technology/camera equipment",
    "urls": {
      "web": {
        "discover": "http://www.kickstarter.com/discover/categories/technology/camera%20equipment"
      }
    }
  },
  "converted_pledged_amount": 0,
  "country": "US",
  "created_at": 1403862512,
  "creator": {
    "avatar": {
      "medium": "https://ksr-ugc.imgix.net/assets/008/917/690/0df0d9a17d036c6abc4794498b9c33ea_original.jpg?w=160&h=160&fit=crop&v=1461549743&auto=format&q=92&s=ab4ac635d9c709ce7fc79f691bf78ff6",
      "small": "https://ksr-ugc.imgix.net/assets/008/917/690/0df0d9a17d036c6abc4794498b9c33ea_original.jpg?w=160&h=160&fit=crop&v=1461549743&auto=format&q=92&s=ab4ac635d9c709ce7fc79f691bf78ff6",
      "thumb": "https://ksr-ugc.imgix.net/assets/008/917/690/0df0d9a17d036c6abc4794498b9c33ea_original.jpg?w=40&h=40&fit=crop&v=1461549743&auto=format&q=92&s=21ec293560115dca7afb60533a365e8c"
    },
    "chosen_currency": null,
    "id": 527776842,
    "is_registered": true,
    "name": "David Voelkert",
    "urls": {
      "api": {
        "user": "https://api.kickstarter.com/v1/users/527776842?signature=1524100611.1ddf4b22060706ea609b0d1b8cf05a07615700aa"
      },
      "web": {
        "user": "https://www.kickstarter.com/profile/527776842"
      }
    }
  },
  "currency": "USD",
  "currency_symbol": "$",
  "currency_trailing_code": true,
  "current_currency": "USD",
  "deadline": 1418070920,
  "disable_communication": false,
  "fx_rate": 1.0,
  "goal": 220000.0,
  "id": 1028663771,
  "is_starrable": false,
  "launched_at": 1412883320,
  "location": {
    "country": "US",
    "displayable_name": "Muskegon, MI",
    "id": 2456611,
    "is_root": false,
    "localized_name": "Muskegon",
    "name": "Muskegon",
    "short_name": "Muskegon, MI",
    "slug": "muskegon-mi",
    "state": "MI",
    "type": "Town",
    "urls": {
      "api": {
        "nearby_projects": "https://api.kickstarter.com/v1/discover?signature=1524082255.e272f02c3ed51bc0fd07df68acd489b834ece792&woe_id=2456611"
      },
      "web": {
        "discover": "https://www.kickstarter.com/discover/places/muskegon-mi",
        "location": "https://www.kickstarter.com/locations/muskegon-mi"
      }
    }
  },
  "name": "Secured Mobile Video - Police Body Camera (Canceled)",
  "photo": {
    "1024x576": "https://ksr-ugc.imgix.net/assets/011/734/068/b36dba362977180601f8eed9ba36d62d_original.jpg?crop=faces&w=1024&h=576&fit=crop&v=1463687612&auto=format&q=92&s=6c3677c19d61110e11485cca5f12a759",
    "1536x864": "https://ksr-ugc.imgix.net/assets/011/734/068/b36dba362977180601f8eed9ba36d62d_original.jpg?crop=faces&w=1552&h=873&fit=crop&v=1463687612&auto=format&q=92&s=e16c3698898ab69b74faaa43b4d57ef4",
    "ed": "https://ksr-ugc.imgix.net/assets/011/734/068/b36dba362977180601f8eed9ba36d62d_original.jpg?crop=faces&w=352&h=198&fit=crop&v=1463687612&auto=format&q=92&s=104356ba631315db3a8e766428fb5011",
    "full": "https://ksr-ugc.imgix.net/assets/011/734/068/b36dba362977180601f8eed9ba36d62d_original.jpg?crop=faces&w=560&h=315&fit=crop&v=1463687612&auto=format&q=92&s=9fdd87e4559f860a9fd5e50b261fe30f",
    "key": "assets/011/734/068/b36dba362977180601f8eed9ba36d62d_original.jpg",
    "little": "https://ksr-ugc.imgix.net/assets/011/734/068/b36dba362977180601f8eed9ba36d62d_original.jpg?crop=faces&w=208&h=117&fit=crop&v=1463687612&auto=format&q=92&s=5bc60a93d902f42b451d4e590cc9b331",
    "med": "https://ksr-ugc.imgix.net/assets/011/734/068/b36dba362977180601f8eed9ba36d62d_original.jpg?crop=faces&w=272&h=153&fit=crop&v=1463687612&auto=format&q=92&s=4d27dce678c1abb5b53195f34259d111",
    "small": "https://ksr-ugc.imgix.net/assets/011/734/068/b36dba362977180601f8eed9ba36d62d_original.jpg?crop=faces&w=160&h=90&fit=crop&v=1463687612&auto=format&q=92&s=e2119073f4099f93bc243572416846cd",
    "thumb": "https://ksr-ugc.imgix.net/assets/011/734/068/b36dba362977180601f8eed9ba36d62d_original.jpg?crop=faces&w=48&h=27&fit=crop&v=1463687612&auto=format&q=92&s=a323c4a207458849ef56701a301acf09"
  },
  "pledged": 0.0,
  "profile": {
    "background_color": null,
    "background_image_opacity": 0.8,
    "blurb": null,
    "feature_image_attributes": {
      "image_urls": {
        "baseball_card": "https://ksr-ugc.imgix.net/assets/011/734/068/b36dba362977180601f8eed9ba36d62d_original.jpg?crop=faces&w=560&h=315&fit=crop&v=1463687612&auto=format&q=92&s=9fdd87e4559f860a9fd5e50b261fe30f",
        "default": "https://ksr-ugc.imgix.net/assets/011/734/068/b36dba362977180601f8eed9ba36d62d_original.jpg?crop=faces&w=1552&h=873&fit=crop&v=1463687612&auto=format&q=92&s=e16c3698898ab69b74faaa43b4d57ef4"
      }
    },
    "id": 1087224,
    "link_background_color": null,
    "link_text": null,
    "link_text_color": null,
    "link_url": null,
    "name": null,
    "project_id": 1087224,
    "should_show_feature_image_section": true,
    "show_feature_image": false,
    "state": "inactive",
    "state_changed_at": 1425915860,
    "text_color": null
  },
  "slug": "secured-mobile-video-police-body-camera",
  "spotlight": false,
  "staff_pick": false,
  "state": "canceled",
  "state_changed_at": 1414683218,
  "static_usd_rate": 1.0,
  "urls": {
    "web": {
      "project": "https://www.kickstarter.com/projects/527776842/secured-mobile-video-police-body-camera?ref=category_newest",
      "rewards": "https://www.kickstarter.com/projects/527776842/secured-mobile-video-police-body-camera/rewards"
    }
  },
  "usd_pledged": "0.0",
  "usd_type": "international"
}