{
  "backers_count": 4,
  "blurb": "I want to create a website that will give parents early insight into their child's kindergarten preparedness",
  "category": {
    "color": 6526716,
    "id": 342,
    "name": "Web",
    "parent_id": 16,
    "position": 15,
    "slug": "technology/web",
    "urls": {
      "web": {
        "discover": "http://www.kickstarter.com/discover/categories/technology/web"
      }
    }
  },
  "converted_pledged_amount": 650,
  "country": "US",
  "created_at": 1430854828,
  "creator": {
    "avatar": {
      "medium": "https://ksr-ugc.imgix.net/assets/009/867/505/8b594a3f150ba139d4b30ddcb3aa458c_original.jpg?w=160&h=160&fit=crop&v=1461639875&auto=format&q=92&s=1589a7e6879fd1d4f578e3ed0e034773",
      "small": "https://ksr-ugc.imgix.net/assets/009/867/505/8b594a3f150ba139d4b30ddcb3aa458c_original.jpg?w=160&h=160&fit=crop&v=1461639875&auto=format&q=92&s=1589a7e6879fd1d4f578e3ed0e034773",
      "thumb": "https://ksr-ugc.imgix.net/assets/009/867/505/8b594a3f150ba139d4b30ddcb3aa458c_original.jpg?w=40&h=40&fit=crop&v=1461639875&auto=format&q=92&s=a833db35b5334cf03cb88bc275614559"
    },
    "chosen_currency": null,
    "id": 503944332,
    "is_registered": true,
    "name": "Scott Johnson",
    "urls": {
      "api": {
        "user": "https://api.kickstarter.com/v1/users/503944332?signature=1524103158.fcf2c53078c44930732fe3543e20c2bf46e1104d"
      },
      "web": {
        "user": "https://www.kickstarter.com/profile/503944332"
      }
    }
  },
  "currency": "USD",
  "currency_symbol": "$",
  "currency_trailing_code": true,
  "current_currency": "USD",
  "deadline": 1433275023,
  "disable_communication": false,
  "fx_rate": 1.0,
  "goal": 12000.0,
  "id": 1028377633,
  "is_starrable": false,
  "launched_at": 1431547023,
  "location": {
    "country": "US",
    "displayable_name": "Baton Rouge, LA",
    "id": 2359991,
    "is_root": false,
    "localized_name": "Baton Rouge",
    "name": "Baton Rouge",
    "short_name": "Baton Rouge, LA",
    "slug": "baton-rouge-la",
    "state": "LA",
    "type": "Town",
    "urls": {
      "api": {
        "nearby_projects": "https://api.kickstarter.com/v1/discover?signature=1524082150.3b2b714f5100a7acb6ee004ad56219cbd28ea686&woe_id=2359991"
      },
      "web": {
        "discover": "https://www.kickstarter.com/discover/places/baton-rouge-la",
        "location": "https://www.kickstarter.com/locations/baton-rouge-la"
      }
    }
  },
  "name": "iKready!",
  "photo": {
    "1024x576": "https://ksr-ugc.imgix.net/assets/012/129/176/9e118954328b744f770f292ab9f644d1_original.jpg?crop=faces&w=1024&h=576&fit=crop&v=1463738059&auto=format&q=92&s=465b37fc65bd4864b4b610de4d14f09e",
    "1536x864": "https://ksr-ugc.imgix.net/assets/012/129/176/9e118954328b744f770f292ab9f644d1_original.jpg?crop=faces&w=1552&h=873&fit=crop&v=1463738059&auto=format&q=92&s=2d16b54a7fd3ab8772683b64a726d9f5",
    "ed": "https://ksr-ugc.imgix.net/assets/012/129/176/9e118954328b744f770f292ab9f644d1_original.jpg?crop=faces&w=352&h=198&fit=crop&v=1463738059&auto=format&q=92&s=a8e39551a9ee526f77a10b218abca790",
    "full": "https://ksr-ugc.imgix.net/assets/012/129/176/9e118954328b744f770f292ab9f644d1_original.jpg?crop=faces&w=560&h=315&fit=crop&v=1463738059&auto=format&q=92&s=46306b4e9523e5888e5cb4e82ab97808",
    "key": "assets/012/129/176/9e118954328b744f770f292ab9f644d1_original.jpg",
    "little": "https://ksr-ugc.imgix.net/assets/012/129/176/9e118954328b744f770f292ab9f644d1_original.jpg?crop=faces&w=208&h=117&fit=crop&v=1463738059&auto=format&q=92&s=18b392de8bc00c050f4c611d9bedf427",
    "med": "https://ksr-ugc.imgix.net/assets/012/129/176/9e118954328b744f770f292ab9f644d1_original.jpg?crop=faces&w=272&h=153&fit=crop&v=1463738059&auto=format&q=92&s=e0005e69e864c8ca5d38c339083e969d",
    "small": "https://ksr-ugc.imgix.net/assets/012/129/176/9e118954328b744f770f292ab9f644d1_original.jpg?crop=faces&w=160&h=90&fit=crop&v=1463738059&auto=format&q=92&s=a43638925637c409de4881c415f17741",
    "thumb": "https://ksr-ugc.imgix.net/assets/012/129/176/9e118954328b744f770f292ab9f644d1_original.jpg?crop=faces&w=48&h=27&fit=crop&v=1463738059&auto=format&q=92&s=aaf4ba5a01d346f286641a04d8889de6"
  },
  "pledged": 650.0,
  "profile": {
    "background_color": null,
    "background_image_opacity": 0.8,
    "blurb": null,
    "feature_image_attributes": {
      "image_urls": {
        "baseball_card": "https://ksr-ugc.imgix.net/assets/012/129/176/9e118954328b744f770f292ab9f644d1_original.jpg?crop=faces&w=560&h=315&fit=crop&v=1463738059&auto=format&q=92&s=46306b4e9523e5888e5cb4e82ab97808",
        "default": "https://ksr-ugc.imgix.net/assets/012/129/176/9e118954328b744f770f292ab9f644d1_original.jpg?crop=faces&w=1552&h=873&fit=crop&v=1463738059&auto=format&q=92&s=2d16b54a7fd3ab8772683b64a726d9f5"
      }
    },
    "id": 1882104,
    "link_background_color": null,
    "link_text": null,
    "link_text_color": null,
    "link_url": null,
    "name": null,
    "project_id": 1882104,
    "should_show_feature_image_section": true,
    "show_feature_image": false,
    "state": "inactive",
    "state_changed_at": 1430854828,
    "text_color": null
  },
  "slug": "ikready",
  "spotlight": false,
  "staff_pick": false,
  "state": "failed",
  "state_changed_at": 1433275027,
  "static_usd_rate": 1.0,
  "urls": {
    "web": {
      "project": "https://www.kickstarter.com/projects/503944332/ikready?ref=category_newest",
      "rewards": "https://www.kickstarter.com/projects/503944332/ikready/rewards"
    }
  },
  "usd_pledged": "650.0",
  "usd_type": "international"
}