{
  "backers_count": 11,
  "blurb": "The Magniglass is a pair of electronic glasses that can magnify the image or video for better vision.",
  "category": {
    "color": 6526716,
    "id": 341,
    "name": "Wearables",
    "parent_id": 16,
    "position": 14,
    "slug": "technology/wearables",
    "urls": {
      "web": {
        "discover": "http://www.kickstarter.com/discover/categories/technology/wearables"
      }
    }
  },
  "converted_pledged_amount": 4726,
  "country": "US",
  "created_at": 1409267219,
  "creator": {
    "avatar": {
      "medium": "https://ksr-ugc.imgix.net/assets/009/240/752/267fff250c408af3b8273efac2c5a4cc_original.JPG?w=160&h=160&fit=crop&v=1461567144&auto=format&q=92&s=aa04d8474dc39081d24836e975e0509b",
      "small": "https://ksr-ugc.imgix.net/assets/009/240/752/267fff250c408af3b8273efac2c5a4cc_original.JPG?w=160&h=160&fit=crop&v=1461567144&auto=format&q=92&s=aa04d8474dc39081d24836e975e0509b",
      "thumb": "https://ksr-ugc.imgix.net/assets/009/240/752/267fff250c408af3b8273efac2c5a4cc_original.JPG?w=40&h=40&fit=crop&v=1461567144&auto=format&q=92&s=20860f5cd14afce93c643d6e251bd751"
    },
    "chosen_currency": null,
    "id": 1545752253,
    "is_registered": true,
    "name": "Christopher Reekie",
    "urls": {
      "api": {
        "user": "https://api.kickstarter.com/v1/users/1545752253?signature=1524102645.8b40841f25056b472b371e66233e1ba4c1c258ad"
      },
      "web": {
        "user": "https://www.kickstarter.com/profile/1545752253"
      }
    }
  },
  "currency": "USD",
  "currency_symbol": "$",
  "currency_trailing_code": true,
  "current_currency": "USD",
  "deadline": 1414634532,
  "disable_communication": false,
  "fx_rate": 1.0,
  "goal": 4500.0,
  "id": 1028938536,
  "is_starrable": false,
  "launched_at": 1412042532,
  "location": {
    "country": "US",
    "displayable_name": "Portland, OR",
    "id": 2475687,
    "is_root": false,
    "localized_name": "Portland",
    "name": "Portland",
    "short_name": "Portland, OR",
    "slug": "portland-or",
    "state": "OR",
    "type": "Town",
    "urls": {
      "api": {
        "nearby_projects": "https://api.kickstarter.com/v1/discover?signature=1524082111.8c71b04da40601e245591d70c8f3a301b8561afe&woe_id=2475687"
      },
      "web": {
        "discover": "https://www.kickstarter.com/discover/places/portland-or",
        "location": "https://www.kickstarter.com/locations/portland-or"
      }
    }
  },
  "name": "Magniglass: Electronic Glasses for Medical and Personal Use",
  "photo": {
    "1024x576": "https://ksr-ugc.imgix.net/assets/011/852/263/50a7419c6e6844e948d7e9531add629a_original.jpeg?crop=faces&w=1024&h=576&fit=crop&v=1463704148&auto=format&q=92&s=9059b4ece3142bf67bfc78649eea6889",
    "1536x864": "https://ksr-ugc.imgix.net/assets/011/852/263/50a7419c6e6844e948d7e9531add629a_original.jpeg?crop=faces&w=1552&h=873&fit=crop&v=1463704148&auto=format&q=92&s=a4d2622e9cfe9251273eca0bc44f29a9",
    "ed": "https://ksr-ugc.imgix.net/assets/011/852/263/50a7419c6e6844e948d7e9531add629a_original.jpeg?crop=faces&w=352&h=198&fit=crop&v=1463704148&auto=format&q=92&s=167fe3f6bd0e82ea9889b33e51b1b523",
    "full": "https://ksr-ugc.imgix.net/assets/011/852/263/50a7419c6e6844e948d7e9531add629a_original.jpeg?crop=faces&w=560&h=315&fit=crop&v=1463704148&auto=format&q=92&s=1b91b8ade6d3b30e4c484ae39148d80b",
    "key": "assets/011/852/263/50a7419c6e6844e948d7e9531add629a_original.jpeg",
    "little": "https://ksr-ugc.imgix.net/assets/011/852/263/50a7419c6e6844e948d7e9531add629a_original.jpeg?crop=faces&w=208&h=117&fit=crop&v=1463704148&auto=format&q=92&s=873696d2172009715e6dcd324061aa17",
    "med": "https://ksr-ugc.imgix.net/assets/011/852/263/50a7419c6e6844e948d7e9531add629a_original.jpeg?crop=faces&w=272&h=153&fit=crop&v=1463704148&auto=format&q=92&s=9f8db8c7103df51e396d128cecc750f8",
    "small": "https://ksr-ugc.imgix.net/assets/011/852/263/50a7419c6e6844e948d7e9531add629a_original.jpeg?crop=faces&w=160&h=90&fit=crop&v=1463704148&auto=format&q=92&s=af3b06197cdef25cd171b28ef0ae12e2",
    "thumb": "https://ksr-ugc.imgix.net/assets/011/852/263/50a7419c6e6844e948d7e9531add629a_original.jpeg?crop=faces&w=48&h=27&fit=crop&v=1463704148&auto=format&q=92&s=f07ac4e0e581c637ef941d98a646ea86"
  },
  "pledged": 4726.0,
  "profile": {
    "background_color": null,
    "background_image_opacity": 0.8,
    "blurb": null,
    "feature_image_attributes": {
      "image_urls": {
        "baseball_card": "https://ksr-ugc.imgix.net/assets/011/852/263/50a7419c6e6844e948d7e9531add629a_original.jpeg?crop=faces&w=560&h=315&fit=crop&v=1463704148&auto=format&q=92&s=1b91b8ade6d3b30e4c484ae39148d80b",
        "default": "https://ksr-ugc.imgix.net/assets/011/852/263/50a7419c6e6844e948d7e9531add629a_original.jpeg?crop=faces&w=1552&h=873&fit=crop&v=1463704148&auto=format&q=92&s=a4d2622e9cfe9251273eca0bc44f29a9"
      }
    },
    "id": 1324122,
    "link_background_color": null,
    "link_text": null,
    "link_text_color": null,
    "link_url": null,
    "name": null,
    "project_id": 1324122,
    "should_show_feature_image_section": true,
    "show_feature_image": false,
    "state": "inactive",
    "state_changed_at": 1425915873,
    "text_color": null
  },
  "slug": "magniglass-electronic-glasses-for-medical-and-pers",
  "spotlight": true,
  "staff_pick": false,
  "state": "successful",
  "state_changed_at": 1414634532,
  "static_usd_rate": 1.0,
  "urls": {
    "web": {
      "project": "https://www.kickstarter.com/projects/1545752253/magniglass-electronic-glasses-for-medical-and-pers?ref=category_newest",
      "rewards": "https://www.kickstarter.com/projects/1545752253/magniglass-electronic-glasses-for-medical-and-pers/rewards"
    }
  },
  "usd_pledged": "4726.0",
  "usd_type": "international"
}