{
  "backers_count": 2,
  "blurb": "AI will be used as a companion robot which will be able to act similarly to an average human. This robot will be customizable.",
  "category": {
    "color": 6526716,
    "id": 338,
    "name": "Robots",
    "parent_id": 16,
    "position": 10,
    "slug": "technology/robots",
    "urls": {
      "web": {
        "discover": "http://www.kickstarter.com/discover/categories/technology/robots"
      }
    }
  },
  "converted_pledged_amount": 15,
  "country": "US",
  "created_at": 1499295428,
  "creator": {
    "avatar": {
      "medium": "https://ksr-ugc.imgix.net/assets/017/351/757/6c87a73dd6ac21862ac014886a0c7fdf_original.jpg?w=160&h=160&fit=crop&v=1499050287&auto=format&q=92&s=c121f9932e25014b14cdbacb8254b5ab",
      "small": "https://ksr-ugc.imgix.net/assets/017/351/757/6c87a73dd6ac21862ac014886a0c7fdf_original.jpg?w=160&h=160&fit=crop&v=1499050287&auto=format&q=92&s=c121f9932e25014b14cdbacb8254b5ab",
      "thumb": "https://ksr-ugc.imgix.net/assets/017/351/757/6c87a73dd6ac21862ac014886a0c7fdf_original.jpg?w=40&h=40&fit=crop&v=1499050287&auto=format&q=92&s=e22f166828924407889d1d0f577ba65f"
    },
    "chosen_currency": null,
    "id": 604113318,
    "is_registered": true,
    "name": "Courtney Maroney",
    "urls": {
      "api": {
        "user": "https://api.kickstarter.com/v1/users/604113318?signature=1524101973.8d733314d64ce22c5a9a2d1e76477afd8f7a5b91"
      },
      "web": {
        "user": "https://www.kickstarter.com/profile/604113318"
      }
    }
  },
  "currency": "USD",
  "currency_symbol": "$",
  "currency_trailing_code": true,
  "current_currency": "USD",
  "deadline": 1504910740,
  "disable_communication": false,
  "fx_rate": 1.0,
  "goal": 100000.0,
  "id": 1028957908,
  "is_starrable": false,
  "launched_at": 1499726740,
  "location": {
    "country": "US",
    "displayable_name": "Irvine, CA",
    "id": 2427665,
    "is_root": false,
    "localized_name": "Irvine",
    "name": "Irvine",
    "short_name": "Irvine, CA",
    "slug": "irvine-ca",
    "state": "CA",
    "type": "Town",
    "urls": {
      "api": {
        "nearby_projects": "https://api.kickstarter.com/v1/discover?signature=1524082112.8a6bde31ef2f8aa39b9037625dd30e28d09a23c4&woe_id=2427665"
      },
      "web": {
        "discover": "https://www.kickstarter.com/discover/places/irvine-ca",
        "location": "https://www.kickstarter.com/locations/irvine-ca"
      }
    }
  },
  "name": "AI Project",
  "photo": {
    "1024x576": "https://ksr-ugc.imgix.net/assets/017/389/570/7c40c6df150e7e6729184cae63f5ead8_original.png?crop=faces&w=1024&h=576&fit=crop&v=1499296725&auto=format&q=92&s=90e4d25556b74b2173c31702ed058ffe",
    "1536x864": "https://ksr-ugc.imgix.net/assets/017/389/570/7c40c6df150e7e6729184cae63f5ead8_original.png?crop=faces&w=1552&h=873&fit=crop&v=1499296725&auto=format&q=92&s=9bb41fa1c17130990702ce9bba3587d3",
    "ed": "https://ksr-ugc.imgix.net/assets/017/389/570/7c40c6df150e7e6729184cae63f5ead8_original.png?crop=faces&w=352&h=198&fit=crop&v=1499296725&auto=format&q=92&s=64776049bb1d93f9f3d9aacd91849feb",
    "full": "https://ksr-ugc.imgix.net/assets/017/389/570/7c40c6df150e7e6729184cae63f5ead8_original.png?crop=faces&w=560&h=315&fit=crop&v=1499296725&auto=format&q=92&s=edeeb07a89dd6257581bc60a763fa2a9",
    "key": "assets/017/389/570/7c40c6df150e7e6729184cae63f5ead8_original.png",
    "little": "https://ksr-ugc.imgix.net/assets/017/389/570/7c40c6df150e7e6729184cae63f5ead8_original.png?crop=faces&w=208&h=117&fit=crop&v=1499296725&auto=format&q=92&s=a54e4ac83fdc4c2ef410cffc065d50f1",
    "med": "https://ksr-ugc.imgix.net/assets/017/389/570/7c40c6df150e7e6729184cae63f5ead8_original.png?crop=faces&w=272&h=153&fit=crop&v=1499296725&auto=format&q=92&s=dd59fc34cff03cd992c0cfa4e10f67c3",
    "small": "https://ksr-ugc.imgix.net/assets/017/389/570/7c40c6df150e7e6729184cae63f5ead8_original.png?crop=faces&w=160&h=90&fit=crop&v=1499296725&auto=format&q=92&s=b1f0c43475f7b12cce0e88f19884b5de",
    "thumb": "https://ksr-ugc.imgix.net/assets/017/389/570/7c40c6df150e7e6729184cae63f5ead8_original.png?crop=faces&w=48&h=27&fit=crop&v=1499296725&auto=format&q=92&s=4bdd903d2a27c14a6b9d3284f5269d1d"
  },
  "pledged": 15.0,
  "profile": {
    "background_color": null,
    "background_image_opacity": 0.8,
    "blurb": null,
    "feature_image_attributes": {
      "image_urls": {
        "baseball_card": "https://ksr-ugc.imgix.net/assets/017/389/570/7c40c6df150e7e6729184cae63f5ead8_original.png?crop=faces&w=560&h=315&fit=crop&v=1499296725&auto=format&q=92&s=edeeb07a89dd6257581bc60a763fa2a9",
        "default": "https://ksr-ugc.imgix.net/assets/017/389/570/7c40c6df150e7e6729184cae63f5ead8_original.png?crop=faces&w=1552&h=873&fit=crop&v=1499296725&auto=format&q=92&s=9bb41fa1c17130990702ce9bba3587d3"
      }
    },
    "id": 3063254,
    "link_background_color": null,
    "link_text": null,
    "link_text_color": null,
    "link_url": null,
    "name": null,
    "project_id": 3063254,
    "should_show_feature_image_section": true,
    "show_feature_image": false,
    "state": "inactive",
    "state_changed_at": 1499295428,
    "text_color": null
  },
  "slug": "ai-project",
  "spotlight": false,
  "staff_pick": false,
  "state": "failed",
  "state_changed_at": 1504910741,
  "static_usd_rate": 1.0,
  "urls": {
    "web": {
      "project": "https://www.kickstarter.com/projects/604113318/ai-project?ref=category_newest",
      "rewards": "https://www.kickstarter.com/projects/604113318/ai-project/rewards"
    }
  },
  "usd_pledged": "15.0",
  "usd_type": "international"
}