{
  "backers_count": 3792,
  "blurb": "Keplero is the first magnetic Luxury Wallet made of pure carbon fiber. The thinnest and lightest ever.",
  "category": {
    "color": 6526716,
    "id": 337,
    "name": "Gadgets",
    "parent_id": 16,
    "position": 7,
    "slug": "technology/gadgets",
    "urls": {
      "web": {
        "discover": "http://www.kickstarter.com/discover/categories/technology/gadgets"
      }
    }
  },
  "converted_pledged_amount": 582634,
  "country": "US",
  "created_at": 1433571463,
  "creator": {
    "avatar": {
      "medium": "https://ksr-ugc.imgix.net/assets/008/347/431/ecefc16cf2443f17fe8dc3f28fae3bad_original.jpg?w=160&h=160&fit=crop&v=1461518659&auto=format&q=92&s=ce6bb6c23acb1e5bd9a4e23287285da8",
      "small": "https://ksr-ugc.imgix.net/assets/008/347/431/ecefc16cf2443f17fe8dc3f28fae3bad_original.jpg?w=160&h=160&fit=crop&v=1461518659&auto=format&q=92&s=ce6bb6c23acb1e5bd9a4e23287285da8",
      "thumb": "https://ksr-ugc.imgix.net/assets/008/347/431/ecefc16cf2443f17fe8dc3f28fae3bad_original.jpg?w=40&h=40&fit=crop&v=1461518659&auto=format&q=92&s=cffdf1febeda35c98858a05235387b1d"
    },
    "chosen_currency": null,
    "id": 381277743,
    "is_registered": true,
    "name": "Erasnep LLC",
    "urls": {
      "api": {
        "user": "https://api.kickstarter.com/v1/users/381277743?signature=1524100986.3f6fda786dac6eb35dbcd04216a874f31a4e2955"
      },
      "web": {
        "user": "https://www.kickstarter.com/profile/381277743"
      }
    }
  },
  "currency": "USD",
  "currency_symbol": "$",
  "currency_trailing_code": true,
  "current_currency": "USD",
  "deadline": 1440820889,
  "disable_communication": false,
  "fx_rate": 1.0,
  "goal": 10000.0,
  "id": 1028259978,
  "is_starrable": false,
  "launched_at": 1435636889,
  "location": {
    "country": "US",
    "displayable_name": "Orlando, FL",
    "id": 2466256,
    "is_root": false,
    "localized_name": "Orlando",
    "name": "Orlando",
    "short_name": "Orlando, FL",
    "slug": "orlando-fl",
    "state": "FL",
    "type": "Town",
    "urls": {
      "api": {
        "nearby_projects": "https://api.kickstarter.com/v1/discover?signature=1524082111.2bd8c6b888fa6bb6b50ab45ffe4e9369ce1ebce6&woe_id=2466256"
      },
      "web": {
        "discover": "https://www.kickstarter.com/discover/places/orlando-fl",
        "location": "https://www.kickstarter.com/locations/orlando-fl"
      }
    }
  },
  "name": "Keplero Luxury Wallet - Strong RFID-Blocking",
  "photo": {
    "1024x576": "https://ksr-ugc.imgix.net/assets/012/159/813/df7e711280157c0de1a3ce3e2cde4cd3_original.jpg?crop=faces&w=1024&h=576&fit=crop&v=1463739023&auto=format&q=92&s=33444028aeace4b4e0d3b86161128f65",
    "1536x864": "https://ksr-ugc.imgix.net/assets/012/159/813/df7e711280157c0de1a3ce3e2cde4cd3_original.jpg?crop=faces&w=1552&h=873&fit=crop&v=1463739023&auto=format&q=92&s=bbe2d1db23276ee2b35060553d3129f7",
    "ed": "https://ksr-ugc.imgix.net/assets/012/159/813/df7e711280157c0de1a3ce3e2cde4cd3_original.jpg?crop=faces&w=352&h=198&fit=crop&v=1463739023&auto=format&q=92&s=0aad3889825af9d6e4efa0bbcd6f68c6",
    "full": "https://ksr-ugc.imgix.net/assets/012/159/813/df7e711280157c0de1a3ce3e2cde4cd3_original.jpg?crop=faces&w=560&h=315&fit=crop&v=1463739023&auto=format&q=92&s=d4ab3d4aac01af72d2ff5b040821bfe0",
    "key": "assets/012/159/813/df7e711280157c0de1a3ce3e2cde4cd3_original.jpg",
    "little": "https://ksr-ugc.imgix.net/assets/012/159/813/df7e711280157c0de1a3ce3e2cde4cd3_original.jpg?crop=faces&w=208&h=117&fit=crop&v=1463739023&auto=format&q=92&s=1089daf7622470e284660bee53475a4d",
    "med": "https://ksr-ugc.imgix.net/assets/012/159/813/df7e711280157c0de1a3ce3e2cde4cd3_original.jpg?crop=faces&w=272&h=153&fit=crop&v=1463739023&auto=format&q=92&s=04eadf7c1165cb7065b9872636af1053",
    "small": "https://ksr-ugc.imgix.net/assets/012/159/813/df7e711280157c0de1a3ce3e2cde4cd3_original.jpg?crop=faces&w=160&h=90&fit=crop&v=1463739023&auto=format&q=92&s=3be403d56177fd0d37007bd0b11d975d",
    "thumb": "https://ksr-ugc.imgix.net/assets/012/159/813/df7e711280157c0de1a3ce3e2cde4cd3_original.jpg?crop=faces&w=48&h=27&fit=crop&v=1463739023&auto=format&q=92&s=9105673ef16af03d3ca2e0236ad470c6"
  },
  "pledged": 582634.0,
  "profile": {
    "background_color": "",
    "background_image_attributes": {
      "id": 4479980,
      "image_urls": {
        "baseball_card": "https://ksr-ugc.imgix.net/assets/004/479/980/6afbc111f8048837db0053ee2330666a_original.jpg?w=460&fit=max&v=1441977237&auto=format&q=92&s=4d8beaee93007b5572037d97a96f68be",
        "default": "https://ksr-ugc.imgix.net/assets/004/479/980/6afbc111f8048837db0053ee2330666a_original.jpg?w=1600&fit=max&v=1441977237&auto=format&q=92&s=fe3bf2c3c172fb7a4c87ad0518474eb0"
      }
    },
    "background_image_opacity": 0.8,
    "blurb": "",
    "feature_image_attributes": {
      "image_urls": {
        "baseball_card": "https://ksr-ugc.imgix.net/assets/012/159/813/df7e711280157c0de1a3ce3e2cde4cd3_original.jpg?crop=faces&w=560&h=315&fit=crop&v=1463739023&auto=format&q=92&s=d4ab3d4aac01af72d2ff5b040821bfe0",
        "default": "https://ksr-ugc.imgix.net/assets/012/159/813/df7e711280157c0de1a3ce3e2cde4cd3_original.jpg?crop=faces&w=1552&h=873&fit=crop&v=1463739023&auto=format&q=92&s=bbe2d1db23276ee2b35060553d3129f7"
      }
    },
    "id": 1942768,
    "link_background_color": "48b30b",
    "link_text": "ORDER NOW!",
    "link_text_color": "",
    "link_url": "https://www.kepleroluxurywallet.com/",
    "name": "Keplero Luxury Wallet - Strong RFID-Blocking",
    "project_id": 1942768,
    "should_show_feature_image_section": false,
    "show_feature_image": true,
    "state": "active",
    "state_changed_at": 1441976189,
    "text_color": "ffffff"
  },
  "slug": "keplero-luxury-wallet",
  "spotlight": true,
  "staff_pick": false,
  "state": "successful",
  "state_changed_at": 1440820889,
  "static_usd_rate": 1.0,
  "urls": {
    "web": {
      "project": "https://www.kickstarter.com/projects/381277743/keplero-luxury-wallet?ref=category_newest",
      "rewards": "https://www.kickstarter.com/projects/381277743/keplero-luxury-wallet/rewards"
    }
  },
  "usd_pledged": "582634.0",
  "usd_type": "international"
}