{
  "backers_count": 7,
  "blurb": "Want to be the best there ever was? Phone battery just cant keep up with your poke-lifestyle. The Pok-Egg-o may be just what you need!",
  "category": {
    "color": 6526716,
    "id": 334,
    "name": "DIY Electronics",
    "parent_id": 16,
    "position": 4,
    "slug": "technology/diy electronics",
    "urls": {
      "web": {
        "discover": "http://www.kickstarter.com/discover/categories/technology/diy%20electronics"
      }
    }
  },
  "converted_pledged_amount": 136,
  "country": "CA",
  "created_at": 1473699831,
  "creator": {
    "avatar": {
      "medium": "https://ksr-ugc.imgix.net/assets/009/197/545/bb485e8562fee527a25dfcd277832fc6_original.jpg?w=160&h=160&fit=crop&v=1461563908&auto=format&q=92&s=ece5c0f24ce53bb890592ffac8189f12",
      "small": "https://ksr-ugc.imgix.net/assets/009/197/545/bb485e8562fee527a25dfcd277832fc6_original.jpg?w=160&h=160&fit=crop&v=1461563908&auto=format&q=92&s=ece5c0f24ce53bb890592ffac8189f12",
      "thumb": "https://ksr-ugc.imgix.net/assets/009/197/545/bb485e8562fee527a25dfcd277832fc6_original.jpg?w=40&h=40&fit=crop&v=1461563908&auto=format&q=92&s=5480db55d121bf8b0ab1742a9e1f13cc"
    },
    "chosen_currency": null,
    "id": 244148559,
    "is_registered": true,
    "name": "Calvin D.",
    "urls": {
      "api": {
        "user": "https://api.kickstarter.com/v1/users/244148559?signature=1524100752.0bd0dc2c1bdc2fcb70b0809e2ce38247e9263915"
      },
      "web": {
        "user": "https://www.kickstarter.com/profile/244148559"
      }
    }
  },
  "currency": "CAD",
  "currency_symbol": "$",
  "currency_trailing_code": true,
  "current_currency": "USD",
  "deadline": 1479071888,
  "disable_communication": false,
  "fx_rate": 0.79525709,
  "goal": 4000.0,
  "id": 1028224036,
  "is_starrable": false,
  "launched_at": 1473884288,
  "location": {
    "country": "CA",
    "displayable_name": "Timmins, Canada",
    "id": 3160,
    "is_root": false,
    "localized_name": "Timmins",
    "name": "Timmins",
    "short_name": "Timmins, Canada",
    "slug": "timmins-ca",
    "state": "ON",
    "type": "Town",
    "urls": {
      "api": {
        "nearby_projects": "https://api.kickstarter.com/v1/discover?signature=1524083301.fb76cfacd1c1e6643c710b74693f29b2355a93a8&woe_id=3160"
      },
      "web": {
        "discover": "https://www.kickstarter.com/discover/places/timmins-ca",
        "location": "https://www.kickstarter.com/locations/timmins-ca"
      }
    }
  },
  "name": "Pok-Egg-o Usb Power packs",
  "photo": {
    "1024x576": "https://ksr-ugc.imgix.net/assets/013/708/004/9f3fbab64f28a5c9e44421b51fb5c72a_original.jpg?crop=faces&w=1024&h=576&fit=crop&v=1473713304&auto=format&q=92&s=81a98fe9ba358560dd8c75bb160680bc",
    "1536x864": "https://ksr-ugc.imgix.net/assets/013/708/004/9f3fbab64f28a5c9e44421b51fb5c72a_original.jpg?crop=faces&w=1552&h=873&fit=crop&v=1473713304&auto=format&q=92&s=9bdb3ba7dd758d1b272ad1ca49c2a62a",
    "ed": "https://ksr-ugc.imgix.net/assets/013/708/004/9f3fbab64f28a5c9e44421b51fb5c72a_original.jpg?crop=faces&w=352&h=198&fit=crop&v=1473713304&auto=format&q=92&s=5f2208863463e4370e068e7d006aa31a",
    "full": "https://ksr-ugc.imgix.net/assets/013/708/004/9f3fbab64f28a5c9e44421b51fb5c72a_original.jpg?crop=faces&w=560&h=315&fit=crop&v=1473713304&auto=format&q=92&s=c744ac427a60d1bbae5fddfdd6b7c4a0",
    "key": "assets/013/708/004/9f3fbab64f28a5c9e44421b51fb5c72a_original.jpg",
    "little": "https://ksr-ugc.imgix.net/assets/013/708/004/9f3fbab64f28a5c9e44421b51fb5c72a_original.jpg?crop=faces&w=208&h=117&fit=crop&v=1473713304&auto=format&q=92&s=3d477fb51d7a05c8009d703111e3d835",
    "med": "https://ksr-ugc.imgix.net/assets/013/708/004/9f3fbab64f28a5c9e44421b51fb5c72a_original.jpg?crop=faces&w=272&h=153&fit=crop&v=1473713304&auto=format&q=92&s=8eb7d14d927851c5312b687e3be8db6c",
    "small": "https://ksr-ugc.imgix.net/assets/013/708/004/9f3fbab64f28a5c9e44421b51fb5c72a_original.jpg?crop=faces&w=160&h=90&fit=crop&v=1473713304&auto=format&q=92&s=183e151435bd41ced555311451e63661",
    "thumb": "https://ksr-ugc.imgix.net/assets/013/708/004/9f3fbab64f28a5c9e44421b51fb5c72a_original.jpg?crop=faces&w=48&h=27&fit=crop&v=1473713304&auto=format&q=92&s=79b3345a16904b0cce2d6b54bfcbfaa6"
  },
  "pledged": 185.0,
  "profile": {
    "background_color": null,
    "background_image_opacity": 0.8,
    "blurb": null,
    "feature_image_attributes": {
      "image_urls": {
        "baseball_card": "https://ksr-ugc.imgix.net/assets/013/708/004/9f3fbab64f28a5c9e44421b51fb5c72a_original.jpg?crop=faces&w=560&h=315&fit=crop&v=1473713304&auto=format&q=92&s=c744ac427a60d1bbae5fddfdd6b7c4a0",
        "default": "https://ksr-ugc.imgix.net/assets/013/708/004/9f3fbab64f28a5c9e44421b51fb5c72a_original.jpg?crop=faces&w=1552&h=873&fit=crop&v=1473713304&auto=format&q=92&s=9bdb3ba7dd758d1b272ad1ca49c2a62a"
      }
    },
    "id": 2675837,
    "link_background_color": null,
    "link_text": null,
    "link_text_color": null,
    "link_url": null,
    "name": null,
    "project_id": 2675837,
    "should_show_feature_image_section": true,
    "show_feature_image": false,
    "state": "inactive",
    "state_changed_at": 1473699831,
    "text_color": null
  },
  "slug": "pok-egg-o-usb-power-packs",
  "spotlight": false,
  "staff_pick": false,
  "state": "failed",
  "state_changed_at": 1479071888,
  "static_usd_rate": 0.76589324,
  "urls": {
    "web": {
      "project": "https://www.kickstarter.com/projects/244148559/pok-egg-o-usb-power-packs?ref=category_newest",
      "rewards": "https://www.kickstarter.com/projects/244148559/pok-egg-o-usb-power-packs/rewards"
    }
  },
  "usd_pledged": "141.6902494",
  "usd_type": "international"
}