{
  "backers_count": 3,
  "blurb": "Identify the species of fish you caught by taking picture with  smartphone.  Retrieves size and bag limit information where you're at.",
  "category": {
    "color": 6526716,
    "id": 332,
    "name": "Apps",
    "parent_id": 16,
    "position": 2,
    "slug": "technology/apps",
    "urls": {
      "web": {
        "discover": "http://www.kickstarter.com/discover/categories/technology/apps"
      }
    }
  },
  "converted_pledged_amount": 60,
  "country": "US",
  "created_at": 1398118916,
  "creator": {
    "avatar": {
      "medium": "https://ksr-ugc.imgix.net/assets/007/818/254/d59e45481e2e5dbf524838591bb8e67c_original.jpg?w=160&h=160&fit=crop&v=1461481549&auto=format&q=92&s=2f9593a313a86274c58c7859fde5c65e",
      "small": "https://ksr-ugc.imgix.net/assets/007/818/254/d59e45481e2e5dbf524838591bb8e67c_original.jpg?w=160&h=160&fit=crop&v=1461481549&auto=format&q=92&s=2f9593a313a86274c58c7859fde5c65e",
      "thumb": "https://ksr-ugc.imgix.net/assets/007/818/254/d59e45481e2e5dbf524838591bb8e67c_original.jpg?w=40&h=40&fit=crop&v=1461481549&auto=format&q=92&s=3f7c0647d6e9e610489b299e8120f5ad"
    },
    "chosen_currency": null,
    "id": 1787484945,
    "is_registered": true,
    "name": "Keith Kosmicki",
    "urls": {
      "api": {
        "user": "https://api.kickstarter.com/v1/users/1787484945?signature=1524100251.8cdbb295f6a8a6d4da3cc9fcfac003dd5093f598"
      },
      "web": {
        "user": "https://www.kickstarter.com/profile/1787484945"
      }
    }
  },
  "currency": "USD",
  "currency_symbol": "$",
  "currency_trailing_code": true,
  "current_currency": "USD",
  "deadline": 1412952729,
  "disable_communication": false,
  "fx_rate": 1.0,
  "goal": 10000.0,
  "id": 1029891615,
  "is_starrable": false,
  "launched_at": 1410360729,
  "location": {
    "country": "US",
    "displayable_name": "Lansing, MI",
    "id": 2436453,
    "is_root": false,
    "localized_name": "Lansing",
    "name": "Lansing",
    "short_name": "Lansing, MI",
    "slug": "lansing-mi",
    "state": "MI",
    "type": "Town",
    "urls": {
      "api": {
        "nearby_projects": "https://api.kickstarter.com/v1/discover?signature=1524082129.dd24fc9882afcc6cc7567021383887bc25c9ce96&woe_id=2436453"
      },
      "web": {
        "discover": "https://www.kickstarter.com/discover/places/lansing-mi",
        "location": "https://www.kickstarter.com/locations/lansing-mi"
      }
    }
  },
  "name": "MyFishID by Kosmic eKonsulting",
  "photo": {
    "1024x576": "https://ksr-ugc.imgix.net/assets/011/689/564/07167f1718d0217ce65647fa7d6aaa17_original.jpg?crop=faces&w=1024&h=576&fit=crop&v=1463686835&auto=format&q=92&s=ee154c14c57611b64150754201efad08",
    "1536x864": "https://ksr-ugc.imgix.net/assets/011/689/564/07167f1718d0217ce65647fa7d6aaa17_original.jpg?crop=faces&w=1552&h=873&fit=crop&v=1463686835&auto=format&q=92&s=9fc406cf9237154b4379373f4599f5d6",
    "ed": "https://ksr-ugc.imgix.net/assets/011/689/564/07167f1718d0217ce65647fa7d6aaa17_original.jpg?crop=faces&w=352&h=198&fit=crop&v=1463686835&auto=format&q=92&s=f4ca4fe70720c8712b3ffff6da3d486c",
    "full": "https://ksr-ugc.imgix.net/assets/011/689/564/07167f1718d0217ce65647fa7d6aaa17_original.jpg?crop=faces&w=560&h=315&fit=crop&v=1463686835&auto=format&q=92&s=1a2a87a6a648455d0e4427fb503eda51",
    "key": "assets/011/689/564/07167f1718d0217ce65647fa7d6aaa17_original.jpg",
    "little": "https://ksr-ugc.imgix.net/assets/011/689/564/07167f1718d0217ce65647fa7d6aaa17_original.jpg?crop=faces&w=208&h=117&fit=crop&v=1463686835&auto=format&q=92&s=8f636d65cda866ff74c203839f98e10d",
    "med": "https://ksr-ugc.imgix.net/assets/011/689/564/07167f1718d0217ce65647fa7d6aaa17_original.jpg?crop=faces&w=272&h=153&fit=crop&v=1463686835&auto=format&q=92&s=3f898c6e761443b1c8392c83c23ee8c7",
    "small": "https://ksr-ugc.imgix.net/assets/011/689/564/07167f1718d0217ce65647fa7d6aaa17_original.jpg?crop=faces&w=160&h=90&fit=crop&v=1463686835&auto=format&q=92&s=4e0a3039e0ddb5e423e6f38fb50e1184",
    "thumb": "https://ksr-ugc.imgix.net/assets/011/689/564/07167f1718d0217ce65647fa7d6aaa17_original.jpg?crop=faces&w=48&h=27&fit=crop&v=1463686835&auto=format&q=92&s=83dd49c04d59b9d7f432bab194c056a6"
  },
  "pledged": 60.0,
  "profile": {
    "background_color": null,
    "background_image_opacity": 0.8,
    "blurb": null,
    "feature_image_attributes": {
      "image_urls": {
        "baseball_card": "https://ksr-ugc.imgix.net/assets/011/689/564/07167f1718d0217ce65647fa7d6aaa17_original.jpg?crop=faces&w=560&h=315&fit=crop&v=1463686835&auto=format&q=92&s=1a2a87a6a648455d0e4427fb503eda51",
        "default": "https://ksr-ugc.imgix.net/assets/011/689/564/07167f1718d0217ce65647fa7d6aaa17_original.jpg?crop=faces&w=1552&h=873&fit=crop&v=1463686835&auto=format&q=92&s=9fc406cf9237154b4379373f4599f5d6"
      }
    },
    "id": 986487,
    "link_background_color": null,
    "link_text": null,
    "link_text_color": null,
    "link_url": null,
    "name": null,
    "project_id": 986487,
    "should_show_feature_image_section": true,
    "show_feature_image": false,
    "state": "inactive",
    "state_changed_at": 1425915854,
    "text_color": null
  },
  "slug": "myfishid-by-kosmic-ekonsulting",
  "spotlight": false,
  "staff_pick": false,
  "state": "failed",
  "state_changed_at": 1412952729,
  "static_usd_rate": 1.0,
  "urls": {
    "web": {
      "project": "https://www.kickstarter.com/projects/1787484945/myfishid-by-kosmic-ekonsulting?ref=category_newest",
      "rewards": "https://www.kickstarter.com/projects/1787484945/myfishid-by-kosmic-ekonsulting/rewards"
    }
  },
  "usd_pledged": "60.0",
  "usd_type": "international"
}