{
  "backers_count": 3,
  "blurb": "QuikMobi.com gives small businesses a cost effective native iPhone and Android App that is fully customizable with no coding experience",
  "category": {
    "color": 6526716,
    "id": 332,
    "name": "Apps",
    "parent_id": 16,
    "position": 2,
    "slug": "technology/apps",
    "urls": {
      "web": {
        "discover": "http://www.kickstarter.com/discover/categories/technology/apps"
      }
    }
  },
  "converted_pledged_amount": 45,
  "country": "US",
  "created_at": 1406919641,
  "creator": {
    "avatar": {
      "medium": "https://ksr-ugc.imgix.net/assets/009/147/455/1ec857ef097ac30614520994f30153c7_original.jpg?w=160&h=160&fit=crop&v=1461560608&auto=format&q=92&s=d50a0f98b1b650619d2ae34e9696bd3c",
      "small": "https://ksr-ugc.imgix.net/assets/009/147/455/1ec857ef097ac30614520994f30153c7_original.jpg?w=160&h=160&fit=crop&v=1461560608&auto=format&q=92&s=d50a0f98b1b650619d2ae34e9696bd3c",
      "thumb": "https://ksr-ugc.imgix.net/assets/009/147/455/1ec857ef097ac30614520994f30153c7_original.jpg?w=40&h=40&fit=crop&v=1461560608&auto=format&q=92&s=5f6f69c1b986b4920d71fef57dd00485"
    },
    "chosen_currency": null,
    "id": 1317913279,
    "is_registered": true,
    "name": "Brian McBride",
    "urls": {
      "api": {
        "user": "https://api.kickstarter.com/v1/users/1317913279?signature=1524100242.97f29d53a4ad19b65f549185285f3298661ff26d"
      },
      "web": {
        "user": "https://www.kickstarter.com/profile/1317913279"
      }
    }
  },
  "currency": "USD",
  "currency_symbol": "$",
  "currency_trailing_code": true,
  "current_currency": "USD",
  "deadline": 1410633269,
  "disable_communication": false,
  "fx_rate": 1.0,
  "goal": 10000.0,
  "id": 1029153651,
  "is_starrable": false,
  "launched_at": 1409337269,
  "location": {
    "country": "US",
    "displayable_name": "Orlando, FL",
    "id": 2466256,
    "is_root": false,
    "localized_name": "Orlando",
    "name": "Orlando",
    "short_name": "Orlando, FL",
    "slug": "orlando-fl",
    "state": "FL",
    "type": "Town",
    "urls": {
      "api": {
        "nearby_projects": "https://api.kickstarter.com/v1/discover?signature=1524082111.2bd8c6b888fa6bb6b50ab45ffe4e9369ce1ebce6&woe_id=2466256"
      },
      "web": {
        "discover": "https://www.kickstarter.com/discover/places/orlando-fl",
        "location": "https://www.kickstarter.com/locations/orlando-fl"
      }
    }
  },
  "name": "QuikMobi Creating Customizable Native Mobile Apps",
  "photo": {
    "1024x576": "https://ksr-ugc.imgix.net/assets/011/817/130/53142d677542c3517574c6126cd6933a_original.png?crop=faces&w=1024&h=576&fit=crop&v=1463698847&auto=format&q=92&s=0edbcb9d4da3b46c9d0d6cada5591f54",
    "1536x864": "https://ksr-ugc.imgix.net/assets/011/817/130/53142d677542c3517574c6126cd6933a_original.png?crop=faces&w=1552&h=873&fit=crop&v=1463698847&auto=format&q=92&s=57ab182d05adc4e12a8eaabf74d7a7cf",
    "ed": "https://ksr-ugc.imgix.net/assets/011/817/130/53142d677542c3517574c6126cd6933a_original.png?crop=faces&w=352&h=198&fit=crop&v=1463698847&auto=format&q=92&s=314ef7c1b6b9433ade573d44366d45ef",
    "full": "https://ksr-ugc.imgix.net/assets/011/817/130/53142d677542c3517574c6126cd6933a_original.png?crop=faces&w=560&h=315&fit=crop&v=1463698847&auto=format&q=92&s=5f73909f1911a7718e754f94cc316fcf",
    "key": "assets/011/817/130/53142d677542c3517574c6126cd6933a_original.png",
    "little": "https://ksr-ugc.imgix.net/assets/011/817/130/53142d677542c3517574c6126cd6933a_original.png?crop=faces&w=208&h=117&fit=crop&v=1463698847&auto=format&q=92&s=d1284677b935a0cd9bfd8c04c6d77666",
    "med": "https://ksr-ugc.imgix.net/assets/011/817/130/53142d677542c3517574c6126cd6933a_original.png?crop=faces&w=272&h=153&fit=crop&v=1463698847&auto=format&q=92&s=d61c29985834860696e00d7306918eb8",
    "small": "https://ksr-ugc.imgix.net/assets/011/817/130/53142d677542c3517574c6126cd6933a_original.png?crop=faces&w=160&h=90&fit=crop&v=1463698847&auto=format&q=92&s=08a5b1c6d54e644c2eb0c5cf6e188fd7",
    "thumb": "https://ksr-ugc.imgix.net/assets/011/817/130/53142d677542c3517574c6126cd6933a_original.png?crop=faces&w=48&h=27&fit=crop&v=1463698847&auto=format&q=92&s=cb45ab33443d562bbaa44353ae9c1bd0"
  },
  "pledged": 45.0,
  "profile": {
    "background_color": null,
    "background_image_opacity": 0.8,
    "blurb": null,
    "feature_image_attributes": {
      "image_urls": {
        "baseball_card": "https://ksr-ugc.imgix.net/assets/011/817/130/53142d677542c3517574c6126cd6933a_original.png?crop=faces&w=560&h=315&fit=crop&v=1463698847&auto=format&q=92&s=5f73909f1911a7718e754f94cc316fcf",
        "default": "https://ksr-ugc.imgix.net/assets/011/817/130/53142d677542c3517574c6126cd6933a_original.png?crop=faces&w=1552&h=873&fit=crop&v=1463698847&auto=format&q=92&s=57ab182d05adc4e12a8eaabf74d7a7cf"
      }
    },
    "id": 1250244,
    "link_background_color": null,
    "link_text": null,
    "link_text_color": null,
    "link_url": null,
    "name": null,
    "project_id": 1250244,
    "should_show_feature_image_section": true,
    "show_feature_image": false,
    "state": "inactive",
    "state_changed_at": 1425915869,
    "text_color": null
  },
  "slug": "quikmobi-creating-customizable-native-mobile-apps",
  "spotlight": false,
  "staff_pick": false,
  "state": "failed",
  "state_changed_at": 1410633270,
  "static_usd_rate": 1.0,
  "urls": {
    "web": {
      "project": "https://www.kickstarter.com/projects/1317913279/quikmobi-creating-customizable-native-mobile-apps?ref=category_newest",
      "rewards": "https://www.kickstarter.com/projects/1317913279/quikmobi-creating-customizable-native-mobile-apps/rewards"
    }
  },
  "usd_pledged": "45.0",
  "usd_type": "international"
}