{
  "backers_count": 285,
  "blurb": "bitwarden is an easy-to-use, open source password manager that syncs to all of your devices, helping keep you safe online.",
  "category": {
    "color": 6526716,
    "id": 51,
    "name": "Software",
    "parent_id": 16,
    "position": 11,
    "slug": "technology/software",
    "urls": {
      "web": {
        "discover": "http://www.kickstarter.com/discover/categories/technology/software"
      }
    }
  },
  "converted_pledged_amount": 7016,
  "country": "US",
  "created_at": 1477515351,
  "creator": {
    "avatar": {
      "medium": "https://ksr-ugc.imgix.net/assets/014/384/843/b93fd6f5dbcb3c83d0c4432aa7e93e2e_original.png?w=160&h=160&fit=crop&v=1478231696&auto=format&q=92&s=6143ce526c4ac9d147a48194b84effd8",
      "small": "https://ksr-ugc.imgix.net/assets/014/384/843/b93fd6f5dbcb3c83d0c4432aa7e93e2e_original.png?w=160&h=160&fit=crop&v=1478231696&auto=format&q=92&s=6143ce526c4ac9d147a48194b84effd8",
      "thumb": "https://ksr-ugc.imgix.net/assets/014/384/843/b93fd6f5dbcb3c83d0c4432aa7e93e2e_original.png?w=40&h=40&fit=crop&v=1478231696&auto=format&q=92&s=4ec7036dcd46b0789967da41e0e58036"
    },
    "chosen_currency": null,
    "id": 1905668767,
    "is_registered": true,
    "name": "8bit Solutions",
    "slug": "bitwarden",
    "urls": {
      "api": {
        "user": "https://api.kickstarter.com/v1/users/1905668767?signature=1524102405.937e1e562bfb8b268c63ee97ac3681bbefb3065e"
      },
      "web": {
        "user": "https://www.kickstarter.com/profile/bitwarden"
      }
    }
  },
  "currency": "USD",
  "currency_symbol": "$",
  "currency_trailing_code": true,
  "current_currency": "USD",
  "deadline": 1483387200,
  "disable_communication": false,
  "fx_rate": 1.0,
  "goal": 49000.0,
  "id": 1029481185,
  "is_starrable": false,
  "launched_at": 1479735337,
  "location": {
    "country": "US",
    "displayable_name": "Jacksonville, FL",
    "id": 2428344,
    "is_root": false,
    "localized_name": "Jacksonville",
    "name": "Jacksonville",
    "short_name": "Jacksonville, FL",
    "slug": "jacksonville-fl",
    "state": "FL",
    "type": "Town",
    "urls": {
      "api": {
        "nearby_projects": "https://api.kickstarter.com/v1/discover?signature=1524082110.c3a5dc7b02bd297b28642ca7b740917cfac04d99&woe_id=2428344"
      },
      "web": {
        "discover": "https://www.kickstarter.com/discover/places/jacksonville-fl",
        "location": "https://www.kickstarter.com/locations/jacksonville-fl"
      }
    }
  },
  "name": "bitwarden - Open Source, Cross Platform Password Manager",
  "photo": {
    "1024x576": "https://ksr-ugc.imgix.net/assets/014/306/077/f1a6cd219740e1eb3b91879971ad6db4_original.png?crop=faces&w=1024&h=576&fit=crop&v=1477714124&auto=format&q=92&s=0c36e0ea8c43ffb9b44ff6ffe225a382",
    "1536x864": "https://ksr-ugc.imgix.net/assets/014/306/077/f1a6cd219740e1eb3b91879971ad6db4_original.png?crop=faces&w=1552&h=873&fit=crop&v=1477714124&auto=format&q=92&s=8d4a5e8a26998dfcfe493e6c58a04593",
    "ed": "https://ksr-ugc.imgix.net/assets/014/306/077/f1a6cd219740e1eb3b91879971ad6db4_original.png?crop=faces&w=352&h=198&fit=crop&v=1477714124&auto=format&q=92&s=6f3553190ccd7b39df7475d5d5485cda",
    "full": "https://ksr-ugc.imgix.net/assets/014/306/077/f1a6cd219740e1eb3b91879971ad6db4_original.png?crop=faces&w=560&h=315&fit=crop&v=1477714124&auto=format&q=92&s=00a1089ea35629d4f0edd0a20b2b1359",
    "key": "assets/014/306/077/f1a6cd219740e1eb3b91879971ad6db4_original.png",
    "little": "https://ksr-ugc.imgix.net/assets/014/306/077/f1a6cd219740e1eb3b91879971ad6db4_original.png?crop=faces&w=208&h=117&fit=crop&v=1477714124&auto=format&q=92&s=ab52efe9cb68eb01a623b439866bc7c3",
    "med": "https://ksr-ugc.imgix.net/assets/014/306/077/f1a6cd219740e1eb3b91879971ad6db4_original.png?crop=faces&w=272&h=153&fit=crop&v=1477714124&auto=format&q=92&s=8ac94a300feb618d3efd05916755f725",
    "small": "https://ksr-ugc.imgix.net/assets/014/306/077/f1a6cd219740e1eb3b91879971ad6db4_original.png?crop=faces&w=160&h=90&fit=crop&v=1477714124&auto=format&q=92&s=8c8fc2ed2be0586f9c4bd97b70aa8d9a",
    "thumb": "https://ksr-ugc.imgix.net/assets/014/306/077/f1a6cd219740e1eb3b91879971ad6db4_original.png?crop=faces&w=48&h=27&fit=crop&v=1477714124&auto=format&q=92&s=fd91088557b949b3f168c2483467ff0c"
  },
  "pledged": 7016.01,
  "profile": {
    "background_color": null,
    "background_image_opacity": 0.8,
    "blurb": null,
    "feature_image_attributes": {
      "image_urls": {
        "baseball_card": "https://ksr-ugc.imgix.net/assets/014/306/077/f1a6cd219740e1eb3b91879971ad6db4_original.png?crop=faces&w=560&h=315&fit=crop&v=1477714124&auto=format&q=92&s=00a1089ea35629d4f0edd0a20b2b1359",
        "default": "https://ksr-ugc.imgix.net/assets/014/306/077/f1a6cd219740e1eb3b91879971ad6db4_original.png?crop=faces&w=1552&h=873&fit=crop&v=1477714124&auto=format&q=92&s=8d4a5e8a26998dfcfe493e6c58a04593"
      }
    },
    "id": 2735143,
    "link_background_color": null,
    "link_text": null,
    "link_text_color": null,
    "link_url": null,
    "name": null,
    "project_id": 2735143,
    "should_show_feature_image_section": true,
    "show_feature_image": false,
    "state": "inactive",
    "state_changed_at": 1477515351,
    "text_color": null
  },
  "slug": "bitwarden-open-source-cross-platform-password-mana",
  "spotlight": false,
  "staff_pick": false,
  "state": "failed",
  "state_changed_at": 1483387200,
  "static_usd_rate": 1.0,
  "urls": {
    "web": {
      "project": "https://www.kickstarter.com/projects/bitwarden/bitwarden-open-source-cross-platform-password-mana?ref=category_newest",
      "rewards": "https://www.kickstarter.com/projects/bitwarden/bitwarden-open-source-cross-platform-password-mana/rewards"
    }
  },
  "usd_pledged": "7016.01",
  "usd_type": "international"
}