{
  "backers_count": 100,
  "blurb": "Tiny and feature-packed, with hi-res display, camera, battery, WiFi, Bluetooth, HDMI, USB. A full GNU/Linux computer in your pocket!",
  "category": {
    "color": 6526716,
    "id": 341,
    "name": "Wearables",
    "parent_id": 16,
    "position": 14,
    "slug": "technology/wearables",
    "urls": {
      "web": {
        "discover": "http://www.kickstarter.com/discover/categories/technology/wearables"
      }
    }
  },
  "converted_pledged_amount": 10276,
  "country": "CA",
  "created_at": 1493418849,
  "creator": {
    "avatar": {
      "medium": "https://ksr-ugc.imgix.net/assets/017/418/066/bdbc9898caab7a647db0592b0e11cdb0_original.jpg?w=160&h=160&fit=crop&v=1502067632&auto=format&q=92&s=4b42ac45506a57b645b9f0ebb116f276",
      "small": "https://ksr-ugc.imgix.net/assets/017/418/066/bdbc9898caab7a647db0592b0e11cdb0_original.jpg?w=160&h=160&fit=crop&v=1502067632&auto=format&q=92&s=4b42ac45506a57b645b9f0ebb116f276",
      "thumb": "https://ksr-ugc.imgix.net/assets/017/418/066/bdbc9898caab7a647db0592b0e11cdb0_original.jpg?w=40&h=40&fit=crop&v=1502067632&auto=format&q=92&s=0f36b44b75d1a0220f119c8b639dad95"
    },
    "chosen_currency": null,
    "id": 2000580800,
    "is_registered": true,
    "name": "Ashish Gulhati",
    "slug": "hash42",
    "urls": {
      "api": {
        "user": "https://api.kickstarter.com/v1/users/2000580800?signature=1524102698.182db8f4beb6098b49e95afa8f051c58a9bcaf7d"
      },
      "web": {
        "user": "https://www.kickstarter.com/profile/hash42"
      }
    }
  },
  "currency": "CAD",
  "currency_symbol": "$",
  "currency_trailing_code": true,
  "current_currency": "USD",
  "deadline": 1502935200,
  "disable_communication": false,
  "fx_rate": 0.79525709,
  "goal": 1024.0,
  "id": 1029562103,
  "is_starrable": false,
  "launched_at": 1499756481,
  "location": {
    "country": "CA",
    "displayable_name": "Vancouver, Canada",
    "id": 9807,
    "is_root": false,
    "localized_name": "Vancouver",
    "name": "Vancouver",
    "short_name": "Vancouver, Canada",
    "slug": "vancouver-ca",
    "state": "BC",
    "type": "Town",
    "urls": {
      "api": {
        "nearby_projects": "https://api.kickstarter.com/v1/discover?signature=1524082113.29e8e3dda887a009e1324efb832e96ddb6221ad2&woe_id=9807"
      },
      "web": {
        "discover": "https://www.kickstarter.com/discover/places/vancouver-ca",
        "location": "https://www.kickstarter.com/locations/vancouver-ca"
      }
    }
  },
  "name": "Noodle Pi - The Complete Raspberry Pi Handheld Computer",
  "photo": {
    "1024x576": "https://ksr-ugc.imgix.net/assets/017/420/687/d626da6439b405d224fbc64057da608f_original.jpg?crop=faces&w=1024&h=576&fit=crop&v=1500769830&auto=format&q=92&s=efedd62b76bdf7483d48e231bf66f378",
    "1536x864": "https://ksr-ugc.imgix.net/assets/017/420/687/d626da6439b405d224fbc64057da608f_original.jpg?crop=faces&w=1552&h=873&fit=crop&v=1500769830&auto=format&q=92&s=4ec106575f67ba700c9cd5d66aee3c34",
    "ed": "https://ksr-ugc.imgix.net/assets/017/420/687/d626da6439b405d224fbc64057da608f_original.jpg?crop=faces&w=352&h=198&fit=crop&v=1500769830&auto=format&q=92&s=95f4977cb2a7db04cc06a508183ffd63",
    "full": "https://ksr-ugc.imgix.net/assets/017/420/687/d626da6439b405d224fbc64057da608f_original.jpg?crop=faces&w=560&h=315&fit=crop&v=1500769830&auto=format&q=92&s=e4c138d4be39db9ce19fb5603b85b189",
    "key": "assets/017/420/687/d626da6439b405d224fbc64057da608f_original.jpg",
    "little": "https://ksr-ugc.imgix.net/assets/017/420/687/d626da6439b405d224fbc64057da608f_original.jpg?crop=faces&w=208&h=117&fit=crop&v=1500769830&auto=format&q=92&s=9dd6ec3e6e59d3c31e556ce253529ad3",
    "med": "https://ksr-ugc.imgix.net/assets/017/420/687/d626da6439b405d224fbc64057da608f_original.jpg?crop=faces&w=272&h=153&fit=crop&v=1500769830&auto=format&q=92&s=873470bf2992bea6b188858384ab136f",
    "small": "https://ksr-ugc.imgix.net/assets/017/420/687/d626da6439b405d224fbc64057da608f_original.jpg?crop=faces&w=160&h=90&fit=crop&v=1500769830&auto=format&q=92&s=4fa7171b62b769ada0663e97c3ee810d",
    "thumb": "https://ksr-ugc.imgix.net/assets/017/420/687/d626da6439b405d224fbc64057da608f_original.jpg?crop=faces&w=48&h=27&fit=crop&v=1500769830&auto=format&q=92&s=5e1866905674068caeb2b8adcd01cceb"
  },
  "pledged": 13111.0,
  "profile": {
    "background_color": "",
    "background_image_opacity": 0.8,
    "blurb": "Tiny and feature-packed, with hi-res display, camera, battery, WiFi, Bluetooth, HDMI, USB, MicroSD. A full GNU/Linux computer in your pocket!",
    "feature_image_attributes": {
      "image_urls": {
        "baseball_card": "https://ksr-ugc.imgix.net/assets/017/420/687/d626da6439b405d224fbc64057da608f_original.jpg?crop=faces&w=560&h=315&fit=crop&v=1500769830&auto=format&q=92&s=e4c138d4be39db9ce19fb5603b85b189",
        "default": "https://ksr-ugc.imgix.net/assets/017/420/687/d626da6439b405d224fbc64057da608f_original.jpg?crop=faces&w=1552&h=873&fit=crop&v=1500769830&auto=format&q=92&s=4ec106575f67ba700c9cd5d66aee3c34"
      }
    },
    "id": 2980367,
    "link_background_color": "22cf75",
    "link_text": "Order now!",
    "link_text_color": "",
    "link_url": "http://www.noodlepi.com/store.html",
    "name": "Noodle Pi - The smallest and lightest personal computer",
    "project_id": 2980367,
    "should_show_feature_image_section": true,
    "show_feature_image": false,
    "state": "active",
    "state_changed_at": 1503115177,
    "text_color": ""
  },
  "slug": "noodle-pi-the-complete-raspberry-pi-pocket-compute",
  "spotlight": true,
  "staff_pick": false,
  "state": "successful",
  "state_changed_at": 1502935200,
  "static_usd_rate": 0.77620105,
  "urls": {
    "web": {
      "project": "https://www.kickstarter.com/projects/hash42/noodle-pi-the-complete-raspberry-pi-pocket-compute?ref=category_newest",
      "rewards": "https://www.kickstarter.com/projects/hash42/noodle-pi-the-complete-raspberry-pi-pocket-compute/rewards"
    }
  },
  "usd_pledged": "10176.77196655",
  "usd_type": "international"
}