{
  "backers_count": 2,
  "blurb": "uTenants is an online platform that helps renters from getting continually screwed by landlords.",
  "category": {
    "color": 6526716,
    "id": 51,
    "name": "Software",
    "parent_id": 16,
    "position": 11,
    "slug": "technology/software",
    "urls": {
      "web": {
        "discover": "http://www.kickstarter.com/discover/categories/technology/software"
      }
    }
  },
  "converted_pledged_amount": 2,
  "country": "US",
  "created_at": 1467405897,
  "creator": {
    "avatar": {
      "medium": "https://ksr-ugc.imgix.net/assets/012/929/036/c91eea8868c8ec2d8a7e7be57e6e32b9_original.jpg?w=160&h=160&fit=crop&v=1467406797&auto=format&q=92&s=f368349bd1bd88848b7d5a880f5a98be",
      "small": "https://ksr-ugc.imgix.net/assets/012/929/036/c91eea8868c8ec2d8a7e7be57e6e32b9_original.jpg?w=160&h=160&fit=crop&v=1467406797&auto=format&q=92&s=f368349bd1bd88848b7d5a880f5a98be",
      "thumb": "https://ksr-ugc.imgix.net/assets/012/929/036/c91eea8868c8ec2d8a7e7be57e6e32b9_original.jpg?w=40&h=40&fit=crop&v=1467406797&auto=format&q=92&s=9e3c5ad91478667345836f68ae93b190"
    },
    "chosen_currency": null,
    "id": 1514534619,
    "is_registered": true,
    "name": "Bobby Sitro",
    "urls": {
      "api": {
        "user": "https://api.kickstarter.com/v1/users/1514534619?signature=1524102380.ae4207791ab5327ad30312541ba7b6bd4c3fe3de"
      },
      "web": {
        "user": "https://www.kickstarter.com/profile/1514534619"
      }
    }
  },
  "currency": "USD",
  "currency_symbol": "$",
  "currency_trailing_code": true,
  "current_currency": "USD",
  "deadline": 1470322240,
  "disable_communication": false,
  "fx_rate": 1.0,
  "goal": 100000.0,
  "id": 1029088354,
  "is_starrable": false,
  "launched_at": 1467730240,
  "location": {
    "country": "US",
    "displayable_name": "Manhattan, NY",
    "id": 12589342,
    "is_root": false,
    "localized_name": "Manhattan",
    "name": "Manhattan",
    "short_name": "Manhattan, NY",
    "slug": "manhattan-ny",
    "state": "NY",
    "type": "County",
    "urls": {
      "api": {
        "nearby_projects": "https://api.kickstarter.com/v1/discover?signature=1524082109.9a9de47121f87f5e57a51fef3bf18b096392f3e6&woe_id=12589342"
      },
      "web": {
        "discover": "https://www.kickstarter.com/discover/places/manhattan-ny",
        "location": "https://www.kickstarter.com/locations/manhattan-ny"
      }
    }
  },
  "name": "uTenants",
  "photo": {
    "1024x576": "https://ksr-ugc.imgix.net/assets/012/928/988/c79529ba3e2f5fe7133be8449ef5fba8_original.png?crop=faces&w=1024&h=576&fit=crop&v=1467406470&auto=format&q=92&s=cc54b610eaff691283ab2d0644e66ab7",
    "1536x864": "https://ksr-ugc.imgix.net/assets/012/928/988/c79529ba3e2f5fe7133be8449ef5fba8_original.png?crop=faces&w=1552&h=873&fit=crop&v=1467406470&auto=format&q=92&s=1d400f111a3dec4aae7f61d9a733ab2c",
    "ed": "https://ksr-ugc.imgix.net/assets/012/928/988/c79529ba3e2f5fe7133be8449ef5fba8_original.png?crop=faces&w=352&h=198&fit=crop&v=1467406470&auto=format&q=92&s=4e915eddcfc4e5119696140981c6c0ef",
    "full": "https://ksr-ugc.imgix.net/assets/012/928/988/c79529ba3e2f5fe7133be8449ef5fba8_original.png?crop=faces&w=560&h=315&fit=crop&v=1467406470&auto=format&q=92&s=dd970f88c29831d8944de8d2b89b0730",
    "key": "assets/012/928/988/c79529ba3e2f5fe7133be8449ef5fba8_original.png",
    "little": "https://ksr-ugc.imgix.net/assets/012/928/988/c79529ba3e2f5fe7133be8449ef5fba8_original.png?crop=faces&w=208&h=117&fit=crop&v=1467406470&auto=format&q=92&s=823edb8d46577a9b838257bf119786ba",
    "med": "https://ksr-ugc.imgix.net/assets/012/928/988/c79529ba3e2f5fe7133be8449ef5fba8_original.png?crop=faces&w=272&h=153&fit=crop&v=1467406470&auto=format&q=92&s=70e3cac39b8a9c926c6361fd665f563f",
    "small": "https://ksr-ugc.imgix.net/assets/012/928/988/c79529ba3e2f5fe7133be8449ef5fba8_original.png?crop=faces&w=160&h=90&fit=crop&v=1467406470&auto=format&q=92&s=b0d7f43b0dc6fbdca13423e0dde0dc72",
    "thumb": "https://ksr-ugc.imgix.net/assets/012/928/988/c79529ba3e2f5fe7133be8449ef5fba8_original.png?crop=faces&w=48&h=27&fit=crop&v=1467406470&auto=format&q=92&s=cd44781f3bda054a33fda695f514ff84"
  },
  "pledged": 2.0,
  "profile": {
    "background_color": null,
    "background_image_opacity": 0.8,
    "blurb": null,
    "feature_image_attributes": {
      "image_urls": {
        "baseball_card": "https://ksr-ugc.imgix.net/assets/012/928/988/c79529ba3e2f5fe7133be8449ef5fba8_original.png?crop=faces&w=560&h=315&fit=crop&v=1467406470&auto=format&q=92&s=dd970f88c29831d8944de8d2b89b0730",
        "default": "https://ksr-ugc.imgix.net/assets/012/928/988/c79529ba3e2f5fe7133be8449ef5fba8_original.png?crop=faces&w=1552&h=873&fit=crop&v=1467406470&auto=format&q=92&s=1d400f111a3dec4aae7f61d9a733ab2c"
      }
    },
    "id": 2583386,
    "link_background_color": null,
    "link_text": null,
    "link_text_color": null,
    "link_url": null,
    "name": null,
    "project_id": 2583386,
    "should_show_feature_image_section": true,
    "show_feature_image": false,
    "state": "inactive",
    "state_changed_at": 1467405898,
    "text_color": null
  },
  "slug": "utenants",
  "spotlight": false,
  "staff_pick": false,
  "state": "failed",
  "state_changed_at": 1470322241,
  "static_usd_rate": 1.0,
  "urls": {
    "web": {
      "project": "https://www.kickstarter.com/projects/1514534619/utenants?ref=category_newest",
      "rewards": "https://www.kickstarter.com/projects/1514534619/utenants/rewards"
    }
  },
  "usd_pledged": "2.0",
  "usd_type": "international"
}