{
  "backers_count": 4,
  "blurb": "How would you like a first person view into our amazing underwater world or the aquarium in your own living room? Now its possible.",
  "category": {
    "color": 6526716,
    "id": 338,
    "name": "Robots",
    "parent_id": 16,
    "position": 10,
    "slug": "technology/robots",
    "urls": {
      "web": {
        "discover": "http://www.kickstarter.com/discover/categories/technology/robots"
      }
    }
  },
  "converted_pledged_amount": 226,
  "country": "US",
  "created_at": 1405305722,
  "creator": {
    "avatar": {
      "medium": "https://ksr-ugc.imgix.net/assets/008/875/404/046057c637a1778cc77619a9130d2505_original.jpg?w=160&h=160&fit=crop&v=1461547802&auto=format&q=92&s=3b8e1675e3c3378d82359b9fd32b6953",
      "small": "https://ksr-ugc.imgix.net/assets/008/875/404/046057c637a1778cc77619a9130d2505_original.jpg?w=160&h=160&fit=crop&v=1461547802&auto=format&q=92&s=3b8e1675e3c3378d82359b9fd32b6953",
      "thumb": "https://ksr-ugc.imgix.net/assets/008/875/404/046057c637a1778cc77619a9130d2505_original.jpg?w=40&h=40&fit=crop&v=1461547802&auto=format&q=92&s=199892a24a7b92569750806707a7a699"
    },
    "chosen_currency": null,
    "id": 965198042,
    "is_registered": true,
    "name": "Bobby Johnson",
    "urls": {
      "api": {
        "user": "https://api.kickstarter.com/v1/users/965198042?signature=1524101928.ce58f657d865bf58afb7792a8a2cfad5971c1538"
      },
      "web": {
        "user": "https://www.kickstarter.com/profile/965198042"
      }
    }
  },
  "currency": "USD",
  "currency_symbol": "$",
  "currency_trailing_code": true,
  "current_currency": "USD",
  "deadline": 1411237338,
  "disable_communication": false,
  "fx_rate": 1.0,
  "goal": 30000.0,
  "id": 1029277178,
  "is_starrable": false,
  "launched_at": 1406053338,
  "location": {
    "country": "US",
    "displayable_name": "Houston, TX",
    "id": 2424766,
    "is_root": false,
    "localized_name": "Houston",
    "name": "Houston",
    "short_name": "Houston, TX",
    "slug": "houston-tx",
    "state": "TX",
    "type": "Town",
    "urls": {
      "api": {
        "nearby_projects": "https://api.kickstarter.com/v1/discover?signature=1524082110.d515a4d0da140649118811d7c8495340c1099473&woe_id=2424766"
      },
      "web": {
        "discover": "https://www.kickstarter.com/discover/places/houston-tx",
        "location": "https://www.kickstarter.com/locations/houston-tx"
      }
    }
  },
  "name": "Aqua-View: Your Robotic Connection To An Underwater World!",
  "photo": {
    "1024x576": "https://ksr-ugc.imgix.net/assets/011/781/799/6e82034e450d6d0c9ef60110d53ee9c9_original.jpg?crop=faces&w=1024&h=576&fit=crop&v=1463693719&auto=format&q=92&s=c7443c6d508172c778017d04aae0f2a0",
    "1536x864": "https://ksr-ugc.imgix.net/assets/011/781/799/6e82034e450d6d0c9ef60110d53ee9c9_original.jpg?crop=faces&w=1552&h=873&fit=crop&v=1463693719&auto=format&q=92&s=5a80ab0e30c74fd1d683517908fe6d11",
    "ed": "https://ksr-ugc.imgix.net/assets/011/781/799/6e82034e450d6d0c9ef60110d53ee9c9_original.jpg?crop=faces&w=352&h=198&fit=crop&v=1463693719&auto=format&q=92&s=39851b6141019fe353551f7865269e2e",
    "full": "https://ksr-ugc.imgix.net/assets/011/781/799/6e82034e450d6d0c9ef60110d53ee9c9_original.jpg?crop=faces&w=560&h=315&fit=crop&v=1463693719&auto=format&q=92&s=04f37e99bdba65be473bc676db91ea22",
    "key": "assets/011/781/799/6e82034e450d6d0c9ef60110d53ee9c9_original.jpg",
    "little": "https://ksr-ugc.imgix.net/assets/011/781/799/6e82034e450d6d0c9ef60110d53ee9c9_original.jpg?crop=faces&w=208&h=117&fit=crop&v=1463693719&auto=format&q=92&s=fee5f2b18499d3cefc8d6213f8713ee8",
    "med": "https://ksr-ugc.imgix.net/assets/011/781/799/6e82034e450d6d0c9ef60110d53ee9c9_original.jpg?crop=faces&w=272&h=153&fit=crop&v=1463693719&auto=format&q=92&s=704bb17858b7edd6de525cedfc8678db",
    "small": "https://ksr-ugc.imgix.net/assets/011/781/799/6e82034e450d6d0c9ef60110d53ee9c9_original.jpg?crop=faces&w=160&h=90&fit=crop&v=1463693719&auto=format&q=92&s=3c5d6baeedf530a832e22a91ef04f8be",
    "thumb": "https://ksr-ugc.imgix.net/assets/011/781/799/6e82034e450d6d0c9ef60110d53ee9c9_original.jpg?crop=faces&w=48&h=27&fit=crop&v=1463693719&auto=format&q=92&s=b4e971ed9e446958bb272c73d422510e"
  },
  "pledged": 226.0,
  "profile": {
    "background_color": null,
    "background_image_opacity": 0.8,
    "blurb": null,
    "feature_image_attributes": {
      "image_urls": {
        "baseball_card": "https://ksr-ugc.imgix.net/assets/011/781/799/6e82034e450d6d0c9ef60110d53ee9c9_original.jpg?crop=faces&w=560&h=315&fit=crop&v=1463693719&auto=format&q=92&s=04f37e99bdba65be473bc676db91ea22",
        "default": "https://ksr-ugc.imgix.net/assets/011/781/799/6e82034e450d6d0c9ef60110d53ee9c9_original.jpg?crop=faces&w=1552&h=873&fit=crop&v=1463693719&auto=format&q=92&s=5a80ab0e30c74fd1d683517908fe6d11"
      }
    },
    "id": 1178206,
    "link_background_color": null,
    "link_text": null,
    "link_text_color": null,
    "link_url": null,
    "name": null,
    "project_id": 1178206,
    "should_show_feature_image_section": true,
    "show_feature_image": false,
    "state": "inactive",
    "state_changed_at": 1425915865,
    "text_color": null
  },
  "slug": "aqua-view-your-robotic-connection-to-an-underwater",
  "spotlight": false,
  "staff_pick": false,
  "state": "failed",
  "state_changed_at": 1411237338,
  "static_usd_rate": 1.0,
  "urls": {
    "web": {
      "project": "https://www.kickstarter.com/projects/965198042/aqua-view-your-robotic-connection-to-an-underwater?ref=category_newest",
      "rewards": "https://www.kickstarter.com/projects/965198042/aqua-view-your-robotic-connection-to-an-underwater/rewards"
    }
  },
  "usd_pledged": "226.0",
  "usd_type": "international"
}