{
  "backers_count": 6,
  "blurb": "The space/moon race is on. We are all in. Alberta, Canada is ideally poised to repurpose its oil,gas and coal economy and HR potential",
  "category": {
    "color": 6526716,
    "id": 340,
    "name": "Space Exploration",
    "parent_id": 16,
    "position": 13,
    "slug": "technology/space exploration",
    "urls": {
      "web": {
        "discover": "http://www.kickstarter.com/discover/categories/technology/space%20exploration"
      }
    }
  },
  "converted_pledged_amount": 20,
  "country": "CA",
  "created_at": 1508343107,
  "creator": {
    "avatar": {
      "medium": "https://ksr-ugc.imgix.net/assets/018/809/730/1b357235d571ebb28ca3e77c70777db9_original.jpg?w=160&h=160&fit=crop&v=1508342942&auto=format&q=92&s=ee8c29894d22ee3c0fc0d1839ba114c3",
      "small": "https://ksr-ugc.imgix.net/assets/018/809/730/1b357235d571ebb28ca3e77c70777db9_original.jpg?w=160&h=160&fit=crop&v=1508342942&auto=format&q=92&s=ee8c29894d22ee3c0fc0d1839ba114c3",
      "thumb": "https://ksr-ugc.imgix.net/assets/018/809/730/1b357235d571ebb28ca3e77c70777db9_original.jpg?w=40&h=40&fit=crop&v=1508342942&auto=format&q=92&s=2f92972605797082e8ad1fb333bdf51e"
    },
    "chosen_currency": null,
    "id": 1958527164,
    "is_registered": true,
    "name": "Execu Ventures Incorporated",
    "urls": {
      "api": {
        "user": "https://api.kickstarter.com/v1/users/1958527164?signature=1524102631.a8b52df70a94d9221f9781f1b4da15343d0ebaf8"
      },
      "web": {
        "user": "https://www.kickstarter.com/profile/1958527164"
      }
    }
  },
  "currency": "CAD",
  "currency_symbol": "$",
  "currency_trailing_code": true,
  "current_currency": "USD",
  "deadline": 1513615056,
  "disable_communication": true,
  "fx_rate": 0.79525709,
  "goal": 100000.0,
  "id": 1029845933,
  "is_starrable": false,
  "launched_at": 1508427456,
  "location": {
    "country": "CA",
    "displayable_name": "Edmonton, Canada",
    "id": 8676,
    "is_root": false,
    "localized_name": "Edmonton",
    "name": "Edmonton",
    "short_name": "Edmonton, Canada",
    "slug": "edmonton-ca",
    "state": "AB",
    "type": "Town",
    "urls": {
      "api": {
        "nearby_projects": "https://api.kickstarter.com/v1/discover?signature=1524082115.d69e1d3e21de06c28160086476413ebab88a46e2&woe_id=8676"
      },
      "web": {
        "discover": "https://www.kickstarter.com/discover/places/edmonton-ca",
        "location": "https://www.kickstarter.com/locations/edmonton-ca"
      }
    }
  },
  "name": "Lunar Industrialization (Suspended)",
  "photo": {
    "1024x576": "https://ksr-ugc.imgix.net/assets/018/809/813/73bef478e5f5a112801dca6466d2648d_original.jpg?crop=faces&w=1024&h=576&fit=crop&v=1508343165&auto=format&q=92&s=48a64cc1730809725107173ff575c9ce",
    "1536x864": "https://ksr-ugc.imgix.net/assets/018/809/813/73bef478e5f5a112801dca6466d2648d_original.jpg?crop=faces&w=1552&h=873&fit=crop&v=1508343165&auto=format&q=92&s=830304768799c718aa19958b87465bbd",
    "ed": "https://ksr-ugc.imgix.net/assets/018/809/813/73bef478e5f5a112801dca6466d2648d_original.jpg?crop=faces&w=352&h=198&fit=crop&v=1508343165&auto=format&q=92&s=c98d771aae863e71508713fff6f23d53",
    "full": "https://ksr-ugc.imgix.net/assets/018/809/813/73bef478e5f5a112801dca6466d2648d_original.jpg?crop=faces&w=560&h=315&fit=crop&v=1508343165&auto=format&q=92&s=a1e28ede6f2ee39562a9c991da8f6b08",
    "key": "assets/018/809/813/73bef478e5f5a112801dca6466d2648d_original.jpg",
    "little": "https://ksr-ugc.imgix.net/assets/018/809/813/73bef478e5f5a112801dca6466d2648d_original.jpg?crop=faces&w=208&h=117&fit=crop&v=1508343165&auto=format&q=92&s=dd1d92a93721778ca2bf26db2c7ad4db",
    "med": "https://ksr-ugc.imgix.net/assets/018/809/813/73bef478e5f5a112801dca6466d2648d_original.jpg?crop=faces&w=272&h=153&fit=crop&v=1508343165&auto=format&q=92&s=1961889315356848e2f5c66ab691f825",
    "small": "https://ksr-ugc.imgix.net/assets/018/809/813/73bef478e5f5a112801dca6466d2648d_original.jpg?crop=faces&w=160&h=90&fit=crop&v=1508343165&auto=format&q=92&s=fd99094ac3f9b233df8766cf8c98c7d3",
    "thumb": "https://ksr-ugc.imgix.net/assets/018/809/813/73bef478e5f5a112801dca6466d2648d_original.jpg?crop=faces&w=48&h=27&fit=crop&v=1508343165&auto=format&q=92&s=3524c8f2a35fb87fba5ea15b7dfb8564"
  },
  "pledged": 26.0,
  "profile": {
    "background_color": null,
    "background_image_opacity": 0.8,
    "blurb": null,
    "feature_image_attributes": {
      "image_urls": {
        "baseball_card": "https://ksr-ugc.imgix.net/assets/018/809/813/73bef478e5f5a112801dca6466d2648d_original.jpg?crop=faces&w=560&h=315&fit=crop&v=1508343165&auto=format&q=92&s=a1e28ede6f2ee39562a9c991da8f6b08",
        "default": "https://ksr-ugc.imgix.net/assets/018/809/813/73bef478e5f5a112801dca6466d2648d_original.jpg?crop=faces&w=1552&h=873&fit=crop&v=1508343165&auto=format&q=92&s=830304768799c718aa19958b87465bbd"
      }
    },
    "id": 3188463,
    "link_background_color": null,
    "link_text": null,
    "link_text_color": null,
    "link_url": null,
    "name": null,
    "project_id": 3188463,
    "should_show_feature_image_section": true,
    "show_feature_image": false,
    "state": "inactive",
    "state_changed_at": 1508343107,
    "text_color": null
  },
  "slug": "lunar-industrialization",
  "spotlight": false,
  "staff_pick": false,
  "state": "suspended",
  "state_changed_at": 1509568172,
  "static_usd_rate": 0.79988162,
  "urls": {
    "web": {
      "project": "https://www.kickstarter.com/projects/1958527164/lunar-industrialization?ref=category_newest",
      "rewards": "https://www.kickstarter.com/projects/1958527164/lunar-industrialization/rewards"
    }
  },
  "usd_pledged": "20.79692212",
  "usd_type": "international"
}