{
  "backers_count": 46,
  "blurb": "Jump start the population on easy to use Open-Source web development.",
  "category": {
    "color": 6526716,
    "id": 51,
    "name": "Software",
    "parent_id": 16,
    "position": 11,
    "slug": "technology/software",
    "urls": {
      "web": {
        "discover": "http://www.kickstarter.com/discover/categories/technology/software"
      }
    }
  },
  "converted_pledged_amount": 2543,
  "country": "US",
  "created_at": 1340213255,
  "creator": {
    "avatar": {
      "medium": "https://ksr-ugc.imgix.net/assets/006/714/819/5528c72e99d0d33a7e376acf28bf8c94_original.jpg?w=160&h=160&fit=crop&v=1461406525&auto=format&q=92&s=7f696df766b689deafac8e844fd96b7a",
      "small": "https://ksr-ugc.imgix.net/assets/006/714/819/5528c72e99d0d33a7e376acf28bf8c94_original.jpg?w=160&h=160&fit=crop&v=1461406525&auto=format&q=92&s=7f696df766b689deafac8e844fd96b7a",
      "thumb": "https://ksr-ugc.imgix.net/assets/006/714/819/5528c72e99d0d33a7e376acf28bf8c94_original.jpg?w=40&h=40&fit=crop&v=1461406525&auto=format&q=92&s=c4233a54582520029fc95a063805e747"
    },
    "chosen_currency": null,
    "id": 433281978,
    "is_registered": true,
    "name": "Matthew Carnali",
    "urls": {
      "api": {
        "user": "https://api.kickstarter.com/v1/users/433281978?signature=1524102012.e80738290872102227a8e72858ffd85a6aa73fec"
      },
      "web": {
        "user": "https://www.kickstarter.com/profile/433281978"
      }
    }
  },
  "currency": "USD",
  "currency_symbol": "$",
  "currency_trailing_code": true,
  "current_currency": "USD",
  "deadline": 1344553345,
  "disable_communication": false,
  "fx_rate": 1.0,
  "goal": 2500.0,
  "id": 1029980241,
  "is_starrable": false,
  "launched_at": 1340665345,
  "location": {
    "country": "US",
    "displayable_name": "Harrisonburg, VA",
    "id": 2418117,
    "is_root": false,
    "localized_name": "Harrisonburg",
    "name": "Harrisonburg",
    "short_name": "Harrisonburg, VA",
    "slug": "harrisonburg-va",
    "state": "VA",
    "type": "Town",
    "urls": {
      "api": {
        "nearby_projects": "https://api.kickstarter.com/v1/discover?signature=1524082188.faa7178897081794a893775287dc3f385a112498&woe_id=2418117"
      },
      "web": {
        "discover": "https://www.kickstarter.com/discover/places/harrisonburg-va",
        "location": "https://www.kickstarter.com/locations/harrisonburg-va"
      }
    }
  },
  "name": "OpenSource Tutorials",
  "photo": {
    "1024x576": "https://ksr-ugc.imgix.net/assets/011/383/931/ac1432b48d13a66a05ca5912cfa3c5ac_original.jpg?crop=faces&w=1024&h=576&fit=crop&v=1463681842&auto=format&q=92&s=93f661986c02359ae7bebe16baecb14e",
    "1536x864": "https://ksr-ugc.imgix.net/assets/011/383/931/ac1432b48d13a66a05ca5912cfa3c5ac_original.jpg?crop=faces&w=1552&h=873&fit=crop&v=1463681842&auto=format&q=92&s=03a61129d5b8378ffd18b014d1c647bf",
    "ed": "https://ksr-ugc.imgix.net/assets/011/383/931/ac1432b48d13a66a05ca5912cfa3c5ac_original.jpg?crop=faces&w=352&h=198&fit=crop&v=1463681842&auto=format&q=92&s=de453787bff1943b8417cf6293d1a904",
    "full": "https://ksr-ugc.imgix.net/assets/011/383/931/ac1432b48d13a66a05ca5912cfa3c5ac_original.jpg?crop=faces&w=560&h=315&fit=crop&v=1463681842&auto=format&q=92&s=7bfb4f39d2eafc185ed6eb14d962bac8",
    "key": "assets/011/383/931/ac1432b48d13a66a05ca5912cfa3c5ac_original.jpg",
    "little": "https://ksr-ugc.imgix.net/assets/011/383/931/ac1432b48d13a66a05ca5912cfa3c5ac_original.jpg?crop=faces&w=208&h=117&fit=crop&v=1463681842&auto=format&q=92&s=a6df59e56066542daec6b905fc7d3481",
    "med": "https://ksr-ugc.imgix.net/assets/011/383/931/ac1432b48d13a66a05ca5912cfa3c5ac_original.jpg?crop=faces&w=272&h=153&fit=crop&v=1463681842&auto=format&q=92&s=020d0a19f5d87da77375bfe06231a2c9",
    "small": "https://ksr-ugc.imgix.net/assets/011/383/931/ac1432b48d13a66a05ca5912cfa3c5ac_original.jpg?crop=faces&w=160&h=90&fit=crop&v=1463681842&auto=format&q=92&s=fa730e62eb8644e37c72ea9b4ce93a9d",
    "thumb": "https://ksr-ugc.imgix.net/assets/011/383/931/ac1432b48d13a66a05ca5912cfa3c5ac_original.jpg?crop=faces&w=48&h=27&fit=crop&v=1463681842&auto=format&q=92&s=9b26f11990d19e7a116a8b610f98ba9c"
  },
  "pledged": 2543.0,
  "profile": {
    "background_color": null,
    "background_image_opacity": 0.8,
    "blurb": null,
    "feature_image_attributes": {
      "image_urls": {
        "baseball_card": "https://ksr-ugc.imgix.net/assets/011/383/931/ac1432b48d13a66a05ca5912cfa3c5ac_original.jpg?crop=faces&w=560&h=315&fit=crop&v=1463681842&auto=format&q=92&s=7bfb4f39d2eafc185ed6eb14d962bac8",
        "default": "https://ksr-ugc.imgix.net/assets/011/383/931/ac1432b48d13a66a05ca5912cfa3c5ac_original.jpg?crop=faces&w=1552&h=873&fit=crop&v=1463681842&auto=format&q=92&s=03a61129d5b8378ffd18b014d1c647bf"
      }
    },
    "id": 233432,
    "link_background_color": null,
    "link_text": null,
    "link_text_color": null,
    "link_url": null,
    "name": null,
    "project_id": 233432,
    "should_show_feature_image_section": true,
    "show_feature_image": false,
    "state": "inactive",
    "state_changed_at": 1425915813,
    "text_color": null
  },
  "slug": "opensource-tutorials",
  "spotlight": true,
  "staff_pick": false,
  "state": "successful",
  "state_changed_at": 1344553345,
  "static_usd_rate": 1.0,
  "urls": {
    "web": {
      "project": "https://www.kickstarter.com/projects/433281978/opensource-tutorials?ref=category_newest",
      "rewards": "https://www.kickstarter.com/projects/433281978/opensource-tutorials/rewards"
    }
  },
  "usd_pledged": "2543.0",
  "usd_type": "international"
}