{
  "backers_count": 18,
  "blurb": "Second generation of ONEclassic, an audiophile wireless speaker by DECT technology. Fresher look, Better sound",
  "category": {
    "color": 6526716,
    "id": 339,
    "name": "Sound",
    "parent_id": 16,
    "position": 12,
    "slug": "technology/sound",
    "urls": {
      "web": {
        "discover": "http://www.kickstarter.com/discover/categories/technology/sound"
      }
    }
  },
  "converted_pledged_amount": 13513,
  "country": "HK",
  "created_at": 1472605289,
  "creator": {
    "avatar": {
      "medium": "https://ksr-ugc.imgix.net/assets/010/927/655/9f037496919c289936e08ed8271e4953_original.jpg?w=160&h=160&fit=crop&v=1461720990&auto=format&q=92&s=f7f0c0c9a43e3b12310140e69fddffbc",
      "small": "https://ksr-ugc.imgix.net/assets/010/927/655/9f037496919c289936e08ed8271e4953_original.jpg?w=160&h=160&fit=crop&v=1461720990&auto=format&q=92&s=f7f0c0c9a43e3b12310140e69fddffbc",
      "thumb": "https://ksr-ugc.imgix.net/assets/010/927/655/9f037496919c289936e08ed8271e4953_original.jpg?w=40&h=40&fit=crop&v=1461720990&auto=format&q=92&s=b7cdb6f3a5dc6bd7b6b4825ec707b412"
    },
    "chosen_currency": null,
    "id": 1479338836,
    "is_registered": true,
    "name": "ONEaudio",
    "slug": "oneaudio",
    "urls": {
      "api": {
        "user": "https://api.kickstarter.com/v1/users/1479338836?signature=1524102559.4dc664c4e4a42fc4f3284553c24c5019d05235d7"
      },
      "web": {
        "user": "https://www.kickstarter.com/profile/oneaudio"
      }
    }
  },
  "currency": "HKD",
  "currency_symbol": "$",
  "currency_trailing_code": true,
  "current_currency": "USD",
  "deadline": 1480521540,
  "disable_communication": false,
  "fx_rate": 0.12739259,
  "goal": 25000.0,
  "id": 103027618,
  "is_starrable": false,
  "launched_at": 1478487920,
  "location": {
    "country": "HK",
    "displayable_name": "Hong Kong, Hong Kong",
    "id": 2165352,
    "is_root": false,
    "localized_name": "Hong Kong",
    "name": "Hong Kong",
    "short_name": "Hong Kong, Hong Kong",
    "slug": "hong-kong-hk",
    "state": "Hong Kong Island",
    "type": "Town",
    "urls": {
      "api": {
        "nearby_projects": "https://api.kickstarter.com/v1/discover?signature=1524082113.5d479e0d689ac9e7d32eb35653124fc0b374587a&woe_id=2165352"
      },
      "web": {
        "discover": "https://www.kickstarter.com/discover/places/hong-kong-hk",
        "location": "https://www.kickstarter.com/locations/hong-kong-hk"
      }
    }
  },
  "name": "ONEclassic2: DECT Wireless Speakers That Sound 200K Setup (Canceled)",
  "photo": {
    "1024x576": "https://ksr-ugc.imgix.net/assets/014/091/179/2d54e7c5cef37cd18a1c36a3276e14f5_original.jpg?crop=faces&w=1024&h=576&fit=crop&v=1477829258&auto=format&q=92&s=3935d03dab504c5085b424554c7f4d95",
    "1536x864": "https://ksr-ugc.imgix.net/assets/014/091/179/2d54e7c5cef37cd18a1c36a3276e14f5_original.jpg?crop=faces&w=1552&h=873&fit=crop&v=1477829258&auto=format&q=92&s=3c4d327207c785ffbb435668adb73ab7",
    "ed": "https://ksr-ugc.imgix.net/assets/014/091/179/2d54e7c5cef37cd18a1c36a3276e14f5_original.jpg?crop=faces&w=352&h=198&fit=crop&v=1477829258&auto=format&q=92&s=4d45000d9cb3296fe3326ad1b0562cc7",
    "full": "https://ksr-ugc.imgix.net/assets/014/091/179/2d54e7c5cef37cd18a1c36a3276e14f5_original.jpg?crop=faces&w=560&h=315&fit=crop&v=1477829258&auto=format&q=92&s=189c6238f86f64fdf8d81e24d9abcc03",
    "key": "assets/014/091/179/2d54e7c5cef37cd18a1c36a3276e14f5_original.jpg",
    "little": "https://ksr-ugc.imgix.net/assets/014/091/179/2d54e7c5cef37cd18a1c36a3276e14f5_original.jpg?crop=faces&w=208&h=117&fit=crop&v=1477829258&auto=format&q=92&s=4c5580faa000db8137ab6ef482730908",
    "med": "https://ksr-ugc.imgix.net/assets/014/091/179/2d54e7c5cef37cd18a1c36a3276e14f5_original.jpg?crop=faces&w=272&h=153&fit=crop&v=1477829258&auto=format&q=92&s=c918dfd5dd041ef26d51e7fc4b3310cb",
    "small": "https://ksr-ugc.imgix.net/assets/014/091/179/2d54e7c5cef37cd18a1c36a3276e14f5_original.jpg?crop=faces&w=160&h=90&fit=crop&v=1477829258&auto=format&q=92&s=542af9eeda2c7d675ef328758b616672",
    "thumb": "https://ksr-ugc.imgix.net/assets/014/091/179/2d54e7c5cef37cd18a1c36a3276e14f5_original.jpg?crop=faces&w=48&h=27&fit=crop&v=1477829258&auto=format&q=92&s=1b03ee27f93009970350a4a1c713cdb3"
  },
  "pledged": 104820.0,
  "profile": {
    "background_color": null,
    "background_image_opacity": 0.8,
    "blurb": null,
    "feature_image_attributes": {
      "image_urls": {
        "baseball_card": "https://ksr-ugc.imgix.net/assets/014/091/179/2d54e7c5cef37cd18a1c36a3276e14f5_original.jpg?crop=faces&w=560&h=315&fit=crop&v=1477829258&auto=format&q=92&s=189c6238f86f64fdf8d81e24d9abcc03",
        "default": "https://ksr-ugc.imgix.net/assets/014/091/179/2d54e7c5cef37cd18a1c36a3276e14f5_original.jpg?crop=faces&w=1552&h=873&fit=crop&v=1477829258&auto=format&q=92&s=3c4d327207c785ffbb435668adb73ab7"
      }
    },
    "id": 2659626,
    "link_background_color": null,
    "link_text": null,
    "link_text_color": null,
    "link_url": null,
    "name": null,
    "project_id": 2659626,
    "should_show_feature_image_section": true,
    "show_feature_image": false,
    "state": "inactive",
    "state_changed_at": 1472605289,
    "text_color": null
  },
  "slug": "oneclassic2-dect-wireless-speakers-that-sound-200k",
  "spotlight": false,
  "staff_pick": true,
  "state": "canceled",
  "state_changed_at": 1478917934,
  "static_usd_rate": 0.12893999,
  "urls": {
    "web": {
      "project": "https://www.kickstarter.com/projects/oneaudio/oneclassic2-dect-wireless-speakers-that-sound-200k?ref=category_newest",
      "rewards": "https://www.kickstarter.com/projects/oneaudio/oneclassic2-dect-wireless-speakers-that-sound-200k/rewards"
    }
  },
  "usd_pledged": "13515.4897518",
  "usd_type": "international"
}