{
  "backers_count": 0,
  "blurb": "The new way of social media",
  "category": {
    "color": 6526716,
    "id": 342,
    "name": "Web",
    "parent_id": 16,
    "position": 15,
    "slug": "technology/web",
    "urls": {
      "web": {
        "discover": "http://www.kickstarter.com/discover/categories/technology/web"
      }
    }
  },
  "converted_pledged_amount": 0,
  "country": "NL",
  "created_at": 1447689286,
  "creator": {
    "avatar": {
      "medium": "https://ksr-ugc.imgix.net/assets/009/344/410/894dedf1931bf69d048f79dfa741af54_original.jpg?w=160&h=160&fit=crop&v=1461582982&auto=format&q=92&s=a0b4462ab5f1da3575008bc7de989af2",
      "small": "https://ksr-ugc.imgix.net/assets/009/344/410/894dedf1931bf69d048f79dfa741af54_original.jpg?w=160&h=160&fit=crop&v=1461582982&auto=format&q=92&s=a0b4462ab5f1da3575008bc7de989af2",
      "thumb": "https://ksr-ugc.imgix.net/assets/009/344/410/894dedf1931bf69d048f79dfa741af54_original.jpg?w=40&h=40&fit=crop&v=1461582982&auto=format&q=92&s=4b331f7d38d8cf1f36ae8118f8d19b3b"
    },
    "chosen_currency": null,
    "id": 693727348,
    "is_registered": true,
    "name": "Ionut Coman",
    "urls": {
      "api": {
        "user": "https://api.kickstarter.com/v1/users/693727348?signature=1524103258.ff3c75280a5bbdccfb33ce8f80c78fd6ba92a4c7"
      },
      "web": {
        "user": "https://www.kickstarter.com/profile/693727348"
      }
    }
  },
  "currency": "EUR",
  "currency_symbol": "\u20ac",
  "currency_trailing_code": false,
  "current_currency": "USD",
  "deadline": 1450335562,
  "disable_communication": false,
  "fx_rate": 1.23814016,
  "goal": 5000.0,
  "id": 1030624959,
  "is_starrable": false,
  "launched_at": 1447743562,
  "location": {
    "country": "NL",
    "displayable_name": "Eindhoven, Netherlands",
    "id": 729028,
    "is_root": false,
    "localized_name": "Eindhoven",
    "name": "Eindhoven",
    "short_name": "Eindhoven, Netherlands",
    "slug": "eindhoven-nl",
    "state": "North Brabant",
    "type": "Town",
    "urls": {
      "api": {
        "nearby_projects": "https://api.kickstarter.com/v1/discover?signature=1524082145.2df7f19cb9d52421fbe5ac9b504c477efbc4ce11&woe_id=729028"
      },
      "web": {
        "discover": "https://www.kickstarter.com/discover/places/eindhoven-nl",
        "location": "https://www.kickstarter.com/locations/eindhoven-nl"
      }
    }
  },
  "name": "CTWay",
  "photo": {
    "1024x576": "https://ksr-ugc.imgix.net/assets/012/309/235/4a309d2881d4e5f4d7854f47becb7311_original.jpg?crop=faces&w=1024&h=576&fit=crop&v=1463755245&auto=format&q=92&s=b85055b7b91c0eb7ad16e95982633e65",
    "1536x864": "https://ksr-ugc.imgix.net/assets/012/309/235/4a309d2881d4e5f4d7854f47becb7311_original.jpg?crop=faces&w=1552&h=873&fit=crop&v=1463755245&auto=format&q=92&s=85db9e54ec24efd175bce2ccdaa5320f",
    "ed": "https://ksr-ugc.imgix.net/assets/012/309/235/4a309d2881d4e5f4d7854f47becb7311_original.jpg?crop=faces&w=352&h=198&fit=crop&v=1463755245&auto=format&q=92&s=79a53025f1209939d59b4b00cf143198",
    "full": "https://ksr-ugc.imgix.net/assets/012/309/235/4a309d2881d4e5f4d7854f47becb7311_original.jpg?crop=faces&w=560&h=315&fit=crop&v=1463755245&auto=format&q=92&s=ad8264fa2a171cd9ed5d703c143e3f7a",
    "key": "assets/012/309/235/4a309d2881d4e5f4d7854f47becb7311_original.jpg",
    "little": "https://ksr-ugc.imgix.net/assets/012/309/235/4a309d2881d4e5f4d7854f47becb7311_original.jpg?crop=faces&w=208&h=117&fit=crop&v=1463755245&auto=format&q=92&s=4c7a6b984a2fe4a2d05c55150bab05c8",
    "med": "https://ksr-ugc.imgix.net/assets/012/309/235/4a309d2881d4e5f4d7854f47becb7311_original.jpg?crop=faces&w=272&h=153&fit=crop&v=1463755245&auto=format&q=92&s=fbbc125b5d915732249c4eefe687ed16",
    "small": "https://ksr-ugc.imgix.net/assets/012/309/235/4a309d2881d4e5f4d7854f47becb7311_original.jpg?crop=faces&w=160&h=90&fit=crop&v=1463755245&auto=format&q=92&s=181d5e0c03ca65c065829cbea1c86452",
    "thumb": "https://ksr-ugc.imgix.net/assets/012/309/235/4a309d2881d4e5f4d7854f47becb7311_original.jpg?crop=faces&w=48&h=27&fit=crop&v=1463755245&auto=format&q=92&s=6b63b948c21c5a451a194d0be75c0ca7"
  },
  "pledged": 0.0,
  "profile": {
    "background_color": null,
    "background_image_opacity": 0.8,
    "blurb": null,
    "feature_image_attributes": {
      "image_urls": {
        "baseball_card": "https://ksr-ugc.imgix.net/assets/012/309/235/4a309d2881d4e5f4d7854f47becb7311_original.jpg?crop=faces&w=560&h=315&fit=crop&v=1463755245&auto=format&q=92&s=ad8264fa2a171cd9ed5d703c143e3f7a",
        "default": "https://ksr-ugc.imgix.net/assets/012/309/235/4a309d2881d4e5f4d7854f47becb7311_original.jpg?crop=faces&w=1552&h=873&fit=crop&v=1463755245&auto=format&q=92&s=85db9e54ec24efd175bce2ccdaa5320f"
      }
    },
    "id": 2231663,
    "link_background_color": null,
    "link_text": null,
    "link_text_color": null,
    "link_url": null,
    "name": null,
    "project_id": 2231663,
    "should_show_feature_image_section": true,
    "show_feature_image": false,
    "state": "inactive",
    "state_changed_at": 1447689286,
    "text_color": null
  },
  "slug": "ctbway",
  "spotlight": false,
  "staff_pick": false,
  "state": "failed",
  "state_changed_at": 1450335562,
  "static_usd_rate": 1.07232511,
  "urls": {
    "web": {
      "project": "https://www.kickstarter.com/projects/693727348/ctbway?ref=category_newest",
      "rewards": "https://www.kickstarter.com/projects/693727348/ctbway/rewards"
    }
  },
  "usd_pledged": "0.0",
  "usd_type": "international"
}