{
  "backers_count": 2148,
  "blurb": "We have revolutionized the traditional power strip with the POWERQUBE. The 21st century charging solution for iPads, iPhones, Androids.",
  "category": {
    "color": 6526716,
    "id": 52,
    "name": "Hardware",
    "parent_id": 16,
    "position": 8,
    "slug": "technology/hardware",
    "urls": {
      "web": {
        "discover": "http://www.kickstarter.com/discover/categories/technology/hardware"
      }
    }
  },
  "converted_pledged_amount": 98001,
  "country": "US",
  "created_at": 1364898976,
  "creator": {
    "avatar": {
      "medium": "https://ksr-ugc.imgix.net/assets/007/434/727/71e9246e3d295909797aa9ea83d861f3_original.jpg?w=160&h=160&fit=crop&v=1461457135&auto=format&q=92&s=2f8887f179b9254b0f10770ef3f43d19",
      "small": "https://ksr-ugc.imgix.net/assets/007/434/727/71e9246e3d295909797aa9ea83d861f3_original.jpg?w=160&h=160&fit=crop&v=1461457135&auto=format&q=92&s=2f8887f179b9254b0f10770ef3f43d19",
      "thumb": "https://ksr-ugc.imgix.net/assets/007/434/727/71e9246e3d295909797aa9ea83d861f3_original.jpg?w=40&h=40&fit=crop&v=1461457135&auto=format&q=92&s=ad40d8dd8d29105c3627e338ef7517ef"
    },
    "chosen_currency": null,
    "id": 203337667,
    "is_registered": true,
    "name": "Scott Weaver",
    "urls": {
      "api": {
        "user": "https://api.kickstarter.com/v1/users/203337667?signature=1524101444.58d2b81de439a1162ec0531a9084ab90ad94a057"
      },
      "web": {
        "user": "https://www.kickstarter.com/profile/203337667"
      }
    }
  },
  "currency": "USD",
  "currency_symbol": "$",
  "currency_trailing_code": true,
  "current_currency": "USD",
  "deadline": 1373837431,
  "disable_communication": false,
  "fx_rate": 1.0,
  "goal": 75000.0,
  "id": 1030119189,
  "is_starrable": false,
  "launched_at": 1371245431,
  "location": {
    "country": "US",
    "displayable_name": "Indianapolis, IN",
    "id": 2427032,
    "is_root": false,
    "localized_name": "Indianapolis",
    "name": "Indianapolis",
    "short_name": "Indianapolis, IN",
    "slug": "indianapolis-in",
    "state": "IN",
    "type": "Town",
    "urls": {
      "api": {
        "nearby_projects": "https://api.kickstarter.com/v1/discover?signature=1524082111.a13422b6d046c57baa0649a21027488e40941e8d&woe_id=2427032"
      },
      "web": {
        "discover": "https://www.kickstarter.com/discover/places/indianapolis-in",
        "location": "https://www.kickstarter.com/locations/indianapolis-in"
      }
    }
  },
  "name": "POWERQUBE - The 21st Century solution to the power strip",
  "photo": {
    "1024x576": "https://ksr-ugc.imgix.net/assets/011/502/762/ac6e53bbc134d7d0eed6893ca4291fa8_original.png?crop=faces&w=1024&h=576&fit=crop&v=1463683674&auto=format&q=92&s=a8a001841ab4958862b1763a942537f3",
    "1536x864": "https://ksr-ugc.imgix.net/assets/011/502/762/ac6e53bbc134d7d0eed6893ca4291fa8_original.png?crop=faces&w=1552&h=873&fit=crop&v=1463683674&auto=format&q=92&s=4130914fbdca65ccd346472e7488446c",
    "ed": "https://ksr-ugc.imgix.net/assets/011/502/762/ac6e53bbc134d7d0eed6893ca4291fa8_original.png?crop=faces&w=352&h=198&fit=crop&v=1463683674&auto=format&q=92&s=8c31a037fc694a42e62f0e69d691268f",
    "full": "https://ksr-ugc.imgix.net/assets/011/502/762/ac6e53bbc134d7d0eed6893ca4291fa8_original.png?crop=faces&w=560&h=315&fit=crop&v=1463683674&auto=format&q=92&s=1d024d22d282ea5c835f9884e94def48",
    "key": "assets/011/502/762/ac6e53bbc134d7d0eed6893ca4291fa8_original.png",
    "little": "https://ksr-ugc.imgix.net/assets/011/502/762/ac6e53bbc134d7d0eed6893ca4291fa8_original.png?crop=faces&w=208&h=117&fit=crop&v=1463683674&auto=format&q=92&s=ff2e25f60acffcd58f53aee6ecd1f515",
    "med": "https://ksr-ugc.imgix.net/assets/011/502/762/ac6e53bbc134d7d0eed6893ca4291fa8_original.png?crop=faces&w=272&h=153&fit=crop&v=1463683674&auto=format&q=92&s=10abcc3be052c80a2a185c6d869883d2",
    "small": "https://ksr-ugc.imgix.net/assets/011/502/762/ac6e53bbc134d7d0eed6893ca4291fa8_original.png?crop=faces&w=160&h=90&fit=crop&v=1463683674&auto=format&q=92&s=f3ee23d39f64d6e586819db21ecc67f7",
    "thumb": "https://ksr-ugc.imgix.net/assets/011/502/762/ac6e53bbc134d7d0eed6893ca4291fa8_original.png?crop=faces&w=48&h=27&fit=crop&v=1463683674&auto=format&q=92&s=a44bf9d5b79a66d74f88158abbd082e8"
  },
  "pledged": 98001.0,
  "profile": {
    "background_color": null,
    "background_image_opacity": 0.8,
    "blurb": null,
    "feature_image_attributes": {
      "image_urls": {
        "baseball_card": "https://ksr-ugc.imgix.net/assets/011/502/762/ac6e53bbc134d7d0eed6893ca4291fa8_original.png?crop=faces&w=560&h=315&fit=crop&v=1463683674&auto=format&q=92&s=1d024d22d282ea5c835f9884e94def48",
        "default": "https://ksr-ugc.imgix.net/assets/011/502/762/ac6e53bbc134d7d0eed6893ca4291fa8_original.png?crop=faces&w=1552&h=873&fit=crop&v=1463683674&auto=format&q=92&s=4130914fbdca65ccd346472e7488446c"
      }
    },
    "id": 522063,
    "link_background_color": null,
    "link_text": null,
    "link_text_color": null,
    "link_url": null,
    "name": null,
    "project_id": 522063,
    "should_show_feature_image_section": true,
    "show_feature_image": false,
    "state": "inactive",
    "state_changed_at": 1425915828,
    "text_color": null
  },
  "slug": "powerqube-the-21st-century-solution-to-the-power-s",
  "spotlight": true,
  "staff_pick": false,
  "state": "successful",
  "state_changed_at": 1373837432,
  "static_usd_rate": 1.0,
  "urls": {
    "web": {
      "project": "https://www.kickstarter.com/projects/203337667/powerqube-the-21st-century-solution-to-the-power-s?ref=category_newest",
      "rewards": "https://www.kickstarter.com/projects/203337667/powerqube-the-21st-century-solution-to-the-power-s/rewards"
    }
  },
  "usd_pledged": "98001.0",
  "usd_type": "international"
}