{
  "backers_count": 7,
  "blurb": "A donor has agreed to match donations raised for noisivelvet. Edit! Due to a mix up the matching funds must be raised by 7-16-2010!",
  "category": {
    "color": 6526716,
    "id": 52,
    "name": "Hardware",
    "parent_id": 16,
    "position": 8,
    "slug": "technology/hardware",
    "urls": {
      "web": {
        "discover": "http://www.kickstarter.com/discover/categories/technology/hardware"
      }
    }
  },
  "converted_pledged_amount": 240,
  "country": "US",
  "created_at": 1277854598,
  "creator": {
    "avatar": {
      "medium": "https://ksr-ugc.imgix.net/assets/005/832/854/9b3c339464de64a7912b4e1b4e28b334_original.jpg?w=160&h=160&fit=crop&v=1461087897&auto=format&q=92&s=873ee53f125e8202a113152edd752582",
      "small": "https://ksr-ugc.imgix.net/assets/005/832/854/9b3c339464de64a7912b4e1b4e28b334_original.jpg?w=160&h=160&fit=crop&v=1461087897&auto=format&q=92&s=873ee53f125e8202a113152edd752582",
      "thumb": "https://ksr-ugc.imgix.net/assets/005/832/854/9b3c339464de64a7912b4e1b4e28b334_original.jpg?w=40&h=40&fit=crop&v=1461087897&auto=format&q=92&s=acdd1b409c3c3cefd816aa6fd9f4c51d"
    },
    "chosen_currency": null,
    "id": 345598377,
    "is_registered": true,
    "name": "Joe Baldwin",
    "urls": {
      "api": {
        "user": "https://api.kickstarter.com/v1/users/345598377?signature=1524101636.1abd54b9bbe864e38d277c4d1b1227cca728a0f8"
      },
      "web": {
        "user": "https://www.kickstarter.com/profile/345598377"
      }
    }
  },
  "currency": "USD",
  "currency_symbol": "$",
  "currency_trailing_code": true,
  "current_currency": "USD",
  "deadline": 1280635140,
  "disable_communication": false,
  "fx_rate": 1.0,
  "goal": 15000.0,
  "id": 1030448552,
  "is_starrable": false,
  "launched_at": 1277855654,
  "location": {
    "country": "US",
    "displayable_name": "Chicago, IL",
    "id": 2379574,
    "is_root": false,
    "localized_name": "Chicago",
    "name": "Chicago",
    "short_name": "Chicago, IL",
    "slug": "chicago-il",
    "state": "IL",
    "type": "Town",
    "urls": {
      "api": {
        "nearby_projects": "https://api.kickstarter.com/v1/discover?signature=1524082109.31708ace3e69ccffe11c24591d897227bd8b67f0&woe_id=2379574"
      },
      "web": {
        "discover": "https://www.kickstarter.com/discover/places/chicago-il",
        "location": "https://www.kickstarter.com/locations/chicago-il"
      }
    }
  },
  "name": "Matching funds for noisivelvet/mobile garden Edit Date: July 16!!",
  "photo": {
    "1024x576": "https://ksr-ugc.imgix.net/assets/011/264/130/cd756e566999242fd17ba3efd9c7fe85_original.jpg?crop=faces&w=1024&h=576&fit=crop&v=1463673815&auto=format&q=92&s=bfcab5407c09a7323db7c3445e510228",
    "1536x864": "https://ksr-ugc.imgix.net/assets/011/264/130/cd756e566999242fd17ba3efd9c7fe85_original.jpg?crop=faces&w=1552&h=873&fit=crop&v=1463673815&auto=format&q=92&s=e33f885169fca23a62c752ccbc5aa648",
    "ed": "https://ksr-ugc.imgix.net/assets/011/264/130/cd756e566999242fd17ba3efd9c7fe85_original.jpg?crop=faces&w=352&h=198&fit=crop&v=1463673815&auto=format&q=92&s=730dd28a7f938dd858ecfe93189d1aa7",
    "full": "https://ksr-ugc.imgix.net/assets/011/264/130/cd756e566999242fd17ba3efd9c7fe85_original.jpg?crop=faces&w=560&h=315&fit=crop&v=1463673815&auto=format&q=92&s=0352899e54d83086417094c5c47ee895",
    "key": "assets/011/264/130/cd756e566999242fd17ba3efd9c7fe85_original.jpg",
    "little": "https://ksr-ugc.imgix.net/assets/011/264/130/cd756e566999242fd17ba3efd9c7fe85_original.jpg?crop=faces&w=208&h=117&fit=crop&v=1463673815&auto=format&q=92&s=222eb31e662784b81c714eef910681ee",
    "med": "https://ksr-ugc.imgix.net/assets/011/264/130/cd756e566999242fd17ba3efd9c7fe85_original.jpg?crop=faces&w=272&h=153&fit=crop&v=1463673815&auto=format&q=92&s=c872861d86d77458b6efb9877bc714d5",
    "small": "https://ksr-ugc.imgix.net/assets/011/264/130/cd756e566999242fd17ba3efd9c7fe85_original.jpg?crop=faces&w=160&h=90&fit=crop&v=1463673815&auto=format&q=92&s=7be667eb1b96fb3b98ff534f4578ab0c",
    "thumb": "https://ksr-ugc.imgix.net/assets/011/264/130/cd756e566999242fd17ba3efd9c7fe85_original.jpg?crop=faces&w=48&h=27&fit=crop&v=1463673815&auto=format&q=92&s=b95efd2a9eba2627fec12f262dc2cf4e"
  },
  "pledged": 240.0,
  "profile": {
    "background_color": null,
    "background_image_opacity": 0.8,
    "blurb": null,
    "feature_image_attributes": {
      "image_urls": {
        "baseball_card": "https://ksr-ugc.imgix.net/assets/011/264/130/cd756e566999242fd17ba3efd9c7fe85_original.jpg?crop=faces&w=560&h=315&fit=crop&v=1463673815&auto=format&q=92&s=0352899e54d83086417094c5c47ee895",
        "default": "https://ksr-ugc.imgix.net/assets/011/264/130/cd756e566999242fd17ba3efd9c7fe85_original.jpg?crop=faces&w=1552&h=873&fit=crop&v=1463673815&auto=format&q=92&s=e33f885169fca23a62c752ccbc5aa648"
      }
    },
    "id": 8486,
    "link_background_color": null,
    "link_text": null,
    "link_text_color": null,
    "link_url": null,
    "name": null,
    "project_id": 8486,
    "should_show_feature_image_section": true,
    "show_feature_image": false,
    "state": "inactive",
    "state_changed_at": 1425915801,
    "text_color": null
  },
  "slug": "matching-funds-for-noisivelvet-mobile-garden",
  "spotlight": false,
  "staff_pick": false,
  "state": "failed",
  "state_changed_at": 1280635296,
  "static_usd_rate": 1.0,
  "urls": {
    "web": {
      "project": "https://www.kickstarter.com/projects/345598377/matching-funds-for-noisivelvet-mobile-garden?ref=category_newest",
      "rewards": "https://www.kickstarter.com/projects/345598377/matching-funds-for-noisivelvet-mobile-garden/rewards"
    }
  },
  "usd_pledged": "240.0",
  "usd_type": "international"
}