{
  "backers_count": 0,
  "blurb": "To develop an effective heat loss calculator, that incorporates fluctuating temperature & insulation R values to help reduce fuel use",
  "category": {
    "color": 6526716,
    "id": 332,
    "name": "Apps",
    "parent_id": 16,
    "position": 2,
    "slug": "technology/apps",
    "urls": {
      "web": {
        "discover": "http://www.kickstarter.com/discover/categories/technology/apps"
      }
    }
  },
  "converted_pledged_amount": 0,
  "country": "CA",
  "created_at": 1409524938,
  "creator": {
    "avatar": {
      "medium": "https://ksr-ugc.imgix.net/assets/009/247/779/c969306ebb56cb555737905aa8ec6464_original.png?w=160&h=160&fit=crop&v=1461567803&auto=format&q=92&s=0925bf5f251344bc9a30ba2ffd69537d",
      "small": "https://ksr-ugc.imgix.net/assets/009/247/779/c969306ebb56cb555737905aa8ec6464_original.png?w=160&h=160&fit=crop&v=1461567803&auto=format&q=92&s=0925bf5f251344bc9a30ba2ffd69537d",
      "thumb": "https://ksr-ugc.imgix.net/assets/009/247/779/c969306ebb56cb555737905aa8ec6464_original.png?w=40&h=40&fit=crop&v=1461567803&auto=format&q=92&s=bf124649ebc27da08f02aa5fe6a0525b"
    },
    "chosen_currency": null,
    "id": 2111928819,
    "is_registered": true,
    "name": "Rockford Boyer",
    "urls": {
      "api": {
        "user": "https://api.kickstarter.com/v1/users/2111928819?signature=1524100245.4e8d24ea6f4c5319838e6fe10d0a5d20f500226a"
      },
      "web": {
        "user": "https://www.kickstarter.com/profile/2111928819"
      }
    }
  },
  "currency": "CAD",
  "currency_symbol": "$",
  "currency_trailing_code": true,
  "current_currency": "USD",
  "deadline": 1413587427,
  "disable_communication": false,
  "fx_rate": 0.79525709,
  "goal": 25000.0,
  "id": 1030028348,
  "is_starrable": false,
  "launched_at": 1409699427,
  "location": {
    "country": "CA",
    "displayable_name": "Waterdown, Canada",
    "id": 1899,
    "is_root": false,
    "localized_name": "Waterdown",
    "name": "Waterdown",
    "short_name": "Waterdown, Canada",
    "slug": "waterdown-hamilton-ca",
    "state": "ON",
    "type": "Suburb",
    "urls": {
      "api": {
        "nearby_projects": "https://api.kickstarter.com/v1/discover?signature=1524089558.12322fb44c6f40d395a2be8f77288c50b721275c&woe_id=1899"
      },
      "web": {
        "discover": "https://www.kickstarter.com/discover/places/waterdown-hamilton-ca",
        "location": "https://www.kickstarter.com/locations/waterdown-hamilton-ca"
      }
    }
  },
  "name": "Effective Building Envelope Energy Calculator",
  "photo": {
    "1024x576": "https://ksr-ugc.imgix.net/assets/011/855/157/2a95025dfe247e3ac654845966986560_original.jpg?crop=faces&w=1024&h=576&fit=crop&v=1463704630&auto=format&q=92&s=8dd2a438bfda1e4a75067f289d688246",
    "1536x864": "https://ksr-ugc.imgix.net/assets/011/855/157/2a95025dfe247e3ac654845966986560_original.jpg?crop=faces&w=1552&h=873&fit=crop&v=1463704630&auto=format&q=92&s=3e24f05babb524d3a99ee532da91ed93",
    "ed": "https://ksr-ugc.imgix.net/assets/011/855/157/2a95025dfe247e3ac654845966986560_original.jpg?crop=faces&w=352&h=198&fit=crop&v=1463704630&auto=format&q=92&s=2d8984398bbbdd1a99e35e67c5928bf5",
    "full": "https://ksr-ugc.imgix.net/assets/011/855/157/2a95025dfe247e3ac654845966986560_original.jpg?crop=faces&w=560&h=315&fit=crop&v=1463704630&auto=format&q=92&s=0b74be861128608b248e449c68f44084",
    "key": "assets/011/855/157/2a95025dfe247e3ac654845966986560_original.jpg",
    "little": "https://ksr-ugc.imgix.net/assets/011/855/157/2a95025dfe247e3ac654845966986560_original.jpg?crop=faces&w=208&h=117&fit=crop&v=1463704630&auto=format&q=92&s=ca70083bfc6756d09076c5de27fd3d8e",
    "med": "https://ksr-ugc.imgix.net/assets/011/855/157/2a95025dfe247e3ac654845966986560_original.jpg?crop=faces&w=272&h=153&fit=crop&v=1463704630&auto=format&q=92&s=40eb8b250b905f48f443a8f3873e0ffc",
    "small": "https://ksr-ugc.imgix.net/assets/011/855/157/2a95025dfe247e3ac654845966986560_original.jpg?crop=faces&w=160&h=90&fit=crop&v=1463704630&auto=format&q=92&s=9df91c49540dcf6d54ea6fd1649e5778",
    "thumb": "https://ksr-ugc.imgix.net/assets/011/855/157/2a95025dfe247e3ac654845966986560_original.jpg?crop=faces&w=48&h=27&fit=crop&v=1463704630&auto=format&q=92&s=44bf91103cede1b348b66d1e0a2e0857"
  },
  "pledged": 0.0,
  "profile": {
    "background_color": null,
    "background_image_opacity": 0.8,
    "blurb": null,
    "feature_image_attributes": {
      "image_urls": {
        "baseball_card": "https://ksr-ugc.imgix.net/assets/011/855/157/2a95025dfe247e3ac654845966986560_original.jpg?crop=faces&w=560&h=315&fit=crop&v=1463704630&auto=format&q=92&s=0b74be861128608b248e449c68f44084",
        "default": "https://ksr-ugc.imgix.net/assets/011/855/157/2a95025dfe247e3ac654845966986560_original.jpg?crop=faces&w=1552&h=873&fit=crop&v=1463704630&auto=format&q=92&s=3e24f05babb524d3a99ee532da91ed93"
      }
    },
    "id": 1330358,
    "link_background_color": null,
    "link_text": null,
    "link_text_color": null,
    "link_url": null,
    "name": null,
    "project_id": 1330358,
    "should_show_feature_image_section": true,
    "show_feature_image": false,
    "state": "inactive",
    "state_changed_at": 1425915873,
    "text_color": null
  },
  "slug": "effective-building-envelope-energy-calculator",
  "spotlight": false,
  "staff_pick": false,
  "state": "failed",
  "state_changed_at": 1413587427,
  "static_usd_rate": 0.91957574,
  "urls": {
    "web": {
      "project": "https://www.kickstarter.com/projects/2111928819/effective-building-envelope-energy-calculator?ref=category_newest",
      "rewards": "https://www.kickstarter.com/projects/2111928819/effective-building-envelope-energy-calculator/rewards"
    }
  },
  "usd_pledged": "0.0",
  "usd_type": "international"
}