{
  "backers_count": 8,
  "blurb": "Just finishing up the design of this 3D Model Painter. It will bring your printed models to life with amazing detail.",
  "category": {
    "color": 6526716,
    "id": 331,
    "name": "3D Printing",
    "parent_id": 16,
    "position": 1,
    "slug": "technology/3d printing",
    "urls": {
      "web": {
        "discover": "http://www.kickstarter.com/discover/categories/technology/3d%20printing"
      }
    }
  },
  "converted_pledged_amount": 11275,
  "country": "IE",
  "created_at": 1431814645,
  "creator": {
    "avatar": {
      "medium": "https://ksr-ugc.imgix.net/assets/009/552/692/f2749d23136638b6008df8f7680673a0_original.JPG?w=160&h=160&fit=crop&v=1461602761&auto=format&q=92&s=f3b384bb514aa2594739e0c3fe297c32",
      "small": "https://ksr-ugc.imgix.net/assets/009/552/692/f2749d23136638b6008df8f7680673a0_original.JPG?w=160&h=160&fit=crop&v=1461602761&auto=format&q=92&s=f3b384bb514aa2594739e0c3fe297c32",
      "thumb": "https://ksr-ugc.imgix.net/assets/009/552/692/f2749d23136638b6008df8f7680673a0_original.JPG?w=40&h=40&fit=crop&v=1461602761&auto=format&q=92&s=b1f7f2ff0e7a2489831f1a4d1f558897"
    },
    "chosen_currency": null,
    "id": 1720512507,
    "is_registered": true,
    "name": "keith redmond",
    "slug": "thatfella",
    "urls": {
      "api": {
        "user": "https://api.kickstarter.com/v1/users/1720512507?signature=1524100073.f573af0ee0d414bf7eff8fc22905f4d7236d4284"
      },
      "web": {
        "user": "https://www.kickstarter.com/profile/thatfella"
      }
    }
  },
  "currency": "EUR",
  "currency_symbol": "\u20ac",
  "currency_trailing_code": false,
  "current_currency": "USD",
  "deadline": 1434410473,
  "disable_communication": true,
  "fx_rate": 1.23814016,
  "goal": 25000.0,
  "id": 103166051,
  "is_starrable": false,
  "launched_at": 1431818473,
  "location": {
    "country": "IE",
    "displayable_name": "Dublin, Ireland",
    "id": 560743,
    "is_root": false,
    "localized_name": "Dublin",
    "name": "Dublin",
    "short_name": "Dublin, Ireland",
    "slug": "dublin-ie",
    "state": "Dublin",
    "type": "Town",
    "urls": {
      "api": {
        "nearby_projects": "https://api.kickstarter.com/v1/discover?signature=1524082115.ce3cb2321280aa6f25f4159ce9fda70deff2f762&woe_id=560743"
      },
      "web": {
        "discover": "https://www.kickstarter.com/discover/places/dublin-ie",
        "location": "https://www.kickstarter.com/locations/dublin-ie"
      }
    }
  },
  "name": "Painter 3D (Suspended)",
  "photo": {
    "1024x576": "https://ksr-ugc.imgix.net/assets/012/140/218/7090ed374e78b41c165debe63d9a28a2_original.jpg?crop=faces&w=1024&h=576&fit=crop&v=1463738358&auto=format&q=92&s=ecb512c29e945dd7c2cd8f054f5d18a2",
    "1536x864": "https://ksr-ugc.imgix.net/assets/012/140/218/7090ed374e78b41c165debe63d9a28a2_original.jpg?crop=faces&w=1552&h=873&fit=crop&v=1463738358&auto=format&q=92&s=3009929df0fd8a72dc1af439250abc40",
    "ed": "https://ksr-ugc.imgix.net/assets/012/140/218/7090ed374e78b41c165debe63d9a28a2_original.jpg?crop=faces&w=352&h=198&fit=crop&v=1463738358&auto=format&q=92&s=5ad0db2cb7d4d156f15141a86b13639b",
    "full": "https://ksr-ugc.imgix.net/assets/012/140/218/7090ed374e78b41c165debe63d9a28a2_original.jpg?crop=faces&w=560&h=315&fit=crop&v=1463738358&auto=format&q=92&s=810b5882e6e0146504c6a110f540045e",
    "key": "assets/012/140/218/7090ed374e78b41c165debe63d9a28a2_original.jpg",
    "little": "https://ksr-ugc.imgix.net/assets/012/140/218/7090ed374e78b41c165debe63d9a28a2_original.jpg?crop=faces&w=208&h=117&fit=crop&v=1463738358&auto=format&q=92&s=1c892e261f33b440a7b79cff2cbca9f2",
    "med": "https://ksr-ugc.imgix.net/assets/012/140/218/7090ed374e78b41c165debe63d9a28a2_original.jpg?crop=faces&w=272&h=153&fit=crop&v=1463738358&auto=format&q=92&s=eaf8b953af1c12036e1cc5ae626e11f5",
    "small": "https://ksr-ugc.imgix.net/assets/012/140/218/7090ed374e78b41c165debe63d9a28a2_original.jpg?crop=faces&w=160&h=90&fit=crop&v=1463738358&auto=format&q=92&s=61ada1b82db6f366f78c79476b85d633",
    "thumb": "https://ksr-ugc.imgix.net/assets/012/140/218/7090ed374e78b41c165debe63d9a28a2_original.jpg?crop=faces&w=48&h=27&fit=crop&v=1463738358&auto=format&q=92&s=a387a9c01d075c8ab2ba7456f4762a13"
  },
  "pledged": 10116.0,
  "profile": {
    "background_color": null,
    "background_image_opacity": 0.8,
    "blurb": null,
    "feature_image_attributes": {
      "image_urls": {
        "baseball_card": "https://ksr-ugc.imgix.net/assets/012/140/218/7090ed374e78b41c165debe63d9a28a2_original.jpg?crop=faces&w=560&h=315&fit=crop&v=1463738358&auto=format&q=92&s=810b5882e6e0146504c6a110f540045e",
        "default": "https://ksr-ugc.imgix.net/assets/012/140/218/7090ed374e78b41c165debe63d9a28a2_original.jpg?crop=faces&w=1552&h=873&fit=crop&v=1463738358&auto=format&q=92&s=3009929df0fd8a72dc1af439250abc40"
      }
    },
    "id": 1903918,
    "link_background_color": null,
    "link_text": null,
    "link_text_color": null,
    "link_url": null,
    "name": null,
    "project_id": 1903918,
    "should_show_feature_image_section": true,
    "show_feature_image": false,
    "state": "inactive",
    "state_changed_at": 1431814645,
    "text_color": null
  },
  "slug": "painter-3d",
  "spotlight": false,
  "staff_pick": false,
  "state": "suspended",
  "state_changed_at": 1432130835,
  "static_usd_rate": 1.1409677,
  "urls": {
    "web": {
      "project": "https://www.kickstarter.com/projects/thatfella/painter-3d?ref=category_newest",
      "rewards": "https://www.kickstarter.com/projects/thatfella/painter-3d/rewards"
    }
  },
  "usd_pledged": "11542.0292532",
  "usd_type": "international"
}