{
  "backers_count": 0,
  "blurb": "NutShell Politics is a new app that will allow candidates to reach voters in a non-traditional way. A safer and smarter way to campaign",
  "category": {
    "color": 6526716,
    "id": 332,
    "name": "Apps",
    "parent_id": 16,
    "position": 2,
    "slug": "technology/apps",
    "urls": {
      "web": {
        "discover": "http://www.kickstarter.com/discover/categories/technology/apps"
      }
    }
  },
  "converted_pledged_amount": 0,
  "country": "US",
  "created_at": 1408216215,
  "creator": {
    "avatar": {
      "medium": "https://ksr-ugc.imgix.net/assets/009/204/130/3eb1da14e3da48c7150acf0328330d94_original.jpg?w=160&h=160&fit=crop&v=1461564307&auto=format&q=92&s=61b72498069a24926da4b67e66a77cf0",
      "small": "https://ksr-ugc.imgix.net/assets/009/204/130/3eb1da14e3da48c7150acf0328330d94_original.jpg?w=160&h=160&fit=crop&v=1461564307&auto=format&q=92&s=61b72498069a24926da4b67e66a77cf0",
      "thumb": "https://ksr-ugc.imgix.net/assets/009/204/130/3eb1da14e3da48c7150acf0328330d94_original.jpg?w=40&h=40&fit=crop&v=1461564307&auto=format&q=92&s=e04a1220f0cddb9bc52af238ba6e7fe2"
    },
    "chosen_currency": null,
    "id": 964766315,
    "is_registered": true,
    "name": "Andre Del Valle",
    "urls": {
      "api": {
        "user": "https://api.kickstarter.com/v1/users/964766315?signature=1524100264.be4257d8389cb0822f1b27396da91f66da3d3fab"
      },
      "web": {
        "user": "https://www.kickstarter.com/profile/964766315"
      }
    }
  },
  "currency": "USD",
  "currency_symbol": "$",
  "currency_trailing_code": true,
  "current_currency": "USD",
  "deadline": 1414990740,
  "disable_communication": false,
  "fx_rate": 1.0,
  "goal": 15000.0,
  "id": 1031794733,
  "is_starrable": false,
  "launched_at": 1412349530,
  "location": {
    "country": "US",
    "displayable_name": "Philadelphia, PA",
    "id": 2471217,
    "is_root": false,
    "localized_name": "Philadelphia",
    "name": "Philadelphia",
    "short_name": "Philadelphia, PA",
    "slug": "philadelphia-pa",
    "state": "PA",
    "type": "Town",
    "urls": {
      "api": {
        "nearby_projects": "https://api.kickstarter.com/v1/discover?signature=1524082110.497c13bc92ce6434d99a6d86dac1b8dd18bc1d7a&woe_id=2471217"
      },
      "web": {
        "discover": "https://www.kickstarter.com/discover/places/philadelphia-pa",
        "location": "https://www.kickstarter.com/locations/philadelphia-pa"
      }
    }
  },
  "name": "NutShell Politics",
  "photo": {
    "1024x576": "https://ksr-ugc.imgix.net/assets/011/838/570/ec45412b2b3ca1f3f5975cfdde1450d1_original.png?crop=faces&w=1024&h=576&fit=crop&v=1463702114&auto=format&q=92&s=ee1d134d19250deec1f06d87da3a4879",
    "1536x864": "https://ksr-ugc.imgix.net/assets/011/838/570/ec45412b2b3ca1f3f5975cfdde1450d1_original.png?crop=faces&w=1552&h=873&fit=crop&v=1463702114&auto=format&q=92&s=c3a4ec91b662d56db5c39adaefc4f7a1",
    "ed": "https://ksr-ugc.imgix.net/assets/011/838/570/ec45412b2b3ca1f3f5975cfdde1450d1_original.png?crop=faces&w=352&h=198&fit=crop&v=1463702114&auto=format&q=92&s=a699dd2fea1ee13fcf1631fbc0cfe4d7",
    "full": "https://ksr-ugc.imgix.net/assets/011/838/570/ec45412b2b3ca1f3f5975cfdde1450d1_original.png?crop=faces&w=560&h=315&fit=crop&v=1463702114&auto=format&q=92&s=1675c965b2e236b883b9a699dd664aa6",
    "key": "assets/011/838/570/ec45412b2b3ca1f3f5975cfdde1450d1_original.png",
    "little": "https://ksr-ugc.imgix.net/assets/011/838/570/ec45412b2b3ca1f3f5975cfdde1450d1_original.png?crop=faces&w=208&h=117&fit=crop&v=1463702114&auto=format&q=92&s=8bb54d1333c96633e395d2e6989dbb41",
    "med": "https://ksr-ugc.imgix.net/assets/011/838/570/ec45412b2b3ca1f3f5975cfdde1450d1_original.png?crop=faces&w=272&h=153&fit=crop&v=1463702114&auto=format&q=92&s=e7d6cc769b168b604aa2d78283273d93",
    "small": "https://ksr-ugc.imgix.net/assets/011/838/570/ec45412b2b3ca1f3f5975cfdde1450d1_original.png?crop=faces&w=160&h=90&fit=crop&v=1463702114&auto=format&q=92&s=6beccd6a57ce1c0aa09e7498ae8c0848",
    "thumb": "https://ksr-ugc.imgix.net/assets/011/838/570/ec45412b2b3ca1f3f5975cfdde1450d1_original.png?crop=faces&w=48&h=27&fit=crop&v=1463702114&auto=format&q=92&s=da72c436435cd9e33240b3703072662b"
  },
  "pledged": 0.0,
  "profile": {
    "background_color": null,
    "background_image_opacity": 0.8,
    "blurb": null,
    "feature_image_attributes": {
      "image_urls": {
        "baseball_card": "https://ksr-ugc.imgix.net/assets/011/838/570/ec45412b2b3ca1f3f5975cfdde1450d1_original.png?crop=faces&w=560&h=315&fit=crop&v=1463702114&auto=format&q=92&s=1675c965b2e236b883b9a699dd664aa6",
        "default": "https://ksr-ugc.imgix.net/assets/011/838/570/ec45412b2b3ca1f3f5975cfdde1450d1_original.png?crop=faces&w=1552&h=873&fit=crop&v=1463702114&auto=format&q=92&s=c3a4ec91b662d56db5c39adaefc4f7a1"
      }
    },
    "id": 1294760,
    "link_background_color": null,
    "link_text": null,
    "link_text_color": null,
    "link_url": null,
    "name": null,
    "project_id": 1294760,
    "should_show_feature_image_section": true,
    "show_feature_image": false,
    "state": "inactive",
    "state_changed_at": 1425915871,
    "text_color": null
  },
  "slug": "nutshell-politics",
  "spotlight": false,
  "staff_pick": false,
  "state": "failed",
  "state_changed_at": 1414990742,
  "static_usd_rate": 1.0,
  "urls": {
    "web": {
      "project": "https://www.kickstarter.com/projects/964766315/nutshell-politics?ref=category_newest",
      "rewards": "https://www.kickstarter.com/projects/964766315/nutshell-politics/rewards"
    }
  },
  "usd_pledged": "0.0",
  "usd_type": "international"
}