{
  "backers_count": 1,
  "blurb": "Walkers, riders, shoppers, joggers, fisherman, golfers, workers, night out. Stop fumbling, forgetting or dropping your smartphone.",
  "category": {
    "color": 6526716,
    "id": 341,
    "name": "Wearables",
    "parent_id": 16,
    "position": 14,
    "slug": "technology/wearables",
    "urls": {
      "web": {
        "discover": "http://www.kickstarter.com/discover/categories/technology/wearables"
      }
    }
  },
  "converted_pledged_amount": 100,
  "country": "US",
  "created_at": 1399970025,
  "creator": {
    "avatar": {
      "medium": "https://ksr-ugc.imgix.net/missing_user_avatar.png?w=160&h=160&fit=crop&v=&auto=format&q=92&s=c40e6ddb23a144ee8beca514ec2d6e58",
      "small": "https://ksr-ugc.imgix.net/missing_user_avatar.png?w=160&h=160&fit=crop&v=&auto=format&q=92&s=c40e6ddb23a144ee8beca514ec2d6e58",
      "thumb": "https://ksr-ugc.imgix.net/missing_user_avatar.png?w=40&h=40&fit=crop&v=&auto=format&q=92&s=8c0db61c92692000c2678b375fc31714"
    },
    "chosen_currency": null,
    "id": 1794210621,
    "is_registered": true,
    "name": "Michael Walker (deleted)",
    "urls": {
      "api": {
        "user": "https://api.kickstarter.com/v1/users/1794210621?signature=1524102822.a5b5aaae8ff20ddb98c093646aa836af383a60f6"
      },
      "web": {
        "user": "https://www.kickstarter.com/profile/1794210621"
      }
    }
  },
  "currency": "USD",
  "currency_symbol": "$",
  "currency_trailing_code": true,
  "current_currency": "USD",
  "deadline": 1403810988,
  "disable_communication": false,
  "fx_rate": 1.0,
  "goal": 43000.0,
  "id": 1031931836,
  "is_starrable": false,
  "launched_at": 1401218988,
  "location": {
    "country": "US",
    "displayable_name": "Fresno, CA",
    "id": 2407517,
    "is_root": false,
    "localized_name": "Fresno",
    "name": "Fresno",
    "short_name": "Fresno, CA",
    "slug": "fresno-ca",
    "state": "CA",
    "type": "Town",
    "urls": {
      "api": {
        "nearby_projects": "https://api.kickstarter.com/v1/discover?signature=1524082120.3143f8e43b1b00cf956f7cb99fc82c001b1a5bc3&woe_id=2407517"
      },
      "web": {
        "discover": "https://www.kickstarter.com/discover/places/fresno-ca",
        "location": "https://www.kickstarter.com/locations/fresno-ca"
      }
    }
  },
  "name": "The Backhand: Truely, hands -freedom (Canceled)",
  "photo": {
    "1024x576": "https://ksr-ugc.imgix.net/assets/011/704/350/60c3c841c582f53970ab55f2061a4f5d_original.jpg?crop=faces&w=1024&h=576&fit=crop&v=1463687020&auto=format&q=92&s=b2cf7ae256f733baa8fa3c1f73b115f8",
    "1536x864": "https://ksr-ugc.imgix.net/assets/011/704/350/60c3c841c582f53970ab55f2061a4f5d_original.jpg?crop=faces&w=1552&h=873&fit=crop&v=1463687020&auto=format&q=92&s=f74f86fa14b78b3c5d4c5e292bcabbf9",
    "ed": "https://ksr-ugc.imgix.net/assets/011/704/350/60c3c841c582f53970ab55f2061a4f5d_original.jpg?crop=faces&w=352&h=198&fit=crop&v=1463687020&auto=format&q=92&s=df601b9609ff14f9b107632282dfd201",
    "full": "https://ksr-ugc.imgix.net/assets/011/704/350/60c3c841c582f53970ab55f2061a4f5d_original.jpg?crop=faces&w=560&h=315&fit=crop&v=1463687020&auto=format&q=92&s=c6891e6643d75882b7db23532406ae60",
    "key": "assets/011/704/350/60c3c841c582f53970ab55f2061a4f5d_original.jpg",
    "little": "https://ksr-ugc.imgix.net/assets/011/704/350/60c3c841c582f53970ab55f2061a4f5d_original.jpg?crop=faces&w=208&h=117&fit=crop&v=1463687020&auto=format&q=92&s=39ea9f3d724f937e4e13a715d13e2bcf",
    "med": "https://ksr-ugc.imgix.net/assets/011/704/350/60c3c841c582f53970ab55f2061a4f5d_original.jpg?crop=faces&w=272&h=153&fit=crop&v=1463687020&auto=format&q=92&s=ff612baebce343f6ed8f322af86eab09",
    "small": "https://ksr-ugc.imgix.net/assets/011/704/350/60c3c841c582f53970ab55f2061a4f5d_original.jpg?crop=faces&w=160&h=90&fit=crop&v=1463687020&auto=format&q=92&s=e4196f8062cac00f2add263447c794c2",
    "thumb": "https://ksr-ugc.imgix.net/assets/011/704/350/60c3c841c582f53970ab55f2061a4f5d_original.jpg?crop=faces&w=48&h=27&fit=crop&v=1463687020&auto=format&q=92&s=03ca98dfff0e614e01e4a08623e2bca8"
  },
  "pledged": 100.0,
  "profile": {
    "background_color": null,
    "background_image_opacity": 0.8,
    "blurb": null,
    "feature_image_attributes": {
      "image_urls": {
        "baseball_card": "https://ksr-ugc.imgix.net/assets/011/704/350/60c3c841c582f53970ab55f2061a4f5d_original.jpg?crop=faces&w=560&h=315&fit=crop&v=1463687020&auto=format&q=92&s=c6891e6643d75882b7db23532406ae60",
        "default": "https://ksr-ugc.imgix.net/assets/011/704/350/60c3c841c582f53970ab55f2061a4f5d_original.jpg?crop=faces&w=1552&h=873&fit=crop&v=1463687020&auto=format&q=92&s=f74f86fa14b78b3c5d4c5e292bcabbf9"
      }
    },
    "id": 1020502,
    "link_background_color": null,
    "link_text": null,
    "link_text_color": null,
    "link_url": null,
    "name": null,
    "project_id": 1020502,
    "should_show_feature_image_section": true,
    "show_feature_image": false,
    "state": "inactive",
    "state_changed_at": 1425915856,
    "text_color": null
  },
  "slug": "the-backhand-truely-hands-freedom",
  "spotlight": false,
  "staff_pick": false,
  "state": "canceled",
  "state_changed_at": 1402817749,
  "static_usd_rate": 1.0,
  "urls": {
    "web": {
      "project": "https://www.kickstarter.com/projects/1794210621/the-backhand-truely-hands-freedom?ref=category_newest",
      "rewards": "https://www.kickstarter.com/projects/1794210621/the-backhand-truely-hands-freedom/rewards"
    }
  },
  "usd_pledged": "100.0",
  "usd_type": "international"
}