{
  "backers_count": 40,
  "blurb": "Blooky remembers all your usernames and passwords, so you don't have to. Blooky is the solution to the password problem.",
  "category": {
    "color": 6526716,
    "id": 52,
    "name": "Hardware",
    "parent_id": 16,
    "position": 8,
    "slug": "technology/hardware",
    "urls": {
      "web": {
        "discover": "http://www.kickstarter.com/discover/categories/technology/hardware"
      }
    }
  },
  "converted_pledged_amount": 4001,
  "country": "US",
  "created_at": 1411170500,
  "creator": {
    "avatar": {
      "medium": "https://ksr-ugc.imgix.net/assets/009/273/642/b65001434f50b33a4e5ebb66c5c22962_original.jpg?w=160&h=160&fit=crop&v=1461570987&auto=format&q=92&s=ede7a2fd28c73369c10d5deea0687866",
      "small": "https://ksr-ugc.imgix.net/assets/009/273/642/b65001434f50b33a4e5ebb66c5c22962_original.jpg?w=160&h=160&fit=crop&v=1461570987&auto=format&q=92&s=ede7a2fd28c73369c10d5deea0687866",
      "thumb": "https://ksr-ugc.imgix.net/assets/009/273/642/b65001434f50b33a4e5ebb66c5c22962_original.jpg?w=40&h=40&fit=crop&v=1461570987&auto=format&q=92&s=b9741d6194fca4f52000a3a357e67bac"
    },
    "chosen_currency": null,
    "id": 339603800,
    "is_registered": true,
    "name": "David P., Kevin D., and Collin F.",
    "urls": {
      "api": {
        "user": "https://api.kickstarter.com/v1/users/339603800?signature=1524101805.3ea1850f67f19ddb028da5a8bdefb952d65b7253"
      },
      "web": {
        "user": "https://www.kickstarter.com/profile/339603800"
      }
    }
  },
  "currency": "USD",
  "currency_symbol": "$",
  "currency_trailing_code": true,
  "current_currency": "USD",
  "deadline": 1421019691,
  "disable_communication": false,
  "fx_rate": 1.0,
  "goal": 250000.0,
  "id": 1031150132,
  "is_starrable": false,
  "launched_at": 1415835691,
  "location": {
    "country": "US",
    "displayable_name": "Atlanta, GA",
    "id": 2357024,
    "is_root": false,
    "localized_name": "Atlanta",
    "name": "Atlanta",
    "short_name": "Atlanta, GA",
    "slug": "atlanta-ga",
    "state": "GA",
    "type": "Town",
    "urls": {
      "api": {
        "nearby_projects": "https://api.kickstarter.com/v1/discover?signature=1524082110.daecfd96fb376d6d8bb09c6ef82423b1031f4b80&woe_id=2357024"
      },
      "web": {
        "discover": "https://www.kickstarter.com/discover/places/atlanta-ga",
        "location": "https://www.kickstarter.com/locations/atlanta-ga"
      }
    }
  },
  "name": "Blooky: Wireless Bluetooth Password Key",
  "photo": {
    "1024x576": "https://ksr-ugc.imgix.net/assets/011/873/603/e032e84abe3094016cf9e1c0f51ecbb2_original.png?crop=faces&w=1024&h=576&fit=crop&v=1463708236&auto=format&q=92&s=6fe73f8a7e897e33e5dcfdfd0f200c4c",
    "1536x864": "https://ksr-ugc.imgix.net/assets/011/873/603/e032e84abe3094016cf9e1c0f51ecbb2_original.png?crop=faces&w=1552&h=873&fit=crop&v=1463708236&auto=format&q=92&s=cba95498c09b56af2b4c1c8631e5ab31",
    "ed": "https://ksr-ugc.imgix.net/assets/011/873/603/e032e84abe3094016cf9e1c0f51ecbb2_original.png?crop=faces&w=352&h=198&fit=crop&v=1463708236&auto=format&q=92&s=a8e9519f82bcad3035cf29060951e233",
    "full": "https://ksr-ugc.imgix.net/assets/011/873/603/e032e84abe3094016cf9e1c0f51ecbb2_original.png?crop=faces&w=560&h=315&fit=crop&v=1463708236&auto=format&q=92&s=c985cfd38938833ff6513ba73c41f29f",
    "key": "assets/011/873/603/e032e84abe3094016cf9e1c0f51ecbb2_original.png",
    "little": "https://ksr-ugc.imgix.net/assets/011/873/603/e032e84abe3094016cf9e1c0f51ecbb2_original.png?crop=faces&w=208&h=117&fit=crop&v=1463708236&auto=format&q=92&s=9af969c50eb9d2541276037e55a15eb9",
    "med": "https://ksr-ugc.imgix.net/assets/011/873/603/e032e84abe3094016cf9e1c0f51ecbb2_original.png?crop=faces&w=272&h=153&fit=crop&v=1463708236&auto=format&q=92&s=def17fbd01928512be5276b5353ee433",
    "small": "https://ksr-ugc.imgix.net/assets/011/873/603/e032e84abe3094016cf9e1c0f51ecbb2_original.png?crop=faces&w=160&h=90&fit=crop&v=1463708236&auto=format&q=92&s=6f703237735b09100df3e39704f45e7a",
    "thumb": "https://ksr-ugc.imgix.net/assets/011/873/603/e032e84abe3094016cf9e1c0f51ecbb2_original.png?crop=faces&w=48&h=27&fit=crop&v=1463708236&auto=format&q=92&s=a2f14fd8b3d8a9b0634ce4cd24fcc23b"
  },
  "pledged": 4001.0,
  "profile": {
    "background_color": null,
    "background_image_opacity": 0.8,
    "blurb": null,
    "feature_image_attributes": {
      "image_urls": {
        "baseball_card": "https://ksr-ugc.imgix.net/assets/011/873/603/e032e84abe3094016cf9e1c0f51ecbb2_original.png?crop=faces&w=560&h=315&fit=crop&v=1463708236&auto=format&q=92&s=c985cfd38938833ff6513ba73c41f29f",
        "default": "https://ksr-ugc.imgix.net/assets/011/873/603/e032e84abe3094016cf9e1c0f51ecbb2_original.png?crop=faces&w=1552&h=873&fit=crop&v=1463708236&auto=format&q=92&s=cba95498c09b56af2b4c1c8631e5ab31"
      }
    },
    "id": 1368317,
    "link_background_color": null,
    "link_text": null,
    "link_text_color": null,
    "link_url": null,
    "name": null,
    "project_id": 1368317,
    "should_show_feature_image_section": true,
    "show_feature_image": false,
    "state": "inactive",
    "state_changed_at": 1425915875,
    "text_color": null
  },
  "slug": "blooky-wireless-bluetooth-password-key",
  "spotlight": false,
  "staff_pick": false,
  "state": "failed",
  "state_changed_at": 1421019691,
  "static_usd_rate": 1.0,
  "urls": {
    "web": {
      "project": "https://www.kickstarter.com/projects/339603800/blooky-wireless-bluetooth-password-key?ref=category_newest",
      "rewards": "https://www.kickstarter.com/projects/339603800/blooky-wireless-bluetooth-password-key/rewards"
    }
  },
  "usd_pledged": "4001.0",
  "usd_type": "international"
}