{
  "backers_count": 15,
  "blurb": "Powerful, fast, portable and incredibly easy to use. Perfect for studio and on-location.",
  "category": {
    "color": 6526716,
    "id": 333,
    "name": "Camera Equipment",
    "parent_id": 16,
    "position": 3,
    "slug": "technology/camera equipment",
    "urls": {
      "web": {
        "discover": "http://www.kickstarter.com/discover/categories/technology/camera%20equipment"
      }
    }
  },
  "converted_pledged_amount": 5407,
  "country": "US",
  "created_at": 1405114611,
  "creator": {
    "avatar": {
      "medium": "https://ksr-ugc.imgix.net/assets/009/021/230/e43a96ee5aaf7aab489da0b8d212092b_original.png?w=160&h=160&fit=crop&v=1461554055&auto=format&q=92&s=fd4a1e46bdbeeee164520d434f43d5e1",
      "small": "https://ksr-ugc.imgix.net/assets/009/021/230/e43a96ee5aaf7aab489da0b8d212092b_original.png?w=160&h=160&fit=crop&v=1461554055&auto=format&q=92&s=fd4a1e46bdbeeee164520d434f43d5e1",
      "thumb": "https://ksr-ugc.imgix.net/assets/009/021/230/e43a96ee5aaf7aab489da0b8d212092b_original.png?w=40&h=40&fit=crop&v=1461554055&auto=format&q=92&s=ac2c159808d98fbc4445a8a30f8527e9"
    },
    "chosen_currency": null,
    "id": 804950318,
    "is_registered": true,
    "name": "Raman Evazians",
    "slug": "radiostrobe",
    "urls": {
      "api": {
        "user": "https://api.kickstarter.com/v1/users/804950318?signature=1524100613.8da35ad6db474fceab52a6a9019a228993a97db9"
      },
      "web": {
        "user": "https://www.kickstarter.com/profile/radiostrobe"
      }
    }
  },
  "currency": "USD",
  "currency_symbol": "$",
  "currency_trailing_code": true,
  "current_currency": "USD",
  "deadline": 1433971800,
  "disable_communication": false,
  "fx_rate": 1.0,
  "goal": 280000.0,
  "id": 1032381113,
  "is_starrable": false,
  "launched_at": 1430748018,
  "location": {
    "country": "US",
    "displayable_name": "Austin, TX",
    "id": 2357536,
    "is_root": false,
    "localized_name": "Austin",
    "name": "Austin",
    "short_name": "Austin, TX",
    "slug": "austin-tx",
    "state": "TX",
    "type": "Town",
    "urls": {
      "api": {
        "nearby_projects": "https://api.kickstarter.com/v1/discover?signature=1524082111.22cb86afd9fb826f6bbd3d7a6e8cf731a1757ab7&woe_id=2357536"
      },
      "web": {
        "discover": "https://www.kickstarter.com/discover/places/austin-tx",
        "location": "https://www.kickstarter.com/locations/austin-tx"
      }
    }
  },
  "name": "radioSTROBE: The World's First Off-Camera Speedlight System",
  "photo": {
    "1024x576": "https://ksr-ugc.imgix.net/assets/011/776/012/12c282b498edf8906c1cd5dcdaf4a4eb_original.png?crop=faces&w=1024&h=576&fit=crop&v=1463692883&auto=format&q=92&s=b9dd6e8c134ecf23aacc85e71d701a4f",
    "1536x864": "https://ksr-ugc.imgix.net/assets/011/776/012/12c282b498edf8906c1cd5dcdaf4a4eb_original.png?crop=faces&w=1552&h=873&fit=crop&v=1463692883&auto=format&q=92&s=dd189da6f831c0b101a8f8957d3ca17e",
    "ed": "https://ksr-ugc.imgix.net/assets/011/776/012/12c282b498edf8906c1cd5dcdaf4a4eb_original.png?crop=faces&w=352&h=198&fit=crop&v=1463692883&auto=format&q=92&s=69478a2eea86993bc498792080860a23",
    "full": "https://ksr-ugc.imgix.net/assets/011/776/012/12c282b498edf8906c1cd5dcdaf4a4eb_original.png?crop=faces&w=560&h=315&fit=crop&v=1463692883&auto=format&q=92&s=8c03548d7df15e45ff7f0470743657ed",
    "key": "assets/011/776/012/12c282b498edf8906c1cd5dcdaf4a4eb_original.png",
    "little": "https://ksr-ugc.imgix.net/assets/011/776/012/12c282b498edf8906c1cd5dcdaf4a4eb_original.png?crop=faces&w=208&h=117&fit=crop&v=1463692883&auto=format&q=92&s=8f8a11849a01fbda4954ede553dd2a0a",
    "med": "https://ksr-ugc.imgix.net/assets/011/776/012/12c282b498edf8906c1cd5dcdaf4a4eb_original.png?crop=faces&w=272&h=153&fit=crop&v=1463692883&auto=format&q=92&s=b5bf2f7989173130a18558454187d447",
    "small": "https://ksr-ugc.imgix.net/assets/011/776/012/12c282b498edf8906c1cd5dcdaf4a4eb_original.png?crop=faces&w=160&h=90&fit=crop&v=1463692883&auto=format&q=92&s=d34d03db5adcbde44c1f0f01762fcd5b",
    "thumb": "https://ksr-ugc.imgix.net/assets/011/776/012/12c282b498edf8906c1cd5dcdaf4a4eb_original.png?crop=faces&w=48&h=27&fit=crop&v=1463692883&auto=format&q=92&s=ba27050adcc6b6dfbe317e60e961142c"
  },
  "pledged": 5407.0,
  "profile": {
    "background_color": null,
    "background_image_opacity": 0.8,
    "blurb": null,
    "feature_image_attributes": {
      "image_urls": {
        "baseball_card": "https://ksr-ugc.imgix.net/assets/011/776/012/12c282b498edf8906c1cd5dcdaf4a4eb_original.png?crop=faces&w=560&h=315&fit=crop&v=1463692883&auto=format&q=92&s=8c03548d7df15e45ff7f0470743657ed",
        "default": "https://ksr-ugc.imgix.net/assets/011/776/012/12c282b498edf8906c1cd5dcdaf4a4eb_original.png?crop=faces&w=1552&h=873&fit=crop&v=1463692883&auto=format&q=92&s=dd189da6f831c0b101a8f8957d3ca17e"
      }
    },
    "id": 1167265,
    "link_background_color": null,
    "link_text": null,
    "link_text_color": null,
    "link_url": null,
    "name": null,
    "project_id": 1167265,
    "should_show_feature_image_section": true,
    "show_feature_image": false,
    "state": "inactive",
    "state_changed_at": 1425915865,
    "text_color": null
  },
  "slug": "radiostrobe-the-worlds-first-off-camera-speedlight",
  "spotlight": false,
  "staff_pick": false,
  "state": "canceled",
  "state_changed_at": 1432595113,
  "static_usd_rate": 1.0,
  "urls": {
    "web": {
      "project": "https://www.kickstarter.com/projects/radiostrobe/radiostrobe-the-worlds-first-off-camera-speedlight?ref=category_newest",
      "rewards": "https://www.kickstarter.com/projects/radiostrobe/radiostrobe-the-worlds-first-off-camera-speedlight/rewards"
    }
  },
  "usd_pledged": "5407.0",
  "usd_type": "international"
}