{
  "backers_count": 1,
  "blurb": "Chumz is an online mall where college students can buy,sell their textbooks to each other without getting ripped off by the bookstores!",
  "category": {
    "color": 6526716,
    "id": 51,
    "name": "Software",
    "parent_id": 16,
    "position": 11,
    "slug": "technology/software",
    "urls": {
      "web": {
        "discover": "http://www.kickstarter.com/discover/categories/technology/software"
      }
    }
  },
  "converted_pledged_amount": 28,
  "country": "US",
  "created_at": 1475454786,
  "creator": {
    "avatar": {
      "medium": "https://ksr-ugc.imgix.net/assets/014/439/114/e14e5cfeb41766398fd28249c0e1341a_original.jpg?w=160&h=160&fit=crop&v=1487013085&auto=format&q=92&s=f590be202bf01c5f6ccf4f1600aa6c74",
      "small": "https://ksr-ugc.imgix.net/assets/014/439/114/e14e5cfeb41766398fd28249c0e1341a_original.jpg?w=160&h=160&fit=crop&v=1487013085&auto=format&q=92&s=f590be202bf01c5f6ccf4f1600aa6c74",
      "thumb": "https://ksr-ugc.imgix.net/assets/014/439/114/e14e5cfeb41766398fd28249c0e1341a_original.jpg?w=40&h=40&fit=crop&v=1487013085&auto=format&q=92&s=d680de5797465a2930adfff5eba5304d"
    },
    "chosen_currency": null,
    "id": 1939813691,
    "is_registered": true,
    "name": "Chumz LLC",
    "slug": "chumz",
    "urls": {
      "api": {
        "user": "https://api.kickstarter.com/v1/users/1939813691?signature=1524102418.a7b29679cfdcd816c67dae186f9979cf4d8dd71a"
      },
      "web": {
        "user": "https://www.kickstarter.com/profile/chumz"
      }
    }
  },
  "currency": "USD",
  "currency_symbol": "$",
  "currency_trailing_code": true,
  "current_currency": "USD",
  "deadline": 1488310556,
  "disable_communication": false,
  "fx_rate": 1.0,
  "goal": 200000.0,
  "id": 1032488007,
  "is_starrable": false,
  "launched_at": 1487014556,
  "location": {
    "country": "US",
    "displayable_name": "Huntsville, AL",
    "id": 2426010,
    "is_root": false,
    "localized_name": "Huntsville",
    "name": "Huntsville",
    "short_name": "Huntsville, AL",
    "slug": "huntsville-al",
    "state": "AL",
    "type": "Town",
    "urls": {
      "api": {
        "nearby_projects": "https://api.kickstarter.com/v1/discover?signature=1524082119.bb76fda29497f8a6bdfc5aa22a9a3895090d6fca&woe_id=2426010"
      },
      "web": {
        "discover": "https://www.kickstarter.com/discover/places/huntsville-al",
        "location": "https://www.kickstarter.com/locations/huntsville-al"
      }
    }
  },
  "name": "An Online Mall for college Textbooks",
  "photo": {
    "1024x576": "https://ksr-ugc.imgix.net/assets/013/956/760/f2dbcc85afb436236328446fe6c2394f_original.jpg?crop=faces&w=1024&h=576&fit=crop&v=1486450187&auto=format&q=92&s=740506837ad81de37bb5366b432e2b79",
    "1536x864": "https://ksr-ugc.imgix.net/assets/013/956/760/f2dbcc85afb436236328446fe6c2394f_original.jpg?crop=faces&w=1552&h=873&fit=crop&v=1486450187&auto=format&q=92&s=83b242aa2a13654bd605a0d91746232d",
    "ed": "https://ksr-ugc.imgix.net/assets/013/956/760/f2dbcc85afb436236328446fe6c2394f_original.jpg?crop=faces&w=352&h=198&fit=crop&v=1486450187&auto=format&q=92&s=3d669adda4ca6f4956ef52cf92050ab7",
    "full": "https://ksr-ugc.imgix.net/assets/013/956/760/f2dbcc85afb436236328446fe6c2394f_original.jpg?crop=faces&w=560&h=315&fit=crop&v=1486450187&auto=format&q=92&s=e2a1dde431fdd31893c4717b6c467144",
    "key": "assets/013/956/760/f2dbcc85afb436236328446fe6c2394f_original.jpg",
    "little": "https://ksr-ugc.imgix.net/assets/013/956/760/f2dbcc85afb436236328446fe6c2394f_original.jpg?crop=faces&w=208&h=117&fit=crop&v=1486450187&auto=format&q=92&s=26a413c2e6cf809d94388ccd054eaecf",
    "med": "https://ksr-ugc.imgix.net/assets/013/956/760/f2dbcc85afb436236328446fe6c2394f_original.jpg?crop=faces&w=272&h=153&fit=crop&v=1486450187&auto=format&q=92&s=5b9b82de5cec38dd22bb8614e1b01df9",
    "small": "https://ksr-ugc.imgix.net/assets/013/956/760/f2dbcc85afb436236328446fe6c2394f_original.jpg?crop=faces&w=160&h=90&fit=crop&v=1486450187&auto=format&q=92&s=e5dcb27d7bcadcd99f0c8374112e1a85",
    "thumb": "https://ksr-ugc.imgix.net/assets/013/956/760/f2dbcc85afb436236328446fe6c2394f_original.jpg?crop=faces&w=48&h=27&fit=crop&v=1486450187&auto=format&q=92&s=21f89b7e15f0ba17f2277f9ca83e5361"
  },
  "pledged": 28.0,
  "profile": {
    "background_color": null,
    "background_image_opacity": 0.8,
    "blurb": null,
    "feature_image_attributes": {
      "image_urls": {
        "baseball_card": "https://ksr-ugc.imgix.net/assets/013/956/760/f2dbcc85afb436236328446fe6c2394f_original.jpg?crop=faces&w=560&h=315&fit=crop&v=1486450187&auto=format&q=92&s=e2a1dde431fdd31893c4717b6c467144",
        "default": "https://ksr-ugc.imgix.net/assets/013/956/760/f2dbcc85afb436236328446fe6c2394f_original.jpg?crop=faces&w=1552&h=873&fit=crop&v=1486450187&auto=format&q=92&s=83b242aa2a13654bd605a0d91746232d"
      }
    },
    "id": 2703660,
    "link_background_color": null,
    "link_text": null,
    "link_text_color": null,
    "link_url": null,
    "name": null,
    "project_id": 2703660,
    "should_show_feature_image_section": true,
    "show_feature_image": false,
    "state": "inactive",
    "state_changed_at": 1475454786,
    "text_color": null
  },
  "slug": "an-online-mall-for-college-textbooks",
  "spotlight": false,
  "staff_pick": false,
  "state": "failed",
  "state_changed_at": 1488310557,
  "static_usd_rate": 1.0,
  "urls": {
    "web": {
      "project": "https://www.kickstarter.com/projects/chumz/an-online-mall-for-college-textbooks?ref=category_newest",
      "rewards": "https://www.kickstarter.com/projects/chumz/an-online-mall-for-college-textbooks/rewards"
    }
  },
  "usd_pledged": "28.0",
  "usd_type": "international"
}