{
  "backers_count": 547,
  "blurb": "Does your iPad case charge your phone? The LilyPad Case uses new solar ink to convert light into energy. It includes HDMI & More!!",
  "category": {
    "color": 6526716,
    "id": 52,
    "name": "Hardware",
    "parent_id": 16,
    "position": 8,
    "slug": "technology/hardware",
    "urls": {
      "web": {
        "discover": "http://www.kickstarter.com/discover/categories/technology/hardware"
      }
    }
  },
  "converted_pledged_amount": 104482,
  "country": "US",
  "created_at": 1302227738,
  "creator": {
    "avatar": {
      "medium": "https://ksr-ugc.imgix.net/assets/005/907/871/e288307c3df30432cd1f2e84c63ff622_original.jpeg?w=160&h=160&fit=crop&v=1461097913&auto=format&q=92&s=1c222fb3b239f66ef60529c5ccc5cd49",
      "small": "https://ksr-ugc.imgix.net/assets/005/907/871/e288307c3df30432cd1f2e84c63ff622_original.jpeg?w=160&h=160&fit=crop&v=1461097913&auto=format&q=92&s=1c222fb3b239f66ef60529c5ccc5cd49",
      "thumb": "https://ksr-ugc.imgix.net/assets/005/907/871/e288307c3df30432cd1f2e84c63ff622_original.jpeg?w=40&h=40&fit=crop&v=1461097913&auto=format&q=92&s=f1fceb6eb3fc4ea64f9670584cf546db"
    },
    "chosen_currency": null,
    "id": 1250117934,
    "is_registered": true,
    "name": "David Foster",
    "slug": "davefoster",
    "urls": {
      "api": {
        "user": "https://api.kickstarter.com/v1/users/1250117934?signature=1524101406.33bbd85f65914a607f6ce6236683071b66ed7f38"
      },
      "web": {
        "user": "https://www.kickstarter.com/profile/davefoster"
      }
    }
  },
  "currency": "USD",
  "currency_symbol": "$",
  "currency_trailing_code": true,
  "current_currency": "USD",
  "deadline": 1317602038,
  "disable_communication": false,
  "fx_rate": 1.0,
  "goal": 27000.0,
  "id": 1032966918,
  "is_starrable": false,
  "launched_at": 1314578038,
  "location": {
    "country": "US",
    "displayable_name": "Orlando, FL",
    "id": 2466256,
    "is_root": false,
    "localized_name": "Orlando",
    "name": "Orlando",
    "short_name": "Orlando, FL",
    "slug": "orlando-fl",
    "state": "FL",
    "type": "Town",
    "urls": {
      "api": {
        "nearby_projects": "https://api.kickstarter.com/v1/discover?signature=1524082111.2bd8c6b888fa6bb6b50ab45ffe4e9369ce1ebce6&woe_id=2466256"
      },
      "web": {
        "discover": "https://www.kickstarter.com/discover/places/orlando-fl",
        "location": "https://www.kickstarter.com/locations/orlando-fl"
      }
    }
  },
  "name": "LilyPad ~ Using Light to Power All Our Mobile Devices",
  "photo": {
    "1024x576": "https://ksr-ugc.imgix.net/assets/011/282/220/e04bf7cd7b058ba4f882b0573ca5be5e_original.jpg?crop=faces&w=1024&h=576&fit=crop&v=1463680373&auto=format&q=92&s=2ac3a579525e1cede6634e9fd85bc7f1",
    "1536x864": "https://ksr-ugc.imgix.net/assets/011/282/220/e04bf7cd7b058ba4f882b0573ca5be5e_original.jpg?crop=faces&w=1552&h=873&fit=crop&v=1463680373&auto=format&q=92&s=6b7e1b5069f73dfb7bb69623f517ca8f",
    "ed": "https://ksr-ugc.imgix.net/assets/011/282/220/e04bf7cd7b058ba4f882b0573ca5be5e_original.jpg?crop=faces&w=352&h=198&fit=crop&v=1463680373&auto=format&q=92&s=1470f5dd0486c3aa88433549084ed4d0",
    "full": "https://ksr-ugc.imgix.net/assets/011/282/220/e04bf7cd7b058ba4f882b0573ca5be5e_original.jpg?crop=faces&w=560&h=315&fit=crop&v=1463680373&auto=format&q=92&s=d0c3e44adc1623b51098b09ce1911f32",
    "key": "assets/011/282/220/e04bf7cd7b058ba4f882b0573ca5be5e_original.jpg",
    "little": "https://ksr-ugc.imgix.net/assets/011/282/220/e04bf7cd7b058ba4f882b0573ca5be5e_original.jpg?crop=faces&w=208&h=117&fit=crop&v=1463680373&auto=format&q=92&s=b8895165ef8be4a53e7c7cf7f84cbbac",
    "med": "https://ksr-ugc.imgix.net/assets/011/282/220/e04bf7cd7b058ba4f882b0573ca5be5e_original.jpg?crop=faces&w=272&h=153&fit=crop&v=1463680373&auto=format&q=92&s=578e52485e442d223f3ab72ac1273e28",
    "small": "https://ksr-ugc.imgix.net/assets/011/282/220/e04bf7cd7b058ba4f882b0573ca5be5e_original.jpg?crop=faces&w=160&h=90&fit=crop&v=1463680373&auto=format&q=92&s=0940aede7c0a3f210960b7d7a75884e4",
    "thumb": "https://ksr-ugc.imgix.net/assets/011/282/220/e04bf7cd7b058ba4f882b0573ca5be5e_original.jpg?crop=faces&w=48&h=27&fit=crop&v=1463680373&auto=format&q=92&s=e7593a89a22dc4c05474875a35138153"
  },
  "pledged": 104482.0,
  "profile": {
    "background_color": null,
    "background_image_opacity": 0.8,
    "blurb": null,
    "feature_image_attributes": {
      "image_urls": {
        "baseball_card": "https://ksr-ugc.imgix.net/assets/011/282/220/e04bf7cd7b058ba4f882b0573ca5be5e_original.jpg?crop=faces&w=560&h=315&fit=crop&v=1463680373&auto=format&q=92&s=d0c3e44adc1623b51098b09ce1911f32",
        "default": "https://ksr-ugc.imgix.net/assets/011/282/220/e04bf7cd7b058ba4f882b0573ca5be5e_original.jpg?crop=faces&w=1552&h=873&fit=crop&v=1463680373&auto=format&q=92&s=6b7e1b5069f73dfb7bb69623f517ca8f"
      }
    },
    "id": 29888,
    "link_background_color": null,
    "link_text": null,
    "link_text_color": null,
    "link_url": null,
    "name": null,
    "project_id": 29888,
    "should_show_feature_image_section": true,
    "show_feature_image": false,
    "state": "inactive",
    "state_changed_at": 1425915802,
    "text_color": null
  },
  "slug": "lilypad-using-light-to-power-all-our-mobile-device",
  "spotlight": true,
  "staff_pick": false,
  "state": "successful",
  "state_changed_at": 1317602040,
  "static_usd_rate": 1.0,
  "urls": {
    "web": {
      "project": "https://www.kickstarter.com/projects/davefoster/lilypad-using-light-to-power-all-our-mobile-device?ref=category_newest",
      "rewards": "https://www.kickstarter.com/projects/davefoster/lilypad-using-light-to-power-all-our-mobile-device/rewards"
    }
  },
  "usd_pledged": "104482.0",
  "usd_type": "international"
}