{
  "backers_count": 852,
  "blurb": "World 1st \u201cTRUE\u201d Type-C Travel Adapter. \nMulti adapter for Laptop &phone charging at the same time. Ultra slim & compact design EVER!",
  "category": {
    "color": 6526716,
    "id": 52,
    "name": "Hardware",
    "parent_id": 16,
    "position": 8,
    "slug": "technology/hardware",
    "urls": {
      "web": {
        "discover": "http://www.kickstarter.com/discover/categories/technology/hardware"
      }
    }
  },
  "converted_pledged_amount": 57395,
  "country": "SG",
  "created_at": 1483601740,
  "creator": {
    "avatar": {
      "medium": "https://ksr-ugc.imgix.net/assets/013/568/369/c6940d867f100cbb7fcb35d609b3c5f0_original.png?w=160&h=160&fit=crop&v=1472743047&auto=format&q=92&s=f1aee95ae287345a50973e65b240dbf3",
      "small": "https://ksr-ugc.imgix.net/assets/013/568/369/c6940d867f100cbb7fcb35d609b3c5f0_original.png?w=160&h=160&fit=crop&v=1472743047&auto=format&q=92&s=f1aee95ae287345a50973e65b240dbf3",
      "thumb": "https://ksr-ugc.imgix.net/assets/013/568/369/c6940d867f100cbb7fcb35d609b3c5f0_original.png?w=40&h=40&fit=crop&v=1472743047&auto=format&q=92&s=cb2647e01c4186f04406d989b645a2b7"
    },
    "chosen_currency": null,
    "id": 156937076,
    "is_registered": true,
    "name": "CARD",
    "urls": {
      "api": {
        "user": "https://api.kickstarter.com/v1/users/156937076?signature=1524101609.a9be3c4d133585cd9e886804709280126058172d"
      },
      "web": {
        "user": "https://www.kickstarter.com/profile/156937076"
      }
    }
  },
  "currency": "SGD",
  "currency_symbol": "$",
  "currency_trailing_code": true,
  "current_currency": "USD",
  "deadline": 1494095424,
  "disable_communication": false,
  "fx_rate": 0.76321546,
  "goal": 15000.0,
  "id": 1032286614,
  "is_starrable": false,
  "launched_at": 1490207424,
  "location": {
    "country": "SG",
    "displayable_name": "Singapore, Singapore",
    "id": 1062617,
    "is_root": false,
    "localized_name": "Singapore",
    "name": "Singapore",
    "short_name": "Singapore, Singapore",
    "slug": "singapore-sg",
    "state": "Central Singapore",
    "type": "Town",
    "urls": {
      "api": {
        "nearby_projects": "https://api.kickstarter.com/v1/discover?signature=1524082112.bf48d8b9c34051fc7351d8744d3023966aa6bda3&woe_id=1062617"
      },
      "web": {
        "discover": "https://www.kickstarter.com/discover/places/singapore-sg",
        "location": "https://www.kickstarter.com/locations/singapore-sg"
      }
    }
  },
  "name": "CARD Adapter - The First Travel Adapter with TYPE C Charger",
  "photo": {
    "1024x576": "https://ksr-ugc.imgix.net/assets/015/844/324/c35bd6ee7a16ff3ad80c93ab5e32220d_original.jpg?crop=faces&w=1024&h=576&fit=crop&v=1489458688&auto=format&q=92&s=9308ddf259c124e48c8b9a2462cc9f98",
    "1536x864": "https://ksr-ugc.imgix.net/assets/015/844/324/c35bd6ee7a16ff3ad80c93ab5e32220d_original.jpg?crop=faces&w=1552&h=873&fit=crop&v=1489458688&auto=format&q=92&s=7dad604e6c34aa2ac05a68b0722901ff",
    "ed": "https://ksr-ugc.imgix.net/assets/015/844/324/c35bd6ee7a16ff3ad80c93ab5e32220d_original.jpg?crop=faces&w=352&h=198&fit=crop&v=1489458688&auto=format&q=92&s=accce9741d6ac271868803034d414d85",
    "full": "https://ksr-ugc.imgix.net/assets/015/844/324/c35bd6ee7a16ff3ad80c93ab5e32220d_original.jpg?crop=faces&w=560&h=315&fit=crop&v=1489458688&auto=format&q=92&s=e9221dc5f73de409463e3f086f3627dd",
    "key": "assets/015/844/324/c35bd6ee7a16ff3ad80c93ab5e32220d_original.jpg",
    "little": "https://ksr-ugc.imgix.net/assets/015/844/324/c35bd6ee7a16ff3ad80c93ab5e32220d_original.jpg?crop=faces&w=208&h=117&fit=crop&v=1489458688&auto=format&q=92&s=3930f8abeb8448453cadbb1d00fc089f",
    "med": "https://ksr-ugc.imgix.net/assets/015/844/324/c35bd6ee7a16ff3ad80c93ab5e32220d_original.jpg?crop=faces&w=272&h=153&fit=crop&v=1489458688&auto=format&q=92&s=d9c6dd04727e90430425d3a9cb034b37",
    "small": "https://ksr-ugc.imgix.net/assets/015/844/324/c35bd6ee7a16ff3ad80c93ab5e32220d_original.jpg?crop=faces&w=160&h=90&fit=crop&v=1489458688&auto=format&q=92&s=4e3a12394957d96e5e04df8024fa82cb",
    "thumb": "https://ksr-ugc.imgix.net/assets/015/844/324/c35bd6ee7a16ff3ad80c93ab5e32220d_original.jpg?crop=faces&w=48&h=27&fit=crop&v=1489458688&auto=format&q=92&s=178e1a22d9a7cee52d1a758f836b4594"
  },
  "pledged": 80628.0,
  "profile": {
    "background_color": "",
    "background_image_opacity": 0.8,
    "blurb": "World 1st \u201cTRUE\u201d Type-C Travel Adapter. \nMulti adapter for Laptop &phone charging at the same time. Ultra slim & compact design EVER!",
    "feature_image_attributes": {
      "image_urls": {
        "baseball_card": "https://ksr-ugc.imgix.net/assets/015/844/324/c35bd6ee7a16ff3ad80c93ab5e32220d_original.jpg?crop=faces&w=560&h=315&fit=crop&v=1489458688&auto=format&q=92&s=e9221dc5f73de409463e3f086f3627dd",
        "default": "https://ksr-ugc.imgix.net/assets/015/844/324/c35bd6ee7a16ff3ad80c93ab5e32220d_original.jpg?crop=faces&w=1552&h=873&fit=crop&v=1489458688&auto=format&q=92&s=7dad604e6c34aa2ac05a68b0722901ff"
      }
    },
    "id": 2822461,
    "link_background_color": "00c750",
    "link_text": "Order Now!",
    "link_text_color": "",
    "link_url": "http://www.card-tec.com",
    "name": "CARD Adapter - The First Travel Adapter with TYPE C Charger",
    "project_id": 2822461,
    "should_show_feature_image_section": true,
    "show_feature_image": false,
    "state": "active",
    "state_changed_at": 1496123509,
    "text_color": ""
  },
  "slug": "card-adapter-the-first-travel-adapter-with-type-c",
  "spotlight": true,
  "staff_pick": false,
  "state": "successful",
  "state_changed_at": 1494095424,
  "static_usd_rate": 0.71492455,
  "urls": {
    "web": {
      "project": "https://www.kickstarter.com/projects/156937076/card-adapter-the-first-travel-adapter-with-type-c?ref=category_newest",
      "rewards": "https://www.kickstarter.com/projects/156937076/card-adapter-the-first-travel-adapter-with-type-c/rewards"
    }
  },
  "usd_pledged": "57642.9366174",
  "usd_type": "international"
}