{
  "backers_count": 115,
  "blurb": "The patented all-in-one design is the best product available. If you have a baby, why wouldn't you baby proof Perfectly?!?",
  "category": {
    "color": 6526716,
    "id": 337,
    "name": "Gadgets",
    "parent_id": 16,
    "position": 7,
    "slug": "technology/gadgets",
    "urls": {
      "web": {
        "discover": "http://www.kickstarter.com/discover/categories/technology/gadgets"
      }
    }
  },
  "converted_pledged_amount": 7099,
  "country": "US",
  "created_at": 1453510181,
  "creator": {
    "avatar": {
      "medium": "https://ksr-ugc.imgix.net/assets/005/724/544/7c48d187d4ee9cfaf9f4898b76b9b4fb_original.png?w=160&h=160&fit=crop&v=1460737358&auto=format&q=92&s=57ba1c7452b0a417c86511ed24c1d4b0",
      "small": "https://ksr-ugc.imgix.net/assets/005/724/544/7c48d187d4ee9cfaf9f4898b76b9b4fb_original.png?w=160&h=160&fit=crop&v=1460737358&auto=format&q=92&s=57ba1c7452b0a417c86511ed24c1d4b0",
      "thumb": "https://ksr-ugc.imgix.net/assets/005/724/544/7c48d187d4ee9cfaf9f4898b76b9b4fb_original.png?w=40&h=40&fit=crop&v=1460737358&auto=format&q=92&s=6b65e025e51636d6cb91003480ff4a92"
    },
    "chosen_currency": null,
    "id": 1665743758,
    "is_registered": true,
    "name": "Rob Draper",
    "urls": {
      "api": {
        "user": "https://api.kickstarter.com/v1/users/1665743758?signature=1524101029.d70edaa061a4ef635686c9a2a313c0b6e37ac0dc"
      },
      "web": {
        "user": "https://www.kickstarter.com/profile/1665743758"
      }
    }
  },
  "currency": "USD",
  "currency_symbol": "$",
  "currency_trailing_code": true,
  "current_currency": "USD",
  "deadline": 1464888894,
  "disable_communication": false,
  "fx_rate": 1.0,
  "goal": 5000.0,
  "id": 1032142081,
  "is_starrable": false,
  "launched_at": 1461000894,
  "location": {
    "country": "US",
    "displayable_name": "Atlanta, GA",
    "id": 2357024,
    "is_root": false,
    "localized_name": "Atlanta",
    "name": "Atlanta",
    "short_name": "Atlanta, GA",
    "slug": "atlanta-ga",
    "state": "GA",
    "type": "Town",
    "urls": {
      "api": {
        "nearby_projects": "https://api.kickstarter.com/v1/discover?signature=1524082110.daecfd96fb376d6d8bb09c6ef82423b1031f4b80&woe_id=2357024"
      },
      "web": {
        "discover": "https://www.kickstarter.com/discover/places/atlanta-ga",
        "location": "https://www.kickstarter.com/locations/atlanta-ga"
      }
    }
  },
  "name": "Plug Perfect - Baby proof your electrical outlets, perfectly",
  "photo": {
    "1024x576": "https://ksr-ugc.imgix.net/assets/012/361/266/0e5ed01b7a1959f0c3558616ba202895_original.jpg?crop=faces&w=1024&h=576&fit=crop&v=1463756816&auto=format&q=92&s=1606912a3e3ab8f340c014891c2afbcd",
    "1536x864": "https://ksr-ugc.imgix.net/assets/012/361/266/0e5ed01b7a1959f0c3558616ba202895_original.jpg?crop=faces&w=1552&h=873&fit=crop&v=1463756816&auto=format&q=92&s=c23169bc843a9d1ac5f78711ece86102",
    "ed": "https://ksr-ugc.imgix.net/assets/012/361/266/0e5ed01b7a1959f0c3558616ba202895_original.jpg?crop=faces&w=352&h=198&fit=crop&v=1463756816&auto=format&q=92&s=68183745af7a6fdca979cb19b4920173",
    "full": "https://ksr-ugc.imgix.net/assets/012/361/266/0e5ed01b7a1959f0c3558616ba202895_original.jpg?crop=faces&w=560&h=315&fit=crop&v=1463756816&auto=format&q=92&s=e210077b16c22a0553e83a8d8f38f253",
    "key": "assets/012/361/266/0e5ed01b7a1959f0c3558616ba202895_original.jpg",
    "little": "https://ksr-ugc.imgix.net/assets/012/361/266/0e5ed01b7a1959f0c3558616ba202895_original.jpg?crop=faces&w=208&h=117&fit=crop&v=1463756816&auto=format&q=92&s=d0f98a2e3639245cabb055dbe3c6e6d4",
    "med": "https://ksr-ugc.imgix.net/assets/012/361/266/0e5ed01b7a1959f0c3558616ba202895_original.jpg?crop=faces&w=272&h=153&fit=crop&v=1463756816&auto=format&q=92&s=2be754cb8d1bdb6231ced90fdb4078a6",
    "small": "https://ksr-ugc.imgix.net/assets/012/361/266/0e5ed01b7a1959f0c3558616ba202895_original.jpg?crop=faces&w=160&h=90&fit=crop&v=1463756816&auto=format&q=92&s=7e6890accd58b4c9c85dda15feeb1df1",
    "thumb": "https://ksr-ugc.imgix.net/assets/012/361/266/0e5ed01b7a1959f0c3558616ba202895_original.jpg?crop=faces&w=48&h=27&fit=crop&v=1463756816&auto=format&q=92&s=a1eb16669b21ceccc1b0a278630d04f2"
  },
  "pledged": 7099.0,
  "profile": {
    "background_color": null,
    "background_image_opacity": 0.8,
    "blurb": null,
    "feature_image_attributes": {
      "image_urls": {
        "baseball_card": "https://ksr-ugc.imgix.net/assets/012/361/266/0e5ed01b7a1959f0c3558616ba202895_original.jpg?crop=faces&w=560&h=315&fit=crop&v=1463756816&auto=format&q=92&s=e210077b16c22a0553e83a8d8f38f253",
        "default": "https://ksr-ugc.imgix.net/assets/012/361/266/0e5ed01b7a1959f0c3558616ba202895_original.jpg?crop=faces&w=1552&h=873&fit=crop&v=1463756816&auto=format&q=92&s=c23169bc843a9d1ac5f78711ece86102"
      }
    },
    "id": 2335791,
    "link_background_color": null,
    "link_text": null,
    "link_text_color": null,
    "link_url": null,
    "name": null,
    "project_id": 2335791,
    "should_show_feature_image_section": true,
    "show_feature_image": false,
    "state": "inactive",
    "state_changed_at": 1453510181,
    "text_color": null
  },
  "slug": "plug-perfect-baby-proof-your-electrical-outlets-pe",
  "spotlight": true,
  "staff_pick": false,
  "state": "successful",
  "state_changed_at": 1464888894,
  "static_usd_rate": 1.0,
  "urls": {
    "web": {
      "project": "https://www.kickstarter.com/projects/1665743758/plug-perfect-baby-proof-your-electrical-outlets-pe?ref=category_newest",
      "rewards": "https://www.kickstarter.com/projects/1665743758/plug-perfect-baby-proof-your-electrical-outlets-pe/rewards"
    }
  },
  "usd_pledged": "7099.0",
  "usd_type": "international"
}