{
  "backers_count": 4,
  "blurb": "A Millions reasons to develop a feature rich app for Xbox music subscribers...a million users need a better app.",
  "category": {
    "color": 6526716,
    "id": 332,
    "name": "Apps",
    "parent_id": 16,
    "position": 2,
    "slug": "technology/apps",
    "urls": {
      "web": {
        "discover": "http://www.kickstarter.com/discover/categories/technology/apps"
      }
    }
  },
  "converted_pledged_amount": 114,
  "country": "GB",
  "created_at": 1407788358,
  "creator": {
    "avatar": {
      "medium": "https://ksr-ugc.imgix.net/assets/009/177/585/fc61105cbb3cd530f445cdbccbac4f08_original.jpg?w=160&h=160&fit=crop&v=1461562714&auto=format&q=92&s=d9e99f5363a24299a53227877cf4dfc8",
      "small": "https://ksr-ugc.imgix.net/assets/009/177/585/fc61105cbb3cd530f445cdbccbac4f08_original.jpg?w=160&h=160&fit=crop&v=1461562714&auto=format&q=92&s=d9e99f5363a24299a53227877cf4dfc8",
      "thumb": "https://ksr-ugc.imgix.net/assets/009/177/585/fc61105cbb3cd530f445cdbccbac4f08_original.jpg?w=40&h=40&fit=crop&v=1461562714&auto=format&q=92&s=865e2c6c426c1097bb55cdc0675ae854"
    },
    "chosen_currency": null,
    "id": 893478759,
    "is_registered": true,
    "name": "Sid Chaudhary",
    "urls": {
      "api": {
        "user": "https://api.kickstarter.com/v1/users/893478759?signature=1524100226.608718fbf13655421c38a25429bd6fa5d19665ab"
      },
      "web": {
        "user": "https://www.kickstarter.com/profile/893478759"
      }
    }
  },
  "currency": "GBP",
  "currency_symbol": "\u00a3",
  "currency_trailing_code": false,
  "current_currency": "USD",
  "deadline": 1413061178,
  "disable_communication": false,
  "fx_rate": 1.43358488,
  "goal": 20000.0,
  "id": 1032081837,
  "is_starrable": false,
  "launched_at": 1407877178,
  "location": {
    "country": "GB",
    "displayable_name": "Windsor, UK",
    "id": 45238,
    "is_root": false,
    "localized_name": "Windsor",
    "name": "Windsor",
    "short_name": "Windsor, UK",
    "slug": "windsor-belfast-gb",
    "state": "Northern Ireland",
    "type": "Suburb",
    "urls": {
      "api": {
        "nearby_projects": "https://api.kickstarter.com/v1/discover?signature=1524082201.71a464f3b2dc0845574b514666d2aa29475c9f2f&woe_id=45238"
      },
      "web": {
        "discover": "https://www.kickstarter.com/discover/places/windsor-belfast-gb",
        "location": "https://www.kickstarter.com/locations/windsor-belfast-gb"
      }
    }
  },
  "name": "Arriving As A Sweet App for your Phone soon...",
  "photo": {
    "1024x576": "https://ksr-ugc.imgix.net/assets/011/832/306/0de7f7ccc3b1fd1a43491e10c3b3a577_original.jpg?crop=faces&w=1024&h=576&fit=crop&v=1463701250&auto=format&q=92&s=518d85e6fdac4ad5cdc53c436d3c1906",
    "1536x864": "https://ksr-ugc.imgix.net/assets/011/832/306/0de7f7ccc3b1fd1a43491e10c3b3a577_original.jpg?crop=faces&w=1552&h=873&fit=crop&v=1463701250&auto=format&q=92&s=7bda8aac45677a022c306da54f716c38",
    "ed": "https://ksr-ugc.imgix.net/assets/011/832/306/0de7f7ccc3b1fd1a43491e10c3b3a577_original.jpg?crop=faces&w=352&h=198&fit=crop&v=1463701250&auto=format&q=92&s=b32a15a292ca7aceba2543f27f748f5a",
    "full": "https://ksr-ugc.imgix.net/assets/011/832/306/0de7f7ccc3b1fd1a43491e10c3b3a577_original.jpg?crop=faces&w=560&h=315&fit=crop&v=1463701250&auto=format&q=92&s=35f228e0a6a5fe0794f9c28485bd85fe",
    "key": "assets/011/832/306/0de7f7ccc3b1fd1a43491e10c3b3a577_original.jpg",
    "little": "https://ksr-ugc.imgix.net/assets/011/832/306/0de7f7ccc3b1fd1a43491e10c3b3a577_original.jpg?crop=faces&w=208&h=117&fit=crop&v=1463701250&auto=format&q=92&s=c9b65db720cfc263bdb88ae6d3201729",
    "med": "https://ksr-ugc.imgix.net/assets/011/832/306/0de7f7ccc3b1fd1a43491e10c3b3a577_original.jpg?crop=faces&w=272&h=153&fit=crop&v=1463701250&auto=format&q=92&s=8fd3f8df9249a4006b4ac75b4330d76e",
    "small": "https://ksr-ugc.imgix.net/assets/011/832/306/0de7f7ccc3b1fd1a43491e10c3b3a577_original.jpg?crop=faces&w=160&h=90&fit=crop&v=1463701250&auto=format&q=92&s=0189827a7a76650bcf707660bdddaafc",
    "thumb": "https://ksr-ugc.imgix.net/assets/011/832/306/0de7f7ccc3b1fd1a43491e10c3b3a577_original.jpg?crop=faces&w=48&h=27&fit=crop&v=1463701250&auto=format&q=92&s=21fc4f019751b5d6f7454db89207acbe"
  },
  "pledged": 71.0,
  "profile": {
    "background_color": null,
    "background_image_opacity": 0.8,
    "blurb": null,
    "feature_image_attributes": {
      "image_urls": {
        "baseball_card": "https://ksr-ugc.imgix.net/assets/011/832/306/0de7f7ccc3b1fd1a43491e10c3b3a577_original.jpg?crop=faces&w=560&h=315&fit=crop&v=1463701250&auto=format&q=92&s=35f228e0a6a5fe0794f9c28485bd85fe",
        "default": "https://ksr-ugc.imgix.net/assets/011/832/306/0de7f7ccc3b1fd1a43491e10c3b3a577_original.jpg?crop=faces&w=1552&h=873&fit=crop&v=1463701250&auto=format&q=92&s=7bda8aac45677a022c306da54f716c38"
      }
    },
    "id": 1281605,
    "link_background_color": null,
    "link_text": null,
    "link_text_color": null,
    "link_url": null,
    "name": null,
    "project_id": 1281605,
    "should_show_feature_image_section": true,
    "show_feature_image": false,
    "state": "inactive",
    "state_changed_at": 1425915871,
    "text_color": null
  },
  "slug": "arriving-as-a-sweeter-app-soon",
  "spotlight": false,
  "staff_pick": false,
  "state": "failed",
  "state_changed_at": 1413061211,
  "static_usd_rate": 1.67788332,
  "urls": {
    "web": {
      "project": "https://www.kickstarter.com/projects/893478759/arriving-as-a-sweeter-app-soon?ref=category_newest",
      "rewards": "https://www.kickstarter.com/projects/893478759/arriving-as-a-sweeter-app-soon/rewards"
    }
  },
  "usd_pledged": "119.12971572",
  "usd_type": "international"
}