{
  "backers_count": 46,
  "blurb": "The LPLC TOO is a tiny, low power microcontroller board designed to act as the glue logic on your next Internet of Things project",
  "category": {
    "color": 6526716,
    "id": 52,
    "name": "Hardware",
    "parent_id": 16,
    "position": 8,
    "slug": "technology/hardware",
    "urls": {
      "web": {
        "discover": "http://www.kickstarter.com/discover/categories/technology/hardware"
      }
    }
  },
  "converted_pledged_amount": 3306,
  "country": "GB",
  "created_at": 1410790468,
  "creator": {
    "avatar": {
      "medium": "https://ksr-ugc.imgix.net/assets/008/317/370/686dd437b60db89ab9aea955844c84c2_original.JPG?w=160&h=160&fit=crop&v=1461516840&auto=format&q=92&s=6a712f4df65a7a4a714c75fb9072f9b0",
      "small": "https://ksr-ugc.imgix.net/assets/008/317/370/686dd437b60db89ab9aea955844c84c2_original.JPG?w=160&h=160&fit=crop&v=1461516840&auto=format&q=92&s=6a712f4df65a7a4a714c75fb9072f9b0",
      "thumb": "https://ksr-ugc.imgix.net/assets/008/317/370/686dd437b60db89ab9aea955844c84c2_original.JPG?w=40&h=40&fit=crop&v=1461516840&auto=format&q=92&s=68550ec7323ac99ada5d897a299d94a2"
    },
    "chosen_currency": null,
    "id": 301993907,
    "is_registered": true,
    "name": "Mike Hibbett",
    "urls": {
      "api": {
        "user": "https://api.kickstarter.com/v1/users/301993907?signature=1524101505.98f881d4f2ca3b644922afad6182a1dcbe431871"
      },
      "web": {
        "user": "https://www.kickstarter.com/profile/301993907"
      }
    }
  },
  "currency": "GBP",
  "currency_symbol": "\u00a3",
  "currency_trailing_code": false,
  "current_currency": "USD",
  "deadline": 1413221596,
  "disable_communication": false,
  "fx_rate": 1.43358488,
  "goal": 2000.0,
  "id": 1032121365,
  "is_starrable": false,
  "launched_at": 1411493596,
  "location": {
    "country": "GB",
    "displayable_name": "Horsham, UK",
    "id": 23945,
    "is_root": false,
    "localized_name": "Horsham",
    "name": "Horsham",
    "short_name": "Horsham, UK",
    "slug": "horsham-horsham-district-gb",
    "state": "England",
    "type": "Town",
    "urls": {
      "api": {
        "nearby_projects": "https://api.kickstarter.com/v1/discover?signature=1524082351.5e0af158d69839015b5fb20865e8726612360639&woe_id=23945"
      },
      "web": {
        "discover": "https://www.kickstarter.com/discover/places/horsham-horsham-district-gb",
        "location": "https://www.kickstarter.com/locations/horsham-horsham-district-gb"
      }
    }
  },
  "name": "LPLC TOO - Internet Of Things Microprocessor",
  "photo": {
    "1024x576": "https://ksr-ugc.imgix.net/assets/011/869/258/1e91ea76b13845fe605fd09cf02debda_original.png?crop=faces&w=1024&h=576&fit=crop&v=1463707523&auto=format&q=92&s=2914b47c2222005ff613dee805f02808",
    "1536x864": "https://ksr-ugc.imgix.net/assets/011/869/258/1e91ea76b13845fe605fd09cf02debda_original.png?crop=faces&w=1552&h=873&fit=crop&v=1463707523&auto=format&q=92&s=d6a77e34cf9caf3ffbfaf84d509f6c2d",
    "ed": "https://ksr-ugc.imgix.net/assets/011/869/258/1e91ea76b13845fe605fd09cf02debda_original.png?crop=faces&w=352&h=198&fit=crop&v=1463707523&auto=format&q=92&s=2ca6af056c1e26ec86aaa09162613892",
    "full": "https://ksr-ugc.imgix.net/assets/011/869/258/1e91ea76b13845fe605fd09cf02debda_original.png?crop=faces&w=560&h=315&fit=crop&v=1463707523&auto=format&q=92&s=84a656e977f174cf718683f8d61c86de",
    "key": "assets/011/869/258/1e91ea76b13845fe605fd09cf02debda_original.png",
    "little": "https://ksr-ugc.imgix.net/assets/011/869/258/1e91ea76b13845fe605fd09cf02debda_original.png?crop=faces&w=208&h=117&fit=crop&v=1463707523&auto=format&q=92&s=8ad965e2233706d26a737ffe760dec27",
    "med": "https://ksr-ugc.imgix.net/assets/011/869/258/1e91ea76b13845fe605fd09cf02debda_original.png?crop=faces&w=272&h=153&fit=crop&v=1463707523&auto=format&q=92&s=1d01a45269fb0132c366fc867f40cf72",
    "small": "https://ksr-ugc.imgix.net/assets/011/869/258/1e91ea76b13845fe605fd09cf02debda_original.png?crop=faces&w=160&h=90&fit=crop&v=1463707523&auto=format&q=92&s=f4aec8ddb2608c07087e69dc259359b1",
    "thumb": "https://ksr-ugc.imgix.net/assets/011/869/258/1e91ea76b13845fe605fd09cf02debda_original.png?crop=faces&w=48&h=27&fit=crop&v=1463707523&auto=format&q=92&s=582aacc31a8fe2d86f4f58886bd90b84"
  },
  "pledged": 2051.0,
  "profile": {
    "background_color": null,
    "background_image_opacity": 0.8,
    "blurb": null,
    "feature_image_attributes": {
      "image_urls": {
        "baseball_card": "https://ksr-ugc.imgix.net/assets/011/869/258/1e91ea76b13845fe605fd09cf02debda_original.png?crop=faces&w=560&h=315&fit=crop&v=1463707523&auto=format&q=92&s=84a656e977f174cf718683f8d61c86de",
        "default": "https://ksr-ugc.imgix.net/assets/011/869/258/1e91ea76b13845fe605fd09cf02debda_original.png?crop=faces&w=1552&h=873&fit=crop&v=1463707523&auto=format&q=92&s=d6a77e34cf9caf3ffbfaf84d509f6c2d"
      }
    },
    "id": 1359143,
    "link_background_color": null,
    "link_text": null,
    "link_text_color": null,
    "link_url": null,
    "name": null,
    "project_id": 1359143,
    "should_show_feature_image_section": true,
    "show_feature_image": false,
    "state": "inactive",
    "state_changed_at": 1425915875,
    "text_color": null
  },
  "slug": "lplc-too-internet-of-things-microprocessor",
  "spotlight": true,
  "staff_pick": false,
  "state": "successful",
  "state_changed_at": 1413221596,
  "static_usd_rate": 1.63494599,
  "urls": {
    "web": {
      "project": "https://www.kickstarter.com/projects/301993907/lplc-too-internet-of-things-microprocessor?ref=category_newest",
      "rewards": "https://www.kickstarter.com/projects/301993907/lplc-too-internet-of-things-microprocessor/rewards"
    }
  },
  "usd_pledged": "3353.27422549",
  "usd_type": "international"
}