{
  "backers_count": 141,
  "blurb": "An amazingly small, sleek and affordably priced amplifier for vinyl lovers, with audiophile sound.",
  "category": {
    "color": 6526716,
    "id": 52,
    "name": "Hardware",
    "parent_id": 16,
    "position": 8,
    "slug": "technology/hardware",
    "urls": {
      "web": {
        "discover": "http://www.kickstarter.com/discover/categories/technology/hardware"
      }
    }
  },
  "converted_pledged_amount": 40565,
  "country": "CA",
  "created_at": 1389131141,
  "creator": {
    "avatar": {
      "medium": "https://ksr-ugc.imgix.net/assets/008/309/985/7f11bb7392fca50d4b86e12d059e772e_original.jpg?w=160&h=160&fit=crop&v=1461516429&auto=format&q=92&s=6fda1e44d13c6fdf50c18766682855c0",
      "small": "https://ksr-ugc.imgix.net/assets/008/309/985/7f11bb7392fca50d4b86e12d059e772e_original.jpg?w=160&h=160&fit=crop&v=1461516429&auto=format&q=92&s=6fda1e44d13c6fdf50c18766682855c0",
      "thumb": "https://ksr-ugc.imgix.net/assets/008/309/985/7f11bb7392fca50d4b86e12d059e772e_original.jpg?w=40&h=40&fit=crop&v=1461516429&auto=format&q=92&s=dce5031bd22496c207cfe02863136f1b"
    },
    "chosen_currency": null,
    "id": 2090572321,
    "is_registered": true,
    "name": "Planet of Sound",
    "urls": {
      "api": {
        "user": "https://api.kickstarter.com/v1/users/2090572321?signature=1524101479.1b5e4ed6d63e8e3a5e1a57b5c5501790c861bdd4"
      },
      "web": {
        "user": "https://www.kickstarter.com/profile/2090572321"
      }
    }
  },
  "currency": "CAD",
  "currency_symbol": "$",
  "currency_trailing_code": true,
  "current_currency": "USD",
  "deadline": 1394729521,
  "disable_communication": false,
  "fx_rate": 0.79525709,
  "goal": 30000.0,
  "id": 1033947460,
  "is_starrable": false,
  "launched_at": 1392141121,
  "location": {
    "country": "CA",
    "displayable_name": "Toronto, Canada",
    "id": 4118,
    "is_root": false,
    "localized_name": "Toronto",
    "name": "Toronto",
    "short_name": "Toronto, Canada",
    "slug": "toronto-on-ca",
    "state": "ON",
    "type": "Town",
    "urls": {
      "api": {
        "nearby_projects": "https://api.kickstarter.com/v1/discover?signature=1524082110.0954501205692c6090629918dde236901dc79f21&woe_id=4118"
      },
      "web": {
        "discover": "https://www.kickstarter.com/discover/places/toronto-on-ca",
        "location": "https://www.kickstarter.com/locations/toronto-on-ca"
      }
    }
  },
  "name": "Mies i100: The Ultimate Amplifier for Vinyl Lovers",
  "photo": {
    "1024x576": "https://ksr-ugc.imgix.net/assets/011/632/009/7f3e360d07c0d4d81f5dcc28d127d9dd_original.jpg?crop=faces&w=1024&h=576&fit=crop&v=1463685894&auto=format&q=92&s=ee31f4b619c30e13b53035613bde6c81",
    "1536x864": "https://ksr-ugc.imgix.net/assets/011/632/009/7f3e360d07c0d4d81f5dcc28d127d9dd_original.jpg?crop=faces&w=1552&h=873&fit=crop&v=1463685894&auto=format&q=92&s=1e3b87d88af2ecc82f05e22f82a9eaf9",
    "ed": "https://ksr-ugc.imgix.net/assets/011/632/009/7f3e360d07c0d4d81f5dcc28d127d9dd_original.jpg?crop=faces&w=352&h=198&fit=crop&v=1463685894&auto=format&q=92&s=1c32317c62641d6a183767334e93cb82",
    "full": "https://ksr-ugc.imgix.net/assets/011/632/009/7f3e360d07c0d4d81f5dcc28d127d9dd_original.jpg?crop=faces&w=560&h=315&fit=crop&v=1463685894&auto=format&q=92&s=86d823496106af6445c448bd6d5c163c",
    "key": "assets/011/632/009/7f3e360d07c0d4d81f5dcc28d127d9dd_original.jpg",
    "little": "https://ksr-ugc.imgix.net/assets/011/632/009/7f3e360d07c0d4d81f5dcc28d127d9dd_original.jpg?crop=faces&w=208&h=117&fit=crop&v=1463685894&auto=format&q=92&s=0be54c4dea647fd346fba4012af5e165",
    "med": "https://ksr-ugc.imgix.net/assets/011/632/009/7f3e360d07c0d4d81f5dcc28d127d9dd_original.jpg?crop=faces&w=272&h=153&fit=crop&v=1463685894&auto=format&q=92&s=76bbb0a9e4122c8191960528e5060bed",
    "small": "https://ksr-ugc.imgix.net/assets/011/632/009/7f3e360d07c0d4d81f5dcc28d127d9dd_original.jpg?crop=faces&w=160&h=90&fit=crop&v=1463685894&auto=format&q=92&s=ade732327ff9058a9cf10d07ce0ae8a9",
    "thumb": "https://ksr-ugc.imgix.net/assets/011/632/009/7f3e360d07c0d4d81f5dcc28d127d9dd_original.jpg?crop=faces&w=48&h=27&fit=crop&v=1463685894&auto=format&q=92&s=22c0352781032453e811f75c0d674061"
  },
  "pledged": 45041.14,
  "profile": {
    "background_color": null,
    "background_image_opacity": 0.8,
    "blurb": null,
    "feature_image_attributes": {
      "image_urls": {
        "baseball_card": "https://ksr-ugc.imgix.net/assets/011/632/009/7f3e360d07c0d4d81f5dcc28d127d9dd_original.jpg?crop=faces&w=560&h=315&fit=crop&v=1463685894&auto=format&q=92&s=86d823496106af6445c448bd6d5c163c",
        "default": "https://ksr-ugc.imgix.net/assets/011/632/009/7f3e360d07c0d4d81f5dcc28d127d9dd_original.jpg?crop=faces&w=1552&h=873&fit=crop&v=1463685894&auto=format&q=92&s=1e3b87d88af2ecc82f05e22f82a9eaf9"
      }
    },
    "id": 839501,
    "link_background_color": null,
    "link_text": null,
    "link_text_color": null,
    "link_url": null,
    "name": null,
    "project_id": 839501,
    "should_show_feature_image_section": true,
    "show_feature_image": false,
    "state": "inactive",
    "state_changed_at": 1425915846,
    "text_color": null
  },
  "slug": "mies-i100-the-ultimate-amplifier-for-vinyl-lovers",
  "spotlight": true,
  "staff_pick": true,
  "state": "successful",
  "state_changed_at": 1394729521,
  "static_usd_rate": 0.90667257,
  "urls": {
    "web": {
      "project": "https://www.kickstarter.com/projects/2090572321/mies-i100-the-ultimate-amplifier-for-vinyl-lovers?ref=category_newest",
      "rewards": "https://www.kickstarter.com/projects/2090572321/mies-i100-the-ultimate-amplifier-for-vinyl-lovers/rewards"
    }
  },
  "usd_pledged": "40837.5661595298",
  "usd_type": "international"
}