{
  "backers_count": 8,
  "blurb": "Every day, we're kept awake by bright screens causing digital eye strain. It's time to revive your eyes with the Heated Eye Pad!",
  "category": {
    "color": 6526716,
    "id": 341,
    "name": "Wearables",
    "parent_id": 16,
    "position": 14,
    "slug": "technology/wearables",
    "urls": {
      "web": {
        "discover": "http://www.kickstarter.com/discover/categories/technology/wearables"
      }
    }
  },
  "converted_pledged_amount": 1102,
  "country": "US",
  "created_at": 1486711451,
  "creator": {
    "avatar": {
      "medium": "https://ksr-ugc.imgix.net/assets/015/643/974/261b52301fd0f76c8627d867b7706d10_original.png?w=160&h=160&fit=crop&v=1488080636&auto=format&q=92&s=29baa2dfffc2566917b2a5a23d8143a5",
      "small": "https://ksr-ugc.imgix.net/assets/015/643/974/261b52301fd0f76c8627d867b7706d10_original.png?w=160&h=160&fit=crop&v=1488080636&auto=format&q=92&s=29baa2dfffc2566917b2a5a23d8143a5",
      "thumb": "https://ksr-ugc.imgix.net/assets/015/643/974/261b52301fd0f76c8627d867b7706d10_original.png?w=40&h=40&fit=crop&v=1488080636&auto=format&q=92&s=7ef460de9d581dc356a1502b4b74295d"
    },
    "chosen_currency": null,
    "id": 1196538252,
    "is_registered": true,
    "name": "The Digital Heat Team!",
    "urls": {
      "api": {
        "user": "https://api.kickstarter.com/v1/users/1196538252?signature=1524102799.d149c0e1f7b38e0adad85e263a2808b307335847"
      },
      "web": {
        "user": "https://www.kickstarter.com/profile/1196538252"
      }
    }
  },
  "currency": "USD",
  "currency_symbol": "$",
  "currency_trailing_code": true,
  "current_currency": "USD",
  "deadline": 1493435895,
  "disable_communication": false,
  "fx_rate": 1.0,
  "goal": 50000.0,
  "id": 1033195361,
  "is_starrable": false,
  "launched_at": 1488255495,
  "location": {
    "country": "US",
    "displayable_name": "Tempe, AZ",
    "id": 2504633,
    "is_root": false,
    "localized_name": "Tempe",
    "name": "Tempe",
    "short_name": "Tempe, AZ",
    "slug": "tempe-az",
    "state": "AZ",
    "type": "Town",
    "urls": {
      "api": {
        "nearby_projects": "https://api.kickstarter.com/v1/discover?signature=1524082126.07b30972afb45b9af02ecdb44c7004a007f1a816&woe_id=2504633"
      },
      "web": {
        "discover": "https://www.kickstarter.com/discover/places/tempe-az",
        "location": "https://www.kickstarter.com/locations/tempe-az"
      }
    }
  },
  "name": "Heated Eye Pad: Relief for Digital Eye Strain",
  "photo": {
    "1024x576": "https://ksr-ugc.imgix.net/assets/015/621/598/4e33b16c3085325bf184dc2b5a78e30a_original.jpg?crop=faces&w=1024&h=576&fit=crop&v=1488081116&auto=format&q=92&s=d41bc530c7c8a0939d9a048fca6cd595",
    "1536x864": "https://ksr-ugc.imgix.net/assets/015/621/598/4e33b16c3085325bf184dc2b5a78e30a_original.jpg?crop=faces&w=1552&h=873&fit=crop&v=1488081116&auto=format&q=92&s=c7494704ee0d1538574cb30c01de31f5",
    "ed": "https://ksr-ugc.imgix.net/assets/015/621/598/4e33b16c3085325bf184dc2b5a78e30a_original.jpg?crop=faces&w=352&h=198&fit=crop&v=1488081116&auto=format&q=92&s=7b80f03f31cde8f55c9a555346559b4f",
    "full": "https://ksr-ugc.imgix.net/assets/015/621/598/4e33b16c3085325bf184dc2b5a78e30a_original.jpg?crop=faces&w=560&h=315&fit=crop&v=1488081116&auto=format&q=92&s=433562a90df5d6c206850ed491447510",
    "key": "assets/015/621/598/4e33b16c3085325bf184dc2b5a78e30a_original.jpg",
    "little": "https://ksr-ugc.imgix.net/assets/015/621/598/4e33b16c3085325bf184dc2b5a78e30a_original.jpg?crop=faces&w=208&h=117&fit=crop&v=1488081116&auto=format&q=92&s=563838da37e2cddedd05062fd08d5a98",
    "med": "https://ksr-ugc.imgix.net/assets/015/621/598/4e33b16c3085325bf184dc2b5a78e30a_original.jpg?crop=faces&w=272&h=153&fit=crop&v=1488081116&auto=format&q=92&s=32c9681a40af122f994a653dbbe518de",
    "small": "https://ksr-ugc.imgix.net/assets/015/621/598/4e33b16c3085325bf184dc2b5a78e30a_original.jpg?crop=faces&w=160&h=90&fit=crop&v=1488081116&auto=format&q=92&s=d48148d553d18d7aa7acce99443c92ce",
    "thumb": "https://ksr-ugc.imgix.net/assets/015/621/598/4e33b16c3085325bf184dc2b5a78e30a_original.jpg?crop=faces&w=48&h=27&fit=crop&v=1488081116&auto=format&q=92&s=2cded3aeec4298c7b50e0b8980f583f0"
  },
  "pledged": 1102.0,
  "profile": {
    "background_color": null,
    "background_image_opacity": 0.8,
    "blurb": null,
    "feature_image_attributes": {
      "image_urls": {
        "baseball_card": "https://ksr-ugc.imgix.net/assets/015/621/598/4e33b16c3085325bf184dc2b5a78e30a_original.jpg?crop=faces&w=560&h=315&fit=crop&v=1488081116&auto=format&q=92&s=433562a90df5d6c206850ed491447510",
        "default": "https://ksr-ugc.imgix.net/assets/015/621/598/4e33b16c3085325bf184dc2b5a78e30a_original.jpg?crop=faces&w=1552&h=873&fit=crop&v=1488081116&auto=format&q=92&s=c7494704ee0d1538574cb30c01de31f5"
      }
    },
    "id": 2873408,
    "link_background_color": null,
    "link_text": null,
    "link_text_color": null,
    "link_url": null,
    "name": null,
    "project_id": 2873408,
    "should_show_feature_image_section": true,
    "show_feature_image": false,
    "state": "inactive",
    "state_changed_at": 1486711451,
    "text_color": null
  },
  "slug": "heated-eye-pad-relief-for-digital-eye-strain",
  "spotlight": false,
  "staff_pick": false,
  "state": "failed",
  "state_changed_at": 1493435895,
  "static_usd_rate": 1.0,
  "urls": {
    "web": {
      "project": "https://www.kickstarter.com/projects/1196538252/heated-eye-pad-relief-for-digital-eye-strain?ref=category_newest",
      "rewards": "https://www.kickstarter.com/projects/1196538252/heated-eye-pad-relief-for-digital-eye-strain/rewards"
    }
  },
  "usd_pledged": "1102.0",
  "usd_type": "international"
}