{
  "backers_count": 30,
  "blurb": "Arduino powered self-controlled robot which is able to find objects, grab and relocate them and do many other funny an useful things!",
  "category": {
    "color": 6526716,
    "id": 338,
    "name": "Robots",
    "parent_id": 16,
    "position": 10,
    "slug": "technology/robots",
    "urls": {
      "web": {
        "discover": "http://www.kickstarter.com/discover/categories/technology/robots"
      }
    }
  },
  "converted_pledged_amount": 5385,
  "country": "DE",
  "created_at": 1431427830,
  "creator": {
    "avatar": {
      "medium": "https://ksr-ugc.imgix.net/assets/009/260/171/e6cca552c79d9a1403ece02c9185393f_original.JPG?w=160&h=160&fit=crop&v=1461569193&auto=format&q=92&s=83bc4292a8de3825f07a4c0c281c460a",
      "small": "https://ksr-ugc.imgix.net/assets/009/260/171/e6cca552c79d9a1403ece02c9185393f_original.JPG?w=160&h=160&fit=crop&v=1461569193&auto=format&q=92&s=83bc4292a8de3825f07a4c0c281c460a",
      "thumb": "https://ksr-ugc.imgix.net/assets/009/260/171/e6cca552c79d9a1403ece02c9185393f_original.JPG?w=40&h=40&fit=crop&v=1461569193&auto=format&q=92&s=16184ee6ad61698e22f176962509c732"
    },
    "chosen_currency": null,
    "id": 1617684053,
    "is_registered": true,
    "name": "Konstantin Stolpovsky",
    "urls": {
      "api": {
        "user": "https://api.kickstarter.com/v1/users/1617684053?signature=1524101948.92773ccc9431a0ddca3369a3fcab777ada729c39"
      },
      "web": {
        "user": "https://www.kickstarter.com/profile/1617684053"
      }
    }
  },
  "currency": "EUR",
  "currency_symbol": "\u20ac",
  "currency_trailing_code": false,
  "current_currency": "USD",
  "deadline": 1437288414,
  "disable_communication": false,
  "fx_rate": 1.23814016,
  "goal": 10000.0,
  "id": 1033368704,
  "is_starrable": false,
  "launched_at": 1433400414,
  "location": {
    "country": "DE",
    "displayable_name": "Kiel, Germany",
    "id": 665683,
    "is_root": false,
    "localized_name": "Kiel",
    "name": "Kiel",
    "short_name": "Kiel, Germany",
    "slug": "kiel-gemeinde-viol-de",
    "state": "Schleswig-Holstein",
    "type": "Town",
    "urls": {
      "api": {
        "nearby_projects": "https://api.kickstarter.com/v1/discover?signature=1524082223.8de449830a56066db69e5e70f02509990df40807&woe_id=665683"
      },
      "web": {
        "discover": "https://www.kickstarter.com/discover/places/kiel-gemeinde-viol-de",
        "location": "https://www.kickstarter.com/locations/kiel-gemeinde-viol-de"
      }
    }
  },
  "name": "Seek N' Sneak - Your robust robotic pet.",
  "photo": {
    "1024x576": "https://ksr-ugc.imgix.net/assets/012/135/544/8fc54f865b37b0eeab7076ac5a91b27d_original.png?crop=faces&w=1024&h=576&fit=crop&v=1463738237&auto=format&q=92&s=355d3baa91a7fc8629c50e453537ca4d",
    "1536x864": "https://ksr-ugc.imgix.net/assets/012/135/544/8fc54f865b37b0eeab7076ac5a91b27d_original.png?crop=faces&w=1552&h=873&fit=crop&v=1463738237&auto=format&q=92&s=ff1905506c9d87260f7dd0e8b9717f0b",
    "ed": "https://ksr-ugc.imgix.net/assets/012/135/544/8fc54f865b37b0eeab7076ac5a91b27d_original.png?crop=faces&w=352&h=198&fit=crop&v=1463738237&auto=format&q=92&s=3e2636109c5470c313d876a6479845b9",
    "full": "https://ksr-ugc.imgix.net/assets/012/135/544/8fc54f865b37b0eeab7076ac5a91b27d_original.png?crop=faces&w=560&h=315&fit=crop&v=1463738237&auto=format&q=92&s=38ccff3e522efea26aed76426750db31",
    "key": "assets/012/135/544/8fc54f865b37b0eeab7076ac5a91b27d_original.png",
    "little": "https://ksr-ugc.imgix.net/assets/012/135/544/8fc54f865b37b0eeab7076ac5a91b27d_original.png?crop=faces&w=208&h=117&fit=crop&v=1463738237&auto=format&q=92&s=46d280a6621cbb2854e84c95de4c7312",
    "med": "https://ksr-ugc.imgix.net/assets/012/135/544/8fc54f865b37b0eeab7076ac5a91b27d_original.png?crop=faces&w=272&h=153&fit=crop&v=1463738237&auto=format&q=92&s=b16de0e9804b5206c62cd99bb7c0db24",
    "small": "https://ksr-ugc.imgix.net/assets/012/135/544/8fc54f865b37b0eeab7076ac5a91b27d_original.png?crop=faces&w=160&h=90&fit=crop&v=1463738237&auto=format&q=92&s=cc55c1ff71b18234b743d257c9d2ffb3",
    "thumb": "https://ksr-ugc.imgix.net/assets/012/135/544/8fc54f865b37b0eeab7076ac5a91b27d_original.png?crop=faces&w=48&h=27&fit=crop&v=1463738237&auto=format&q=92&s=1322d6a9d06c617e22688b51a1698fa9"
  },
  "pledged": 4973.0,
  "profile": {
    "background_color": null,
    "background_image_opacity": 0.8,
    "blurb": null,
    "feature_image_attributes": {
      "image_urls": {
        "baseball_card": "https://ksr-ugc.imgix.net/assets/012/135/544/8fc54f865b37b0eeab7076ac5a91b27d_original.png?crop=faces&w=560&h=315&fit=crop&v=1463738237&auto=format&q=92&s=38ccff3e522efea26aed76426750db31",
        "default": "https://ksr-ugc.imgix.net/assets/012/135/544/8fc54f865b37b0eeab7076ac5a91b27d_original.png?crop=faces&w=1552&h=873&fit=crop&v=1463738237&auto=format&q=92&s=ff1905506c9d87260f7dd0e8b9717f0b"
      }
    },
    "id": 1894559,
    "link_background_color": null,
    "link_text": null,
    "link_text_color": null,
    "link_url": null,
    "name": null,
    "project_id": 1894559,
    "should_show_feature_image_section": true,
    "show_feature_image": false,
    "state": "inactive",
    "state_changed_at": 1431427830,
    "text_color": null
  },
  "slug": "seek-n-sneak",
  "spotlight": false,
  "staff_pick": true,
  "state": "failed",
  "state_changed_at": 1437288414,
  "static_usd_rate": 1.11611004,
  "urls": {
    "web": {
      "project": "https://www.kickstarter.com/projects/1617684053/seek-n-sneak?ref=category_newest",
      "rewards": "https://www.kickstarter.com/projects/1617684053/seek-n-sneak/rewards"
    }
  },
  "usd_pledged": "5550.41522892",
  "usd_type": "international"
}