{
  "backers_count": 2,
  "blurb": "Purchase some equipment to upgrade our current facility to facilitate recording by local bands and artists at an affordable price",
  "category": {
    "color": 6526716,
    "id": 339,
    "name": "Sound",
    "parent_id": 16,
    "position": 12,
    "slug": "technology/sound",
    "urls": {
      "web": {
        "discover": "http://www.kickstarter.com/discover/categories/technology/sound"
      }
    }
  },
  "converted_pledged_amount": 98,
  "country": "AU",
  "created_at": 1413426655,
  "creator": {
    "avatar": {
      "medium": "https://ksr-ugc.imgix.net/assets/009/315/840/2847ccf2105154441271479e0f6adfcc_original.jpg?w=160&h=160&fit=crop&v=1461578885&auto=format&q=92&s=c659340cca2277b98578a795d19cb360",
      "small": "https://ksr-ugc.imgix.net/assets/009/315/840/2847ccf2105154441271479e0f6adfcc_original.jpg?w=160&h=160&fit=crop&v=1461578885&auto=format&q=92&s=c659340cca2277b98578a795d19cb360",
      "thumb": "https://ksr-ugc.imgix.net/assets/009/315/840/2847ccf2105154441271479e0f6adfcc_original.jpg?w=40&h=40&fit=crop&v=1461578885&auto=format&q=92&s=ad6544f6beffd7cc98d18ca782879d3e"
    },
    "chosen_currency": null,
    "id": 2043479232,
    "is_registered": true,
    "name": "Josh H",
    "slug": "thejosh1337",
    "urls": {
      "api": {
        "user": "https://api.kickstarter.com/v1/users/2043479232?signature=1524102495.9d591e942b38b9dcf2e35105ca3adcb2f881b328"
      },
      "web": {
        "user": "https://www.kickstarter.com/profile/thejosh1337"
      }
    }
  },
  "currency": "AUD",
  "currency_symbol": "$",
  "currency_trailing_code": true,
  "current_currency": "USD",
  "deadline": 1418456710,
  "disable_communication": false,
  "fx_rate": 0.77656633,
  "goal": 1500.0,
  "id": 103358480,
  "is_starrable": false,
  "launched_at": 1416296710,
  "location": {
    "country": "AU",
    "displayable_name": "Adelaide, AU",
    "id": 1099805,
    "is_root": false,
    "localized_name": "Adelaide",
    "name": "Adelaide",
    "short_name": "Adelaide, AU",
    "slug": "adelaide-sa-au",
    "state": "SA",
    "type": "Town",
    "urls": {
      "api": {
        "nearby_projects": "https://api.kickstarter.com/v1/discover?signature=1524082116.46a26566edc90acb5541a52b1027401a3c9aa69e&woe_id=1099805"
      },
      "web": {
        "discover": "https://www.kickstarter.com/discover/places/adelaide-sa-au",
        "location": "https://www.kickstarter.com/locations/adelaide-sa-au"
      }
    }
  },
  "name": "Affordable local recording studio in a church in Nairne",
  "photo": {
    "1024x576": "https://ksr-ugc.imgix.net/assets/011/910/509/149c57a4e86f6fe044e206c8018a5db0_original.jpg?crop=faces&w=1024&h=576&fit=crop&v=1463713893&auto=format&q=92&s=8417c7b08ba3641d7d214c59d4479e67",
    "1536x864": "https://ksr-ugc.imgix.net/assets/011/910/509/149c57a4e86f6fe044e206c8018a5db0_original.jpg?crop=faces&w=1552&h=873&fit=crop&v=1463713893&auto=format&q=92&s=ccde33268e250321817a50f5f5a4c284",
    "ed": "https://ksr-ugc.imgix.net/assets/011/910/509/149c57a4e86f6fe044e206c8018a5db0_original.jpg?crop=faces&w=352&h=198&fit=crop&v=1463713893&auto=format&q=92&s=e61ed6539f48cfac0935ef0e0ab3d8b3",
    "full": "https://ksr-ugc.imgix.net/assets/011/910/509/149c57a4e86f6fe044e206c8018a5db0_original.jpg?crop=faces&w=560&h=315&fit=crop&v=1463713893&auto=format&q=92&s=fbc340e6ca523443797c392b2d6d0295",
    "key": "assets/011/910/509/149c57a4e86f6fe044e206c8018a5db0_original.jpg",
    "little": "https://ksr-ugc.imgix.net/assets/011/910/509/149c57a4e86f6fe044e206c8018a5db0_original.jpg?crop=faces&w=208&h=117&fit=crop&v=1463713893&auto=format&q=92&s=3bfc81638292fd7c9fb79c8f6bcc7032",
    "med": "https://ksr-ugc.imgix.net/assets/011/910/509/149c57a4e86f6fe044e206c8018a5db0_original.jpg?crop=faces&w=272&h=153&fit=crop&v=1463713893&auto=format&q=92&s=80c38e43586142a495c5ac248bb1b773",
    "small": "https://ksr-ugc.imgix.net/assets/011/910/509/149c57a4e86f6fe044e206c8018a5db0_original.jpg?crop=faces&w=160&h=90&fit=crop&v=1463713893&auto=format&q=92&s=513f0e77c0172373655f703c891871de",
    "thumb": "https://ksr-ugc.imgix.net/assets/011/910/509/149c57a4e86f6fe044e206c8018a5db0_original.jpg?crop=faces&w=48&h=27&fit=crop&v=1463713893&auto=format&q=92&s=6c6362614e8dbe028b89aeeeb5c35079"
  },
  "pledged": 120.0,
  "profile": {
    "background_color": null,
    "background_image_opacity": 0.8,
    "blurb": null,
    "feature_image_attributes": {
      "image_urls": {
        "baseball_card": "https://ksr-ugc.imgix.net/assets/011/910/509/149c57a4e86f6fe044e206c8018a5db0_original.jpg?crop=faces&w=560&h=315&fit=crop&v=1463713893&auto=format&q=92&s=fbc340e6ca523443797c392b2d6d0295",
        "default": "https://ksr-ugc.imgix.net/assets/011/910/509/149c57a4e86f6fe044e206c8018a5db0_original.jpg?crop=faces&w=1552&h=873&fit=crop&v=1463713893&auto=format&q=92&s=ccde33268e250321817a50f5f5a4c284"
      }
    },
    "id": 1444101,
    "link_background_color": null,
    "link_text": null,
    "link_text_color": null,
    "link_url": null,
    "name": null,
    "project_id": 1444101,
    "should_show_feature_image_section": true,
    "show_feature_image": false,
    "state": "inactive",
    "state_changed_at": 1425915879,
    "text_color": null
  },
  "slug": "affordable-local-recording-studio",
  "spotlight": false,
  "staff_pick": false,
  "state": "failed",
  "state_changed_at": 1418456713,
  "static_usd_rate": 0.87852618,
  "urls": {
    "web": {
      "project": "https://www.kickstarter.com/projects/thejosh1337/affordable-local-recording-studio?ref=category_newest",
      "rewards": "https://www.kickstarter.com/projects/thejosh1337/affordable-local-recording-studio/rewards"
    }
  },
  "usd_pledged": "105.4231416",
  "usd_type": "international"
}