{
  "backers_count": 65,
  "blurb": "A student project to capture HD images and 3D video of the 2012 Annular Solar Eclipse from 20 miles above the Earth's surface.",
  "category": {
    "color": 6526716,
    "id": 340,
    "name": "Space Exploration",
    "parent_id": 16,
    "position": 13,
    "slug": "technology/space exploration",
    "urls": {
      "web": {
        "discover": "http://www.kickstarter.com/discover/categories/technology/space%20exploration"
      }
    }
  },
  "converted_pledged_amount": 4125,
  "country": "US",
  "created_at": 1323992857,
  "creator": {
    "avatar": {
      "medium": "https://ksr-ugc.imgix.net/assets/006/278/341/e20e2abad7e2028edc78068a6027fc82_original.jpg?w=160&h=160&fit=crop&v=1461378121&auto=format&q=92&s=c1fd7fdc58cc8b4b2b269a19798a4dca",
      "small": "https://ksr-ugc.imgix.net/assets/006/278/341/e20e2abad7e2028edc78068a6027fc82_original.jpg?w=160&h=160&fit=crop&v=1461378121&auto=format&q=92&s=c1fd7fdc58cc8b4b2b269a19798a4dca",
      "thumb": "https://ksr-ugc.imgix.net/assets/006/278/341/e20e2abad7e2028edc78068a6027fc82_original.jpg?w=40&h=40&fit=crop&v=1461378121&auto=format&q=92&s=6d9daa9927229dcb8b5730c42c07ba13"
    },
    "chosen_currency": null,
    "id": 989093552,
    "is_registered": true,
    "name": "The Boonville Space Program",
    "urls": {
      "api": {
        "user": "https://api.kickstarter.com/v1/users/989093552?signature=1524102568.f27fdbe12afaa8f2572e570968079714e7d121c9"
      },
      "web": {
        "user": "https://www.kickstarter.com/profile/989093552"
      }
    }
  },
  "currency": "USD",
  "currency_symbol": "$",
  "currency_trailing_code": true,
  "current_currency": "USD",
  "deadline": 1334559540,
  "disable_communication": false,
  "fx_rate": 1.0,
  "goal": 3000.0,
  "id": 1034930082,
  "is_starrable": false,
  "launched_at": 1331251028,
  "location": {
    "country": "US",
    "displayable_name": "Boonville, CA",
    "id": 2366904,
    "is_root": false,
    "localized_name": "Boonville",
    "name": "Boonville",
    "short_name": "Boonville, CA",
    "slug": "boonville-ca",
    "state": "CA",
    "type": "Town",
    "urls": {
      "api": {
        "nearby_projects": "https://api.kickstarter.com/v1/discover?signature=1524083084.2759de5976ded583a594b2e786f276015be37084&woe_id=2366904"
      },
      "web": {
        "discover": "https://www.kickstarter.com/discover/places/boonville-ca",
        "location": "https://www.kickstarter.com/locations/boonville-ca"
      }
    }
  },
  "name": "The Boonville Space Program: ECLIPSE 2012 Mission",
  "photo": {
    "1024x576": "https://ksr-ugc.imgix.net/assets/011/308/485/1d8a644439ce300bd25a58e00f76d249_original.jpg?crop=faces&w=1024&h=576&fit=crop&v=1463680772&auto=format&q=92&s=34cbcfe948168476d9be65f32be257b3",
    "1536x864": "https://ksr-ugc.imgix.net/assets/011/308/485/1d8a644439ce300bd25a58e00f76d249_original.jpg?crop=faces&w=1552&h=873&fit=crop&v=1463680772&auto=format&q=92&s=a961648f03d92fce50a803e9edcc1fb2",
    "ed": "https://ksr-ugc.imgix.net/assets/011/308/485/1d8a644439ce300bd25a58e00f76d249_original.jpg?crop=faces&w=352&h=198&fit=crop&v=1463680772&auto=format&q=92&s=5416af18300f96c1b5e13cd3ab50d1d3",
    "full": "https://ksr-ugc.imgix.net/assets/011/308/485/1d8a644439ce300bd25a58e00f76d249_original.jpg?crop=faces&w=560&h=315&fit=crop&v=1463680772&auto=format&q=92&s=d44812cd9909d7b8249fd7efa6c42241",
    "key": "assets/011/308/485/1d8a644439ce300bd25a58e00f76d249_original.jpg",
    "little": "https://ksr-ugc.imgix.net/assets/011/308/485/1d8a644439ce300bd25a58e00f76d249_original.jpg?crop=faces&w=208&h=117&fit=crop&v=1463680772&auto=format&q=92&s=0b61d0396da08db810fe2f2e2a28839a",
    "med": "https://ksr-ugc.imgix.net/assets/011/308/485/1d8a644439ce300bd25a58e00f76d249_original.jpg?crop=faces&w=272&h=153&fit=crop&v=1463680772&auto=format&q=92&s=a455a6d019d60f52ddd7263401aaef96",
    "small": "https://ksr-ugc.imgix.net/assets/011/308/485/1d8a644439ce300bd25a58e00f76d249_original.jpg?crop=faces&w=160&h=90&fit=crop&v=1463680772&auto=format&q=92&s=d79be31d4e8d8a1ed508995f11100a81",
    "thumb": "https://ksr-ugc.imgix.net/assets/011/308/485/1d8a644439ce300bd25a58e00f76d249_original.jpg?crop=faces&w=48&h=27&fit=crop&v=1463680772&auto=format&q=92&s=2b78d2cef326157f8f748b6acb4f9fe2"
  },
  "pledged": 4125.0,
  "profile": {
    "background_color": null,
    "background_image_opacity": 0.8,
    "blurb": null,
    "feature_image_attributes": {
      "image_urls": {
        "baseball_card": "https://ksr-ugc.imgix.net/assets/011/308/485/1d8a644439ce300bd25a58e00f76d249_original.jpg?crop=faces&w=560&h=315&fit=crop&v=1463680772&auto=format&q=92&s=d44812cd9909d7b8249fd7efa6c42241",
        "default": "https://ksr-ugc.imgix.net/assets/011/308/485/1d8a644439ce300bd25a58e00f76d249_original.jpg?crop=faces&w=1552&h=873&fit=crop&v=1463680772&auto=format&q=92&s=a961648f03d92fce50a803e9edcc1fb2"
      }
    },
    "id": 64820,
    "link_background_color": null,
    "link_text": null,
    "link_text_color": null,
    "link_url": null,
    "name": null,
    "project_id": 64820,
    "should_show_feature_image_section": true,
    "show_feature_image": false,
    "state": "inactive",
    "state_changed_at": 1425915804,
    "text_color": null
  },
  "slug": "the-boonville-space-program-eclipse-2012-mission",
  "spotlight": true,
  "staff_pick": false,
  "state": "successful",
  "state_changed_at": 1334559540,
  "static_usd_rate": 1.0,
  "urls": {
    "web": {
      "project": "https://www.kickstarter.com/projects/989093552/the-boonville-space-program-eclipse-2012-mission?ref=category_newest",
      "rewards": "https://www.kickstarter.com/projects/989093552/the-boonville-space-program-eclipse-2012-mission/rewards"
    }
  },
  "usd_pledged": "4125.0",
  "usd_type": "international"
}