{
  "backers_count": 25,
  "blurb": "Do you need monitoring for your photovoltaic plant, an energy manager to optimize self-consumption, inexpensive solar battery storage?",
  "category": {
    "color": 6526716,
    "id": 52,
    "name": "Hardware",
    "parent_id": 16,
    "position": 8,
    "slug": "technology/hardware",
    "urls": {
      "web": {
        "discover": "http://www.kickstarter.com/discover/categories/technology/hardware"
      }
    }
  },
  "converted_pledged_amount": 4037,
  "country": "CH",
  "created_at": 1438719115,
  "creator": {
    "avatar": {
      "medium": "https://ksr-ugc.imgix.net/assets/006/275/520/433bad9c2bf7ac5186452bdbf8c1fc2a_original.jpg?w=160&h=160&fit=crop&v=1461377927&auto=format&q=92&s=18ecf947cf3d6d1af15934819ef2b185",
      "small": "https://ksr-ugc.imgix.net/assets/006/275/520/433bad9c2bf7ac5186452bdbf8c1fc2a_original.jpg?w=160&h=160&fit=crop&v=1461377927&auto=format&q=92&s=18ecf947cf3d6d1af15934819ef2b185",
      "thumb": "https://ksr-ugc.imgix.net/assets/006/275/520/433bad9c2bf7ac5186452bdbf8c1fc2a_original.jpg?w=40&h=40&fit=crop&v=1461377927&auto=format&q=92&s=5bd44af76eb8fe823acfe759f8fc85cc"
    },
    "chosen_currency": null,
    "id": 1983254852,
    "is_registered": true,
    "name": "swissEmbedded GmbH",
    "urls": {
      "api": {
        "user": "https://api.kickstarter.com/v1/users/1983254852?signature=1524101563.780a1f72a36f57d4a83efbb620dd9f3d2087fbcb"
      },
      "web": {
        "user": "https://www.kickstarter.com/profile/1983254852"
      }
    }
  },
  "currency": "CHF",
  "currency_symbol": "Fr ",
  "currency_trailing_code": false,
  "current_currency": "USD",
  "deadline": 1452956308,
  "disable_communication": false,
  "fx_rate": 1.04108865,
  "goal": 3000.0,
  "id": 1034630006,
  "is_starrable": false,
  "launched_at": 1447772308,
  "location": {
    "country": "CH",
    "displayable_name": "Nussbaumen, Switzerland",
    "id": 783538,
    "is_root": false,
    "localized_name": "Nussbaumen",
    "name": "Nussbaumen",
    "short_name": "Nussbaumen, Switzerland",
    "slug": "nussbaumen-canton-of-thurgau-ch",
    "state": "Canton of Thurgau",
    "type": "Town",
    "urls": {
      "api": {
        "nearby_projects": "https://api.kickstarter.com/v1/discover?signature=1524083059.519c28cb7078804cb6d58d240882e2e0ab680db5&woe_id=783538"
      },
      "web": {
        "discover": "https://www.kickstarter.com/discover/places/nussbaumen-canton-of-thurgau-ch",
        "location": "https://www.kickstarter.com/locations/nussbaumen-canton-of-thurgau-ch"
      }
    }
  },
  "name": "EMDO can do, your Energy Manager for Renewable Energy",
  "photo": {
    "1024x576": "https://ksr-ugc.imgix.net/assets/012/216/147/d2a3027cf1cec67e83651c89fbe872f3_original.jpg?crop=faces&w=1024&h=576&fit=crop&v=1463743032&auto=format&q=92&s=452bdc7079fe979106ca2ae16ee74ebc",
    "1536x864": "https://ksr-ugc.imgix.net/assets/012/216/147/d2a3027cf1cec67e83651c89fbe872f3_original.jpg?crop=faces&w=1552&h=873&fit=crop&v=1463743032&auto=format&q=92&s=51729c6d3cc27430ea8feb67d8e5bb01",
    "ed": "https://ksr-ugc.imgix.net/assets/012/216/147/d2a3027cf1cec67e83651c89fbe872f3_original.jpg?crop=faces&w=352&h=198&fit=crop&v=1463743032&auto=format&q=92&s=82712abbba085a690cacbe302a13f5e8",
    "full": "https://ksr-ugc.imgix.net/assets/012/216/147/d2a3027cf1cec67e83651c89fbe872f3_original.jpg?crop=faces&w=560&h=315&fit=crop&v=1463743032&auto=format&q=92&s=0cd8a0e8cbbe1f5ef9676889d16299be",
    "key": "assets/012/216/147/d2a3027cf1cec67e83651c89fbe872f3_original.jpg",
    "little": "https://ksr-ugc.imgix.net/assets/012/216/147/d2a3027cf1cec67e83651c89fbe872f3_original.jpg?crop=faces&w=208&h=117&fit=crop&v=1463743032&auto=format&q=92&s=912ce304d78751c005ce4a3e1d0ba75f",
    "med": "https://ksr-ugc.imgix.net/assets/012/216/147/d2a3027cf1cec67e83651c89fbe872f3_original.jpg?crop=faces&w=272&h=153&fit=crop&v=1463743032&auto=format&q=92&s=d8f0090ea6d3e5e0c489b03a6cefd9ea",
    "small": "https://ksr-ugc.imgix.net/assets/012/216/147/d2a3027cf1cec67e83651c89fbe872f3_original.jpg?crop=faces&w=160&h=90&fit=crop&v=1463743032&auto=format&q=92&s=cde12d5818bcf3af858e4eead913a211",
    "thumb": "https://ksr-ugc.imgix.net/assets/012/216/147/d2a3027cf1cec67e83651c89fbe872f3_original.jpg?crop=faces&w=48&h=27&fit=crop&v=1463743032&auto=format&q=92&s=bef88382be78a1651813988d64bf4b11"
  },
  "pledged": 4042.0,
  "profile": {
    "background_color": null,
    "background_image_opacity": 0.8,
    "blurb": null,
    "feature_image_attributes": {
      "image_urls": {
        "baseball_card": "https://ksr-ugc.imgix.net/assets/012/216/147/d2a3027cf1cec67e83651c89fbe872f3_original.jpg?crop=faces&w=560&h=315&fit=crop&v=1463743032&auto=format&q=92&s=0cd8a0e8cbbe1f5ef9676889d16299be",
        "default": "https://ksr-ugc.imgix.net/assets/012/216/147/d2a3027cf1cec67e83651c89fbe872f3_original.jpg?crop=faces&w=1552&h=873&fit=crop&v=1463743032&auto=format&q=92&s=51729c6d3cc27430ea8feb67d8e5bb01"
      }
    },
    "id": 2050897,
    "link_background_color": null,
    "link_text": null,
    "link_text_color": null,
    "link_url": null,
    "name": null,
    "project_id": 2050897,
    "should_show_feature_image_section": true,
    "show_feature_image": false,
    "state": "inactive",
    "state_changed_at": 1438719115,
    "text_color": null
  },
  "slug": "emdo-can-do-your-energy-manager-for-renewable-ener",
  "spotlight": true,
  "staff_pick": false,
  "state": "successful",
  "state_changed_at": 1452956308,
  "static_usd_rate": 0.99296484,
  "urls": {
    "web": {
      "project": "https://www.kickstarter.com/projects/1983254852/emdo-can-do-your-energy-manager-for-renewable-ener?ref=category_newest",
      "rewards": "https://www.kickstarter.com/projects/1983254852/emdo-can-do-your-energy-manager-for-renewable-ener/rewards"
    }
  },
  "usd_pledged": "4013.56388328",
  "usd_type": "international"
}