{
  "backers_count": 44,
  "blurb": "Parcel Nest is the postbox that evolved. A simple, secure & convenient way to receive your home delivered parcels.",
  "category": {
    "color": 6526716,
    "id": 337,
    "name": "Gadgets",
    "parent_id": 16,
    "position": 7,
    "slug": "technology/gadgets",
    "urls": {
      "web": {
        "discover": "http://www.kickstarter.com/discover/categories/technology/gadgets"
      }
    }
  },
  "converted_pledged_amount": 11070,
  "country": "AU",
  "created_at": 1389590262,
  "creator": {
    "avatar": {
      "medium": "https://ksr-ugc.imgix.net/assets/008/323/504/cd418dedf437ad0ceafd39d6a70838f5_original.jpg?w=160&h=160&fit=crop&v=1461517201&auto=format&q=92&s=3f433dfdd4414febc3639f917a623f3a",
      "small": "https://ksr-ugc.imgix.net/assets/008/323/504/cd418dedf437ad0ceafd39d6a70838f5_original.jpg?w=160&h=160&fit=crop&v=1461517201&auto=format&q=92&s=3f433dfdd4414febc3639f917a623f3a",
      "thumb": "https://ksr-ugc.imgix.net/assets/008/323/504/cd418dedf437ad0ceafd39d6a70838f5_original.jpg?w=40&h=40&fit=crop&v=1461517201&auto=format&q=92&s=8ef10ae1770a909e03b96f4d94d34cf9"
    },
    "chosen_currency": null,
    "id": 229026487,
    "is_registered": true,
    "name": "Troy Forrest",
    "urls": {
      "api": {
        "user": "https://api.kickstarter.com/v1/users/229026487?signature=1524101195.0458bf1e465134d52789ca7d38c5015c721a5e28"
      },
      "web": {
        "user": "https://www.kickstarter.com/profile/229026487"
      }
    }
  },
  "currency": "AUD",
  "currency_symbol": "$",
  "currency_trailing_code": true,
  "current_currency": "USD",
  "deadline": 1432569486,
  "disable_communication": false,
  "fx_rate": 0.77656633,
  "goal": 55000.0,
  "id": 103430819,
  "is_starrable": false,
  "launched_at": 1428940686,
  "location": {
    "country": "AU",
    "displayable_name": "Adelaide, AU",
    "id": 1099805,
    "is_root": false,
    "localized_name": "Adelaide",
    "name": "Adelaide",
    "short_name": "Adelaide, AU",
    "slug": "adelaide-sa-au",
    "state": "SA",
    "type": "Town",
    "urls": {
      "api": {
        "nearby_projects": "https://api.kickstarter.com/v1/discover?signature=1524082116.46a26566edc90acb5541a52b1027401a3c9aa69e&woe_id=1099805"
      },
      "web": {
        "discover": "https://www.kickstarter.com/discover/places/adelaide-sa-au",
        "location": "https://www.kickstarter.com/locations/adelaide-sa-au"
      }
    }
  },
  "name": "Parcel Nest",
  "photo": {
    "1024x576": "https://ksr-ugc.imgix.net/assets/011/634/909/eaf2764ae5e4e99c1332679b1953a546_original.jpeg?crop=faces&w=1024&h=576&fit=crop&v=1463685988&auto=format&q=92&s=4fb6d8a14eeaddd45ea112ab5b4891e4",
    "1536x864": "https://ksr-ugc.imgix.net/assets/011/634/909/eaf2764ae5e4e99c1332679b1953a546_original.jpeg?crop=faces&w=1552&h=873&fit=crop&v=1463685988&auto=format&q=92&s=edb51cae21430e720bcf384fcc6aa83e",
    "ed": "https://ksr-ugc.imgix.net/assets/011/634/909/eaf2764ae5e4e99c1332679b1953a546_original.jpeg?crop=faces&w=352&h=198&fit=crop&v=1463685988&auto=format&q=92&s=f9afebdb8536257beab8252e79d04642",
    "full": "https://ksr-ugc.imgix.net/assets/011/634/909/eaf2764ae5e4e99c1332679b1953a546_original.jpeg?crop=faces&w=560&h=315&fit=crop&v=1463685988&auto=format&q=92&s=ae66a912b8130e5090a610c1393ea9c5",
    "key": "assets/011/634/909/eaf2764ae5e4e99c1332679b1953a546_original.jpeg",
    "little": "https://ksr-ugc.imgix.net/assets/011/634/909/eaf2764ae5e4e99c1332679b1953a546_original.jpeg?crop=faces&w=208&h=117&fit=crop&v=1463685988&auto=format&q=92&s=aa79f3b13e3c0f5aae449df2088c4b79",
    "med": "https://ksr-ugc.imgix.net/assets/011/634/909/eaf2764ae5e4e99c1332679b1953a546_original.jpeg?crop=faces&w=272&h=153&fit=crop&v=1463685988&auto=format&q=92&s=9443d27183520bf6e3c1c8e9f48a5e3b",
    "small": "https://ksr-ugc.imgix.net/assets/011/634/909/eaf2764ae5e4e99c1332679b1953a546_original.jpeg?crop=faces&w=160&h=90&fit=crop&v=1463685988&auto=format&q=92&s=b1aedc434df06c2c631093e117a23d54",
    "thumb": "https://ksr-ugc.imgix.net/assets/011/634/909/eaf2764ae5e4e99c1332679b1953a546_original.jpeg?crop=faces&w=48&h=27&fit=crop&v=1463685988&auto=format&q=92&s=576f7ff9b20347061910e6df1ac3a997"
  },
  "pledged": 14150.0,
  "profile": {
    "background_color": null,
    "background_image_opacity": 0.8,
    "blurb": null,
    "feature_image_attributes": {
      "image_urls": {
        "baseball_card": "https://ksr-ugc.imgix.net/assets/011/634/909/eaf2764ae5e4e99c1332679b1953a546_original.jpeg?crop=faces&w=560&h=315&fit=crop&v=1463685988&auto=format&q=92&s=ae66a912b8130e5090a610c1393ea9c5",
        "default": "https://ksr-ugc.imgix.net/assets/011/634/909/eaf2764ae5e4e99c1332679b1953a546_original.jpeg?crop=faces&w=1552&h=873&fit=crop&v=1463685988&auto=format&q=92&s=edb51cae21430e720bcf384fcc6aa83e"
      }
    },
    "id": 846978,
    "link_background_color": null,
    "link_text": null,
    "link_text_color": null,
    "link_url": null,
    "name": null,
    "project_id": 846978,
    "should_show_feature_image_section": true,
    "show_feature_image": false,
    "state": "inactive",
    "state_changed_at": 1425915846,
    "text_color": null
  },
  "slug": "parcel-nest",
  "spotlight": false,
  "staff_pick": false,
  "state": "failed",
  "state_changed_at": 1432569488,
  "static_usd_rate": 0.76793591,
  "urls": {
    "web": {
      "project": "https://www.kickstarter.com/projects/229026487/parcel-nest?ref=category_newest",
      "rewards": "https://www.kickstarter.com/projects/229026487/parcel-nest/rewards"
    }
  },
  "usd_pledged": "10866.2931265",
  "usd_type": "international"
}