{
  "backers_count": 3,
  "blurb": "fast and easy bulk filament storage",
  "category": {
    "color": 6526716,
    "id": 331,
    "name": "3D Printing",
    "parent_id": 16,
    "position": 1,
    "slug": "technology/3d printing",
    "urls": {
      "web": {
        "discover": "http://www.kickstarter.com/discover/categories/technology/3d%20printing"
      }
    }
  },
  "converted_pledged_amount": 870,
  "country": "US",
  "created_at": 1464736739,
  "creator": {
    "avatar": {
      "medium": "https://ksr-ugc.imgix.net/assets/011/033/254/ac35f8f9bf88319f47d7f243644131db_original.jpg?w=160&h=160&fit=crop&v=1461832845&auto=format&q=92&s=acb8e9d4eda9ceea1affa470440c5849",
      "small": "https://ksr-ugc.imgix.net/assets/011/033/254/ac35f8f9bf88319f47d7f243644131db_original.jpg?w=160&h=160&fit=crop&v=1461832845&auto=format&q=92&s=acb8e9d4eda9ceea1affa470440c5849",
      "thumb": "https://ksr-ugc.imgix.net/assets/011/033/254/ac35f8f9bf88319f47d7f243644131db_original.jpg?w=40&h=40&fit=crop&v=1461832845&auto=format&q=92&s=fafc9ec5190375632b9262c8159b06eb"
    },
    "chosen_currency": null,
    "id": 249394493,
    "is_registered": true,
    "name": "3dkart org",
    "urls": {
      "api": {
        "user": "https://api.kickstarter.com/v1/users/249394493?signature=1524100035.ddccf014a957e7219c1f5944d2420785ff29852e"
      },
      "web": {
        "user": "https://www.kickstarter.com/profile/249394493"
      }
    }
  },
  "currency": "USD",
  "currency_symbol": "$",
  "currency_trailing_code": true,
  "current_currency": "USD",
  "deadline": 1467574798,
  "disable_communication": false,
  "fx_rate": 1.0,
  "goal": 6000.0,
  "id": 1034219582,
  "is_starrable": false,
  "launched_at": 1464982798,
  "location": {
    "country": "US",
    "displayable_name": "Ponchatoula, LA",
    "id": 2474923,
    "is_root": false,
    "localized_name": "Ponchatoula",
    "name": "Ponchatoula",
    "short_name": "Ponchatoula, LA",
    "slug": "ponchatoula-la",
    "state": "LA",
    "type": "Town",
    "urls": {
      "api": {
        "nearby_projects": "https://api.kickstarter.com/v1/discover?signature=1524088102.d31329d8a1f9e2313c5a73a415269576578f1aa8&woe_id=2474923"
      },
      "web": {
        "discover": "https://www.kickstarter.com/discover/places/ponchatoula-la",
        "location": "https://www.kickstarter.com/locations/ponchatoula-la"
      }
    }
  },
  "name": "3D Printer filament cart",
  "photo": {
    "1024x576": "https://ksr-ugc.imgix.net/assets/012/591/214/bd96e113d5957c89ccf4f7feea259baf_original.png?crop=faces&w=1024&h=576&fit=crop&v=1465523270&auto=format&q=92&s=c45f74fd42759b46ff580c6bc280b0ab",
    "1536x864": "https://ksr-ugc.imgix.net/assets/012/591/214/bd96e113d5957c89ccf4f7feea259baf_original.png?crop=faces&w=1552&h=873&fit=crop&v=1465523270&auto=format&q=92&s=8adbcedf2907b4838ea9f49e740ac347",
    "ed": "https://ksr-ugc.imgix.net/assets/012/591/214/bd96e113d5957c89ccf4f7feea259baf_original.png?crop=faces&w=352&h=198&fit=crop&v=1465523270&auto=format&q=92&s=9b7df5ec2e81c309baf7a4067a37ddd3",
    "full": "https://ksr-ugc.imgix.net/assets/012/591/214/bd96e113d5957c89ccf4f7feea259baf_original.png?crop=faces&w=560&h=315&fit=crop&v=1465523270&auto=format&q=92&s=6e23675ce5e37b5b843532cbe5c10c5e",
    "key": "assets/012/591/214/bd96e113d5957c89ccf4f7feea259baf_original.png",
    "little": "https://ksr-ugc.imgix.net/assets/012/591/214/bd96e113d5957c89ccf4f7feea259baf_original.png?crop=faces&w=208&h=117&fit=crop&v=1465523270&auto=format&q=92&s=b350411f6bf873c1a008d7fcd54c77ab",
    "med": "https://ksr-ugc.imgix.net/assets/012/591/214/bd96e113d5957c89ccf4f7feea259baf_original.png?crop=faces&w=272&h=153&fit=crop&v=1465523270&auto=format&q=92&s=843d07320cc7f4bf465290c61beac5fa",
    "small": "https://ksr-ugc.imgix.net/assets/012/591/214/bd96e113d5957c89ccf4f7feea259baf_original.png?crop=faces&w=160&h=90&fit=crop&v=1465523270&auto=format&q=92&s=e9b2b1f51b12fcd5a8ac3c4ed2893a9a",
    "thumb": "https://ksr-ugc.imgix.net/assets/012/591/214/bd96e113d5957c89ccf4f7feea259baf_original.png?crop=faces&w=48&h=27&fit=crop&v=1465523270&auto=format&q=92&s=0db4cef1701bcda7d4c8fa814f060f77"
  },
  "pledged": 870.0,
  "profile": {
    "background_color": null,
    "background_image_opacity": 0.8,
    "blurb": null,
    "feature_image_attributes": {
      "image_urls": {
        "baseball_card": "https://ksr-ugc.imgix.net/assets/012/591/214/bd96e113d5957c89ccf4f7feea259baf_original.png?crop=faces&w=560&h=315&fit=crop&v=1465523270&auto=format&q=92&s=6e23675ce5e37b5b843532cbe5c10c5e",
        "default": "https://ksr-ugc.imgix.net/assets/012/591/214/bd96e113d5957c89ccf4f7feea259baf_original.png?crop=faces&w=1552&h=873&fit=crop&v=1465523270&auto=format&q=92&s=8adbcedf2907b4838ea9f49e740ac347"
      }
    },
    "id": 2540360,
    "link_background_color": null,
    "link_text": null,
    "link_text_color": null,
    "link_url": null,
    "name": null,
    "project_id": 2540360,
    "should_show_feature_image_section": true,
    "show_feature_image": false,
    "state": "inactive",
    "state_changed_at": 1464736739,
    "text_color": null
  },
  "slug": "3d-printer-filament-cart",
  "spotlight": false,
  "staff_pick": false,
  "state": "failed",
  "state_changed_at": 1467574799,
  "static_usd_rate": 1.0,
  "urls": {
    "web": {
      "project": "https://www.kickstarter.com/projects/249394493/3d-printer-filament-cart?ref=category_newest",
      "rewards": "https://www.kickstarter.com/projects/249394493/3d-printer-filament-cart/rewards"
    }
  },
  "usd_pledged": "870.0",
  "usd_type": "international"
}