{
  "backers_count": 83,
  "blurb": "Tougher Bodies, Industry-Leading Servomotors, Long Lasting Battery, Weather Sealed, & Less Expensive! - As Seen on Gadgetflow",
  "category": {
    "color": 6526716,
    "id": 337,
    "name": "Gadgets",
    "parent_id": 16,
    "position": 7,
    "slug": "technology/gadgets",
    "urls": {
      "web": {
        "discover": "http://www.kickstarter.com/discover/categories/technology/gadgets"
      }
    }
  },
  "converted_pledged_amount": 24836,
  "country": "CA",
  "created_at": 1505841919,
  "creator": {
    "avatar": {
      "medium": "https://ksr-ugc.imgix.net/assets/018/399/564/8dc9475ddb9e62e07bb5a11befef3d68_original.png?w=160&h=160&fit=crop&v=1505855291&auto=format&q=92&s=9e19771abc8fb6e8b6e7bdd3ea7a4edd",
      "small": "https://ksr-ugc.imgix.net/assets/018/399/564/8dc9475ddb9e62e07bb5a11befef3d68_original.png?w=160&h=160&fit=crop&v=1505855291&auto=format&q=92&s=9e19771abc8fb6e8b6e7bdd3ea7a4edd",
      "thumb": "https://ksr-ugc.imgix.net/assets/018/399/564/8dc9475ddb9e62e07bb5a11befef3d68_original.png?w=40&h=40&fit=crop&v=1505855291&auto=format&q=92&s=ffb53809a26fb65451c6d9e9c9520cfd"
    },
    "chosen_currency": null,
    "id": 1472667311,
    "is_registered": true,
    "name": "Lux Gimbal",
    "slug": "luxgimbal",
    "urls": {
      "api": {
        "user": "https://api.kickstarter.com/v1/users/1472667311?signature=1524101101.1eabde74c3aee6aceb20fa099ab64d694d04a287"
      },
      "web": {
        "user": "https://www.kickstarter.com/profile/luxgimbal"
      }
    }
  },
  "currency": "CAD",
  "currency_symbol": "$",
  "currency_trailing_code": true,
  "current_currency": "USD",
  "deadline": 1512158549,
  "disable_communication": false,
  "fx_rate": 0.79525709,
  "goal": 30000.0,
  "id": 1034159611,
  "is_starrable": false,
  "launched_at": 1509130949,
  "location": {
    "country": "CA",
    "displayable_name": "Toronto, Canada",
    "id": 4118,
    "is_root": false,
    "localized_name": "Toronto",
    "name": "Toronto",
    "short_name": "Toronto, Canada",
    "slug": "toronto-on-ca",
    "state": "ON",
    "type": "Town",
    "urls": {
      "api": {
        "nearby_projects": "https://api.kickstarter.com/v1/discover?signature=1524082110.0954501205692c6090629918dde236901dc79f21&woe_id=4118"
      },
      "web": {
        "discover": "https://www.kickstarter.com/discover/places/toronto-on-ca",
        "location": "https://www.kickstarter.com/locations/toronto-on-ca"
      }
    }
  },
  "name": "Lux Gimbal: The Toughest 3-Axis Stabilizer",
  "photo": {
    "1024x576": "https://ksr-ugc.imgix.net/assets/018/396/194/f605c042cdb4037fe5fde4ff36910cda_original.png?crop=faces&w=1024&h=576&fit=crop&v=1510421310&auto=format&q=92&s=06bf12b34e97dea179813f96adea42d9",
    "1536x864": "https://ksr-ugc.imgix.net/assets/018/396/194/f605c042cdb4037fe5fde4ff36910cda_original.png?crop=faces&w=1552&h=873&fit=crop&v=1510421310&auto=format&q=92&s=149f983cfc052585d271c5015fed18df",
    "ed": "https://ksr-ugc.imgix.net/assets/018/396/194/f605c042cdb4037fe5fde4ff36910cda_original.png?crop=faces&w=352&h=198&fit=crop&v=1510421310&auto=format&q=92&s=4a44d9d434bea5983d0ccac8a7260b63",
    "full": "https://ksr-ugc.imgix.net/assets/018/396/194/f605c042cdb4037fe5fde4ff36910cda_original.png?crop=faces&w=560&h=315&fit=crop&v=1510421310&auto=format&q=92&s=bcc38d2b0005bcc219ad1ff5b0cfd454",
    "key": "assets/018/396/194/f605c042cdb4037fe5fde4ff36910cda_original.png",
    "little": "https://ksr-ugc.imgix.net/assets/018/396/194/f605c042cdb4037fe5fde4ff36910cda_original.png?crop=faces&w=208&h=117&fit=crop&v=1510421310&auto=format&q=92&s=176b758356eb0778026fcf386ec17f24",
    "med": "https://ksr-ugc.imgix.net/assets/018/396/194/f605c042cdb4037fe5fde4ff36910cda_original.png?crop=faces&w=272&h=153&fit=crop&v=1510421310&auto=format&q=92&s=df4ef02c1638da3cd1e9cff708b0110c",
    "small": "https://ksr-ugc.imgix.net/assets/018/396/194/f605c042cdb4037fe5fde4ff36910cda_original.png?crop=faces&w=160&h=90&fit=crop&v=1510421310&auto=format&q=92&s=4abbc6952b0860a11fc4a781a3807213",
    "thumb": "https://ksr-ugc.imgix.net/assets/018/396/194/f605c042cdb4037fe5fde4ff36910cda_original.png?crop=faces&w=48&h=27&fit=crop&v=1510421310&auto=format&q=92&s=e1cae27e2e21343e47b6d2c6212ebfbe"
  },
  "pledged": 31988.0,
  "profile": {
    "background_color": null,
    "background_image_opacity": 0.8,
    "blurb": null,
    "feature_image_attributes": {
      "image_urls": {
        "baseball_card": "https://ksr-ugc.imgix.net/assets/018/396/194/f605c042cdb4037fe5fde4ff36910cda_original.png?crop=faces&w=560&h=315&fit=crop&v=1510421310&auto=format&q=92&s=bcc38d2b0005bcc219ad1ff5b0cfd454",
        "default": "https://ksr-ugc.imgix.net/assets/018/396/194/f605c042cdb4037fe5fde4ff36910cda_original.png?crop=faces&w=1552&h=873&fit=crop&v=1510421310&auto=format&q=92&s=149f983cfc052585d271c5015fed18df"
      }
    },
    "id": 3147470,
    "link_background_color": null,
    "link_text": null,
    "link_text_color": null,
    "link_url": null,
    "name": null,
    "project_id": 3147470,
    "should_show_feature_image_section": true,
    "show_feature_image": false,
    "state": "inactive",
    "state_changed_at": 1505841919,
    "text_color": null
  },
  "slug": "lux-the-first-ultra-quality-3-axis-stabilizers",
  "spotlight": true,
  "staff_pick": false,
  "state": "successful",
  "state_changed_at": 1512158550,
  "static_usd_rate": 0.78196171,
  "urls": {
    "web": {
      "project": "https://www.kickstarter.com/projects/luxgimbal/lux-the-first-ultra-quality-3-axis-stabilizers?ref=category_newest",
      "rewards": "https://www.kickstarter.com/projects/luxgimbal/lux-the-first-ultra-quality-3-axis-stabilizers/rewards"
    }
  },
  "usd_pledged": "25013.39117948",
  "usd_type": "international"
}