{
  "backers_count": 27,
  "blurb": "3D printer Boosterpack that will be able to run 3 extruders and the cartesian axes using TI MSP430 LP",
  "category": {
    "color": 6526716,
    "id": 331,
    "name": "3D Printing",
    "parent_id": 16,
    "position": 1,
    "slug": "technology/3d printing",
    "urls": {
      "web": {
        "discover": "http://www.kickstarter.com/discover/categories/technology/3d%20printing"
      }
    }
  },
  "converted_pledged_amount": 2450,
  "country": "US",
  "created_at": 1433851941,
  "creator": {
    "avatar": {
      "medium": "https://ksr-ugc.imgix.net/assets/010/002/456/6af95d47f99d40582b001c876f2b9fd3_original.jpeg?w=160&h=160&fit=crop&v=1461660010&auto=format&q=92&s=7d8f2495b53c11c48a272aa8c89fb76b",
      "small": "https://ksr-ugc.imgix.net/assets/010/002/456/6af95d47f99d40582b001c876f2b9fd3_original.jpeg?w=160&h=160&fit=crop&v=1461660010&auto=format&q=92&s=7d8f2495b53c11c48a272aa8c89fb76b",
      "thumb": "https://ksr-ugc.imgix.net/assets/010/002/456/6af95d47f99d40582b001c876f2b9fd3_original.jpeg?w=40&h=40&fit=crop&v=1461660010&auto=format&q=92&s=8fb6be1367c748846d9b7de931988ac5"
    },
    "chosen_currency": null,
    "id": 881313008,
    "is_registered": true,
    "name": "Blesson Mathew",
    "urls": {
      "api": {
        "user": "https://api.kickstarter.com/v1/users/881313008?signature=1524100020.e2040f90441d554e07976477173ddc6b2f802a03"
      },
      "web": {
        "user": "https://www.kickstarter.com/profile/881313008"
      }
    }
  },
  "currency": "USD",
  "currency_symbol": "$",
  "currency_trailing_code": true,
  "current_currency": "USD",
  "deadline": 1441031580,
  "disable_communication": false,
  "fx_rate": 1.0,
  "goal": 3500.0,
  "id": 1034257523,
  "is_starrable": false,
  "launched_at": 1438437679,
  "location": {
    "country": "US",
    "displayable_name": "Richardson, TX",
    "id": 2480733,
    "is_root": false,
    "localized_name": "Richardson",
    "name": "Richardson",
    "short_name": "Richardson, TX",
    "slug": "richardson-tx",
    "state": "TX",
    "type": "Town",
    "urls": {
      "api": {
        "nearby_projects": "https://api.kickstarter.com/v1/discover?signature=1524082170.66d8c8eddaa2d2dd0f17b6ba296252e91a614e10&woe_id=2480733"
      },
      "web": {
        "discover": "https://www.kickstarter.com/discover/places/richardson-tx",
        "location": "https://www.kickstarter.com/locations/richardson-tx"
      }
    }
  },
  "name": "3D Circuit Printing Kit",
  "photo": {
    "1024x576": "https://ksr-ugc.imgix.net/assets/012/162/497/2ebbf6449579d9b4ee12e6ac82a76539_original.jpg?crop=faces&w=1024&h=576&fit=crop&v=1463739095&auto=format&q=92&s=0cdd8099f8a44d9ea3171e4af00ad3dd",
    "1536x864": "https://ksr-ugc.imgix.net/assets/012/162/497/2ebbf6449579d9b4ee12e6ac82a76539_original.jpg?crop=faces&w=1552&h=873&fit=crop&v=1463739095&auto=format&q=92&s=53be7993a5f64a7bddb308d060873a8b",
    "ed": "https://ksr-ugc.imgix.net/assets/012/162/497/2ebbf6449579d9b4ee12e6ac82a76539_original.jpg?crop=faces&w=352&h=198&fit=crop&v=1463739095&auto=format&q=92&s=7b35ff46cea6151ceaf29c7bd0b424d4",
    "full": "https://ksr-ugc.imgix.net/assets/012/162/497/2ebbf6449579d9b4ee12e6ac82a76539_original.jpg?crop=faces&w=560&h=315&fit=crop&v=1463739095&auto=format&q=92&s=53fee765c34a175b2c1164485adbcfb5",
    "key": "assets/012/162/497/2ebbf6449579d9b4ee12e6ac82a76539_original.jpg",
    "little": "https://ksr-ugc.imgix.net/assets/012/162/497/2ebbf6449579d9b4ee12e6ac82a76539_original.jpg?crop=faces&w=208&h=117&fit=crop&v=1463739095&auto=format&q=92&s=7de8adec5c4ea49bdc2b8597e8709fec",
    "med": "https://ksr-ugc.imgix.net/assets/012/162/497/2ebbf6449579d9b4ee12e6ac82a76539_original.jpg?crop=faces&w=272&h=153&fit=crop&v=1463739095&auto=format&q=92&s=88027de0dcab225d1041b5346fd540c4",
    "small": "https://ksr-ugc.imgix.net/assets/012/162/497/2ebbf6449579d9b4ee12e6ac82a76539_original.jpg?crop=faces&w=160&h=90&fit=crop&v=1463739095&auto=format&q=92&s=f35e101cb45f7c1f832806aba856d77f",
    "thumb": "https://ksr-ugc.imgix.net/assets/012/162/497/2ebbf6449579d9b4ee12e6ac82a76539_original.jpg?crop=faces&w=48&h=27&fit=crop&v=1463739095&auto=format&q=92&s=1cfd5577014292e306e727db127d444f"
  },
  "pledged": 2450.0,
  "profile": {
    "background_color": null,
    "background_image_opacity": 0.8,
    "blurb": null,
    "feature_image_attributes": {
      "image_urls": {
        "baseball_card": "https://ksr-ugc.imgix.net/assets/012/162/497/2ebbf6449579d9b4ee12e6ac82a76539_original.jpg?crop=faces&w=560&h=315&fit=crop&v=1463739095&auto=format&q=92&s=53fee765c34a175b2c1164485adbcfb5",
        "default": "https://ksr-ugc.imgix.net/assets/012/162/497/2ebbf6449579d9b4ee12e6ac82a76539_original.jpg?crop=faces&w=1552&h=873&fit=crop&v=1463739095&auto=format&q=92&s=53be7993a5f64a7bddb308d060873a8b"
      }
    },
    "id": 1948061,
    "link_background_color": null,
    "link_text": null,
    "link_text_color": null,
    "link_url": null,
    "name": null,
    "project_id": 1948061,
    "should_show_feature_image_section": true,
    "show_feature_image": false,
    "state": "inactive",
    "state_changed_at": 1433851941,
    "text_color": null
  },
  "slug": "3d-circuit-printing-kit",
  "spotlight": false,
  "staff_pick": false,
  "state": "failed",
  "state_changed_at": 1441031580,
  "static_usd_rate": 1.0,
  "urls": {
    "web": {
      "project": "https://www.kickstarter.com/projects/881313008/3d-circuit-printing-kit?ref=category_newest",
      "rewards": "https://www.kickstarter.com/projects/881313008/3d-circuit-printing-kit/rewards"
    }
  },
  "usd_pledged": "2450.0",
  "usd_type": "international"
}