{
  "backers_count": 0,
  "blurb": "A unique App, Mobile Ticket & Events social network combo. Concerts, Sports events and even holidays will never be the same again.",
  "category": {
    "color": 6526716,
    "id": 332,
    "name": "Apps",
    "parent_id": 16,
    "position": 2,
    "slug": "technology/apps",
    "urls": {
      "web": {
        "discover": "http://www.kickstarter.com/discover/categories/technology/apps"
      }
    }
  },
  "converted_pledged_amount": 0,
  "country": "GB",
  "created_at": 1425465567,
  "creator": {
    "avatar": {
      "medium": "https://ksr-ugc.imgix.net/assets/009/641/080/0b41ad19ccc6e21408de4bf3cf27277d_original.png?w=160&h=160&fit=crop&v=1461610550&auto=format&q=92&s=b8b28d83005a2664f0246e7728080fc0",
      "small": "https://ksr-ugc.imgix.net/assets/009/641/080/0b41ad19ccc6e21408de4bf3cf27277d_original.png?w=160&h=160&fit=crop&v=1461610550&auto=format&q=92&s=b8b28d83005a2664f0246e7728080fc0",
      "thumb": "https://ksr-ugc.imgix.net/assets/009/641/080/0b41ad19ccc6e21408de4bf3cf27277d_original.png?w=40&h=40&fit=crop&v=1461610550&auto=format&q=92&s=670d87eadd31d9ba4e7f5e1376c90361"
    },
    "chosen_currency": null,
    "id": 882099429,
    "is_registered": true,
    "name": "Fola Onibuje",
    "urls": {
      "api": {
        "user": "https://api.kickstarter.com/v1/users/882099429?signature=1524100428.de8305ac593d51cd4eaa6ec566edffa368c4c289"
      },
      "web": {
        "user": "https://www.kickstarter.com/profile/882099429"
      }
    }
  },
  "currency": "GBP",
  "currency_symbol": "\u00a3",
  "currency_trailing_code": false,
  "current_currency": "USD",
  "deadline": 1430175540,
  "disable_communication": false,
  "fx_rate": 1.43358488,
  "goal": 18000.0,
  "id": 1034469308,
  "is_starrable": false,
  "launched_at": 1427475574,
  "location": {
    "country": "GB",
    "displayable_name": "London, UK",
    "id": 44418,
    "is_root": false,
    "localized_name": "London",
    "name": "London",
    "short_name": "London, UK",
    "slug": "london-gb",
    "state": "England",
    "type": "Town",
    "urls": {
      "api": {
        "nearby_projects": "https://api.kickstarter.com/v1/discover?signature=1524082109.5118e135081e740cf60892f6b56ae9d8b8d0db64&woe_id=44418"
      },
      "web": {
        "discover": "https://www.kickstarter.com/discover/places/london-gb",
        "location": "https://www.kickstarter.com/locations/london-gb"
      }
    }
  },
  "name": "eKET",
  "photo": {
    "1024x576": "https://ksr-ugc.imgix.net/assets/012/058/063/c5a598afaf33e5598f269109e8d03243_original.jpg?crop=faces&w=1024&h=576&fit=crop&v=1463728099&auto=format&q=92&s=4c1d4f2e8ad7d365c9635cb49018d5b5",
    "1536x864": "https://ksr-ugc.imgix.net/assets/012/058/063/c5a598afaf33e5598f269109e8d03243_original.jpg?crop=faces&w=1552&h=873&fit=crop&v=1463728099&auto=format&q=92&s=f07166f10c6d17a7b5d922dbdd27c898",
    "ed": "https://ksr-ugc.imgix.net/assets/012/058/063/c5a598afaf33e5598f269109e8d03243_original.jpg?crop=faces&w=352&h=198&fit=crop&v=1463728099&auto=format&q=92&s=aba50252a8e4bf8164ea47bc69e1b8f7",
    "full": "https://ksr-ugc.imgix.net/assets/012/058/063/c5a598afaf33e5598f269109e8d03243_original.jpg?crop=faces&w=560&h=315&fit=crop&v=1463728099&auto=format&q=92&s=4185128f440d7b4ad532fb90b6453f91",
    "key": "assets/012/058/063/c5a598afaf33e5598f269109e8d03243_original.jpg",
    "little": "https://ksr-ugc.imgix.net/assets/012/058/063/c5a598afaf33e5598f269109e8d03243_original.jpg?crop=faces&w=208&h=117&fit=crop&v=1463728099&auto=format&q=92&s=e8c027bf3c5b2c4d1f6aaadf4a83ede5",
    "med": "https://ksr-ugc.imgix.net/assets/012/058/063/c5a598afaf33e5598f269109e8d03243_original.jpg?crop=faces&w=272&h=153&fit=crop&v=1463728099&auto=format&q=92&s=696d3fa80a5c53bc0528ca99f2e5f830",
    "small": "https://ksr-ugc.imgix.net/assets/012/058/063/c5a598afaf33e5598f269109e8d03243_original.jpg?crop=faces&w=160&h=90&fit=crop&v=1463728099&auto=format&q=92&s=eaf48893b912e714e20da858bbfc74c8",
    "thumb": "https://ksr-ugc.imgix.net/assets/012/058/063/c5a598afaf33e5598f269109e8d03243_original.jpg?crop=faces&w=48&h=27&fit=crop&v=1463728099&auto=format&q=92&s=f4a4948ac5558d16aa9846f64124a8a3"
  },
  "pledged": 0.0,
  "profile": {
    "background_color": null,
    "background_image_opacity": 0.8,
    "blurb": null,
    "feature_image_attributes": {
      "image_urls": {
        "baseball_card": "https://ksr-ugc.imgix.net/assets/012/058/063/c5a598afaf33e5598f269109e8d03243_original.jpg?crop=faces&w=560&h=315&fit=crop&v=1463728099&auto=format&q=92&s=4185128f440d7b4ad532fb90b6453f91",
        "default": "https://ksr-ugc.imgix.net/assets/012/058/063/c5a598afaf33e5598f269109e8d03243_original.jpg?crop=faces&w=1552&h=873&fit=crop&v=1463728099&auto=format&q=92&s=f07166f10c6d17a7b5d922dbdd27c898"
      }
    },
    "id": 1747575,
    "link_background_color": null,
    "link_text": null,
    "link_text_color": null,
    "link_url": null,
    "name": null,
    "project_id": 1747575,
    "should_show_feature_image_section": true,
    "show_feature_image": false,
    "state": "inactive",
    "state_changed_at": 1425915896,
    "text_color": null
  },
  "slug": "eket",
  "spotlight": false,
  "staff_pick": false,
  "state": "failed",
  "state_changed_at": 1430175543,
  "static_usd_rate": 1.48862024,
  "urls": {
    "web": {
      "project": "https://www.kickstarter.com/projects/882099429/eket?ref=category_newest",
      "rewards": "https://www.kickstarter.com/projects/882099429/eket/rewards"
    }
  },
  "usd_pledged": "0.0",
  "usd_type": "international"
}