{
  "backers_count": 21,
  "blurb": "a small 2cm x 2xm module that can play and record sound from and to Micro-SD memory cards with 16bits wave format and very high quality",
  "category": {
    "color": 6526716,
    "id": 52,
    "name": "Hardware",
    "parent_id": 16,
    "position": 8,
    "slug": "technology/hardware",
    "urls": {
      "web": {
        "discover": "http://www.kickstarter.com/discover/categories/technology/hardware"
      }
    }
  },
  "converted_pledged_amount": 962,
  "country": "US",
  "created_at": 1434596489,
  "creator": {
    "avatar": {
      "medium": "https://ksr-ugc.imgix.net/assets/009/914/209/ae8f56d2259f321c76525a8b55d9cd6b_original.jpg?w=160&h=160&fit=crop&v=1461649613&auto=format&q=92&s=ebc73720e9afa12ece9f733d407ebcff",
      "small": "https://ksr-ugc.imgix.net/assets/009/914/209/ae8f56d2259f321c76525a8b55d9cd6b_original.jpg?w=160&h=160&fit=crop&v=1461649613&auto=format&q=92&s=ebc73720e9afa12ece9f733d407ebcff",
      "thumb": "https://ksr-ugc.imgix.net/assets/009/914/209/ae8f56d2259f321c76525a8b55d9cd6b_original.jpg?w=40&h=40&fit=crop&v=1461649613&auto=format&q=92&s=2df301873da93bdab0c85f7fb5071b7f"
    },
    "chosen_currency": null,
    "id": 67935456,
    "is_registered": true,
    "name": "MASIH VAHIDA",
    "urls": {
      "api": {
        "user": "https://api.kickstarter.com/v1/users/67935456?signature=1524101543.f44b62927641d71ad4363ec1800703433e961623"
      },
      "web": {
        "user": "https://www.kickstarter.com/profile/67935456"
      }
    }
  },
  "currency": "USD",
  "currency_symbol": "$",
  "currency_trailing_code": true,
  "current_currency": "USD",
  "deadline": 1437315499,
  "disable_communication": false,
  "fx_rate": 1.0,
  "goal": 700.0,
  "id": 1034501419,
  "is_starrable": false,
  "launched_at": 1435587499,
  "location": {
    "country": "US",
    "displayable_name": "Newport Beach, CA",
    "id": 12796587,
    "is_root": false,
    "localized_name": "92663",
    "name": "92663",
    "short_name": "Newport Beach, CA",
    "slug": null,
    "state": "CA",
    "type": "Zip",
    "urls": {
      "api": {
        "nearby_projects": "https://api.kickstarter.com/v1/discover?signature=1524082280.a3a731b2cfa7c37a3621bba455f99af272ebde65&woe_id=12796587"
      },
      "web": {
        "discover": "https://www.kickstarter.com/discover/places/12796587",
        "location": "https://www.kickstarter.com/locations/12796587"
      }
    }
  },
  "name": "ARM based WAV sound player / recorder module for AVR/ARM ..",
  "photo": {
    "1024x576": "https://ksr-ugc.imgix.net/assets/012/171/419/b85064c98a42cd20302dd063ef78fb1c_original.jpg?crop=faces&w=1024&h=576&fit=crop&v=1463739471&auto=format&q=92&s=398925059c88ec99c93c4ae56b31a511",
    "1536x864": "https://ksr-ugc.imgix.net/assets/012/171/419/b85064c98a42cd20302dd063ef78fb1c_original.jpg?crop=faces&w=1552&h=873&fit=crop&v=1463739471&auto=format&q=92&s=3374f0552d0ec7a62e15636a4132efde",
    "ed": "https://ksr-ugc.imgix.net/assets/012/171/419/b85064c98a42cd20302dd063ef78fb1c_original.jpg?crop=faces&w=352&h=198&fit=crop&v=1463739471&auto=format&q=92&s=f80da2189ff611e37e5930d6175fc7ae",
    "full": "https://ksr-ugc.imgix.net/assets/012/171/419/b85064c98a42cd20302dd063ef78fb1c_original.jpg?crop=faces&w=560&h=315&fit=crop&v=1463739471&auto=format&q=92&s=49a2a74eaac105a66226bd772178c74b",
    "key": "assets/012/171/419/b85064c98a42cd20302dd063ef78fb1c_original.jpg",
    "little": "https://ksr-ugc.imgix.net/assets/012/171/419/b85064c98a42cd20302dd063ef78fb1c_original.jpg?crop=faces&w=208&h=117&fit=crop&v=1463739471&auto=format&q=92&s=7a75b09cb063cde1041b3e508aaa0007",
    "med": "https://ksr-ugc.imgix.net/assets/012/171/419/b85064c98a42cd20302dd063ef78fb1c_original.jpg?crop=faces&w=272&h=153&fit=crop&v=1463739471&auto=format&q=92&s=6f6674e99f358ffbea6daed978c90a89",
    "small": "https://ksr-ugc.imgix.net/assets/012/171/419/b85064c98a42cd20302dd063ef78fb1c_original.jpg?crop=faces&w=160&h=90&fit=crop&v=1463739471&auto=format&q=92&s=7ba88df8e84dda7d047bc13dfd171175",
    "thumb": "https://ksr-ugc.imgix.net/assets/012/171/419/b85064c98a42cd20302dd063ef78fb1c_original.jpg?crop=faces&w=48&h=27&fit=crop&v=1463739471&auto=format&q=92&s=e9007a727b26592c3fc3381d71f5bcf5"
  },
  "pledged": 962.0,
  "profile": {
    "background_color": "070702",
    "background_image_opacity": 0.8,
    "blurb": "a small 2cm x 2xm module that can play and record sound from and to Micro-SD memory cards with 16bits wave format and very high qualityIf you missed the Campaign , use the button below to buy the module",
    "feature_image_attributes": {
      "image_urls": {
        "baseball_card": "https://ksr-ugc.imgix.net/assets/012/171/419/b85064c98a42cd20302dd063ef78fb1c_original.jpg?crop=faces&w=560&h=315&fit=crop&v=1463739471&auto=format&q=92&s=49a2a74eaac105a66226bd772178c74b",
        "default": "https://ksr-ugc.imgix.net/assets/012/171/419/b85064c98a42cd20302dd063ef78fb1c_original.jpg?crop=faces&w=1552&h=873&fit=crop&v=1463739471&auto=format&q=92&s=3374f0552d0ec7a62e15636a4132efde"
      }
    },
    "id": 1965869,
    "link_background_color": "ff5900",
    "link_text": "BUY FROM HERE",
    "link_text_color": "",
    "link_url": "https://www.tindie.com/products/masihvahida/audio-stereo-sound-player--recorder-module/",
    "name": "ARM based WAV sound player / recorder module for AVR/ARM ..",
    "project_id": 1965869,
    "should_show_feature_image_section": true,
    "show_feature_image": false,
    "state": "active",
    "state_changed_at": 1438717842,
    "text_color": "fac111"
  },
  "slug": "arm-based-sound-player-recorder-module-for-microco",
  "spotlight": true,
  "staff_pick": false,
  "state": "successful",
  "state_changed_at": 1437315499,
  "static_usd_rate": 1.0,
  "urls": {
    "web": {
      "project": "https://www.kickstarter.com/projects/67935456/arm-based-sound-player-recorder-module-for-microco?ref=category_newest",
      "rewards": "https://www.kickstarter.com/projects/67935456/arm-based-sound-player-recorder-module-for-microco/rewards"
    }
  },
  "usd_pledged": "962.0",
  "usd_type": "international"
}