{
  "backers_count": 26,
  "blurb": "Sleek, modern, mobile, ergonomically-designed computer/tablet stand creates optimum functional and stylish mobility.",
  "category": {
    "color": 6526716,
    "id": 337,
    "name": "Gadgets",
    "parent_id": 16,
    "position": 7,
    "slug": "technology/gadgets",
    "urls": {
      "web": {
        "discover": "http://www.kickstarter.com/discover/categories/technology/gadgets"
      }
    }
  },
  "converted_pledged_amount": 24472,
  "country": "US",
  "created_at": 1449098273,
  "creator": {
    "avatar": {
      "medium": "https://ksr-ugc.imgix.net/assets/005/845/684/0b6b954e1852aa56e99d17b36961467f_original.jpg?w=160&h=160&fit=crop&v=1461088678&auto=format&q=92&s=c43c6b9c9f8d64d88842fc482425f8b6",
      "small": "https://ksr-ugc.imgix.net/assets/005/845/684/0b6b954e1852aa56e99d17b36961467f_original.jpg?w=160&h=160&fit=crop&v=1461088678&auto=format&q=92&s=c43c6b9c9f8d64d88842fc482425f8b6",
      "thumb": "https://ksr-ugc.imgix.net/assets/005/845/684/0b6b954e1852aa56e99d17b36961467f_original.jpg?w=40&h=40&fit=crop&v=1461088678&auto=format&q=92&s=8eeeddc58885ba6ed08ac958e4f64bf5"
    },
    "chosen_currency": null,
    "id": 1024403895,
    "is_registered": true,
    "name": "Salvatore Matteo",
    "urls": {
      "api": {
        "user": "https://api.kickstarter.com/v1/users/1024403895?signature=1524101263.7db22677048acdc8e6b335e9acb7184d1370f425"
      },
      "web": {
        "user": "https://www.kickstarter.com/profile/1024403895"
      }
    }
  },
  "currency": "USD",
  "currency_symbol": "$",
  "currency_trailing_code": true,
  "current_currency": "USD",
  "deadline": 1452106108,
  "disable_communication": false,
  "fx_rate": 1.0,
  "goal": 70000.0,
  "id": 1034660063,
  "is_starrable": false,
  "launched_at": 1449514108,
  "location": {
    "country": "US",
    "displayable_name": "Hollywood, Los Angeles, CA",
    "id": 2423474,
    "is_root": false,
    "localized_name": "Hollywood",
    "name": "Hollywood",
    "short_name": "Hollywood, CA",
    "slug": "hollywood-los-angeles-ca",
    "state": "CA",
    "type": "Suburb",
    "urls": {
      "api": {
        "nearby_projects": "https://api.kickstarter.com/v1/discover?signature=1524082112.06ecbe16ea79fca7cf7567ba51bf4383be838fc6&woe_id=2423474"
      },
      "web": {
        "discover": "https://www.kickstarter.com/discover/places/hollywood-los-angeles-ca",
        "location": "https://www.kickstarter.com/locations/hollywood-los-angeles-ca"
      }
    }
  },
  "name": "The Zstand - Sleek, Sexy Technology",
  "photo": {
    "1024x576": "https://ksr-ugc.imgix.net/assets/012/322/986/2e56b422bed881be26c036b6a5902498_original.jpg?crop=faces&w=1024&h=576&fit=crop&v=1463755665&auto=format&q=92&s=55586aef881450c3177a8d80149256a2",
    "1536x864": "https://ksr-ugc.imgix.net/assets/012/322/986/2e56b422bed881be26c036b6a5902498_original.jpg?crop=faces&w=1552&h=873&fit=crop&v=1463755665&auto=format&q=92&s=6edb0d857f60dab4c96db0f669c07c5e",
    "ed": "https://ksr-ugc.imgix.net/assets/012/322/986/2e56b422bed881be26c036b6a5902498_original.jpg?crop=faces&w=352&h=198&fit=crop&v=1463755665&auto=format&q=92&s=933880f7c6ec6c71b3b73bcf406a6daf",
    "full": "https://ksr-ugc.imgix.net/assets/012/322/986/2e56b422bed881be26c036b6a5902498_original.jpg?crop=faces&w=560&h=315&fit=crop&v=1463755665&auto=format&q=92&s=83ab24788e52fd3d5779193629ddf410",
    "key": "assets/012/322/986/2e56b422bed881be26c036b6a5902498_original.jpg",
    "little": "https://ksr-ugc.imgix.net/assets/012/322/986/2e56b422bed881be26c036b6a5902498_original.jpg?crop=faces&w=208&h=117&fit=crop&v=1463755665&auto=format&q=92&s=3e624e00ddb29590be96f050e6bd8238",
    "med": "https://ksr-ugc.imgix.net/assets/012/322/986/2e56b422bed881be26c036b6a5902498_original.jpg?crop=faces&w=272&h=153&fit=crop&v=1463755665&auto=format&q=92&s=c96a97b6d93f420f9a8fbab6aa105bd0",
    "small": "https://ksr-ugc.imgix.net/assets/012/322/986/2e56b422bed881be26c036b6a5902498_original.jpg?crop=faces&w=160&h=90&fit=crop&v=1463755665&auto=format&q=92&s=d19c236bb235378ae4a188e1b0f5aa51",
    "thumb": "https://ksr-ugc.imgix.net/assets/012/322/986/2e56b422bed881be26c036b6a5902498_original.jpg?crop=faces&w=48&h=27&fit=crop&v=1463755665&auto=format&q=92&s=24709ccb4a3b3a71f569550c3ea74c10"
  },
  "pledged": 24472.0,
  "profile": {
    "background_color": null,
    "background_image_opacity": 0.8,
    "blurb": null,
    "feature_image_attributes": {
      "image_urls": {
        "baseball_card": "https://ksr-ugc.imgix.net/assets/012/322/986/2e56b422bed881be26c036b6a5902498_original.jpg?crop=faces&w=560&h=315&fit=crop&v=1463755665&auto=format&q=92&s=83ab24788e52fd3d5779193629ddf410",
        "default": "https://ksr-ugc.imgix.net/assets/012/322/986/2e56b422bed881be26c036b6a5902498_original.jpg?crop=faces&w=1552&h=873&fit=crop&v=1463755665&auto=format&q=92&s=6edb0d857f60dab4c96db0f669c07c5e"
      }
    },
    "id": 2258829,
    "link_background_color": null,
    "link_text": null,
    "link_text_color": null,
    "link_url": null,
    "name": null,
    "project_id": 2258829,
    "should_show_feature_image_section": true,
    "show_feature_image": false,
    "state": "inactive",
    "state_changed_at": 1449098273,
    "text_color": null
  },
  "slug": "the-zstand-sleek-sexy-technology-0",
  "spotlight": false,
  "staff_pick": false,
  "state": "failed",
  "state_changed_at": 1452106108,
  "static_usd_rate": 1.0,
  "urls": {
    "web": {
      "project": "https://www.kickstarter.com/projects/1024403895/the-zstand-sleek-sexy-technology-0?ref=category_newest",
      "rewards": "https://www.kickstarter.com/projects/1024403895/the-zstand-sleek-sexy-technology-0/rewards"
    }
  },
  "usd_pledged": "24472.0",
  "usd_type": "international"
}