{
  "backers_count": 29,
  "blurb": "Newest smartphone App technology to teach and learn about the world around us",
  "category": {
    "color": 6526716,
    "id": 51,
    "name": "Software",
    "parent_id": 16,
    "position": 11,
    "slug": "technology/software",
    "urls": {
      "web": {
        "discover": "http://www.kickstarter.com/discover/categories/technology/software"
      }
    }
  },
  "converted_pledged_amount": 2450,
  "country": "US",
  "created_at": 1326237960,
  "creator": {
    "avatar": {
      "medium": "https://ksr-ugc.imgix.net/assets/005/801/169/d050ce2ca40b1e7d2e88d5b416d67427_original.jpeg?w=160&h=160&fit=crop&v=1461086208&auto=format&q=92&s=7463141ea23cee3ae53d075e6d3ae5ee",
      "small": "https://ksr-ugc.imgix.net/assets/005/801/169/d050ce2ca40b1e7d2e88d5b416d67427_original.jpeg?w=160&h=160&fit=crop&v=1461086208&auto=format&q=92&s=7463141ea23cee3ae53d075e6d3ae5ee",
      "thumb": "https://ksr-ugc.imgix.net/assets/005/801/169/d050ce2ca40b1e7d2e88d5b416d67427_original.jpeg?w=40&h=40&fit=crop&v=1461086208&auto=format&q=92&s=d1a52c4667176ccb171d9064fafa7b7f"
    },
    "chosen_currency": null,
    "id": 1170340769,
    "is_registered": true,
    "name": "Steven Bowen (deleted)",
    "slug": "taglierre",
    "urls": {
      "api": {
        "user": "https://api.kickstarter.com/v1/users/1170340769?signature=1524102100.a4b00d80c7e2796fb651181070cb7f71d871015a"
      },
      "web": {
        "user": "https://www.kickstarter.com/profile/taglierre"
      }
    }
  },
  "currency": "USD",
  "currency_symbol": "$",
  "currency_trailing_code": true,
  "current_currency": "USD",
  "deadline": 1331501373,
  "disable_communication": false,
  "fx_rate": 1.0,
  "goal": 35000.0,
  "id": 103459373,
  "is_starrable": false,
  "launched_at": 1326320973,
  "location": {
    "country": "US",
    "displayable_name": "Winter Park, FL",
    "id": 2522318,
    "is_root": false,
    "localized_name": "Winter Park",
    "name": "Winter Park",
    "short_name": "Winter Park, FL",
    "slug": "winter-park-fl",
    "state": "FL",
    "type": "Town",
    "urls": {
      "api": {
        "nearby_projects": "https://api.kickstarter.com/v1/discover?signature=1524082282.9c03cba32984d1dc3b517ff648c30095adafc02d&woe_id=2522318"
      },
      "web": {
        "discover": "https://www.kickstarter.com/discover/places/winter-park-fl",
        "location": "https://www.kickstarter.com/locations/winter-park-fl"
      }
    }
  },
  "name": "iBoPlanet \"X\" Factor",
  "photo": {
    "1024x576": "https://ksr-ugc.imgix.net/assets/011/311/864/7775d17f7477932c26d08db1da92ab18_original.jpg?crop=faces&w=1024&h=576&fit=crop&v=1463680815&auto=format&q=92&s=5762a7237962a4c77466977ac0aa7e5d",
    "1536x864": "https://ksr-ugc.imgix.net/assets/011/311/864/7775d17f7477932c26d08db1da92ab18_original.jpg?crop=faces&w=1552&h=873&fit=crop&v=1463680815&auto=format&q=92&s=21a0a36d69c3a878b3cf495b97ee0772",
    "ed": "https://ksr-ugc.imgix.net/assets/011/311/864/7775d17f7477932c26d08db1da92ab18_original.jpg?crop=faces&w=352&h=198&fit=crop&v=1463680815&auto=format&q=92&s=b849bdba4da248676b99259e79747d9f",
    "full": "https://ksr-ugc.imgix.net/assets/011/311/864/7775d17f7477932c26d08db1da92ab18_original.jpg?crop=faces&w=560&h=315&fit=crop&v=1463680815&auto=format&q=92&s=c65c3661e5f4d87b0f67f3b2b6ffe730",
    "key": "assets/011/311/864/7775d17f7477932c26d08db1da92ab18_original.jpg",
    "little": "https://ksr-ugc.imgix.net/assets/011/311/864/7775d17f7477932c26d08db1da92ab18_original.jpg?crop=faces&w=208&h=117&fit=crop&v=1463680815&auto=format&q=92&s=75ffb8824b6770521a3aa93120ac5705",
    "med": "https://ksr-ugc.imgix.net/assets/011/311/864/7775d17f7477932c26d08db1da92ab18_original.jpg?crop=faces&w=272&h=153&fit=crop&v=1463680815&auto=format&q=92&s=968477475022a44f295da75b4e8a9484",
    "small": "https://ksr-ugc.imgix.net/assets/011/311/864/7775d17f7477932c26d08db1da92ab18_original.jpg?crop=faces&w=160&h=90&fit=crop&v=1463680815&auto=format&q=92&s=65e93dca5c244a8b0cde1c5c08a4440f",
    "thumb": "https://ksr-ugc.imgix.net/assets/011/311/864/7775d17f7477932c26d08db1da92ab18_original.jpg?crop=faces&w=48&h=27&fit=crop&v=1463680815&auto=format&q=92&s=3146afe30d6a2c058b7cb75283c9090b"
  },
  "pledged": 2450.0,
  "profile": {
    "background_color": null,
    "background_image_opacity": 0.8,
    "blurb": null,
    "feature_image_attributes": {
      "image_urls": {
        "baseball_card": "https://ksr-ugc.imgix.net/assets/011/311/864/7775d17f7477932c26d08db1da92ab18_original.jpg?crop=faces&w=560&h=315&fit=crop&v=1463680815&auto=format&q=92&s=c65c3661e5f4d87b0f67f3b2b6ffe730",
        "default": "https://ksr-ugc.imgix.net/assets/011/311/864/7775d17f7477932c26d08db1da92ab18_original.jpg?crop=faces&w=1552&h=873&fit=crop&v=1463680815&auto=format&q=92&s=21a0a36d69c3a878b3cf495b97ee0772"
      }
    },
    "id": 69873,
    "link_background_color": null,
    "link_text": null,
    "link_text_color": null,
    "link_url": null,
    "name": null,
    "project_id": 69873,
    "should_show_feature_image_section": true,
    "show_feature_image": false,
    "state": "inactive",
    "state_changed_at": 1425915804,
    "text_color": null
  },
  "slug": "iboplanet-x-factor",
  "spotlight": false,
  "staff_pick": false,
  "state": "failed",
  "state_changed_at": 1331501422,
  "static_usd_rate": 1.0,
  "urls": {
    "web": {
      "project": "https://www.kickstarter.com/projects/taglierre/iboplanet-x-factor?ref=category_newest",
      "rewards": "https://www.kickstarter.com/projects/taglierre/iboplanet-x-factor/rewards"
    }
  },
  "usd_pledged": "2450.0",
  "usd_type": "international"
}