{
  "backers_count": 2,
  "blurb": "Der Airportwifibot ist ein Chatbot welcher kostenlose WLAN Informationen f\u00fcr jegliche Flugh\u00e4fen auf dieser Welt zur Verf\u00fcgung stellt.",
  "category": {
    "color": 6526716,
    "id": 51,
    "name": "Software",
    "parent_id": 16,
    "position": 11,
    "slug": "technology/software",
    "urls": {
      "web": {
        "discover": "http://www.kickstarter.com/discover/categories/technology/software"
      }
    }
  },
  "converted_pledged_amount": 27,
  "country": "DE",
  "created_at": 1487442160,
  "creator": {
    "avatar": {
      "medium": "https://ksr-ugc.imgix.net/assets/015/555/290/1cb55a1a731cf2348fb7a3d73a66051f_original.png?w=160&h=160&fit=crop&v=1487441696&auto=format&q=92&s=f8668559eeb2aacc2c66c372f1bb9044",
      "small": "https://ksr-ugc.imgix.net/assets/015/555/290/1cb55a1a731cf2348fb7a3d73a66051f_original.png?w=160&h=160&fit=crop&v=1487441696&auto=format&q=92&s=f8668559eeb2aacc2c66c372f1bb9044",
      "thumb": "https://ksr-ugc.imgix.net/assets/015/555/290/1cb55a1a731cf2348fb7a3d73a66051f_original.png?w=40&h=40&fit=crop&v=1487441696&auto=format&q=92&s=cc00c891078351c19a88dd8641f6d176"
    },
    "chosen_currency": null,
    "id": 51537732,
    "is_registered": true,
    "name": "Airport Wifi Bot ;)",
    "urls": {
      "api": {
        "user": "https://api.kickstarter.com/v1/users/51537732?signature=1524102420.2aa09739e1c58bf3c40894d4e5d7b975391be444"
      },
      "web": {
        "user": "https://www.kickstarter.com/profile/51537732"
      }
    }
  },
  "currency": "EUR",
  "currency_symbol": "\u20ac",
  "currency_trailing_code": false,
  "current_currency": "USD",
  "deadline": 1488320580,
  "disable_communication": false,
  "fx_rate": 1.23814016,
  "goal": 2200.0,
  "id": 1034654196,
  "is_starrable": false,
  "launched_at": 1487779765,
  "location": {
    "country": "DE",
    "displayable_name": "Nuremberg, Germany",
    "id": 680564,
    "is_root": false,
    "localized_name": "Nuremberg",
    "name": "Nuremberg",
    "short_name": "Nuremberg, Germany",
    "slug": "nuremberg-de",
    "state": "Bavaria",
    "type": "Town",
    "urls": {
      "api": {
        "nearby_projects": "https://api.kickstarter.com/v1/discover?signature=1524082124.2826e0534056366a8ffade3759f533a66ebbfc20&woe_id=680564"
      },
      "web": {
        "discover": "https://www.kickstarter.com/discover/places/nuremberg-de",
        "location": "https://www.kickstarter.com/locations/nuremberg-de"
      }
    }
  },
  "name": "Airportwifibot - kostenloses WLAN an Flugh\u00e4fen - Chatbot",
  "photo": {
    "1024x576": "https://ksr-ugc.imgix.net/assets/015/555/370/1cb55a1a731cf2348fb7a3d73a66051f_original.png?crop=faces&w=1024&h=576&fit=crop&v=1487442174&auto=format&q=92&s=c8619e02a98a63d74184df608bafde4c",
    "1536x864": "https://ksr-ugc.imgix.net/assets/015/555/370/1cb55a1a731cf2348fb7a3d73a66051f_original.png?crop=faces&w=1552&h=873&fit=crop&v=1487442174&auto=format&q=92&s=83c871143d48db94e2cf33db1200e788",
    "ed": "https://ksr-ugc.imgix.net/assets/015/555/370/1cb55a1a731cf2348fb7a3d73a66051f_original.png?crop=faces&w=352&h=198&fit=crop&v=1487442174&auto=format&q=92&s=4f119ec6bb0f839531d1fbb299b9ffb7",
    "full": "https://ksr-ugc.imgix.net/assets/015/555/370/1cb55a1a731cf2348fb7a3d73a66051f_original.png?crop=faces&w=560&h=315&fit=crop&v=1487442174&auto=format&q=92&s=f3dd498465df47d792b5331047f57e24",
    "key": "assets/015/555/370/1cb55a1a731cf2348fb7a3d73a66051f_original.png",
    "little": "https://ksr-ugc.imgix.net/assets/015/555/370/1cb55a1a731cf2348fb7a3d73a66051f_original.png?crop=faces&w=208&h=117&fit=crop&v=1487442174&auto=format&q=92&s=1aaf8651819743f306c71787c9a74681",
    "med": "https://ksr-ugc.imgix.net/assets/015/555/370/1cb55a1a731cf2348fb7a3d73a66051f_original.png?crop=faces&w=272&h=153&fit=crop&v=1487442174&auto=format&q=92&s=ddb37a0d165c26e4b831380837ac4cdd",
    "small": "https://ksr-ugc.imgix.net/assets/015/555/370/1cb55a1a731cf2348fb7a3d73a66051f_original.png?crop=faces&w=160&h=90&fit=crop&v=1487442174&auto=format&q=92&s=f5d23d04929c37838c61eb2b3a4bb483",
    "thumb": "https://ksr-ugc.imgix.net/assets/015/555/370/1cb55a1a731cf2348fb7a3d73a66051f_original.png?crop=faces&w=48&h=27&fit=crop&v=1487442174&auto=format&q=92&s=b9fcf89fb60dd803fced3952f40b74f0"
  },
  "pledged": 26.0,
  "profile": {
    "background_color": null,
    "background_image_opacity": 0.8,
    "blurb": null,
    "feature_image_attributes": {
      "image_urls": {
        "baseball_card": "https://ksr-ugc.imgix.net/assets/015/555/370/1cb55a1a731cf2348fb7a3d73a66051f_original.png?crop=faces&w=560&h=315&fit=crop&v=1487442174&auto=format&q=92&s=f3dd498465df47d792b5331047f57e24",
        "default": "https://ksr-ugc.imgix.net/assets/015/555/370/1cb55a1a731cf2348fb7a3d73a66051f_original.png?crop=faces&w=1552&h=873&fit=crop&v=1487442174&auto=format&q=92&s=83c871143d48db94e2cf33db1200e788"
      }
    },
    "id": 2884507,
    "link_background_color": null,
    "link_text": null,
    "link_text_color": null,
    "link_url": null,
    "name": null,
    "project_id": 2884507,
    "should_show_feature_image_section": true,
    "show_feature_image": false,
    "state": "inactive",
    "state_changed_at": 1487442160,
    "text_color": null
  },
  "slug": "airportwifibot-kostenloses-wlan-an-flughafen-chatb",
  "spotlight": false,
  "staff_pick": false,
  "state": "failed",
  "state_changed_at": 1488320580,
  "static_usd_rate": 1.05811036,
  "urls": {
    "web": {
      "project": "https://www.kickstarter.com/projects/51537732/airportwifibot-kostenloses-wlan-an-flughafen-chatb?ref=category_newest",
      "rewards": "https://www.kickstarter.com/projects/51537732/airportwifibot-kostenloses-wlan-an-flughafen-chatb/rewards"
    }
  },
  "usd_pledged": "27.51086936",
  "usd_type": "international"
}