{
  "backers_count": 20,
  "blurb": "Develop an 100 kilowatt intermediate working model of a land positioned vertical axis wind turbine.",
  "category": {
    "color": 6526716,
    "id": 52,
    "name": "Hardware",
    "parent_id": 16,
    "position": 8,
    "slug": "technology/hardware",
    "urls": {
      "web": {
        "discover": "http://www.kickstarter.com/discover/categories/technology/hardware"
      }
    }
  },
  "converted_pledged_amount": 1795,
  "country": "US",
  "created_at": 1389025197,
  "creator": {
    "avatar": {
      "medium": "https://ksr-ugc.imgix.net/assets/007/996/183/6043194352268156810539f8efd2af50_original.jpg?w=160&h=160&fit=crop&v=1461496206&auto=format&q=92&s=f6f1c1c559af10b5a6d319f516558d04",
      "small": "https://ksr-ugc.imgix.net/assets/007/996/183/6043194352268156810539f8efd2af50_original.jpg?w=160&h=160&fit=crop&v=1461496206&auto=format&q=92&s=f6f1c1c559af10b5a6d319f516558d04",
      "thumb": "https://ksr-ugc.imgix.net/assets/007/996/183/6043194352268156810539f8efd2af50_original.jpg?w=40&h=40&fit=crop&v=1461496206&auto=format&q=92&s=d5dc8dadefc77528f9805f827ee1be70"
    },
    "chosen_currency": null,
    "id": 1891497541,
    "is_registered": true,
    "name": "Roto Wind Systems Inc.",
    "urls": {
      "api": {
        "user": "https://api.kickstarter.com/v1/users/1891497541?signature=1524101760.b76259e4e9dd6ef867e968369ba0a9442cbd2161"
      },
      "web": {
        "user": "https://www.kickstarter.com/profile/1891497541"
      }
    }
  },
  "currency": "USD",
  "currency_symbol": "$",
  "currency_trailing_code": true,
  "current_currency": "USD",
  "deadline": 1406671616,
  "disable_communication": false,
  "fx_rate": 1.0,
  "goal": 220000.0,
  "id": 1035875636,
  "is_starrable": false,
  "launched_at": 1401487616,
  "location": {
    "country": "US",
    "displayable_name": "Mesa, AZ",
    "id": 2449808,
    "is_root": false,
    "localized_name": "Mesa",
    "name": "Mesa",
    "short_name": "Mesa, AZ",
    "slug": "mesa-az",
    "state": "AZ",
    "type": "Town",
    "urls": {
      "api": {
        "nearby_projects": "https://api.kickstarter.com/v1/discover?signature=1524082113.ab80b130150e49eb4d1c3ef5d55b05c4a001e8af&woe_id=2449808"
      },
      "web": {
        "discover": "https://www.kickstarter.com/discover/places/mesa-az",
        "location": "https://www.kickstarter.com/locations/mesa-az"
      }
    }
  },
  "name": "Vertical Axis Wind Turbine with Airfoils",
  "photo": {
    "1024x576": "https://ksr-ugc.imgix.net/assets/011/631/281/46d2206899c7f0ce55cf76046c4b5cb0_original.jpg?crop=faces&w=1024&h=576&fit=crop&v=1463685873&auto=format&q=92&s=de5fc74c798c6f838db12c67c615898b",
    "1536x864": "https://ksr-ugc.imgix.net/assets/011/631/281/46d2206899c7f0ce55cf76046c4b5cb0_original.jpg?crop=faces&w=1552&h=873&fit=crop&v=1463685873&auto=format&q=92&s=543d8fee152545d12ff7c80c94d9dfec",
    "ed": "https://ksr-ugc.imgix.net/assets/011/631/281/46d2206899c7f0ce55cf76046c4b5cb0_original.jpg?crop=faces&w=352&h=198&fit=crop&v=1463685873&auto=format&q=92&s=34b66eadd093022c439f819ccf745d84",
    "full": "https://ksr-ugc.imgix.net/assets/011/631/281/46d2206899c7f0ce55cf76046c4b5cb0_original.jpg?crop=faces&w=560&h=315&fit=crop&v=1463685873&auto=format&q=92&s=41d74a310952b965ad887d2a831e7661",
    "key": "assets/011/631/281/46d2206899c7f0ce55cf76046c4b5cb0_original.jpg",
    "little": "https://ksr-ugc.imgix.net/assets/011/631/281/46d2206899c7f0ce55cf76046c4b5cb0_original.jpg?crop=faces&w=208&h=117&fit=crop&v=1463685873&auto=format&q=92&s=d798f88881f020872eecfa254675004c",
    "med": "https://ksr-ugc.imgix.net/assets/011/631/281/46d2206899c7f0ce55cf76046c4b5cb0_original.jpg?crop=faces&w=272&h=153&fit=crop&v=1463685873&auto=format&q=92&s=b294192b8c854c78fd00319b5d138220",
    "small": "https://ksr-ugc.imgix.net/assets/011/631/281/46d2206899c7f0ce55cf76046c4b5cb0_original.jpg?crop=faces&w=160&h=90&fit=crop&v=1463685873&auto=format&q=92&s=58bd7d84e245e25a09c445f09de205a4",
    "thumb": "https://ksr-ugc.imgix.net/assets/011/631/281/46d2206899c7f0ce55cf76046c4b5cb0_original.jpg?crop=faces&w=48&h=27&fit=crop&v=1463685873&auto=format&q=92&s=fdc32bad909d365ab244ce8517d4ed74"
  },
  "pledged": 1795.0,
  "profile": {
    "background_color": null,
    "background_image_opacity": 0.8,
    "blurb": null,
    "feature_image_attributes": {
      "image_urls": {
        "baseball_card": "https://ksr-ugc.imgix.net/assets/011/631/281/46d2206899c7f0ce55cf76046c4b5cb0_original.jpg?crop=faces&w=560&h=315&fit=crop&v=1463685873&auto=format&q=92&s=41d74a310952b965ad887d2a831e7661",
        "default": "https://ksr-ugc.imgix.net/assets/011/631/281/46d2206899c7f0ce55cf76046c4b5cb0_original.jpg?crop=faces&w=1552&h=873&fit=crop&v=1463685873&auto=format&q=92&s=543d8fee152545d12ff7c80c94d9dfec"
      }
    },
    "id": 837627,
    "link_background_color": null,
    "link_text": null,
    "link_text_color": null,
    "link_url": null,
    "name": null,
    "project_id": 837627,
    "should_show_feature_image_section": true,
    "show_feature_image": false,
    "state": "inactive",
    "state_changed_at": 1425915845,
    "text_color": null
  },
  "slug": "vertical-axis-wind-turbine-with-airfoils",
  "spotlight": false,
  "staff_pick": false,
  "state": "failed",
  "state_changed_at": 1406671617,
  "static_usd_rate": 1.0,
  "urls": {
    "web": {
      "project": "https://www.kickstarter.com/projects/1891497541/vertical-axis-wind-turbine-with-airfoils?ref=category_newest",
      "rewards": "https://www.kickstarter.com/projects/1891497541/vertical-axis-wind-turbine-with-airfoils/rewards"
    }
  },
  "usd_pledged": "1795.0",
  "usd_type": "international"
}