{
  "backers_count": 2,
  "blurb": "Support A Parent, A Social Network to find local advocacy within your community! Look at the categories in the Bio!",
  "category": {
    "color": 6526716,
    "id": 342,
    "name": "Web",
    "parent_id": 16,
    "position": 15,
    "slug": "technology/web",
    "urls": {
      "web": {
        "discover": "http://www.kickstarter.com/discover/categories/technology/web"
      }
    }
  },
  "converted_pledged_amount": 75,
  "country": "US",
  "created_at": 1442073636,
  "creator": {
    "avatar": {
      "medium": "https://ksr-ugc.imgix.net/assets/010/336/538/6a4adb442cd01e302fdf3d3228d71ed8_original.JPG?w=160&h=160&fit=crop&v=1461682014&auto=format&q=92&s=fdded98c2011d2179353ff6c6a15c903",
      "small": "https://ksr-ugc.imgix.net/assets/010/336/538/6a4adb442cd01e302fdf3d3228d71ed8_original.JPG?w=160&h=160&fit=crop&v=1461682014&auto=format&q=92&s=fdded98c2011d2179353ff6c6a15c903",
      "thumb": "https://ksr-ugc.imgix.net/assets/010/336/538/6a4adb442cd01e302fdf3d3228d71ed8_original.JPG?w=40&h=40&fit=crop&v=1461682014&auto=format&q=92&s=54d05635427fb79bafe1bd32fac7e95d"
    },
    "chosen_currency": null,
    "id": 1368715237,
    "is_registered": true,
    "name": "Shauntisha Eubanks",
    "urls": {
      "api": {
        "user": "https://api.kickstarter.com/v1/users/1368715237?signature=1524103274.cd6eba380091b62c9af4cdc28bb42ee4cf9f7ccc"
      },
      "web": {
        "user": "https://www.kickstarter.com/profile/1368715237"
      }
    }
  },
  "currency": "USD",
  "currency_symbol": "$",
  "currency_trailing_code": true,
  "current_currency": "USD",
  "deadline": 1454620286,
  "disable_communication": false,
  "fx_rate": 1.0,
  "goal": 200000.0,
  "id": 1035350139,
  "is_starrable": false,
  "launched_at": 1452028286,
  "location": {
    "country": "US",
    "displayable_name": "St. Louis, MO",
    "id": 2486982,
    "is_root": false,
    "localized_name": "St. Louis",
    "name": "St. Louis",
    "short_name": "St. Louis, MO",
    "slug": "st-louis-mo",
    "state": "MO",
    "type": "Town",
    "urls": {
      "api": {
        "nearby_projects": "https://api.kickstarter.com/v1/discover?signature=1524082110.aeac405f9e8ac7ae16a01835b666f8ad27ba9dc2&woe_id=2486982"
      },
      "web": {
        "discover": "https://www.kickstarter.com/discover/places/st-louis-mo",
        "location": "https://www.kickstarter.com/locations/st-louis-mo"
      }
    }
  },
  "name": "Support A Parent",
  "photo": {
    "1024x576": "https://ksr-ugc.imgix.net/assets/012/250/298/6a4adb442cd01e302fdf3d3228d71ed8_original.JPG?crop=faces&w=1024&h=576&fit=crop&v=1463746491&auto=format&q=92&s=9295ef68b1e30deac030cdedea521983",
    "1536x864": "https://ksr-ugc.imgix.net/assets/012/250/298/6a4adb442cd01e302fdf3d3228d71ed8_original.JPG?crop=faces&w=1552&h=873&fit=crop&v=1463746491&auto=format&q=92&s=a4e3da0ff6fb2bf82c71c476af51a9bd",
    "ed": "https://ksr-ugc.imgix.net/assets/012/250/298/6a4adb442cd01e302fdf3d3228d71ed8_original.JPG?crop=faces&w=352&h=198&fit=crop&v=1463746491&auto=format&q=92&s=5f85935eea4163945947301143d8dd75",
    "full": "https://ksr-ugc.imgix.net/assets/012/250/298/6a4adb442cd01e302fdf3d3228d71ed8_original.JPG?crop=faces&w=560&h=315&fit=crop&v=1463746491&auto=format&q=92&s=5a4fbc73c801bc49a6381a42c8304a86",
    "key": "assets/012/250/298/6a4adb442cd01e302fdf3d3228d71ed8_original.JPG",
    "little": "https://ksr-ugc.imgix.net/assets/012/250/298/6a4adb442cd01e302fdf3d3228d71ed8_original.JPG?crop=faces&w=208&h=117&fit=crop&v=1463746491&auto=format&q=92&s=65dd9ad163843eb298a2f2de7da5233e",
    "med": "https://ksr-ugc.imgix.net/assets/012/250/298/6a4adb442cd01e302fdf3d3228d71ed8_original.JPG?crop=faces&w=272&h=153&fit=crop&v=1463746491&auto=format&q=92&s=ce0d2966be95587babb15daddab74485",
    "small": "https://ksr-ugc.imgix.net/assets/012/250/298/6a4adb442cd01e302fdf3d3228d71ed8_original.JPG?crop=faces&w=160&h=90&fit=crop&v=1463746491&auto=format&q=92&s=99e68f309ef18848e3d574b100327eb6",
    "thumb": "https://ksr-ugc.imgix.net/assets/012/250/298/6a4adb442cd01e302fdf3d3228d71ed8_original.JPG?crop=faces&w=48&h=27&fit=crop&v=1463746491&auto=format&q=92&s=ca454c17c9dfb80fa66ba190a4503577"
  },
  "pledged": 75.0,
  "profile": {
    "background_color": null,
    "background_image_opacity": 0.8,
    "blurb": null,
    "feature_image_attributes": {
      "image_urls": {
        "baseball_card": "https://ksr-ugc.imgix.net/assets/012/250/298/6a4adb442cd01e302fdf3d3228d71ed8_original.JPG?crop=faces&w=560&h=315&fit=crop&v=1463746491&auto=format&q=92&s=5a4fbc73c801bc49a6381a42c8304a86",
        "default": "https://ksr-ugc.imgix.net/assets/012/250/298/6a4adb442cd01e302fdf3d3228d71ed8_original.JPG?crop=faces&w=1552&h=873&fit=crop&v=1463746491&auto=format&q=92&s=a4e3da0ff6fb2bf82c71c476af51a9bd"
      }
    },
    "id": 2117308,
    "link_background_color": null,
    "link_text": null,
    "link_text_color": null,
    "link_url": null,
    "name": null,
    "project_id": 2117308,
    "should_show_feature_image_section": true,
    "show_feature_image": false,
    "state": "inactive",
    "state_changed_at": 1442073636,
    "text_color": null
  },
  "slug": "support-a-parent",
  "spotlight": false,
  "staff_pick": false,
  "state": "failed",
  "state_changed_at": 1454620286,
  "static_usd_rate": 1.0,
  "urls": {
    "web": {
      "project": "https://www.kickstarter.com/projects/1368715237/support-a-parent?ref=category_newest",
      "rewards": "https://www.kickstarter.com/projects/1368715237/support-a-parent/rewards"
    }
  },
  "usd_pledged": "75.0",
  "usd_type": "international"
}