{
  "backers_count": 0,
  "blurb": "Twin cities developers are building the circle for securely connecting to the internet by hiding information from the bad guys.",
  "category": {
    "color": 6526716,
    "id": 51,
    "name": "Software",
    "parent_id": 16,
    "position": 11,
    "slug": "technology/software",
    "urls": {
      "web": {
        "discover": "http://www.kickstarter.com/discover/categories/technology/software"
      }
    }
  },
  "converted_pledged_amount": 0,
  "country": "US",
  "created_at": 1438312289,
  "creator": {
    "avatar": {
      "medium": "https://ksr-ugc.imgix.net/assets/006/242/365/94c51ec44be2dfd5c500496ac9b07efc_original.jpg?w=160&h=160&fit=crop&v=1476072903&auto=format&q=92&s=81589a99c5dab5403c6f42771015315a",
      "small": "https://ksr-ugc.imgix.net/assets/006/242/365/94c51ec44be2dfd5c500496ac9b07efc_original.jpg?w=160&h=160&fit=crop&v=1476072903&auto=format&q=92&s=81589a99c5dab5403c6f42771015315a",
      "thumb": "https://ksr-ugc.imgix.net/assets/006/242/365/94c51ec44be2dfd5c500496ac9b07efc_original.jpg?w=40&h=40&fit=crop&v=1476072903&auto=format&q=92&s=7c56a3be2e0093f0a7da5a82a6f59c02"
    },
    "chosen_currency": null,
    "id": 247865417,
    "is_registered": true,
    "name": "Josiah Johnson Umezurike",
    "urls": {
      "api": {
        "user": "https://api.kickstarter.com/v1/users/247865417?signature=1524102299.d837866a6d7d2550ce20169536aead81c178ce70"
      },
      "web": {
        "user": "https://www.kickstarter.com/profile/247865417"
      }
    }
  },
  "currency": "USD",
  "currency_symbol": "$",
  "currency_trailing_code": true,
  "current_currency": "USD",
  "deadline": 1440948221,
  "disable_communication": false,
  "fx_rate": 1.0,
  "goal": 50000.0,
  "id": 1035566636,
  "is_starrable": false,
  "launched_at": 1438356221,
  "location": {
    "country": "US",
    "displayable_name": "Minneapolis, MN",
    "id": 2452078,
    "is_root": false,
    "localized_name": "Minneapolis",
    "name": "Minneapolis",
    "short_name": "Minneapolis, MN",
    "slug": "minneapolis-mn",
    "state": "MN",
    "type": "Town",
    "urls": {
      "api": {
        "nearby_projects": "https://api.kickstarter.com/v1/discover?signature=1524082109.347f69c97df5406d8fe0863b634870ef1008e1ff&woe_id=2452078"
      },
      "web": {
        "discover": "https://www.kickstarter.com/discover/places/minneapolis-mn",
        "location": "https://www.kickstarter.com/locations/minneapolis-mn"
      }
    }
  },
  "name": "LokDon",
  "photo": {
    "1024x576": "https://ksr-ugc.imgix.net/assets/012/212/261/55e8819dd49c75ea51348adda30ebfd2_original.png?crop=faces&w=1024&h=576&fit=crop&v=1463742591&auto=format&q=92&s=6782a0476fb71e9c3173dd67750d4a6c",
    "1536x864": "https://ksr-ugc.imgix.net/assets/012/212/261/55e8819dd49c75ea51348adda30ebfd2_original.png?crop=faces&w=1552&h=873&fit=crop&v=1463742591&auto=format&q=92&s=4c5de7de1ac2c94e5247cbdbd7fc5fe1",
    "ed": "https://ksr-ugc.imgix.net/assets/012/212/261/55e8819dd49c75ea51348adda30ebfd2_original.png?crop=faces&w=352&h=198&fit=crop&v=1463742591&auto=format&q=92&s=b243b48e6cc2a6f03e69cd22ae1991eb",
    "full": "https://ksr-ugc.imgix.net/assets/012/212/261/55e8819dd49c75ea51348adda30ebfd2_original.png?crop=faces&w=560&h=315&fit=crop&v=1463742591&auto=format&q=92&s=f83ac99da2ed1de7e573607aa3c949eb",
    "key": "assets/012/212/261/55e8819dd49c75ea51348adda30ebfd2_original.png",
    "little": "https://ksr-ugc.imgix.net/assets/012/212/261/55e8819dd49c75ea51348adda30ebfd2_original.png?crop=faces&w=208&h=117&fit=crop&v=1463742591&auto=format&q=92&s=3065c74326a4856c9fc4660470c5b8f1",
    "med": "https://ksr-ugc.imgix.net/assets/012/212/261/55e8819dd49c75ea51348adda30ebfd2_original.png?crop=faces&w=272&h=153&fit=crop&v=1463742591&auto=format&q=92&s=546a9d4f253d8771720d3ed60307e0df",
    "small": "https://ksr-ugc.imgix.net/assets/012/212/261/55e8819dd49c75ea51348adda30ebfd2_original.png?crop=faces&w=160&h=90&fit=crop&v=1463742591&auto=format&q=92&s=cdb44948bbfdf987e05c96e75afc2da9",
    "thumb": "https://ksr-ugc.imgix.net/assets/012/212/261/55e8819dd49c75ea51348adda30ebfd2_original.png?crop=faces&w=48&h=27&fit=crop&v=1463742591&auto=format&q=92&s=d66285f77305ab136eb36a7d41847348"
  },
  "pledged": 0.0,
  "profile": {
    "background_color": null,
    "background_image_opacity": 0.8,
    "blurb": null,
    "feature_image_attributes": {
      "image_urls": {
        "baseball_card": "https://ksr-ugc.imgix.net/assets/012/212/261/55e8819dd49c75ea51348adda30ebfd2_original.png?crop=faces&w=560&h=315&fit=crop&v=1463742591&auto=format&q=92&s=f83ac99da2ed1de7e573607aa3c949eb",
        "default": "https://ksr-ugc.imgix.net/assets/012/212/261/55e8819dd49c75ea51348adda30ebfd2_original.png?crop=faces&w=1552&h=873&fit=crop&v=1463742591&auto=format&q=92&s=4c5de7de1ac2c94e5247cbdbd7fc5fe1"
      }
    },
    "id": 2043320,
    "link_background_color": null,
    "link_text": null,
    "link_text_color": null,
    "link_url": null,
    "name": null,
    "project_id": 2043320,
    "should_show_feature_image_section": true,
    "show_feature_image": false,
    "state": "inactive",
    "state_changed_at": 1438312289,
    "text_color": null
  },
  "slug": "lokdon",
  "spotlight": false,
  "staff_pick": false,
  "state": "failed",
  "state_changed_at": 1440948224,
  "static_usd_rate": 1.0,
  "urls": {
    "web": {
      "project": "https://www.kickstarter.com/projects/247865417/lokdon?ref=category_newest",
      "rewards": "https://www.kickstarter.com/projects/247865417/lokdon/rewards"
    }
  },
  "usd_pledged": "0.0",
  "usd_type": "international"
}