{
  "backers_count": 15,
  "blurb": "A true personal robot for development of consumer robotics applications.",
  "category": {
    "color": 6526716,
    "id": 338,
    "name": "Robots",
    "parent_id": 16,
    "position": 10,
    "slug": "technology/robots",
    "urls": {
      "web": {
        "discover": "http://www.kickstarter.com/discover/categories/technology/robots"
      }
    }
  },
  "converted_pledged_amount": 3290,
  "country": "US",
  "created_at": 1457304589,
  "creator": {
    "avatar": {
      "medium": "https://ksr-ugc.imgix.net/assets/010/904/891/8477e2cf0389cda202a3041c1edd457a_original.JPG?w=160&h=160&fit=crop&v=1461719534&auto=format&q=92&s=7efe1cc43ce4a20a8294557d6a3c752d",
      "small": "https://ksr-ugc.imgix.net/assets/010/904/891/8477e2cf0389cda202a3041c1edd457a_original.JPG?w=160&h=160&fit=crop&v=1461719534&auto=format&q=92&s=7efe1cc43ce4a20a8294557d6a3c752d",
      "thumb": "https://ksr-ugc.imgix.net/assets/010/904/891/8477e2cf0389cda202a3041c1edd457a_original.JPG?w=40&h=40&fit=crop&v=1461719534&auto=format&q=92&s=8924ffae1379a4479d0252d18af65920"
    },
    "chosen_currency": null,
    "id": 254771949,
    "is_registered": true,
    "name": "Slant Robotics",
    "slug": "slantrobotics",
    "urls": {
      "api": {
        "user": "https://api.kickstarter.com/v1/users/254771949?signature=1524101962.bcf412a7c473de87856d165cbae6191a4ea035e8"
      },
      "web": {
        "user": "https://www.kickstarter.com/profile/slantrobotics"
      }
    }
  },
  "currency": "USD",
  "currency_symbol": "$",
  "currency_trailing_code": true,
  "current_currency": "USD",
  "deadline": 1466283036,
  "disable_communication": false,
  "fx_rate": 1.0,
  "goal": 20000.0,
  "id": 1035279774,
  "is_starrable": false,
  "launched_at": 1463259036,
  "location": {
    "country": "US",
    "displayable_name": "Boise, ID",
    "id": 2366355,
    "is_root": false,
    "localized_name": "Boise",
    "name": "Boise",
    "short_name": "Boise, ID",
    "slug": "boise-id",
    "state": "ID",
    "type": "Town",
    "urls": {
      "api": {
        "nearby_projects": "https://api.kickstarter.com/v1/discover?signature=1524082110.2c67af7d51addb5c764337f63f4bda8b6678fc71&woe_id=2366355"
      },
      "web": {
        "discover": "https://www.kickstarter.com/discover/places/boise-id",
        "location": "https://www.kickstarter.com/locations/boise-id"
      }
    }
  },
  "name": "Jerry: An Affordable Personal Robot",
  "photo": {
    "1024x576": "https://ksr-ugc.imgix.net/assets/012/399/327/f7452a2b65ccaafd268405c9823e6516_original.JPG?crop=faces&w=1024&h=576&fit=crop&v=1463942624&auto=format&q=92&s=88f4b299b1166e486febc822ed53ccfb",
    "1536x864": "https://ksr-ugc.imgix.net/assets/012/399/327/f7452a2b65ccaafd268405c9823e6516_original.JPG?crop=faces&w=1552&h=873&fit=crop&v=1463942624&auto=format&q=92&s=165dfa3a6e2834caeffc4f317cb2f784",
    "ed": "https://ksr-ugc.imgix.net/assets/012/399/327/f7452a2b65ccaafd268405c9823e6516_original.JPG?crop=faces&w=352&h=198&fit=crop&v=1463942624&auto=format&q=92&s=97c1a6f6fb0f3ebb866707c306f0974e",
    "full": "https://ksr-ugc.imgix.net/assets/012/399/327/f7452a2b65ccaafd268405c9823e6516_original.JPG?crop=faces&w=560&h=315&fit=crop&v=1463942624&auto=format&q=92&s=9be3d11dda454b91e862e7a88497c2bd",
    "key": "assets/012/399/327/f7452a2b65ccaafd268405c9823e6516_original.JPG",
    "little": "https://ksr-ugc.imgix.net/assets/012/399/327/f7452a2b65ccaafd268405c9823e6516_original.JPG?crop=faces&w=208&h=117&fit=crop&v=1463942624&auto=format&q=92&s=7cb1e3759cd1e2ff912a86e42517597b",
    "med": "https://ksr-ugc.imgix.net/assets/012/399/327/f7452a2b65ccaafd268405c9823e6516_original.JPG?crop=faces&w=272&h=153&fit=crop&v=1463942624&auto=format&q=92&s=e40f82ac96d7621b2caf491088015636",
    "small": "https://ksr-ugc.imgix.net/assets/012/399/327/f7452a2b65ccaafd268405c9823e6516_original.JPG?crop=faces&w=160&h=90&fit=crop&v=1463942624&auto=format&q=92&s=a6ea7d77c7071751a61d4e7a1a699d7d",
    "thumb": "https://ksr-ugc.imgix.net/assets/012/399/327/f7452a2b65ccaafd268405c9823e6516_original.JPG?crop=faces&w=48&h=27&fit=crop&v=1463942624&auto=format&q=92&s=9217c68213067c103c90e63d22bafcfd"
  },
  "pledged": 3290.0,
  "profile": {
    "background_color": null,
    "background_image_opacity": 0.8,
    "blurb": null,
    "feature_image_attributes": {
      "image_urls": {
        "baseball_card": "https://ksr-ugc.imgix.net/assets/012/399/327/f7452a2b65ccaafd268405c9823e6516_original.JPG?crop=faces&w=560&h=315&fit=crop&v=1463942624&auto=format&q=92&s=9be3d11dda454b91e862e7a88497c2bd",
        "default": "https://ksr-ugc.imgix.net/assets/012/399/327/f7452a2b65ccaafd268405c9823e6516_original.JPG?crop=faces&w=1552&h=873&fit=crop&v=1463942624&auto=format&q=92&s=165dfa3a6e2834caeffc4f317cb2f784"
      }
    },
    "id": 2410076,
    "link_background_color": null,
    "link_text": null,
    "link_text_color": null,
    "link_url": null,
    "name": null,
    "project_id": 2410076,
    "should_show_feature_image_section": true,
    "show_feature_image": false,
    "state": "inactive",
    "state_changed_at": 1457304589,
    "text_color": null
  },
  "slug": "jerry-an-affordable-jetsons-style-personal-robot",
  "spotlight": false,
  "staff_pick": false,
  "state": "failed",
  "state_changed_at": 1466283036,
  "static_usd_rate": 1.0,
  "urls": {
    "web": {
      "project": "https://www.kickstarter.com/projects/slantrobotics/jerry-an-affordable-jetsons-style-personal-robot?ref=category_newest",
      "rewards": "https://www.kickstarter.com/projects/slantrobotics/jerry-an-affordable-jetsons-style-personal-robot/rewards"
    }
  },
  "usd_pledged": "3290.0",
  "usd_type": "international"
}