{
  "backers_count": 55,
  "blurb": "A video companion to the book, High Performance Django, covering deploying and configuring high performance websites.",
  "category": {
    "color": 6526716,
    "id": 342,
    "name": "Web",
    "parent_id": 16,
    "position": 15,
    "slug": "technology/web",
    "urls": {
      "web": {
        "discover": "http://www.kickstarter.com/discover/categories/technology/web"
      }
    }
  },
  "converted_pledged_amount": 6726,
  "country": "US",
  "created_at": 1442859932,
  "creator": {
    "avatar": {
      "medium": "https://ksr-ugc.imgix.net/assets/007/009/469/31740300fa1de8c8dc9f7a9570a5feb6_original.jpg?w=160&h=160&fit=crop&v=1461427953&auto=format&q=92&s=dc883865e5a0ab6a773aeef5da53bc27",
      "small": "https://ksr-ugc.imgix.net/assets/007/009/469/31740300fa1de8c8dc9f7a9570a5feb6_original.jpg?w=160&h=160&fit=crop&v=1461427953&auto=format&q=92&s=dc883865e5a0ab6a773aeef5da53bc27",
      "thumb": "https://ksr-ugc.imgix.net/assets/007/009/469/31740300fa1de8c8dc9f7a9570a5feb6_original.jpg?w=40&h=40&fit=crop&v=1461427953&auto=format&q=92&s=011f2c09c5d41f618a3b9d04e2be44f3"
    },
    "chosen_currency": null,
    "id": 1704706557,
    "is_registered": true,
    "name": "Peter Baumgartner + Lincoln Loop",
    "urls": {
      "api": {
        "user": "https://api.kickstarter.com/v1/users/1704706557?signature=1524103238.c29cca86b3fbdca3ce42893342c6f85cc650707f"
      },
      "web": {
        "user": "https://www.kickstarter.com/profile/1704706557"
      }
    }
  },
  "currency": "USD",
  "currency_symbol": "$",
  "currency_trailing_code": true,
  "current_currency": "USD",
  "deadline": 1446744611,
  "disable_communication": false,
  "fx_rate": 1.0,
  "goal": 8000.0,
  "id": 1035248459,
  "is_starrable": false,
  "launched_at": 1444149011,
  "location": {
    "country": "US",
    "displayable_name": "Steamboat Springs, CO",
    "id": 2499383,
    "is_root": false,
    "localized_name": "Steamboat Springs",
    "name": "Steamboat Springs",
    "short_name": "Steamboat Springs, CO",
    "slug": "steamboat-springs-co",
    "state": "CO",
    "type": "Town",
    "urls": {
      "api": {
        "nearby_projects": "https://api.kickstarter.com/v1/discover?signature=1524082229.aed7c10de9ca068c13ece4897e7a366ca393f18d&woe_id=2499383"
      },
      "web": {
        "discover": "https://www.kickstarter.com/discover/places/steamboat-springs-co",
        "location": "https://www.kickstarter.com/locations/steamboat-springs-co"
      }
    }
  },
  "name": "High Performance Django Videos",
  "photo": {
    "1024x576": "https://ksr-ugc.imgix.net/assets/012/259/467/b268e1dcf1f76214332e1c4e863cf4c8_original.png?crop=faces&w=1024&h=576&fit=crop&v=1463747392&auto=format&q=92&s=d632278ce8a8a7ab7608d262db2ef288",
    "1536x864": "https://ksr-ugc.imgix.net/assets/012/259/467/b268e1dcf1f76214332e1c4e863cf4c8_original.png?crop=faces&w=1552&h=873&fit=crop&v=1463747392&auto=format&q=92&s=7e455e92dfb60252e76172bdecc2a0e2",
    "ed": "https://ksr-ugc.imgix.net/assets/012/259/467/b268e1dcf1f76214332e1c4e863cf4c8_original.png?crop=faces&w=352&h=198&fit=crop&v=1463747392&auto=format&q=92&s=b70b16bf70ccb09df179e75649ac2d93",
    "full": "https://ksr-ugc.imgix.net/assets/012/259/467/b268e1dcf1f76214332e1c4e863cf4c8_original.png?crop=faces&w=560&h=315&fit=crop&v=1463747392&auto=format&q=92&s=2a9fe21507c1509bc006305ca14de980",
    "key": "assets/012/259/467/b268e1dcf1f76214332e1c4e863cf4c8_original.png",
    "little": "https://ksr-ugc.imgix.net/assets/012/259/467/b268e1dcf1f76214332e1c4e863cf4c8_original.png?crop=faces&w=208&h=117&fit=crop&v=1463747392&auto=format&q=92&s=9f4442edd650d6f53e34b040dbaa87f2",
    "med": "https://ksr-ugc.imgix.net/assets/012/259/467/b268e1dcf1f76214332e1c4e863cf4c8_original.png?crop=faces&w=272&h=153&fit=crop&v=1463747392&auto=format&q=92&s=4c164eb0149a16282f68477847cd1c5e",
    "small": "https://ksr-ugc.imgix.net/assets/012/259/467/b268e1dcf1f76214332e1c4e863cf4c8_original.png?crop=faces&w=160&h=90&fit=crop&v=1463747392&auto=format&q=92&s=8a4cee4b62a5eee64d5f3eeef9135c9d",
    "thumb": "https://ksr-ugc.imgix.net/assets/012/259/467/b268e1dcf1f76214332e1c4e863cf4c8_original.png?crop=faces&w=48&h=27&fit=crop&v=1463747392&auto=format&q=92&s=ac67a9134e002d89d2cbe22ccf64b0de"
  },
  "pledged": 6726.0,
  "profile": {
    "background_color": null,
    "background_image_opacity": 0.8,
    "blurb": null,
    "feature_image_attributes": {
      "image_urls": {
        "baseball_card": "https://ksr-ugc.imgix.net/assets/012/259/467/b268e1dcf1f76214332e1c4e863cf4c8_original.png?crop=faces&w=560&h=315&fit=crop&v=1463747392&auto=format&q=92&s=2a9fe21507c1509bc006305ca14de980",
        "default": "https://ksr-ugc.imgix.net/assets/012/259/467/b268e1dcf1f76214332e1c4e863cf4c8_original.png?crop=faces&w=1552&h=873&fit=crop&v=1463747392&auto=format&q=92&s=7e455e92dfb60252e76172bdecc2a0e2"
      }
    },
    "id": 2134932,
    "link_background_color": null,
    "link_text": null,
    "link_text_color": null,
    "link_url": null,
    "name": null,
    "project_id": 2134932,
    "should_show_feature_image_section": true,
    "show_feature_image": false,
    "state": "inactive",
    "state_changed_at": 1442859932,
    "text_color": null
  },
  "slug": "high-performance-django-videos",
  "spotlight": false,
  "staff_pick": false,
  "state": "failed",
  "state_changed_at": 1446744612,
  "static_usd_rate": 1.0,
  "urls": {
    "web": {
      "project": "https://www.kickstarter.com/projects/1704706557/high-performance-django-videos?ref=category_newest",
      "rewards": "https://www.kickstarter.com/projects/1704706557/high-performance-django-videos/rewards"
    }
  },
  "usd_pledged": "6726.0",
  "usd_type": "international"
}