{
  "backers_count": 3,
  "blurb": "Transform your home, studio, theater or party with Brilli. Use Brilli to enhance your visual experience with dynamic colors.",
  "category": {
    "color": 6526716,
    "id": 337,
    "name": "Gadgets",
    "parent_id": 16,
    "position": 7,
    "slug": "technology/gadgets",
    "urls": {
      "web": {
        "discover": "http://www.kickstarter.com/discover/categories/technology/gadgets"
      }
    }
  },
  "converted_pledged_amount": 377,
  "country": "CA",
  "created_at": 1412721540,
  "creator": {
    "avatar": {
      "medium": "https://ksr-ugc.imgix.net/assets/009/251/344/a39b2404c2fc6abebfc6cad2a3a0cf88_original.JPG?w=160&h=160&fit=crop&v=1461568160&auto=format&q=92&s=6dd999c6595b1fdb795ed1234954ada3",
      "small": "https://ksr-ugc.imgix.net/assets/009/251/344/a39b2404c2fc6abebfc6cad2a3a0cf88_original.JPG?w=160&h=160&fit=crop&v=1461568160&auto=format&q=92&s=6dd999c6595b1fdb795ed1234954ada3",
      "thumb": "https://ksr-ugc.imgix.net/assets/009/251/344/a39b2404c2fc6abebfc6cad2a3a0cf88_original.JPG?w=40&h=40&fit=crop&v=1461568160&auto=format&q=92&s=3e87f49bf0056021091ffba43f3ef088"
    },
    "chosen_currency": null,
    "id": 143152889,
    "is_registered": true,
    "name": "Mark Arnott",
    "urls": {
      "api": {
        "user": "https://api.kickstarter.com/v1/users/143152889?signature=1524101160.c347fa98aed99bd7d6dac36aa173f78a8f69c844"
      },
      "web": {
        "user": "https://www.kickstarter.com/profile/143152889"
      }
    }
  },
  "currency": "CAD",
  "currency_symbol": "$",
  "currency_trailing_code": true,
  "current_currency": "USD",
  "deadline": 1421165108,
  "disable_communication": false,
  "fx_rate": 0.79525709,
  "goal": 20000.0,
  "id": 1035792061,
  "is_starrable": false,
  "launched_at": 1418141108,
  "location": {
    "country": "CA",
    "displayable_name": "Vancouver, Canada",
    "id": 9807,
    "is_root": false,
    "localized_name": "Vancouver",
    "name": "Vancouver",
    "short_name": "Vancouver, Canada",
    "slug": "vancouver-ca",
    "state": "BC",
    "type": "Town",
    "urls": {
      "api": {
        "nearby_projects": "https://api.kickstarter.com/v1/discover?signature=1524082113.29e8e3dda887a009e1324efb832e96ddb6221ad2&woe_id=9807"
      },
      "web": {
        "discover": "https://www.kickstarter.com/discover/places/vancouver-ca",
        "location": "https://www.kickstarter.com/locations/vancouver-ca"
      }
    }
  },
  "name": "Brilli: Brilliant LED lighting at your fingertips",
  "photo": {
    "1024x576": "https://ksr-ugc.imgix.net/assets/011/899/701/b82bbf10064024f7eb90d11696d1922b_original.jpg?crop=faces&w=1024&h=576&fit=crop&v=1463712425&auto=format&q=92&s=c81453416158f02c193eb19618d1d246",
    "1536x864": "https://ksr-ugc.imgix.net/assets/011/899/701/b82bbf10064024f7eb90d11696d1922b_original.jpg?crop=faces&w=1552&h=873&fit=crop&v=1463712425&auto=format&q=92&s=55ba46440151fae2dc3da86e8c4c6b7a",
    "ed": "https://ksr-ugc.imgix.net/assets/011/899/701/b82bbf10064024f7eb90d11696d1922b_original.jpg?crop=faces&w=352&h=198&fit=crop&v=1463712425&auto=format&q=92&s=c142b68785e388da2aebfea372589d07",
    "full": "https://ksr-ugc.imgix.net/assets/011/899/701/b82bbf10064024f7eb90d11696d1922b_original.jpg?crop=faces&w=560&h=315&fit=crop&v=1463712425&auto=format&q=92&s=8c93bb50b3bc3b88ba08ef59de780696",
    "key": "assets/011/899/701/b82bbf10064024f7eb90d11696d1922b_original.jpg",
    "little": "https://ksr-ugc.imgix.net/assets/011/899/701/b82bbf10064024f7eb90d11696d1922b_original.jpg?crop=faces&w=208&h=117&fit=crop&v=1463712425&auto=format&q=92&s=311a545407f6aec992daf265d4d281ed",
    "med": "https://ksr-ugc.imgix.net/assets/011/899/701/b82bbf10064024f7eb90d11696d1922b_original.jpg?crop=faces&w=272&h=153&fit=crop&v=1463712425&auto=format&q=92&s=94b786636ec7ce5356d804ae806e884b",
    "small": "https://ksr-ugc.imgix.net/assets/011/899/701/b82bbf10064024f7eb90d11696d1922b_original.jpg?crop=faces&w=160&h=90&fit=crop&v=1463712425&auto=format&q=92&s=8be7a49a3cf5885a91c808a1b1824fc5",
    "thumb": "https://ksr-ugc.imgix.net/assets/011/899/701/b82bbf10064024f7eb90d11696d1922b_original.jpg?crop=faces&w=48&h=27&fit=crop&v=1463712425&auto=format&q=92&s=58803498a7d962180de36ef8cacc512d"
  },
  "pledged": 451.0,
  "profile": {
    "background_color": null,
    "background_image_opacity": 0.8,
    "blurb": null,
    "feature_image_attributes": {
      "image_urls": {
        "baseball_card": "https://ksr-ugc.imgix.net/assets/011/899/701/b82bbf10064024f7eb90d11696d1922b_original.jpg?crop=faces&w=560&h=315&fit=crop&v=1463712425&auto=format&q=92&s=8c93bb50b3bc3b88ba08ef59de780696",
        "default": "https://ksr-ugc.imgix.net/assets/011/899/701/b82bbf10064024f7eb90d11696d1922b_original.jpg?crop=faces&w=1552&h=873&fit=crop&v=1463712425&auto=format&q=92&s=55ba46440151fae2dc3da86e8c4c6b7a"
      }
    },
    "id": 1422118,
    "link_background_color": null,
    "link_text": null,
    "link_text_color": null,
    "link_url": null,
    "name": null,
    "project_id": 1422118,
    "should_show_feature_image_section": true,
    "show_feature_image": false,
    "state": "inactive",
    "state_changed_at": 1425915878,
    "text_color": null
  },
  "slug": "brilli-brilliant-led-lighting-at-your-fingertips",
  "spotlight": false,
  "staff_pick": false,
  "state": "failed",
  "state_changed_at": 1421165108,
  "static_usd_rate": 0.87513565,
  "urls": {
    "web": {
      "project": "https://www.kickstarter.com/projects/143152889/brilli-brilliant-led-lighting-at-your-fingertips?ref=category_newest",
      "rewards": "https://www.kickstarter.com/projects/143152889/brilli-brilliant-led-lighting-at-your-fingertips/rewards"
    }
  },
  "usd_pledged": "394.68617815",
  "usd_type": "international"
}