{
  "backers_count": 157,
  "blurb": "A plug-and-play, user-friendly and adaptable LED Kit for stage design, visual art, and live performance.",
  "category": {
    "color": 6526716,
    "id": 52,
    "name": "Hardware",
    "parent_id": 16,
    "position": 8,
    "slug": "technology/hardware",
    "urls": {
      "web": {
        "discover": "http://www.kickstarter.com/discover/categories/technology/hardware"
      }
    }
  },
  "converted_pledged_amount": 179832,
  "country": "CH",
  "created_at": 1473265358,
  "creator": {
    "avatar": {
      "medium": "https://ksr-ugc.imgix.net/assets/018/186/823/a77cb64f603956b273262baf152c5999_original.jpg?w=160&h=160&fit=crop&v=1504531108&auto=format&q=92&s=a9d187335d6d1738e7b968cd660f473a",
      "small": "https://ksr-ugc.imgix.net/assets/018/186/823/a77cb64f603956b273262baf152c5999_original.jpg?w=160&h=160&fit=crop&v=1504531108&auto=format&q=92&s=a9d187335d6d1738e7b968cd660f473a",
      "thumb": "https://ksr-ugc.imgix.net/assets/018/186/823/a77cb64f603956b273262baf152c5999_original.jpg?w=40&h=40&fit=crop&v=1504531108&auto=format&q=92&s=f8509bc55615d85060fe81f9bd2b0177"
    },
    "chosen_currency": null,
    "id": 527895602,
    "is_registered": true,
    "name": "Boris Edelstein",
    "slug": "borisedelstein",
    "urls": {
      "api": {
        "user": "https://api.kickstarter.com/v1/users/527895602?signature=1524101619.2cb3864a1fa17624ef740ed40723e7d2bcd7c0c0"
      },
      "web": {
        "user": "https://www.kickstarter.com/profile/borisedelstein"
      }
    }
  },
  "currency": "CHF",
  "currency_symbol": "Fr ",
  "currency_trailing_code": false,
  "current_currency": "USD",
  "deadline": 1507302841,
  "disable_communication": false,
  "fx_rate": 1.04108865,
  "goal": 15000.0,
  "id": 1035458993,
  "is_starrable": false,
  "launched_at": 1504710841,
  "location": {
    "country": "CH",
    "displayable_name": "Geneva, Switzerland",
    "id": 782538,
    "is_root": false,
    "localized_name": "Geneva",
    "name": "Geneva",
    "short_name": "Geneva, Switzerland",
    "slug": "geneva-geneva-canton-of-geneva",
    "state": "Canton of Geneva",
    "type": "Town",
    "urls": {
      "api": {
        "nearby_projects": "https://api.kickstarter.com/v1/discover?signature=1524082109.9361a25d1e717ffb2a036d580804166753b0fed2&woe_id=782538"
      },
      "web": {
        "discover": "https://www.kickstarter.com/discover/places/geneva-geneva-canton-of-geneva",
        "location": "https://www.kickstarter.com/locations/geneva-geneva-canton-of-geneva"
      }
    }
  },
  "name": "LED by garageCube",
  "photo": {
    "1024x576": "https://ksr-ugc.imgix.net/assets/017/475/569/9184e8e63e99b58e8542f61018c1423c_original.jpg?crop=faces&w=1024&h=576&fit=crop&v=1507155325&auto=format&q=92&s=0be95f00bb081a994e03844f7ffc9c61",
    "1536x864": "https://ksr-ugc.imgix.net/assets/017/475/569/9184e8e63e99b58e8542f61018c1423c_original.jpg?crop=faces&w=1552&h=873&fit=crop&v=1507155325&auto=format&q=92&s=e8115c4f667fbb98d26d140801ae7d51",
    "ed": "https://ksr-ugc.imgix.net/assets/017/475/569/9184e8e63e99b58e8542f61018c1423c_original.jpg?crop=faces&w=352&h=198&fit=crop&v=1507155325&auto=format&q=92&s=ed60f7a55fe7c6bd049d367e40a56780",
    "full": "https://ksr-ugc.imgix.net/assets/017/475/569/9184e8e63e99b58e8542f61018c1423c_original.jpg?crop=faces&w=560&h=315&fit=crop&v=1507155325&auto=format&q=92&s=1cc1b7237eca76fdc79c56a55f31c509",
    "key": "assets/017/475/569/9184e8e63e99b58e8542f61018c1423c_original.jpg",
    "little": "https://ksr-ugc.imgix.net/assets/017/475/569/9184e8e63e99b58e8542f61018c1423c_original.jpg?crop=faces&w=208&h=117&fit=crop&v=1507155325&auto=format&q=92&s=efdf09140728521279a62f3737f3d1af",
    "med": "https://ksr-ugc.imgix.net/assets/017/475/569/9184e8e63e99b58e8542f61018c1423c_original.jpg?crop=faces&w=272&h=153&fit=crop&v=1507155325&auto=format&q=92&s=6a7053baa0335e0bb4a7701af7b13791",
    "small": "https://ksr-ugc.imgix.net/assets/017/475/569/9184e8e63e99b58e8542f61018c1423c_original.jpg?crop=faces&w=160&h=90&fit=crop&v=1507155325&auto=format&q=92&s=781b52202661d4364f26be7ab12af8f8",
    "thumb": "https://ksr-ugc.imgix.net/assets/017/475/569/9184e8e63e99b58e8542f61018c1423c_original.jpg?crop=faces&w=48&h=27&fit=crop&v=1507155325&auto=format&q=92&s=70bc8523426e8633848a8f0a8f3f90c7"
  },
  "pledged": 176125.0,
  "profile": {
    "background_color": null,
    "background_image_opacity": 0.8,
    "blurb": null,
    "feature_image_attributes": {
      "image_urls": {
        "baseball_card": "https://ksr-ugc.imgix.net/assets/017/475/569/9184e8e63e99b58e8542f61018c1423c_original.jpg?crop=faces&w=560&h=315&fit=crop&v=1507155325&auto=format&q=92&s=1cc1b7237eca76fdc79c56a55f31c509",
        "default": "https://ksr-ugc.imgix.net/assets/017/475/569/9184e8e63e99b58e8542f61018c1423c_original.jpg?crop=faces&w=1552&h=873&fit=crop&v=1507155325&auto=format&q=92&s=e8115c4f667fbb98d26d140801ae7d51"
      }
    },
    "id": 2669349,
    "link_background_color": null,
    "link_text": null,
    "link_text_color": null,
    "link_url": null,
    "name": null,
    "project_id": 2669349,
    "should_show_feature_image_section": true,
    "show_feature_image": false,
    "state": "inactive",
    "state_changed_at": 1473265358,
    "text_color": null
  },
  "slug": "led-by-garagecube",
  "spotlight": true,
  "staff_pick": true,
  "state": "successful",
  "state_changed_at": 1507302844,
  "static_usd_rate": 1.04666559,
  "urls": {
    "web": {
      "project": "https://www.kickstarter.com/projects/borisedelstein/led-by-garagecube?ref=category_newest",
      "rewards": "https://www.kickstarter.com/projects/borisedelstein/led-by-garagecube/rewards"
    }
  },
  "usd_pledged": "184343.97703875",
  "usd_type": "international"
}