{
  "backers_count": 1,
  "blurb": "An utter rival to Shazam. Black Adam will allow you to snap a pic of an actor and instantly search for his name and filmography.",
  "category": {
    "color": 6526716,
    "id": 332,
    "name": "Apps",
    "parent_id": 16,
    "position": 2,
    "slug": "technology/apps",
    "urls": {
      "web": {
        "discover": "http://www.kickstarter.com/discover/categories/technology/apps"
      }
    }
  },
  "converted_pledged_amount": 2,
  "country": "US",
  "created_at": 1423313634,
  "creator": {
    "avatar": {
      "medium": "https://ksr-ugc.imgix.net/assets/009/543/578/42cf2cc15af7df7429256215e7c54e39_original.jpeg?w=160&h=160&fit=crop&v=1461602213&auto=format&q=92&s=198e7a515010e618c6b30f5a62094233",
      "small": "https://ksr-ugc.imgix.net/assets/009/543/578/42cf2cc15af7df7429256215e7c54e39_original.jpeg?w=160&h=160&fit=crop&v=1461602213&auto=format&q=92&s=198e7a515010e618c6b30f5a62094233",
      "thumb": "https://ksr-ugc.imgix.net/assets/009/543/578/42cf2cc15af7df7429256215e7c54e39_original.jpeg?w=40&h=40&fit=crop&v=1461602213&auto=format&q=92&s=b5ed83621657d0c68df7bc3cf89c07ad"
    },
    "chosen_currency": null,
    "id": 205957793,
    "is_registered": true,
    "name": "matt stumm",
    "urls": {
      "api": {
        "user": "https://api.kickstarter.com/v1/users/205957793?signature=1524100370.a31a6c07893859fbdcb8c0b81fe2373327095610"
      },
      "web": {
        "user": "https://www.kickstarter.com/profile/205957793"
      }
    }
  },
  "currency": "USD",
  "currency_symbol": "$",
  "currency_trailing_code": true,
  "current_currency": "USD",
  "deadline": 1427199464,
  "disable_communication": false,
  "fx_rate": 1.0,
  "goal": 5000.0,
  "id": 1036026550,
  "is_starrable": false,
  "launched_at": 1423315064,
  "location": {
    "country": "US",
    "displayable_name": "Minneapolis, MN",
    "id": 2452078,
    "is_root": false,
    "localized_name": "Minneapolis",
    "name": "Minneapolis",
    "short_name": "Minneapolis, MN",
    "slug": "minneapolis-mn",
    "state": "MN",
    "type": "Town",
    "urls": {
      "api": {
        "nearby_projects": "https://api.kickstarter.com/v1/discover?signature=1524082109.347f69c97df5406d8fe0863b634870ef1008e1ff&woe_id=2452078"
      },
      "web": {
        "discover": "https://www.kickstarter.com/discover/places/minneapolis-mn",
        "location": "https://www.kickstarter.com/locations/minneapolis-mn"
      }
    }
  },
  "name": "Black Adam App",
  "photo": {
    "1024x576": "https://ksr-ugc.imgix.net/assets/012/028/955/72b01e05744df1c94e215e57301ed0f9_original.jpg?crop=faces&w=1024&h=576&fit=crop&v=1463725434&auto=format&q=92&s=b74ca4b7950908a66040917621294eb9",
    "1536x864": "https://ksr-ugc.imgix.net/assets/012/028/955/72b01e05744df1c94e215e57301ed0f9_original.jpg?crop=faces&w=1552&h=873&fit=crop&v=1463725434&auto=format&q=92&s=9aeabc45e35590c24462dfe2bccc0d4e",
    "ed": "https://ksr-ugc.imgix.net/assets/012/028/955/72b01e05744df1c94e215e57301ed0f9_original.jpg?crop=faces&w=352&h=198&fit=crop&v=1463725434&auto=format&q=92&s=70b6d059144d1c4c4ecf50bf0742faaa",
    "full": "https://ksr-ugc.imgix.net/assets/012/028/955/72b01e05744df1c94e215e57301ed0f9_original.jpg?crop=faces&w=560&h=315&fit=crop&v=1463725434&auto=format&q=92&s=061174358fc8a4cfb85ea34efa73cdbe",
    "key": "assets/012/028/955/72b01e05744df1c94e215e57301ed0f9_original.jpg",
    "little": "https://ksr-ugc.imgix.net/assets/012/028/955/72b01e05744df1c94e215e57301ed0f9_original.jpg?crop=faces&w=208&h=117&fit=crop&v=1463725434&auto=format&q=92&s=a382963cf608a6aa0b6f21d464468e18",
    "med": "https://ksr-ugc.imgix.net/assets/012/028/955/72b01e05744df1c94e215e57301ed0f9_original.jpg?crop=faces&w=272&h=153&fit=crop&v=1463725434&auto=format&q=92&s=8971d476d446607befa16589d02476b1",
    "small": "https://ksr-ugc.imgix.net/assets/012/028/955/72b01e05744df1c94e215e57301ed0f9_original.jpg?crop=faces&w=160&h=90&fit=crop&v=1463725434&auto=format&q=92&s=7c84293b502223378a0c1d2c684b4979",
    "thumb": "https://ksr-ugc.imgix.net/assets/012/028/955/72b01e05744df1c94e215e57301ed0f9_original.jpg?crop=faces&w=48&h=27&fit=crop&v=1463725434&auto=format&q=92&s=a331393b37a683c5a56d7a04a0bdabd0"
  },
  "pledged": 2.0,
  "profile": {
    "background_color": null,
    "background_image_opacity": 0.8,
    "blurb": null,
    "feature_image_attributes": {
      "image_urls": {
        "baseball_card": "https://ksr-ugc.imgix.net/assets/012/028/955/72b01e05744df1c94e215e57301ed0f9_original.jpg?crop=faces&w=560&h=315&fit=crop&v=1463725434&auto=format&q=92&s=061174358fc8a4cfb85ea34efa73cdbe",
        "default": "https://ksr-ugc.imgix.net/assets/012/028/955/72b01e05744df1c94e215e57301ed0f9_original.jpg?crop=faces&w=1552&h=873&fit=crop&v=1463725434&auto=format&q=92&s=9aeabc45e35590c24462dfe2bccc0d4e"
      }
    },
    "id": 1689429,
    "link_background_color": null,
    "link_text": null,
    "link_text_color": null,
    "link_url": null,
    "name": null,
    "project_id": 1689429,
    "should_show_feature_image_section": true,
    "show_feature_image": false,
    "state": "inactive",
    "state_changed_at": 1425915893,
    "text_color": null
  },
  "slug": "black-adam-app",
  "spotlight": false,
  "staff_pick": false,
  "state": "failed",
  "state_changed_at": 1427199468,
  "static_usd_rate": 1.0,
  "urls": {
    "web": {
      "project": "https://www.kickstarter.com/projects/205957793/black-adam-app?ref=category_newest",
      "rewards": "https://www.kickstarter.com/projects/205957793/black-adam-app/rewards"
    }
  },
  "usd_pledged": "2.0",
  "usd_type": "international"
}