{
  "backers_count": 0,
  "blurb": "I am looking to creating an all singing all dancing app for carp fisherman",
  "category": {
    "color": 6526716,
    "id": 332,
    "name": "Apps",
    "parent_id": 16,
    "position": 2,
    "slug": "technology/apps",
    "urls": {
      "web": {
        "discover": "http://www.kickstarter.com/discover/categories/technology/apps"
      }
    }
  },
  "converted_pledged_amount": 0,
  "country": "GB",
  "created_at": 1431952087,
  "creator": {
    "avatar": {
      "medium": "https://ksr-ugc.imgix.net/assets/009/898/654/c6367c974589eeffb7df298aff23f29c_original.jpg?w=160&h=160&fit=crop&v=1461641860&auto=format&q=92&s=f580b18badcaa944706bef1d31ac5075",
      "small": "https://ksr-ugc.imgix.net/assets/009/898/654/c6367c974589eeffb7df298aff23f29c_original.jpg?w=160&h=160&fit=crop&v=1461641860&auto=format&q=92&s=f580b18badcaa944706bef1d31ac5075",
      "thumb": "https://ksr-ugc.imgix.net/assets/009/898/654/c6367c974589eeffb7df298aff23f29c_original.jpg?w=40&h=40&fit=crop&v=1461641860&auto=format&q=92&s=2dd70b3bd84713df13d748ea660b870a"
    },
    "chosen_currency": null,
    "id": 1581505127,
    "is_registered": true,
    "name": "noel oshaughnessy",
    "urls": {
      "api": {
        "user": "https://api.kickstarter.com/v1/users/1581505127?signature=1524100478.4eebec251ecb4308aa05990cd4a721a559a39943"
      },
      "web": {
        "user": "https://www.kickstarter.com/profile/1581505127"
      }
    }
  },
  "currency": "GBP",
  "currency_symbol": "\u00a3",
  "currency_trailing_code": false,
  "current_currency": "USD",
  "deadline": 1434575483,
  "disable_communication": false,
  "fx_rate": 1.43358488,
  "goal": 10000.0,
  "id": 1036627200,
  "is_starrable": false,
  "launched_at": 1431983483,
  "location": {
    "country": "GB",
    "displayable_name": "West Midlands, UK",
    "id": 12602191,
    "is_root": false,
    "localized_name": "West Midlands",
    "name": "West Midlands",
    "short_name": "West Midlands, UK",
    "slug": "west-midlands-gb",
    "state": "England",
    "type": "County",
    "urls": {
      "api": {
        "nearby_projects": "https://api.kickstarter.com/v1/discover?signature=1524082113.0921cc58e5703d39508d2eb9770764e3b70f0eba&woe_id=12602191"
      },
      "web": {
        "discover": "https://www.kickstarter.com/discover/places/west-midlands-gb",
        "location": "https://www.kickstarter.com/locations/west-midlands-gb"
      }
    }
  },
  "name": "Carp Fishing App",
  "photo": {
    "1024x576": "https://ksr-ugc.imgix.net/assets/012/141/591/8bcda12e44779b0a090889e757d9a887_original.jpg?crop=faces&w=1024&h=576&fit=crop&v=1463738392&auto=format&q=92&s=decfff357fb34505a1f001b89ff72ef0",
    "1536x864": "https://ksr-ugc.imgix.net/assets/012/141/591/8bcda12e44779b0a090889e757d9a887_original.jpg?crop=faces&w=1552&h=873&fit=crop&v=1463738392&auto=format&q=92&s=84120c9a0d027e94caaef39ee68f7162",
    "ed": "https://ksr-ugc.imgix.net/assets/012/141/591/8bcda12e44779b0a090889e757d9a887_original.jpg?crop=faces&w=352&h=198&fit=crop&v=1463738392&auto=format&q=92&s=05b33d49c5250841f8c080b2458104e1",
    "full": "https://ksr-ugc.imgix.net/assets/012/141/591/8bcda12e44779b0a090889e757d9a887_original.jpg?crop=faces&w=560&h=315&fit=crop&v=1463738392&auto=format&q=92&s=0d56cea96f9f56b058594ed58eafad55",
    "key": "assets/012/141/591/8bcda12e44779b0a090889e757d9a887_original.jpg",
    "little": "https://ksr-ugc.imgix.net/assets/012/141/591/8bcda12e44779b0a090889e757d9a887_original.jpg?crop=faces&w=208&h=117&fit=crop&v=1463738392&auto=format&q=92&s=ca4d1031e4cfb2873ff68ef44d02b6bb",
    "med": "https://ksr-ugc.imgix.net/assets/012/141/591/8bcda12e44779b0a090889e757d9a887_original.jpg?crop=faces&w=272&h=153&fit=crop&v=1463738392&auto=format&q=92&s=fe363d3c6227ee01805cb2127d92348f",
    "small": "https://ksr-ugc.imgix.net/assets/012/141/591/8bcda12e44779b0a090889e757d9a887_original.jpg?crop=faces&w=160&h=90&fit=crop&v=1463738392&auto=format&q=92&s=ef3f37d2b1ecbba1410a2aac284670b0",
    "thumb": "https://ksr-ugc.imgix.net/assets/012/141/591/8bcda12e44779b0a090889e757d9a887_original.jpg?crop=faces&w=48&h=27&fit=crop&v=1463738392&auto=format&q=92&s=1a7443e694b8ecf26882258d7f6f4074"
  },
  "pledged": 0.0,
  "profile": {
    "background_color": null,
    "background_image_opacity": 0.8,
    "blurb": null,
    "feature_image_attributes": {
      "image_urls": {
        "baseball_card": "https://ksr-ugc.imgix.net/assets/012/141/591/8bcda12e44779b0a090889e757d9a887_original.jpg?crop=faces&w=560&h=315&fit=crop&v=1463738392&auto=format&q=92&s=0d56cea96f9f56b058594ed58eafad55",
        "default": "https://ksr-ugc.imgix.net/assets/012/141/591/8bcda12e44779b0a090889e757d9a887_original.jpg?crop=faces&w=1552&h=873&fit=crop&v=1463738392&auto=format&q=92&s=84120c9a0d027e94caaef39ee68f7162"
      }
    },
    "id": 1906600,
    "link_background_color": null,
    "link_text": null,
    "link_text_color": null,
    "link_url": null,
    "name": null,
    "project_id": 1906600,
    "should_show_feature_image_section": true,
    "show_feature_image": false,
    "state": "inactive",
    "state_changed_at": 1431952087,
    "text_color": null
  },
  "slug": "carp-fishing-app",
  "spotlight": false,
  "staff_pick": false,
  "state": "failed",
  "state_changed_at": 1434575483,
  "static_usd_rate": 1.57267323,
  "urls": {
    "web": {
      "project": "https://www.kickstarter.com/projects/1581505127/carp-fishing-app?ref=category_newest",
      "rewards": "https://www.kickstarter.com/projects/1581505127/carp-fishing-app/rewards"
    }
  },
  "usd_pledged": "0.0",
  "usd_type": "international"
}