{
  "backers_count": 187,
  "blurb": "Finally an ultra-low power Arduino compatible board with build-in RF able to run your AVR projects for years on a single AA battery!",
  "category": {
    "color": 6526716,
    "id": 52,
    "name": "Hardware",
    "parent_id": 16,
    "position": 8,
    "slug": "technology/hardware",
    "urls": {
      "web": {
        "discover": "http://www.kickstarter.com/discover/categories/technology/hardware"
      }
    }
  },
  "converted_pledged_amount": 11749,
  "country": "AU",
  "created_at": 1454757029,
  "creator": {
    "avatar": {
      "medium": "https://ksr-ugc.imgix.net/assets/010/479/508/0a6049c1003d1277e80ca55ee6f8188d_original.png?w=160&h=160&fit=crop&v=1461692791&auto=format&q=92&s=2318052134c7e8c98da2a01b19aaef2b",
      "small": "https://ksr-ugc.imgix.net/assets/010/479/508/0a6049c1003d1277e80ca55ee6f8188d_original.png?w=160&h=160&fit=crop&v=1461692791&auto=format&q=92&s=2318052134c7e8c98da2a01b19aaef2b",
      "thumb": "https://ksr-ugc.imgix.net/assets/010/479/508/0a6049c1003d1277e80ca55ee6f8188d_original.png?w=40&h=40&fit=crop&v=1461692791&auto=format&q=92&s=16d6a26f66f61eea82aefbe05bf45f86"
    },
    "chosen_currency": null,
    "id": 340271897,
    "is_registered": true,
    "name": "Talk\u00b2",
    "urls": {
      "api": {
        "user": "https://api.kickstarter.com/v1/users/340271897?signature=1524101573.f0d4460aaee08551b19a208cd12516821b301aab"
      },
      "web": {
        "user": "https://www.kickstarter.com/profile/340271897"
      }
    }
  },
  "currency": "AUD",
  "currency_symbol": "$",
  "currency_trailing_code": true,
  "current_currency": "USD",
  "deadline": 1460582721,
  "disable_communication": false,
  "fx_rate": 0.77656633,
  "goal": 15000.0,
  "id": 1036202724,
  "is_starrable": false,
  "launched_at": 1457990721,
  "location": {
    "country": "AU",
    "displayable_name": "Brisbane, AU",
    "id": 1100661,
    "is_root": false,
    "localized_name": "Brisbane",
    "name": "Brisbane",
    "short_name": "Brisbane, AU",
    "slug": "brisbane-au",
    "state": "QLD",
    "type": "Town",
    "urls": {
      "api": {
        "nearby_projects": "https://api.kickstarter.com/v1/discover?signature=1524082113.54493e4c6177bf0d19d84623c00a280fd23eeb3c&woe_id=1100661"
      },
      "web": {
        "discover": "https://www.kickstarter.com/discover/places/brisbane-au",
        "location": "https://www.kickstarter.com/locations/brisbane-au"
      }
    }
  },
  "name": "Whisper Node",
  "photo": {
    "1024x576": "https://ksr-ugc.imgix.net/assets/012/373/843/90999da4406d6e8b617828697f8df7af_original.jpg?crop=faces&w=1024&h=576&fit=crop&v=1463757647&auto=format&q=92&s=a9fccaa9f6953ccc070bf8e2be413cd3",
    "1536x864": "https://ksr-ugc.imgix.net/assets/012/373/843/90999da4406d6e8b617828697f8df7af_original.jpg?crop=faces&w=1552&h=873&fit=crop&v=1463757647&auto=format&q=92&s=b6f2478a3b5bbdea722ac51e11fd79d6",
    "ed": "https://ksr-ugc.imgix.net/assets/012/373/843/90999da4406d6e8b617828697f8df7af_original.jpg?crop=faces&w=352&h=198&fit=crop&v=1463757647&auto=format&q=92&s=f50d65de030c6a11fa1f6851ce3fb20a",
    "full": "https://ksr-ugc.imgix.net/assets/012/373/843/90999da4406d6e8b617828697f8df7af_original.jpg?crop=faces&w=560&h=315&fit=crop&v=1463757647&auto=format&q=92&s=7fb8163dc93dd99fed9d059424f58d00",
    "key": "assets/012/373/843/90999da4406d6e8b617828697f8df7af_original.jpg",
    "little": "https://ksr-ugc.imgix.net/assets/012/373/843/90999da4406d6e8b617828697f8df7af_original.jpg?crop=faces&w=208&h=117&fit=crop&v=1463757647&auto=format&q=92&s=c2e21e496771313101bdbda51ce3b92b",
    "med": "https://ksr-ugc.imgix.net/assets/012/373/843/90999da4406d6e8b617828697f8df7af_original.jpg?crop=faces&w=272&h=153&fit=crop&v=1463757647&auto=format&q=92&s=cb38ef4c7208d2184d83b77d2eebe3ec",
    "small": "https://ksr-ugc.imgix.net/assets/012/373/843/90999da4406d6e8b617828697f8df7af_original.jpg?crop=faces&w=160&h=90&fit=crop&v=1463757647&auto=format&q=92&s=65fbe889815d5c2bb05983ddc4863327",
    "thumb": "https://ksr-ugc.imgix.net/assets/012/373/843/90999da4406d6e8b617828697f8df7af_original.jpg?crop=faces&w=48&h=27&fit=crop&v=1463757647&auto=format&q=92&s=cc83d2eea50142487d0c0c074fc4541b"
  },
  "pledged": 15245.0,
  "profile": {
    "background_color": "ffffff",
    "background_image_opacity": 0.8,
    "blurb": "Finally an ultra-low power Arduino board with build-in RF and able to run your AVR projects for years on a single AA battery!\nThis is now a product, more details on the link below:",
    "feature_image_attributes": {
      "id": 12805158,
      "image_urls": {
        "baseball_card": "https://ksr-ugc.imgix.net/assets/012/805/158/edd28bd616393ff6335c5ccca0bb9c29_original.jpg?crop=faces,edges&w=560&h=315&fit=crop&v=1466462360&auto=format&q=92&s=87a8aa2655e9af24577e9586ce22cd61",
        "default": "https://ksr-ugc.imgix.net/assets/012/805/158/edd28bd616393ff6335c5ccca0bb9c29_original.jpg?w=700&fit=max&v=1466462360&auto=format&q=92&s=516411869c23e9b6b9df22dafcdd3cb4"
      }
    },
    "id": 2360277,
    "link_background_color": "205e88",
    "link_text": "Get Yours Now!",
    "link_text_color": "",
    "link_url": "https://wisen.com.au/store/talk2/",
    "name": "Talk\u00b2 Whisper Node - AVR",
    "project_id": 2360277,
    "should_show_feature_image_section": true,
    "show_feature_image": true,
    "state": "active",
    "state_changed_at": 1460591784,
    "text_color": "0f4b5d"
  },
  "slug": "whisper-node",
  "spotlight": true,
  "staff_pick": false,
  "state": "successful",
  "state_changed_at": 1460582721,
  "static_usd_rate": 0.75640677,
  "urls": {
    "web": {
      "project": "https://www.kickstarter.com/projects/340271897/whisper-node?ref=category_newest",
      "rewards": "https://www.kickstarter.com/projects/340271897/whisper-node/rewards"
    }
  },
  "usd_pledged": "11531.42120865",
  "usd_type": "international"
}