{
  "backers_count": 4,
  "blurb": "Software development requires much time. Do you have them? This software will help you to save time, when it is about creating software",
  "category": {
    "color": 6526716,
    "id": 51,
    "name": "Software",
    "parent_id": 16,
    "position": 11,
    "slug": "technology/software",
    "urls": {
      "web": {
        "discover": "http://www.kickstarter.com/discover/categories/technology/software"
      }
    }
  },
  "converted_pledged_amount": 59,
  "country": "DE",
  "created_at": 1431276783,
  "creator": {
    "avatar": {
      "medium": "https://ksr-ugc.imgix.net/assets/008/898/180/60e056003ea1e494d4568d30c1c04179_original.png?w=160&h=160&fit=crop&v=1461548831&auto=format&q=92&s=cf4416001226877b38c4f39155aba184",
      "small": "https://ksr-ugc.imgix.net/assets/008/898/180/60e056003ea1e494d4568d30c1c04179_original.png?w=160&h=160&fit=crop&v=1461548831&auto=format&q=92&s=cf4416001226877b38c4f39155aba184",
      "thumb": "https://ksr-ugc.imgix.net/assets/008/898/180/60e056003ea1e494d4568d30c1c04179_original.png?w=40&h=40&fit=crop&v=1461548831&auto=format&q=92&s=fb7383fa0824adf5aa8a2b2f2f755320"
    },
    "chosen_currency": null,
    "id": 1002629274,
    "is_registered": true,
    "name": "Lothar Behrens",
    "urls": {
      "api": {
        "user": "https://api.kickstarter.com/v1/users/1002629274?signature=1524102273.8baa3663de6943312b550e1a9d21e2efae95d34f"
      },
      "web": {
        "user": "https://www.kickstarter.com/profile/1002629274"
      }
    }
  },
  "currency": "EUR",
  "currency_symbol": "\u20ac",
  "currency_trailing_code": false,
  "current_currency": "USD",
  "deadline": 1433996738,
  "disable_communication": false,
  "fx_rate": 1.23814016,
  "goal": 100000.0,
  "id": 1036815728,
  "is_starrable": false,
  "launched_at": 1431404738,
  "location": {
    "country": "DE",
    "displayable_name": "Frankfurt, Germany",
    "id": 518763,
    "is_root": false,
    "localized_name": "Frankfurt",
    "name": "Frankfurt",
    "short_name": "Frankfurt, Germany",
    "slug": "frankfurt-brandenburg-de",
    "state": "Brandenburg",
    "type": "Town",
    "urls": {
      "api": {
        "nearby_projects": "https://api.kickstarter.com/v1/discover?signature=1524082170.9b1d2f57190bb0e849c360eb3d385b084beef4fc&woe_id=518763"
      },
      "web": {
        "discover": "https://www.kickstarter.com/discover/places/frankfurt-brandenburg-de",
        "location": "https://www.kickstarter.com/locations/frankfurt-brandenburg-de"
      }
    }
  },
  "name": "Living ideas, not only requirements on paper for mobile apps",
  "photo": {
    "1024x576": "https://ksr-ugc.imgix.net/assets/012/133/725/c44ec59faddcf529855a0c0ea44ff40d_original.png?crop=faces&w=1024&h=576&fit=crop&v=1463738189&auto=format&q=92&s=98590387f468e2545ab5e687ac3cbbf1",
    "1536x864": "https://ksr-ugc.imgix.net/assets/012/133/725/c44ec59faddcf529855a0c0ea44ff40d_original.png?crop=faces&w=1552&h=873&fit=crop&v=1463738189&auto=format&q=92&s=a0f577fe261ca215b10a81474923002f",
    "ed": "https://ksr-ugc.imgix.net/assets/012/133/725/c44ec59faddcf529855a0c0ea44ff40d_original.png?crop=faces&w=352&h=198&fit=crop&v=1463738189&auto=format&q=92&s=57b9da07fd1e0a8539e041b970228329",
    "full": "https://ksr-ugc.imgix.net/assets/012/133/725/c44ec59faddcf529855a0c0ea44ff40d_original.png?crop=faces&w=560&h=315&fit=crop&v=1463738189&auto=format&q=92&s=6d083ced4a7bb67c58f0b76165f90fb2",
    "key": "assets/012/133/725/c44ec59faddcf529855a0c0ea44ff40d_original.png",
    "little": "https://ksr-ugc.imgix.net/assets/012/133/725/c44ec59faddcf529855a0c0ea44ff40d_original.png?crop=faces&w=208&h=117&fit=crop&v=1463738189&auto=format&q=92&s=a8d48b435ebd5d3055cc5da346396716",
    "med": "https://ksr-ugc.imgix.net/assets/012/133/725/c44ec59faddcf529855a0c0ea44ff40d_original.png?crop=faces&w=272&h=153&fit=crop&v=1463738189&auto=format&q=92&s=9bce491db4ddd33628bff29b4d3e4aeb",
    "small": "https://ksr-ugc.imgix.net/assets/012/133/725/c44ec59faddcf529855a0c0ea44ff40d_original.png?crop=faces&w=160&h=90&fit=crop&v=1463738189&auto=format&q=92&s=3ba4c1291c77ee716515b08cf483a57b",
    "thumb": "https://ksr-ugc.imgix.net/assets/012/133/725/c44ec59faddcf529855a0c0ea44ff40d_original.png?crop=faces&w=48&h=27&fit=crop&v=1463738189&auto=format&q=92&s=f900c8d49f5ebd60e1cad8e00520e594"
  },
  "pledged": 53.0,
  "profile": {
    "background_color": null,
    "background_image_opacity": 0.8,
    "blurb": null,
    "feature_image_attributes": {
      "image_urls": {
        "baseball_card": "https://ksr-ugc.imgix.net/assets/012/133/725/c44ec59faddcf529855a0c0ea44ff40d_original.png?crop=faces&w=560&h=315&fit=crop&v=1463738189&auto=format&q=92&s=6d083ced4a7bb67c58f0b76165f90fb2",
        "default": "https://ksr-ugc.imgix.net/assets/012/133/725/c44ec59faddcf529855a0c0ea44ff40d_original.png?crop=faces&w=1552&h=873&fit=crop&v=1463738189&auto=format&q=92&s=a0f577fe261ca215b10a81474923002f"
      }
    },
    "id": 1890862,
    "link_background_color": null,
    "link_text": null,
    "link_text_color": null,
    "link_url": null,
    "name": null,
    "project_id": 1890862,
    "should_show_feature_image_section": true,
    "show_feature_image": false,
    "state": "inactive",
    "state_changed_at": 1431276783,
    "text_color": null
  },
  "slug": "lebendige-ideen-nicht-anforderungen-auf-papier",
  "spotlight": false,
  "staff_pick": false,
  "state": "failed",
  "state_changed_at": 1433996738,
  "static_usd_rate": 1.11588835,
  "urls": {
    "web": {
      "project": "https://www.kickstarter.com/projects/1002629274/lebendige-ideen-nicht-anforderungen-auf-papier?ref=category_newest",
      "rewards": "https://www.kickstarter.com/projects/1002629274/lebendige-ideen-nicht-anforderungen-auf-papier/rewards"
    }
  },
  "usd_pledged": "59.14208255",
  "usd_type": "international"
}