{
  "backers_count": 6,
  "blurb": "Now you can compete online against riders from around the world, no matter your experience, schedule or paycheck.",
  "category": {
    "color": 6526716,
    "id": 342,
    "name": "Web",
    "parent_id": 16,
    "position": 15,
    "slug": "technology/web",
    "urls": {
      "web": {
        "discover": "http://www.kickstarter.com/discover/categories/technology/web"
      }
    }
  },
  "converted_pledged_amount": 173,
  "country": "GB",
  "created_at": 1443291582,
  "creator": {
    "avatar": {
      "medium": "https://ksr-ugc.imgix.net/assets/009/879/912/ac7cd20c79c5fe4c0f4b76e7bb678178_original.jpeg?w=160&h=160&fit=crop&v=1461640669&auto=format&q=92&s=25f3dfaf39760e2cfcc4ddc84a9ad21d",
      "small": "https://ksr-ugc.imgix.net/assets/009/879/912/ac7cd20c79c5fe4c0f4b76e7bb678178_original.jpeg?w=160&h=160&fit=crop&v=1461640669&auto=format&q=92&s=25f3dfaf39760e2cfcc4ddc84a9ad21d",
      "thumb": "https://ksr-ugc.imgix.net/assets/009/879/912/ac7cd20c79c5fe4c0f4b76e7bb678178_original.jpeg?w=40&h=40&fit=crop&v=1461640669&auto=format&q=92&s=715ab7a824eae24333bf37108eef1238"
    },
    "chosen_currency": null,
    "id": 1477037124,
    "is_registered": true,
    "name": "Nadia Aslam",
    "slug": "nadiaaslam",
    "urls": {
      "api": {
        "user": "https://api.kickstarter.com/v1/users/1477037124?signature=1524103263.08d50c03405008c67b4b0843acb9e39efe133b54"
      },
      "web": {
        "user": "https://www.kickstarter.com/profile/nadiaaslam"
      }
    }
  },
  "currency": "GBP",
  "currency_symbol": "\u00a3",
  "currency_trailing_code": false,
  "current_currency": "USD",
  "deadline": 1452024894,
  "disable_communication": false,
  "fx_rate": 1.43358488,
  "goal": 20000.0,
  "id": 1036602533,
  "is_starrable": false,
  "launched_at": 1449000894,
  "location": {
    "country": "GB",
    "displayable_name": "Edinburgh, UK",
    "id": 19344,
    "is_root": false,
    "localized_name": "Edinburgh",
    "name": "Edinburgh",
    "short_name": "Edinburgh, UK",
    "slug": "edinburgh-gb",
    "state": "Scotland",
    "type": "Town",
    "urls": {
      "api": {
        "nearby_projects": "https://api.kickstarter.com/v1/discover?signature=1524082114.5fad4d801fcee1b02c008b1eac0b6a4a2f3f20e0&woe_id=19344"
      },
      "web": {
        "discover": "https://www.kickstarter.com/discover/places/edinburgh-gb",
        "location": "https://www.kickstarter.com/locations/edinburgh-gb"
      }
    }
  },
  "name": "Competio: Affordable, accessible online horse shows",
  "photo": {
    "1024x576": "https://ksr-ugc.imgix.net/assets/012/264/141/10455d2b4e2e756907ad57d50dac1f49_original.jpg?crop=faces&w=1024&h=576&fit=crop&v=1463748060&auto=format&q=92&s=852038a61fea5e830d53095de504904f",
    "1536x864": "https://ksr-ugc.imgix.net/assets/012/264/141/10455d2b4e2e756907ad57d50dac1f49_original.jpg?crop=faces&w=1552&h=873&fit=crop&v=1463748060&auto=format&q=92&s=da3e6c675c0dd15e7fbe86c6703fc95f",
    "ed": "https://ksr-ugc.imgix.net/assets/012/264/141/10455d2b4e2e756907ad57d50dac1f49_original.jpg?crop=faces&w=352&h=198&fit=crop&v=1463748060&auto=format&q=92&s=d4a47dc0ea45ca68c0809f64e4fe4147",
    "full": "https://ksr-ugc.imgix.net/assets/012/264/141/10455d2b4e2e756907ad57d50dac1f49_original.jpg?crop=faces&w=560&h=315&fit=crop&v=1463748060&auto=format&q=92&s=43b3496d4f396c12cff2770e3a520f6b",
    "key": "assets/012/264/141/10455d2b4e2e756907ad57d50dac1f49_original.jpg",
    "little": "https://ksr-ugc.imgix.net/assets/012/264/141/10455d2b4e2e756907ad57d50dac1f49_original.jpg?crop=faces&w=208&h=117&fit=crop&v=1463748060&auto=format&q=92&s=53af1580ed7c350c620cae129b14d881",
    "med": "https://ksr-ugc.imgix.net/assets/012/264/141/10455d2b4e2e756907ad57d50dac1f49_original.jpg?crop=faces&w=272&h=153&fit=crop&v=1463748060&auto=format&q=92&s=cd7c6a29faac71c09a33d03adce7a47f",
    "small": "https://ksr-ugc.imgix.net/assets/012/264/141/10455d2b4e2e756907ad57d50dac1f49_original.jpg?crop=faces&w=160&h=90&fit=crop&v=1463748060&auto=format&q=92&s=868c19ac644b7d40ac144121871f5f50",
    "thumb": "https://ksr-ugc.imgix.net/assets/012/264/141/10455d2b4e2e756907ad57d50dac1f49_original.jpg?crop=faces&w=48&h=27&fit=crop&v=1463748060&auto=format&q=92&s=dd6edca1178396e649f0188a314c6b17"
  },
  "pledged": 118.0,
  "profile": {
    "background_color": null,
    "background_image_opacity": 0.8,
    "blurb": null,
    "feature_image_attributes": {
      "image_urls": {
        "baseball_card": "https://ksr-ugc.imgix.net/assets/012/264/141/10455d2b4e2e756907ad57d50dac1f49_original.jpg?crop=faces&w=560&h=315&fit=crop&v=1463748060&auto=format&q=92&s=43b3496d4f396c12cff2770e3a520f6b",
        "default": "https://ksr-ugc.imgix.net/assets/012/264/141/10455d2b4e2e756907ad57d50dac1f49_original.jpg?crop=faces&w=1552&h=873&fit=crop&v=1463748060&auto=format&q=92&s=da3e6c675c0dd15e7fbe86c6703fc95f"
      }
    },
    "id": 2143938,
    "link_background_color": null,
    "link_text": null,
    "link_text_color": null,
    "link_url": null,
    "name": null,
    "project_id": 2143938,
    "should_show_feature_image_section": true,
    "show_feature_image": false,
    "state": "inactive",
    "state_changed_at": 1443291582,
    "text_color": null
  },
  "slug": "competio-affordable-accessible-online-horse-shows",
  "spotlight": false,
  "staff_pick": false,
  "state": "failed",
  "state_changed_at": 1452024894,
  "static_usd_rate": 1.50289382,
  "urls": {
    "web": {
      "project": "https://www.kickstarter.com/projects/nadiaaslam/competio-affordable-accessible-online-horse-shows?ref=category_newest",
      "rewards": "https://www.kickstarter.com/projects/nadiaaslam/competio-affordable-accessible-online-horse-shows/rewards"
    }
  },
  "usd_pledged": "177.34147076",
  "usd_type": "international"
}