{
  "backers_count": 4,
  "blurb": "New News app's mission is to assist you when you are forming your opinions on contemporary controversial issues.",
  "category": {
    "color": 6526716,
    "id": 332,
    "name": "Apps",
    "parent_id": 16,
    "position": 2,
    "slug": "technology/apps",
    "urls": {
      "web": {
        "discover": "http://www.kickstarter.com/discover/categories/technology/apps"
      }
    }
  },
  "converted_pledged_amount": 141,
  "country": "US",
  "created_at": 1425606038,
  "creator": {
    "avatar": {
      "medium": "https://ksr-ugc.imgix.net/assets/009/647/559/96a2090104bde0858333c532167203f1_original.JPG?w=160&h=160&fit=crop&v=1461612191&auto=format&q=92&s=c63f3429d246979e2a9f4b6d1a76f9bf",
      "small": "https://ksr-ugc.imgix.net/assets/009/647/559/96a2090104bde0858333c532167203f1_original.JPG?w=160&h=160&fit=crop&v=1461612191&auto=format&q=92&s=c63f3429d246979e2a9f4b6d1a76f9bf",
      "thumb": "https://ksr-ugc.imgix.net/assets/009/647/559/96a2090104bde0858333c532167203f1_original.JPG?w=40&h=40&fit=crop&v=1461612191&auto=format&q=92&s=0a6a3b981e6b1059cdb0965c142b8025"
    },
    "chosen_currency": null,
    "id": 777395722,
    "is_registered": true,
    "name": "Roman Koval",
    "urls": {
      "api": {
        "user": "https://api.kickstarter.com/v1/users/777395722?signature=1524100401.dd3afa6b95a653c53dda47dc06a9c7cf41aa8c2e"
      },
      "web": {
        "user": "https://www.kickstarter.com/profile/777395722"
      }
    }
  },
  "currency": "USD",
  "currency_symbol": "$",
  "currency_trailing_code": true,
  "current_currency": "USD",
  "deadline": 1428641362,
  "disable_communication": false,
  "fx_rate": 1.0,
  "goal": 50000.0,
  "id": 1036052473,
  "is_starrable": false,
  "launched_at": 1426049362,
  "location": {
    "country": "US",
    "displayable_name": "Reno, NV",
    "id": 2480201,
    "is_root": false,
    "localized_name": "Reno",
    "name": "Reno",
    "short_name": "Reno, NV",
    "slug": "reno-nv",
    "state": "NV",
    "type": "Town",
    "urls": {
      "api": {
        "nearby_projects": "https://api.kickstarter.com/v1/discover?signature=1524082110.6cbb335c8736c1a0794d8afbd154c3e6f2adccf5&woe_id=2480201"
      },
      "web": {
        "discover": "https://www.kickstarter.com/discover/places/reno-nv",
        "location": "https://www.kickstarter.com/locations/reno-nv"
      }
    }
  },
  "name": "New News 2, news aggregator with a twist",
  "photo": {
    "1024x576": "https://ksr-ugc.imgix.net/assets/012/060/201/be411107df126153fedf70e9a7f2938e_original.png?crop=faces&w=1024&h=576&fit=crop&v=1463728290&auto=format&q=92&s=923db0258dadd45bcf795cc22dd6f4f5",
    "1536x864": "https://ksr-ugc.imgix.net/assets/012/060/201/be411107df126153fedf70e9a7f2938e_original.png?crop=faces&w=1552&h=873&fit=crop&v=1463728290&auto=format&q=92&s=172901474fea38fbbb745a815443bd91",
    "ed": "https://ksr-ugc.imgix.net/assets/012/060/201/be411107df126153fedf70e9a7f2938e_original.png?crop=faces&w=352&h=198&fit=crop&v=1463728290&auto=format&q=92&s=533129e5d35369ba4ec749d2ae07d0c8",
    "full": "https://ksr-ugc.imgix.net/assets/012/060/201/be411107df126153fedf70e9a7f2938e_original.png?crop=faces&w=560&h=315&fit=crop&v=1463728290&auto=format&q=92&s=eb9e33c370c02d3691d1cf30c84bc729",
    "key": "assets/012/060/201/be411107df126153fedf70e9a7f2938e_original.png",
    "little": "https://ksr-ugc.imgix.net/assets/012/060/201/be411107df126153fedf70e9a7f2938e_original.png?crop=faces&w=208&h=117&fit=crop&v=1463728290&auto=format&q=92&s=269dedf17c9d43d39db8b5bd407e7aed",
    "med": "https://ksr-ugc.imgix.net/assets/012/060/201/be411107df126153fedf70e9a7f2938e_original.png?crop=faces&w=272&h=153&fit=crop&v=1463728290&auto=format&q=92&s=ca48c788b51b04a5c637638866964384",
    "small": "https://ksr-ugc.imgix.net/assets/012/060/201/be411107df126153fedf70e9a7f2938e_original.png?crop=faces&w=160&h=90&fit=crop&v=1463728290&auto=format&q=92&s=53014e10114537030dba8b20286f6401",
    "thumb": "https://ksr-ugc.imgix.net/assets/012/060/201/be411107df126153fedf70e9a7f2938e_original.png?crop=faces&w=48&h=27&fit=crop&v=1463728290&auto=format&q=92&s=d9f45b04089c67f9673e262db93e1d8d"
  },
  "pledged": 141.0,
  "profile": {
    "background_color": null,
    "background_image_opacity": 0.8,
    "blurb": null,
    "feature_image_attributes": {
      "image_urls": {
        "baseball_card": "https://ksr-ugc.imgix.net/assets/012/060/201/be411107df126153fedf70e9a7f2938e_original.png?crop=faces&w=560&h=315&fit=crop&v=1463728290&auto=format&q=92&s=eb9e33c370c02d3691d1cf30c84bc729",
        "default": "https://ksr-ugc.imgix.net/assets/012/060/201/be411107df126153fedf70e9a7f2938e_original.png?crop=faces&w=1552&h=873&fit=crop&v=1463728290&auto=format&q=92&s=172901474fea38fbbb745a815443bd91"
      }
    },
    "id": 1751857,
    "link_background_color": null,
    "link_text": null,
    "link_text_color": null,
    "link_url": null,
    "name": null,
    "project_id": 1751857,
    "should_show_feature_image_section": true,
    "show_feature_image": false,
    "state": "inactive",
    "state_changed_at": 1425915896,
    "text_color": null
  },
  "slug": "new-news-2-news-aggregator-with-a-twist",
  "spotlight": false,
  "staff_pick": false,
  "state": "failed",
  "state_changed_at": 1428641365,
  "static_usd_rate": 1.0,
  "urls": {
    "web": {
      "project": "https://www.kickstarter.com/projects/777395722/new-news-2-news-aggregator-with-a-twist?ref=category_newest",
      "rewards": "https://www.kickstarter.com/projects/777395722/new-news-2-news-aggregator-with-a-twist/rewards"
    }
  },
  "usd_pledged": "141.0",
  "usd_type": "international"
}