{
  "backers_count": 0,
  "blurb": "ConsultMe is an intuitive app which brings consultants to those in need, including business and financial services.",
  "category": {
    "color": 6526716,
    "id": 332,
    "name": "Apps",
    "parent_id": 16,
    "position": 2,
    "slug": "technology/apps",
    "urls": {
      "web": {
        "discover": "http://www.kickstarter.com/discover/categories/technology/apps"
      }
    }
  },
  "converted_pledged_amount": 0,
  "country": "GB",
  "created_at": 1435308883,
  "creator": {
    "avatar": {
      "medium": "https://ksr-ugc.imgix.net/assets/010/062/304/05452a5712538cc984eb5056c50609cc_original.jpg?w=160&h=160&fit=crop&v=1461664984&auto=format&q=92&s=6674f8f744b7d281fc4e307ba55f31d1",
      "small": "https://ksr-ugc.imgix.net/assets/010/062/304/05452a5712538cc984eb5056c50609cc_original.jpg?w=160&h=160&fit=crop&v=1461664984&auto=format&q=92&s=6674f8f744b7d281fc4e307ba55f31d1",
      "thumb": "https://ksr-ugc.imgix.net/assets/010/062/304/05452a5712538cc984eb5056c50609cc_original.jpg?w=40&h=40&fit=crop&v=1461664984&auto=format&q=92&s=47db8210ed4d149c359feadd7d707c2a"
    },
    "chosen_currency": null,
    "id": 1651624076,
    "is_registered": true,
    "name": "Liam Soane",
    "urls": {
      "api": {
        "user": "https://api.kickstarter.com/v1/users/1651624076?signature=1524100517.04402565b782a002313711fd9a81e7e256e9b76f"
      },
      "web": {
        "user": "https://www.kickstarter.com/profile/1651624076"
      }
    }
  },
  "currency": "GBP",
  "currency_symbol": "\u00a3",
  "currency_trailing_code": false,
  "current_currency": "USD",
  "deadline": 1437929553,
  "disable_communication": false,
  "fx_rate": 1.43358488,
  "goal": 10000.0,
  "id": 1037299859,
  "is_starrable": false,
  "launched_at": 1435337553,
  "location": {
    "country": "GB",
    "displayable_name": "London, UK",
    "id": 44418,
    "is_root": false,
    "localized_name": "London",
    "name": "London",
    "short_name": "London, UK",
    "slug": "london-gb",
    "state": "England",
    "type": "Town",
    "urls": {
      "api": {
        "nearby_projects": "https://api.kickstarter.com/v1/discover?signature=1524082109.5118e135081e740cf60892f6b56ae9d8b8d0db64&woe_id=44418"
      },
      "web": {
        "discover": "https://www.kickstarter.com/discover/places/london-gb",
        "location": "https://www.kickstarter.com/locations/london-gb"
      }
    }
  },
  "name": "ConsultMe",
  "photo": {
    "1024x576": "https://ksr-ugc.imgix.net/assets/012/179/701/94ab5cbbaff0c85bea2ab923a03712a2_original.jpg?crop=faces&w=1024&h=576&fit=crop&v=1463739709&auto=format&q=92&s=f41b430bea5aea1409d4f8cbb3415aa5",
    "1536x864": "https://ksr-ugc.imgix.net/assets/012/179/701/94ab5cbbaff0c85bea2ab923a03712a2_original.jpg?crop=faces&w=1552&h=873&fit=crop&v=1463739709&auto=format&q=92&s=1e0eba55c88ade01aaaadcd857661093",
    "ed": "https://ksr-ugc.imgix.net/assets/012/179/701/94ab5cbbaff0c85bea2ab923a03712a2_original.jpg?crop=faces&w=352&h=198&fit=crop&v=1463739709&auto=format&q=92&s=4ab617564c77217f51807c40e2967896",
    "full": "https://ksr-ugc.imgix.net/assets/012/179/701/94ab5cbbaff0c85bea2ab923a03712a2_original.jpg?crop=faces&w=560&h=315&fit=crop&v=1463739709&auto=format&q=92&s=c5f2ac0f832cc36e62632684ce1ff5b7",
    "key": "assets/012/179/701/94ab5cbbaff0c85bea2ab923a03712a2_original.jpg",
    "little": "https://ksr-ugc.imgix.net/assets/012/179/701/94ab5cbbaff0c85bea2ab923a03712a2_original.jpg?crop=faces&w=208&h=117&fit=crop&v=1463739709&auto=format&q=92&s=d1d074fbb00fee4577233619c6424bea",
    "med": "https://ksr-ugc.imgix.net/assets/012/179/701/94ab5cbbaff0c85bea2ab923a03712a2_original.jpg?crop=faces&w=272&h=153&fit=crop&v=1463739709&auto=format&q=92&s=251bdfcd20b91b38e0978e9af057447f",
    "small": "https://ksr-ugc.imgix.net/assets/012/179/701/94ab5cbbaff0c85bea2ab923a03712a2_original.jpg?crop=faces&w=160&h=90&fit=crop&v=1463739709&auto=format&q=92&s=5bb3bf5282ae385fb4e8b867ae9599de",
    "thumb": "https://ksr-ugc.imgix.net/assets/012/179/701/94ab5cbbaff0c85bea2ab923a03712a2_original.jpg?crop=faces&w=48&h=27&fit=crop&v=1463739709&auto=format&q=92&s=dbd505e3af2580cec2ba5de8cb9682bb"
  },
  "pledged": 0.0,
  "profile": {
    "background_color": null,
    "background_image_opacity": 0.8,
    "blurb": null,
    "feature_image_attributes": {
      "image_urls": {
        "baseball_card": "https://ksr-ugc.imgix.net/assets/012/179/701/94ab5cbbaff0c85bea2ab923a03712a2_original.jpg?crop=faces&w=560&h=315&fit=crop&v=1463739709&auto=format&q=92&s=c5f2ac0f832cc36e62632684ce1ff5b7",
        "default": "https://ksr-ugc.imgix.net/assets/012/179/701/94ab5cbbaff0c85bea2ab923a03712a2_original.jpg?crop=faces&w=1552&h=873&fit=crop&v=1463739709&auto=format&q=92&s=1e0eba55c88ade01aaaadcd857661093"
      }
    },
    "id": 1982267,
    "link_background_color": null,
    "link_text": null,
    "link_text_color": null,
    "link_url": null,
    "name": null,
    "project_id": 1982267,
    "should_show_feature_image_section": true,
    "show_feature_image": false,
    "state": "inactive",
    "state_changed_at": 1435308883,
    "text_color": null
  },
  "slug": "consultme",
  "spotlight": false,
  "staff_pick": false,
  "state": "failed",
  "state_changed_at": 1437929553,
  "static_usd_rate": 1.56949159,
  "urls": {
    "web": {
      "project": "https://www.kickstarter.com/projects/1651624076/consultme?ref=category_newest",
      "rewards": "https://www.kickstarter.com/projects/1651624076/consultme/rewards"
    }
  },
  "usd_pledged": "0.0",
  "usd_type": "international"
}