{
  "backers_count": 3,
  "blurb": "Social media, Prof. network, and search engine platforms fused to create Kllabo - the social engine driving intellectual collaboration.",
  "category": {
    "color": 6526716,
    "id": 332,
    "name": "Apps",
    "parent_id": 16,
    "position": 2,
    "slug": "technology/apps",
    "urls": {
      "web": {
        "discover": "http://www.kickstarter.com/discover/categories/technology/apps"
      }
    }
  },
  "converted_pledged_amount": 45,
  "country": "US",
  "created_at": 1431452632,
  "creator": {
    "avatar": {
      "medium": "https://ksr-ugc.imgix.net/assets/009/896/654/002b8356c18915d427f660b8871f6e1e_original.jpeg?w=160&h=160&fit=crop&v=1461641666&auto=format&q=92&s=0f810c778d78df1df2c82ae59b00eb84",
      "small": "https://ksr-ugc.imgix.net/assets/009/896/654/002b8356c18915d427f660b8871f6e1e_original.jpeg?w=160&h=160&fit=crop&v=1461641666&auto=format&q=92&s=0f810c778d78df1df2c82ae59b00eb84",
      "thumb": "https://ksr-ugc.imgix.net/assets/009/896/654/002b8356c18915d427f660b8871f6e1e_original.jpeg?w=40&h=40&fit=crop&v=1461641666&auto=format&q=92&s=32f991aa06321fdd97c65edce04199a0"
    },
    "chosen_currency": null,
    "id": 1301010769,
    "is_registered": true,
    "name": "Lawrence Haddad",
    "urls": {
      "api": {
        "user": "https://api.kickstarter.com/v1/users/1301010769?signature=1524100483.2ce039dc057c40e721b6b42a9db46578e97ef0c6"
      },
      "web": {
        "user": "https://www.kickstarter.com/profile/1301010769"
      }
    }
  },
  "currency": "USD",
  "currency_symbol": "$",
  "currency_trailing_code": true,
  "current_currency": "USD",
  "deadline": 1437439400,
  "disable_communication": false,
  "fx_rate": 1.0,
  "goal": 537600.0,
  "id": 1037926619,
  "is_starrable": false,
  "launched_at": 1432255400,
  "location": {
    "country": "US",
    "displayable_name": "Dearborn Heights, MI",
    "id": 2390131,
    "is_root": false,
    "localized_name": "Dearborn Heights",
    "name": "Dearborn Heights",
    "short_name": "Dearborn Heights, MI",
    "slug": "dearborn-heights-mi",
    "state": "MI",
    "type": "Town",
    "urls": {
      "api": {
        "nearby_projects": "https://api.kickstarter.com/v1/discover?signature=1524082240.9f783695b91887cc194bda0049d9c3f6411751bf&woe_id=2390131"
      },
      "web": {
        "discover": "https://www.kickstarter.com/discover/places/dearborn-heights-mi",
        "location": "https://www.kickstarter.com/locations/dearborn-heights-mi"
      }
    }
  },
  "name": "Kllabo - Inventing gone viral",
  "photo": {
    "1024x576": "https://ksr-ugc.imgix.net/assets/012/135/908/dcb2a90dd9468e3513acfa8f3ce9a267_original.png?crop=faces&w=1024&h=576&fit=crop&v=1463738245&auto=format&q=92&s=ccd7a7d44f679c629436ff8b0cc56a4c",
    "1536x864": "https://ksr-ugc.imgix.net/assets/012/135/908/dcb2a90dd9468e3513acfa8f3ce9a267_original.png?crop=faces&w=1552&h=873&fit=crop&v=1463738245&auto=format&q=92&s=3bae4db10fe12fa6a1b557a38b20475f",
    "ed": "https://ksr-ugc.imgix.net/assets/012/135/908/dcb2a90dd9468e3513acfa8f3ce9a267_original.png?crop=faces&w=352&h=198&fit=crop&v=1463738245&auto=format&q=92&s=f4381fc997ab808ccb9d034347c133c7",
    "full": "https://ksr-ugc.imgix.net/assets/012/135/908/dcb2a90dd9468e3513acfa8f3ce9a267_original.png?crop=faces&w=560&h=315&fit=crop&v=1463738245&auto=format&q=92&s=e494b8428a5ab3c02800910410c05530",
    "key": "assets/012/135/908/dcb2a90dd9468e3513acfa8f3ce9a267_original.png",
    "little": "https://ksr-ugc.imgix.net/assets/012/135/908/dcb2a90dd9468e3513acfa8f3ce9a267_original.png?crop=faces&w=208&h=117&fit=crop&v=1463738245&auto=format&q=92&s=e649bed183fdd9e8403c899c7c784e44",
    "med": "https://ksr-ugc.imgix.net/assets/012/135/908/dcb2a90dd9468e3513acfa8f3ce9a267_original.png?crop=faces&w=272&h=153&fit=crop&v=1463738245&auto=format&q=92&s=502af21eab752dbc8386fac641932db8",
    "small": "https://ksr-ugc.imgix.net/assets/012/135/908/dcb2a90dd9468e3513acfa8f3ce9a267_original.png?crop=faces&w=160&h=90&fit=crop&v=1463738245&auto=format&q=92&s=0077b1260f24702ab2c2ba30ba7468c3",
    "thumb": "https://ksr-ugc.imgix.net/assets/012/135/908/dcb2a90dd9468e3513acfa8f3ce9a267_original.png?crop=faces&w=48&h=27&fit=crop&v=1463738245&auto=format&q=92&s=3333865fbcf43a8b35af4f5afce83926"
  },
  "pledged": 45.0,
  "profile": {
    "background_color": null,
    "background_image_opacity": 0.8,
    "blurb": null,
    "feature_image_attributes": {
      "image_urls": {
        "baseball_card": "https://ksr-ugc.imgix.net/assets/012/135/908/dcb2a90dd9468e3513acfa8f3ce9a267_original.png?crop=faces&w=560&h=315&fit=crop&v=1463738245&auto=format&q=92&s=e494b8428a5ab3c02800910410c05530",
        "default": "https://ksr-ugc.imgix.net/assets/012/135/908/dcb2a90dd9468e3513acfa8f3ce9a267_original.png?crop=faces&w=1552&h=873&fit=crop&v=1463738245&auto=format&q=92&s=3bae4db10fe12fa6a1b557a38b20475f"
      }
    },
    "id": 1895337,
    "link_background_color": null,
    "link_text": null,
    "link_text_color": null,
    "link_url": null,
    "name": null,
    "project_id": 1895337,
    "should_show_feature_image_section": true,
    "show_feature_image": false,
    "state": "inactive",
    "state_changed_at": 1431452632,
    "text_color": null
  },
  "slug": "kllabo-inventing-gone-viral",
  "spotlight": false,
  "staff_pick": false,
  "state": "failed",
  "state_changed_at": 1437439404,
  "static_usd_rate": 1.0,
  "urls": {
    "web": {
      "project": "https://www.kickstarter.com/projects/1301010769/kllabo-inventing-gone-viral?ref=category_newest",
      "rewards": "https://www.kickstarter.com/projects/1301010769/kllabo-inventing-gone-viral/rewards"
    }
  },
  "usd_pledged": "45.0",
  "usd_type": "international"
}