{
  "backers_count": 0,
  "blurb": "THE MOST TECHNOLOGICALLY ADVANCED MOVIE VIEWING EXPERIENCE EVER!!!",
  "category": {
    "color": 6526716,
    "id": 362,
    "name": "Makerspaces",
    "parent_id": 16,
    "position": 9,
    "slug": "technology/makerspaces",
    "urls": {
      "web": {
        "discover": "http://www.kickstarter.com/discover/categories/technology/makerspaces"
      }
    }
  },
  "converted_pledged_amount": 0,
  "country": "US",
  "created_at": 1454002274,
  "creator": {
    "avatar": {
      "medium": "https://ksr-ugc.imgix.net/assets/006/275/552/5332e997610c40caa0e2a9fa3f430078_original.jpg?w=160&h=160&fit=crop&v=1461377929&auto=format&q=92&s=a1719158c3bda8588d56a712a0cf0822",
      "small": "https://ksr-ugc.imgix.net/assets/006/275/552/5332e997610c40caa0e2a9fa3f430078_original.jpg?w=160&h=160&fit=crop&v=1461377929&auto=format&q=92&s=a1719158c3bda8588d56a712a0cf0822",
      "thumb": "https://ksr-ugc.imgix.net/assets/006/275/552/5332e997610c40caa0e2a9fa3f430078_original.jpg?w=40&h=40&fit=crop&v=1461377929&auto=format&q=92&s=4a5d116787e67ba0aad455ce6be7f643"
    },
    "chosen_currency": null,
    "id": 1388541874,
    "is_registered": true,
    "name": "Keenya Noble",
    "urls": {
      "api": {
        "user": "https://api.kickstarter.com/v1/users/1388541874?signature=1524101867.bb5d31b2eeed934e5571349ff4767bf6af2715fc"
      },
      "web": {
        "user": "https://www.kickstarter.com/profile/1388541874"
      }
    }
  },
  "currency": "USD",
  "currency_symbol": "$",
  "currency_trailing_code": true,
  "current_currency": "USD",
  "deadline": 1466178725,
  "disable_communication": false,
  "fx_rate": 1.0,
  "goal": 100000.0,
  "id": 1037058379,
  "is_starrable": false,
  "launched_at": 1460994725,
  "location": {
    "country": "US",
    "displayable_name": "New York, NY",
    "id": 2459115,
    "is_root": false,
    "localized_name": "New York",
    "name": "New York",
    "short_name": "New York, NY",
    "slug": "new-york-ny",
    "state": "NY",
    "type": "Town",
    "urls": {
      "api": {
        "nearby_projects": "https://api.kickstarter.com/v1/discover?signature=1524082109.8b002b19b247f907ed0b409cc04e5ded0a21adce&woe_id=2459115"
      },
      "web": {
        "discover": "https://www.kickstarter.com/discover/places/new-york-ny",
        "location": "https://www.kickstarter.com/locations/new-york-ny"
      }
    }
  },
  "name": "MovieCar Ride In Theatre",
  "photo": {
    "1024x576": "https://ksr-ugc.imgix.net/assets/012/366/075/20a8a399b39015184622fe8856cb395e_original.jpg?crop=faces&w=1024&h=576&fit=crop&v=1463757125&auto=format&q=92&s=6df964371ac40f008d2089bb9ec8234e",
    "1536x864": "https://ksr-ugc.imgix.net/assets/012/366/075/20a8a399b39015184622fe8856cb395e_original.jpg?crop=faces&w=1552&h=873&fit=crop&v=1463757125&auto=format&q=92&s=ec8bc9974627cd19d3b04d69743e2fa0",
    "ed": "https://ksr-ugc.imgix.net/assets/012/366/075/20a8a399b39015184622fe8856cb395e_original.jpg?crop=faces&w=352&h=198&fit=crop&v=1463757125&auto=format&q=92&s=b0583f7d8d8928387973424e0218575a",
    "full": "https://ksr-ugc.imgix.net/assets/012/366/075/20a8a399b39015184622fe8856cb395e_original.jpg?crop=faces&w=560&h=315&fit=crop&v=1463757125&auto=format&q=92&s=e282ba52c93e0c07c49eaba969749fc5",
    "key": "assets/012/366/075/20a8a399b39015184622fe8856cb395e_original.jpg",
    "little": "https://ksr-ugc.imgix.net/assets/012/366/075/20a8a399b39015184622fe8856cb395e_original.jpg?crop=faces&w=208&h=117&fit=crop&v=1463757125&auto=format&q=92&s=7331037d62a061a7be7e553aa950c94c",
    "med": "https://ksr-ugc.imgix.net/assets/012/366/075/20a8a399b39015184622fe8856cb395e_original.jpg?crop=faces&w=272&h=153&fit=crop&v=1463757125&auto=format&q=92&s=11f912e8223baac673b0fd357b9c28f5",
    "small": "https://ksr-ugc.imgix.net/assets/012/366/075/20a8a399b39015184622fe8856cb395e_original.jpg?crop=faces&w=160&h=90&fit=crop&v=1463757125&auto=format&q=92&s=96d43b4a2cb1f478930321eed0c0789f",
    "thumb": "https://ksr-ugc.imgix.net/assets/012/366/075/20a8a399b39015184622fe8856cb395e_original.jpg?crop=faces&w=48&h=27&fit=crop&v=1463757125&auto=format&q=92&s=40aa3ef35e048e48822440c70400f1e6"
  },
  "pledged": 0.0,
  "profile": {
    "background_color": null,
    "background_image_opacity": 0.8,
    "blurb": null,
    "feature_image_attributes": {
      "image_urls": {
        "baseball_card": "https://ksr-ugc.imgix.net/assets/012/366/075/20a8a399b39015184622fe8856cb395e_original.jpg?crop=faces&w=560&h=315&fit=crop&v=1463757125&auto=format&q=92&s=e282ba52c93e0c07c49eaba969749fc5",
        "default": "https://ksr-ugc.imgix.net/assets/012/366/075/20a8a399b39015184622fe8856cb395e_original.jpg?crop=faces&w=1552&h=873&fit=crop&v=1463757125&auto=format&q=92&s=ec8bc9974627cd19d3b04d69743e2fa0"
      }
    },
    "id": 2345204,
    "link_background_color": null,
    "link_text": null,
    "link_text_color": null,
    "link_url": null,
    "name": null,
    "project_id": 2345204,
    "should_show_feature_image_section": true,
    "show_feature_image": false,
    "state": "inactive",
    "state_changed_at": 1454002274,
    "text_color": null
  },
  "slug": "moviecar-ride-in-theatre",
  "spotlight": false,
  "staff_pick": false,
  "state": "failed",
  "state_changed_at": 1466178725,
  "static_usd_rate": 1.0,
  "urls": {
    "web": {
      "project": "https://www.kickstarter.com/projects/1388541874/moviecar-ride-in-theatre?ref=category_newest",
      "rewards": "https://www.kickstarter.com/projects/1388541874/moviecar-ride-in-theatre/rewards"
    }
  },
  "usd_pledged": "0.0",
  "usd_type": "international"
}