{
  "backers_count": 484,
  "blurb": "Turning DNA into data just became affordable, and biohacking will never be the same. Meet our open source Real-Time PCR Thermocycler.",
  "category": {
    "color": 6526716,
    "id": 52,
    "name": "Hardware",
    "parent_id": 16,
    "position": 8,
    "slug": "technology/hardware",
    "urls": {
      "web": {
        "discover": "http://www.kickstarter.com/discover/categories/technology/hardware"
      }
    }
  },
  "converted_pledged_amount": 202701,
  "country": "US",
  "created_at": 1378697617,
  "creator": {
    "avatar": {
      "medium": "https://ksr-ugc.imgix.net/assets/007/710/776/c6f2d76778982392e3f03a55ede2f631_original.png?w=160&h=160&fit=crop&v=1461474352&auto=format&q=92&s=5db473007c2ad995b0f9bc4fe0898b62",
      "small": "https://ksr-ugc.imgix.net/assets/007/710/776/c6f2d76778982392e3f03a55ede2f631_original.png?w=160&h=160&fit=crop&v=1461474352&auto=format&q=92&s=5db473007c2ad995b0f9bc4fe0898b62",
      "thumb": "https://ksr-ugc.imgix.net/assets/007/710/776/c6f2d76778982392e3f03a55ede2f631_original.png?w=40&h=40&fit=crop&v=1461474352&auto=format&q=92&s=da52d6d37704a85d0f2e1bb557d1093b"
    },
    "chosen_currency": null,
    "id": 1870442347,
    "is_registered": true,
    "name": "Chai",
    "slug": "chaibio",
    "urls": {
      "api": {
        "user": "https://api.kickstarter.com/v1/users/1870442347?signature=1524101511.896255f52de5079e2ae81e1d850790e76c9c078d"
      },
      "web": {
        "user": "https://www.kickstarter.com/profile/chaibio"
      }
    }
  },
  "currency": "USD",
  "currency_symbol": "$",
  "currency_trailing_code": true,
  "current_currency": "USD",
  "deadline": 1417744800,
  "disable_communication": false,
  "fx_rate": 1.0,
  "goal": 50000.0,
  "id": 1037322577,
  "is_starrable": false,
  "launched_at": 1415120457,
  "location": {
    "country": "US",
    "displayable_name": "Santa Clara, CA",
    "id": 2488836,
    "is_root": false,
    "localized_name": "Santa Clara",
    "name": "Santa Clara",
    "short_name": "Santa Clara, CA",
    "slug": "santa-clara-ca",
    "state": "CA",
    "type": "Town",
    "urls": {
      "api": {
        "nearby_projects": "https://api.kickstarter.com/v1/discover?signature=1524082112.7798cba00a90342a938cc240bc411d95feb2ce76&woe_id=2488836"
      },
      "web": {
        "discover": "https://www.kickstarter.com/discover/places/santa-clara-ca",
        "location": "https://www.kickstarter.com/locations/santa-clara-ca"
      }
    }
  },
  "name": "Open qPCR: DNA Diagnostics for Everyone",
  "photo": {
    "1024x576": "https://ksr-ugc.imgix.net/assets/011/574/607/dca7b5251e4513df732691b3ae488d8c_original.png?crop=faces&w=1024&h=576&fit=crop&v=1463684680&auto=format&q=92&s=4499fd26db070aa4b67bf7efd239c693",
    "1536x864": "https://ksr-ugc.imgix.net/assets/011/574/607/dca7b5251e4513df732691b3ae488d8c_original.png?crop=faces&w=1552&h=873&fit=crop&v=1463684680&auto=format&q=92&s=6a057ce1210c588e37877a0f35d2eb1b",
    "ed": "https://ksr-ugc.imgix.net/assets/011/574/607/dca7b5251e4513df732691b3ae488d8c_original.png?crop=faces&w=352&h=198&fit=crop&v=1463684680&auto=format&q=92&s=3174e9684dc6178b27a8eacd8a6df482",
    "full": "https://ksr-ugc.imgix.net/assets/011/574/607/dca7b5251e4513df732691b3ae488d8c_original.png?crop=faces&w=560&h=315&fit=crop&v=1463684680&auto=format&q=92&s=c7f2f235c0197995a776f66d56644ab5",
    "key": "assets/011/574/607/dca7b5251e4513df732691b3ae488d8c_original.png",
    "little": "https://ksr-ugc.imgix.net/assets/011/574/607/dca7b5251e4513df732691b3ae488d8c_original.png?crop=faces&w=208&h=117&fit=crop&v=1463684680&auto=format&q=92&s=5e9b7442d82b5aa533286b9111e55442",
    "med": "https://ksr-ugc.imgix.net/assets/011/574/607/dca7b5251e4513df732691b3ae488d8c_original.png?crop=faces&w=272&h=153&fit=crop&v=1463684680&auto=format&q=92&s=42de30e24dd1fa394ccdb1cb4320f3e4",
    "small": "https://ksr-ugc.imgix.net/assets/011/574/607/dca7b5251e4513df732691b3ae488d8c_original.png?crop=faces&w=160&h=90&fit=crop&v=1463684680&auto=format&q=92&s=ed8d381e02f7cc732ec663b2cc23d416",
    "thumb": "https://ksr-ugc.imgix.net/assets/011/574/607/dca7b5251e4513df732691b3ae488d8c_original.png?crop=faces&w=48&h=27&fit=crop&v=1463684680&auto=format&q=92&s=2cca1daab8807e4ae24f7e2724cff21f"
  },
  "pledged": 202701.59,
  "profile": {
    "background_color": "",
    "background_image_opacity": 0.8,
    "blurb": "Turning DNA into data just became affordable, and biohacking will never be the same. Meet our open source Real-Time PCR Thermocycler.",
    "feature_image_attributes": {
      "image_urls": {
        "baseball_card": "https://ksr-ugc.imgix.net/assets/011/574/607/dca7b5251e4513df732691b3ae488d8c_original.png?crop=faces&w=560&h=315&fit=crop&v=1463684680&auto=format&q=92&s=c7f2f235c0197995a776f66d56644ab5",
        "default": "https://ksr-ugc.imgix.net/assets/011/574/607/dca7b5251e4513df732691b3ae488d8c_original.png?crop=faces&w=1552&h=873&fit=crop&v=1463684680&auto=format&q=92&s=6a057ce1210c588e37877a0f35d2eb1b"
      }
    },
    "id": 691022,
    "link_background_color": "",
    "link_text": "Chai Real-Time PCR",
    "link_text_color": "",
    "link_url": "http://www.chaibio.com/openqpcr",
    "name": "Open qPCR: DNA Diagnostics for Everyone",
    "project_id": 691022,
    "should_show_feature_image_section": true,
    "show_feature_image": false,
    "state": "active",
    "state_changed_at": 1430771781,
    "text_color": ""
  },
  "slug": "open-qpcr-dna-diagnostics-for-everyone",
  "spotlight": true,
  "staff_pick": true,
  "state": "successful",
  "state_changed_at": 1417744816,
  "static_usd_rate": 1.0,
  "urls": {
    "web": {
      "project": "https://www.kickstarter.com/projects/chaibio/open-qpcr-dna-diagnostics-for-everyone?ref=category_newest",
      "rewards": "https://www.kickstarter.com/projects/chaibio/open-qpcr-dna-diagnostics-for-everyone/rewards"
    }
  },
  "usd_pledged": "202701.59",
  "usd_type": "international"
}