{
  "backers_count": 6,
  "blurb": "OutdoorDivvy provides adventurers with an affordable alternative to enjoying the outdoors. Divvy gear, divvy adventure.",
  "category": {
    "color": 6526716,
    "id": 342,
    "name": "Web",
    "parent_id": 16,
    "position": 15,
    "slug": "technology/web",
    "urls": {
      "web": {
        "discover": "http://www.kickstarter.com/discover/categories/technology/web"
      }
    }
  },
  "converted_pledged_amount": 106,
  "country": "US",
  "created_at": 1410555613,
  "creator": {
    "avatar": {
      "medium": "https://ksr-ugc.imgix.net/assets/009/264/642/dec97b7e25c1d17441cb1827e0a44273_original.jpeg?w=160&h=160&fit=crop&v=1461569826&auto=format&q=92&s=2db5e4cc929e068b34508358152d357c",
      "small": "https://ksr-ugc.imgix.net/assets/009/264/642/dec97b7e25c1d17441cb1827e0a44273_original.jpeg?w=160&h=160&fit=crop&v=1461569826&auto=format&q=92&s=2db5e4cc929e068b34508358152d357c",
      "thumb": "https://ksr-ugc.imgix.net/assets/009/264/642/dec97b7e25c1d17441cb1827e0a44273_original.jpeg?w=40&h=40&fit=crop&v=1461569826&auto=format&q=92&s=a0a5e0ae2c1589c927acde762349e1c1"
    },
    "chosen_currency": null,
    "id": 530509186,
    "is_registered": true,
    "name": "Andy Nichols",
    "slug": "outdoordivvy",
    "urls": {
      "api": {
        "user": "https://api.kickstarter.com/v1/users/530509186?signature=1524103002.e4766709876d99a34dc5ef094345cc65238e0371"
      },
      "web": {
        "user": "https://www.kickstarter.com/profile/outdoordivvy"
      }
    }
  },
  "currency": "USD",
  "currency_symbol": "$",
  "currency_trailing_code": true,
  "current_currency": "USD",
  "deadline": 1416361384,
  "disable_communication": false,
  "fx_rate": 1.0,
  "goal": 20000.0,
  "id": 1037806887,
  "is_starrable": false,
  "launched_at": 1411173784,
  "location": {
    "country": "US",
    "displayable_name": "Salt Lake City, UT",
    "id": 2487610,
    "is_root": false,
    "localized_name": "Salt Lake City",
    "name": "Salt Lake City",
    "short_name": "Salt Lake City, UT",
    "slug": "salt-lake-city-ut",
    "state": "UT",
    "type": "Town",
    "urls": {
      "api": {
        "nearby_projects": "https://api.kickstarter.com/v1/discover?signature=1524082108.1846501956c08639f50ed7ba52e372027911e29a&woe_id=2487610"
      },
      "web": {
        "discover": "https://www.kickstarter.com/discover/places/salt-lake-city-ut",
        "location": "https://www.kickstarter.com/locations/salt-lake-city-ut"
      }
    }
  },
  "name": "OutdoorDivvy: Peer-to-Peer Gear Sharing for the Outdoors",
  "photo": {
    "1024x576": "https://ksr-ugc.imgix.net/assets/011/867/240/76ba00452fe4a83b421a97a5421f2027_original.jpg?crop=faces&w=1024&h=576&fit=crop&v=1463707201&auto=format&q=92&s=eea2c30d7340a5eec45467744127a543",
    "1536x864": "https://ksr-ugc.imgix.net/assets/011/867/240/76ba00452fe4a83b421a97a5421f2027_original.jpg?crop=faces&w=1552&h=873&fit=crop&v=1463707201&auto=format&q=92&s=047a27d5d841189b7755aaedefa00473",
    "ed": "https://ksr-ugc.imgix.net/assets/011/867/240/76ba00452fe4a83b421a97a5421f2027_original.jpg?crop=faces&w=352&h=198&fit=crop&v=1463707201&auto=format&q=92&s=a326999a89be05c63aba99cfea5adca6",
    "full": "https://ksr-ugc.imgix.net/assets/011/867/240/76ba00452fe4a83b421a97a5421f2027_original.jpg?crop=faces&w=560&h=315&fit=crop&v=1463707201&auto=format&q=92&s=aa6437bf498f96bce4f87ff17d6414cf",
    "key": "assets/011/867/240/76ba00452fe4a83b421a97a5421f2027_original.jpg",
    "little": "https://ksr-ugc.imgix.net/assets/011/867/240/76ba00452fe4a83b421a97a5421f2027_original.jpg?crop=faces&w=208&h=117&fit=crop&v=1463707201&auto=format&q=92&s=5f7b1225cf229aef0b10a10bf3047414",
    "med": "https://ksr-ugc.imgix.net/assets/011/867/240/76ba00452fe4a83b421a97a5421f2027_original.jpg?crop=faces&w=272&h=153&fit=crop&v=1463707201&auto=format&q=92&s=be16ef144d5aa8a0f401b6634b78bb34",
    "small": "https://ksr-ugc.imgix.net/assets/011/867/240/76ba00452fe4a83b421a97a5421f2027_original.jpg?crop=faces&w=160&h=90&fit=crop&v=1463707201&auto=format&q=92&s=99c6a0ff70aac5988cacf02585e18f46",
    "thumb": "https://ksr-ugc.imgix.net/assets/011/867/240/76ba00452fe4a83b421a97a5421f2027_original.jpg?crop=faces&w=48&h=27&fit=crop&v=1463707201&auto=format&q=92&s=a8c641dd82f16b0f1c44abfc2beedcc0"
  },
  "pledged": 106.0,
  "profile": {
    "background_color": null,
    "background_image_opacity": 0.8,
    "blurb": null,
    "feature_image_attributes": {
      "image_urls": {
        "baseball_card": "https://ksr-ugc.imgix.net/assets/011/867/240/76ba00452fe4a83b421a97a5421f2027_original.jpg?crop=faces&w=560&h=315&fit=crop&v=1463707201&auto=format&q=92&s=aa6437bf498f96bce4f87ff17d6414cf",
        "default": "https://ksr-ugc.imgix.net/assets/011/867/240/76ba00452fe4a83b421a97a5421f2027_original.jpg?crop=faces&w=1552&h=873&fit=crop&v=1463707201&auto=format&q=92&s=047a27d5d841189b7755aaedefa00473"
      }
    },
    "id": 1355029,
    "link_background_color": null,
    "link_text": null,
    "link_text_color": null,
    "link_url": null,
    "name": null,
    "project_id": 1355029,
    "should_show_feature_image_section": true,
    "show_feature_image": false,
    "state": "inactive",
    "state_changed_at": 1425915875,
    "text_color": null
  },
  "slug": "outdoordivvy-peer-to-peer-gear-sharing-for-the-out",
  "spotlight": false,
  "staff_pick": false,
  "state": "failed",
  "state_changed_at": 1416361386,
  "static_usd_rate": 1.0,
  "urls": {
    "web": {
      "project": "https://www.kickstarter.com/projects/outdoordivvy/outdoordivvy-peer-to-peer-gear-sharing-for-the-out?ref=category_newest",
      "rewards": "https://www.kickstarter.com/projects/outdoordivvy/outdoordivvy-peer-to-peer-gear-sharing-for-the-out/rewards"
    }
  },
  "usd_pledged": "106.0",
  "usd_type": "international"
}