{
  "backers_count": 34,
  "blurb": "An easy, stressless and privacy aware application to send your pictures, videos and files to your contacts with a single click",
  "category": {
    "color": 6526716,
    "id": 51,
    "name": "Software",
    "parent_id": 16,
    "position": 11,
    "slug": "technology/software",
    "urls": {
      "web": {
        "discover": "http://www.kickstarter.com/discover/categories/technology/software"
      }
    }
  },
  "converted_pledged_amount": 3441,
  "country": "FR",
  "created_at": 1434114129,
  "creator": {
    "avatar": {
      "medium": "https://ksr-ugc.imgix.net/assets/010/013/285/b6e016a4d820b89f70284be34c906979_original.jpeg?w=160&h=160&fit=crop&v=1461661292&auto=format&q=92&s=0708bd5a110723920698ba97fd9f8c3a",
      "small": "https://ksr-ugc.imgix.net/assets/010/013/285/b6e016a4d820b89f70284be34c906979_original.jpeg?w=160&h=160&fit=crop&v=1461661292&auto=format&q=92&s=0708bd5a110723920698ba97fd9f8c3a",
      "thumb": "https://ksr-ugc.imgix.net/assets/010/013/285/b6e016a4d820b89f70284be34c906979_original.jpeg?w=40&h=40&fit=crop&v=1461661292&auto=format&q=92&s=776dd288f32f08d78c6192181f98be02"
    },
    "chosen_currency": null,
    "id": 824780450,
    "is_registered": true,
    "name": "ReallySend",
    "urls": {
      "api": {
        "user": "https://api.kickstarter.com/v1/users/824780450?signature=1524102356.a49175874385a695e0068573a0b055e89b68de56"
      },
      "web": {
        "user": "https://www.kickstarter.com/profile/824780450"
      }
    }
  },
  "currency": "EUR",
  "currency_symbol": "\u20ac",
  "currency_trailing_code": false,
  "current_currency": "USD",
  "deadline": 1460735895,
  "disable_communication": false,
  "fx_rate": 1.23814016,
  "goal": 42000.0,
  "id": 1037868940,
  "is_starrable": false,
  "launched_at": 1458143895,
  "location": {
    "country": "FR",
    "displayable_name": "Rennes, France",
    "id": 619163,
    "is_root": false,
    "localized_name": "Rennes",
    "name": "Rennes",
    "short_name": "Rennes, France",
    "slug": "rennes-rennes-fr",
    "state": "Brittany",
    "type": "Town",
    "urls": {
      "api": {
        "nearby_projects": "https://api.kickstarter.com/v1/discover?signature=1524084165.bb312e6f8a7df1093fb27e60db28c112b8edfac4&woe_id=619163"
      },
      "web": {
        "discover": "https://www.kickstarter.com/discover/places/rennes-rennes-fr",
        "location": "https://www.kickstarter.com/locations/rennes-rennes-fr"
      }
    }
  },
  "name": "ReallySend",
  "photo": {
    "1024x576": "https://ksr-ugc.imgix.net/assets/012/165/540/37e5e5fe5da7a2f003bad5a89a1ddb9f_original.jpg?crop=faces&w=1024&h=576&fit=crop&v=1463739191&auto=format&q=92&s=fb07f1b2cd7c7a7efa73ca2ccabeae35",
    "1536x864": "https://ksr-ugc.imgix.net/assets/012/165/540/37e5e5fe5da7a2f003bad5a89a1ddb9f_original.jpg?crop=faces&w=1552&h=873&fit=crop&v=1463739191&auto=format&q=92&s=1ccae6bf7996a61199e8f79735df9a32",
    "ed": "https://ksr-ugc.imgix.net/assets/012/165/540/37e5e5fe5da7a2f003bad5a89a1ddb9f_original.jpg?crop=faces&w=352&h=198&fit=crop&v=1463739191&auto=format&q=92&s=0999aba332978ddc9fa75ac06fd3b562",
    "full": "https://ksr-ugc.imgix.net/assets/012/165/540/37e5e5fe5da7a2f003bad5a89a1ddb9f_original.jpg?crop=faces&w=560&h=315&fit=crop&v=1463739191&auto=format&q=92&s=79e58561b7a46001d3924ef516fdcc1d",
    "key": "assets/012/165/540/37e5e5fe5da7a2f003bad5a89a1ddb9f_original.jpg",
    "little": "https://ksr-ugc.imgix.net/assets/012/165/540/37e5e5fe5da7a2f003bad5a89a1ddb9f_original.jpg?crop=faces&w=208&h=117&fit=crop&v=1463739191&auto=format&q=92&s=50791bb45c50eeb2b3f20ae004548ca2",
    "med": "https://ksr-ugc.imgix.net/assets/012/165/540/37e5e5fe5da7a2f003bad5a89a1ddb9f_original.jpg?crop=faces&w=272&h=153&fit=crop&v=1463739191&auto=format&q=92&s=3b634dbc3a4a14b64aeda282382793dc",
    "small": "https://ksr-ugc.imgix.net/assets/012/165/540/37e5e5fe5da7a2f003bad5a89a1ddb9f_original.jpg?crop=faces&w=160&h=90&fit=crop&v=1463739191&auto=format&q=92&s=3b7d09379866a3dd581debf6b2316421",
    "thumb": "https://ksr-ugc.imgix.net/assets/012/165/540/37e5e5fe5da7a2f003bad5a89a1ddb9f_original.jpg?crop=faces&w=48&h=27&fit=crop&v=1463739191&auto=format&q=92&s=d3f1583ce94c473b5eb9abe0d0ae0231"
  },
  "pledged": 3056.0,
  "profile": {
    "background_color": null,
    "background_image_opacity": 0.8,
    "blurb": null,
    "feature_image_attributes": {
      "image_urls": {
        "baseball_card": "https://ksr-ugc.imgix.net/assets/012/165/540/37e5e5fe5da7a2f003bad5a89a1ddb9f_original.jpg?crop=faces&w=560&h=315&fit=crop&v=1463739191&auto=format&q=92&s=79e58561b7a46001d3924ef516fdcc1d",
        "default": "https://ksr-ugc.imgix.net/assets/012/165/540/37e5e5fe5da7a2f003bad5a89a1ddb9f_original.jpg?crop=faces&w=1552&h=873&fit=crop&v=1463739191&auto=format&q=92&s=1ccae6bf7996a61199e8f79735df9a32"
      }
    },
    "id": 1954199,
    "link_background_color": null,
    "link_text": null,
    "link_text_color": null,
    "link_url": null,
    "name": null,
    "project_id": 1954199,
    "should_show_feature_image_section": true,
    "show_feature_image": false,
    "state": "inactive",
    "state_changed_at": 1434114129,
    "text_color": null
  },
  "slug": "reallysend",
  "spotlight": false,
  "staff_pick": false,
  "state": "failed",
  "state_changed_at": 1460736504,
  "static_usd_rate": 1.11099261,
  "urls": {
    "web": {
      "project": "https://www.kickstarter.com/projects/824780450/reallysend?ref=category_newest",
      "rewards": "https://www.kickstarter.com/projects/824780450/reallysend/rewards"
    }
  },
  "usd_pledged": "3395.19341616",
  "usd_type": "international"
}