{
  "backers_count": 1,
  "blurb": "Pressdiv.com is a central networking platform for WordPress developers worldwide; built to the highest standard with advance features.",
  "category": {
    "color": 6526716,
    "id": 342,
    "name": "Web",
    "parent_id": 16,
    "position": 15,
    "slug": "technology/web",
    "urls": {
      "web": {
        "discover": "http://www.kickstarter.com/discover/categories/technology/web"
      }
    }
  },
  "converted_pledged_amount": 15,
  "country": "GB",
  "created_at": 1432764037,
  "creator": {
    "avatar": {
      "medium": "https://ksr-ugc.imgix.net/assets/009/953/288/3cbec76714412b310663d3848def0b81_original.png?w=160&h=160&fit=crop&v=1461655541&auto=format&q=92&s=b7d57ab47bb48d75cb30d9a4d09b2092",
      "small": "https://ksr-ugc.imgix.net/assets/009/953/288/3cbec76714412b310663d3848def0b81_original.png?w=160&h=160&fit=crop&v=1461655541&auto=format&q=92&s=b7d57ab47bb48d75cb30d9a4d09b2092",
      "thumb": "https://ksr-ugc.imgix.net/assets/009/953/288/3cbec76714412b310663d3848def0b81_original.png?w=40&h=40&fit=crop&v=1461655541&auto=format&q=92&s=846f034338649f8bad3be8ba1c1e8355"
    },
    "chosen_currency": null,
    "id": 431576704,
    "is_registered": true,
    "name": "Jamar Brown",
    "urls": {
      "api": {
        "user": "https://api.kickstarter.com/v1/users/431576704?signature=1524103167.7acacf1af5dc8099326ef463440d3d5655821db9"
      },
      "web": {
        "user": "https://www.kickstarter.com/profile/431576704"
      }
    }
  },
  "currency": "GBP",
  "currency_symbol": "\u00a3",
  "currency_trailing_code": false,
  "current_currency": "USD",
  "deadline": 1435355389,
  "disable_communication": false,
  "fx_rate": 1.43358488,
  "goal": 16050.0,
  "id": 1038907160,
  "is_starrable": false,
  "launched_at": 1432936189,
  "location": {
    "country": "GB",
    "displayable_name": "Nottingham, UK",
    "id": 30720,
    "is_root": false,
    "localized_name": "Nottingham",
    "name": "Nottingham",
    "short_name": "Nottingham, UK",
    "slug": "nottingham-gb",
    "state": "England",
    "type": "Town",
    "urls": {
      "api": {
        "nearby_projects": "https://api.kickstarter.com/v1/discover?signature=1524082112.14e491d2a6529f098dbac8416bc190920da40e9d&woe_id=30720"
      },
      "web": {
        "discover": "https://www.kickstarter.com/discover/places/nottingham-gb",
        "location": "https://www.kickstarter.com/locations/nottingham-gb"
      }
    }
  },
  "name": "Pressdiv: A Fan Club For WordPress Developers",
  "photo": {
    "1024x576": "https://ksr-ugc.imgix.net/assets/012/150/834/ce898e1a9a80063850a203a83fa736d8_original.png?crop=faces&w=1024&h=576&fit=crop&v=1463738746&auto=format&q=92&s=3ac96ed9a935f8e6f7b449bee6c5f06b",
    "1536x864": "https://ksr-ugc.imgix.net/assets/012/150/834/ce898e1a9a80063850a203a83fa736d8_original.png?crop=faces&w=1552&h=873&fit=crop&v=1463738746&auto=format&q=92&s=b1ef37466058a07f1014244a0ba5b806",
    "ed": "https://ksr-ugc.imgix.net/assets/012/150/834/ce898e1a9a80063850a203a83fa736d8_original.png?crop=faces&w=352&h=198&fit=crop&v=1463738746&auto=format&q=92&s=7451eefe7dc459e3c8481bd8c2ddf250",
    "full": "https://ksr-ugc.imgix.net/assets/012/150/834/ce898e1a9a80063850a203a83fa736d8_original.png?crop=faces&w=560&h=315&fit=crop&v=1463738746&auto=format&q=92&s=4c0699eb67b3d745a39207ae75dd4e97",
    "key": "assets/012/150/834/ce898e1a9a80063850a203a83fa736d8_original.png",
    "little": "https://ksr-ugc.imgix.net/assets/012/150/834/ce898e1a9a80063850a203a83fa736d8_original.png?crop=faces&w=208&h=117&fit=crop&v=1463738746&auto=format&q=92&s=391f0775aab20e2d92b0e1e314ba0107",
    "med": "https://ksr-ugc.imgix.net/assets/012/150/834/ce898e1a9a80063850a203a83fa736d8_original.png?crop=faces&w=272&h=153&fit=crop&v=1463738746&auto=format&q=92&s=34d56dfb0449f5a02a640008f73fddac",
    "small": "https://ksr-ugc.imgix.net/assets/012/150/834/ce898e1a9a80063850a203a83fa736d8_original.png?crop=faces&w=160&h=90&fit=crop&v=1463738746&auto=format&q=92&s=0f1c282e0857cb79b25df6530740f727",
    "thumb": "https://ksr-ugc.imgix.net/assets/012/150/834/ce898e1a9a80063850a203a83fa736d8_original.png?crop=faces&w=48&h=27&fit=crop&v=1463738746&auto=format&q=92&s=196bf24265a6af5f47c461cfca3d430b"
  },
  "pledged": 10.0,
  "profile": {
    "background_color": null,
    "background_image_opacity": 0.8,
    "blurb": null,
    "feature_image_attributes": {
      "image_urls": {
        "baseball_card": "https://ksr-ugc.imgix.net/assets/012/150/834/ce898e1a9a80063850a203a83fa736d8_original.png?crop=faces&w=560&h=315&fit=crop&v=1463738746&auto=format&q=92&s=4c0699eb67b3d745a39207ae75dd4e97",
        "default": "https://ksr-ugc.imgix.net/assets/012/150/834/ce898e1a9a80063850a203a83fa736d8_original.png?crop=faces&w=1552&h=873&fit=crop&v=1463738746&auto=format&q=92&s=b1ef37466058a07f1014244a0ba5b806"
      }
    },
    "id": 1925013,
    "link_background_color": null,
    "link_text": null,
    "link_text_color": null,
    "link_url": null,
    "name": null,
    "project_id": 1925013,
    "should_show_feature_image_section": true,
    "show_feature_image": false,
    "state": "inactive",
    "state_changed_at": 1432764037,
    "text_color": null
  },
  "slug": "pressdiv-a-fan-club-for-wordpress-developers",
  "spotlight": false,
  "staff_pick": false,
  "state": "failed",
  "state_changed_at": 1435355394,
  "static_usd_rate": 1.53545441,
  "urls": {
    "web": {
      "project": "https://www.kickstarter.com/projects/431576704/pressdiv-a-fan-club-for-wordpress-developers?ref=category_newest",
      "rewards": "https://www.kickstarter.com/projects/431576704/pressdiv-a-fan-club-for-wordpress-developers/rewards"
    }
  },
  "usd_pledged": "15.3545441",
  "usd_type": "international"
}