{
  "backers_count": 3,
  "blurb": "A do-it-yourself auto garage in Des Moines, Iowa where people can learn how to work on cars & those who know can share their knowledge.",
  "category": {
    "color": 6526716,
    "id": 362,
    "name": "Makerspaces",
    "parent_id": 16,
    "position": 9,
    "slug": "technology/makerspaces",
    "urls": {
      "web": {
        "discover": "http://www.kickstarter.com/discover/categories/technology/makerspaces"
      }
    }
  },
  "converted_pledged_amount": 132,
  "country": "US",
  "created_at": 1421887518,
  "creator": {
    "avatar": {
      "medium": "https://ksr-ugc.imgix.net/assets/009/477/600/709b6f6eac23717c43e94c506757b101_original.jpg?w=160&h=160&fit=crop&v=1461597844&auto=format&q=92&s=089117ba612688230083afc065ad6492",
      "small": "https://ksr-ugc.imgix.net/assets/009/477/600/709b6f6eac23717c43e94c506757b101_original.jpg?w=160&h=160&fit=crop&v=1461597844&auto=format&q=92&s=089117ba612688230083afc065ad6492",
      "thumb": "https://ksr-ugc.imgix.net/assets/009/477/600/709b6f6eac23717c43e94c506757b101_original.jpg?w=40&h=40&fit=crop&v=1461597844&auto=format&q=92&s=7ef120fc76380ab448c501545aa3b969"
    },
    "chosen_currency": null,
    "id": 805502459,
    "is_registered": true,
    "name": "David and Jill Brown",
    "urls": {
      "api": {
        "user": "https://api.kickstarter.com/v1/users/805502459?signature=1524101854.cc15dccfbefdb34d88a696ebea4bd5bc9dc22ba0"
      },
      "web": {
        "user": "https://www.kickstarter.com/profile/805502459"
      }
    }
  },
  "currency": "USD",
  "currency_symbol": "$",
  "currency_trailing_code": true,
  "current_currency": "USD",
  "deadline": 1425081694,
  "disable_communication": false,
  "fx_rate": 1.0,
  "goal": 40000.0,
  "id": 1038362907,
  "is_starrable": false,
  "launched_at": 1422489694,
  "location": {
    "country": "US",
    "displayable_name": "Urbandale, IA",
    "id": 2510443,
    "is_root": false,
    "localized_name": "Urbandale",
    "name": "Urbandale",
    "short_name": "Urbandale, IA",
    "slug": "urbandale-ia",
    "state": "IA",
    "type": "Town",
    "urls": {
      "api": {
        "nearby_projects": "https://api.kickstarter.com/v1/discover?signature=1524082699.9ff20fc1d4bd8004a6f61eee4b2b89c5a4e19aec&woe_id=2510443"
      },
      "web": {
        "discover": "https://www.kickstarter.com/discover/places/urbandale-ia",
        "location": "https://www.kickstarter.com/locations/urbandale-ia"
      }
    }
  },
  "name": "DIY Garage",
  "photo": {
    "1024x576": "https://ksr-ugc.imgix.net/assets/012/008/776/0102f16373c6e94eafaa43918593bff5_original.jpg?crop=faces&w=1024&h=576&fit=crop&v=1463723670&auto=format&q=92&s=8128f506ab27bf4d2f8cf54c2d79ef2d",
    "1536x864": "https://ksr-ugc.imgix.net/assets/012/008/776/0102f16373c6e94eafaa43918593bff5_original.jpg?crop=faces&w=1552&h=873&fit=crop&v=1463723670&auto=format&q=92&s=2c4ad58a8fdedf5bfa4e8a863628b4f7",
    "ed": "https://ksr-ugc.imgix.net/assets/012/008/776/0102f16373c6e94eafaa43918593bff5_original.jpg?crop=faces&w=352&h=198&fit=crop&v=1463723670&auto=format&q=92&s=cc1c5d33037a2dafc25a068edc959c3f",
    "full": "https://ksr-ugc.imgix.net/assets/012/008/776/0102f16373c6e94eafaa43918593bff5_original.jpg?crop=faces&w=560&h=315&fit=crop&v=1463723670&auto=format&q=92&s=f753ee79f219e5c13f53d17955a66fb3",
    "key": "assets/012/008/776/0102f16373c6e94eafaa43918593bff5_original.jpg",
    "little": "https://ksr-ugc.imgix.net/assets/012/008/776/0102f16373c6e94eafaa43918593bff5_original.jpg?crop=faces&w=208&h=117&fit=crop&v=1463723670&auto=format&q=92&s=e8500175dcd6cf7f890952504c830828",
    "med": "https://ksr-ugc.imgix.net/assets/012/008/776/0102f16373c6e94eafaa43918593bff5_original.jpg?crop=faces&w=272&h=153&fit=crop&v=1463723670&auto=format&q=92&s=bd5f661682f72c88639bbac836a50522",
    "small": "https://ksr-ugc.imgix.net/assets/012/008/776/0102f16373c6e94eafaa43918593bff5_original.jpg?crop=faces&w=160&h=90&fit=crop&v=1463723670&auto=format&q=92&s=432fe54ba752435b5fad76d5fda72297",
    "thumb": "https://ksr-ugc.imgix.net/assets/012/008/776/0102f16373c6e94eafaa43918593bff5_original.jpg?crop=faces&w=48&h=27&fit=crop&v=1463723670&auto=format&q=92&s=d80a7431f4b0ac9841087f3729a9e1a6"
  },
  "pledged": 132.0,
  "profile": {
    "background_color": null,
    "background_image_opacity": 0.8,
    "blurb": null,
    "feature_image_attributes": {
      "image_urls": {
        "baseball_card": "https://ksr-ugc.imgix.net/assets/012/008/776/0102f16373c6e94eafaa43918593bff5_original.jpg?crop=faces&w=560&h=315&fit=crop&v=1463723670&auto=format&q=92&s=f753ee79f219e5c13f53d17955a66fb3",
        "default": "https://ksr-ugc.imgix.net/assets/012/008/776/0102f16373c6e94eafaa43918593bff5_original.jpg?crop=faces&w=1552&h=873&fit=crop&v=1463723670&auto=format&q=92&s=2c4ad58a8fdedf5bfa4e8a863628b4f7"
      }
    },
    "id": 1648121,
    "link_background_color": null,
    "link_text": null,
    "link_text_color": null,
    "link_url": null,
    "name": null,
    "project_id": 1648121,
    "should_show_feature_image_section": true,
    "show_feature_image": false,
    "state": "inactive",
    "state_changed_at": 1425915890,
    "text_color": null
  },
  "slug": "diy-garage",
  "spotlight": false,
  "staff_pick": false,
  "state": "failed",
  "state_changed_at": 1425081698,
  "static_usd_rate": 1.0,
  "urls": {
    "web": {
      "project": "https://www.kickstarter.com/projects/805502459/diy-garage?ref=category_newest",
      "rewards": "https://www.kickstarter.com/projects/805502459/diy-garage/rewards"
    }
  },
  "usd_pledged": "132.0",
  "usd_type": "international"
}