{
  "backers_count": 79,
  "blurb": "A Revolutionary Phone Case + Lanyard + Wallet Hybrid",
  "category": {
    "color": 6526716,
    "id": 337,
    "name": "Gadgets",
    "parent_id": 16,
    "position": 7,
    "slug": "technology/gadgets",
    "urls": {
      "web": {
        "discover": "http://www.kickstarter.com/discover/categories/technology/gadgets"
      }
    }
  },
  "converted_pledged_amount": 3773,
  "country": "CA",
  "created_at": 1460486755,
  "creator": {
    "avatar": {
      "medium": "https://ksr-ugc.imgix.net/assets/009/248/810/88c15443b687913109c4f673e10ab6f4_original.jpg?w=160&h=160&fit=crop&v=1461567902&auto=format&q=92&s=41e14425c0db4aaf9c49a51e89fcbe6c",
      "small": "https://ksr-ugc.imgix.net/assets/009/248/810/88c15443b687913109c4f673e10ab6f4_original.jpg?w=160&h=160&fit=crop&v=1461567902&auto=format&q=92&s=41e14425c0db4aaf9c49a51e89fcbe6c",
      "thumb": "https://ksr-ugc.imgix.net/assets/009/248/810/88c15443b687913109c4f673e10ab6f4_original.jpg?w=40&h=40&fit=crop&v=1461567902&auto=format&q=92&s=b9adf86b40f8dc877c8c34273e0b776a"
    },
    "chosen_currency": null,
    "id": 349968849,
    "is_registered": true,
    "name": "Kyle Keith & Brendan Warawa",
    "urls": {
      "api": {
        "user": "https://api.kickstarter.com/v1/users/349968849?signature=1524101031.7eb9ca3e09dfe50f4852ef6fba4f75de903a6810"
      },
      "web": {
        "user": "https://www.kickstarter.com/profile/349968849"
      }
    }
  },
  "currency": "CAD",
  "currency_symbol": "$",
  "currency_trailing_code": true,
  "current_currency": "USD",
  "deadline": 1465352333,
  "disable_communication": false,
  "fx_rate": 0.79525709,
  "goal": 2000.0,
  "id": 1038926365,
  "is_starrable": false,
  "launched_at": 1463624333,
  "location": {
    "country": "CA",
    "displayable_name": "Calgary, Canada",
    "id": 8775,
    "is_root": false,
    "localized_name": "Calgary",
    "name": "Calgary",
    "short_name": "Calgary, Canada",
    "slug": "calgary-ca",
    "state": "AB",
    "type": "Town",
    "urls": {
      "api": {
        "nearby_projects": "https://api.kickstarter.com/v1/discover?signature=1524082120.c7a956547960487d7322586f940db0742b5e3a9f&woe_id=8775"
      },
      "web": {
        "discover": "https://www.kickstarter.com/discover/places/calgary-ca",
        "location": "https://www.kickstarter.com/locations/calgary-ca"
      }
    }
  },
  "name": "Broken & Lost Phones Are a Thing of The Past",
  "photo": {
    "1024x576": "https://ksr-ugc.imgix.net/assets/012/428/362/1018c5096cd909bf74b83b1cd94ead58_original.jpg?crop=faces&w=1024&h=576&fit=crop&v=1463760693&auto=format&q=92&s=c57dd42fbc5d91f9ca31913690e7d4c2",
    "1536x864": "https://ksr-ugc.imgix.net/assets/012/428/362/1018c5096cd909bf74b83b1cd94ead58_original.jpg?crop=faces&w=1552&h=873&fit=crop&v=1463760693&auto=format&q=92&s=b87ad528b1285bb2b4d90d3dc599a0b2",
    "ed": "https://ksr-ugc.imgix.net/assets/012/428/362/1018c5096cd909bf74b83b1cd94ead58_original.jpg?crop=faces&w=352&h=198&fit=crop&v=1463760693&auto=format&q=92&s=46338b657dedc3953a0b67182f44dd99",
    "full": "https://ksr-ugc.imgix.net/assets/012/428/362/1018c5096cd909bf74b83b1cd94ead58_original.jpg?crop=faces&w=560&h=315&fit=crop&v=1463760693&auto=format&q=92&s=5fb53aa6a865804116b0d254384f4ec0",
    "key": "assets/012/428/362/1018c5096cd909bf74b83b1cd94ead58_original.jpg",
    "little": "https://ksr-ugc.imgix.net/assets/012/428/362/1018c5096cd909bf74b83b1cd94ead58_original.jpg?crop=faces&w=208&h=117&fit=crop&v=1463760693&auto=format&q=92&s=159c6d3b4b7b047a5b1e5f3e8a9be36c",
    "med": "https://ksr-ugc.imgix.net/assets/012/428/362/1018c5096cd909bf74b83b1cd94ead58_original.jpg?crop=faces&w=272&h=153&fit=crop&v=1463760693&auto=format&q=92&s=44d585335f4e559bd902cd9cff4bc218",
    "small": "https://ksr-ugc.imgix.net/assets/012/428/362/1018c5096cd909bf74b83b1cd94ead58_original.jpg?crop=faces&w=160&h=90&fit=crop&v=1463760693&auto=format&q=92&s=f4cc896645f3b33d67ebc3726cd127ab",
    "thumb": "https://ksr-ugc.imgix.net/assets/012/428/362/1018c5096cd909bf74b83b1cd94ead58_original.jpg?crop=faces&w=48&h=27&fit=crop&v=1463760693&auto=format&q=92&s=a502e946c8ee36ae24e4638f08eddd80"
  },
  "pledged": 4848.0,
  "profile": {
    "background_color": "",
    "background_image_opacity": 0.8,
    "blurb": "A Revolutionary Phone Case + Lanyard + Wallet Hybrid",
    "feature_image_attributes": {
      "image_urls": {
        "baseball_card": "https://ksr-ugc.imgix.net/assets/012/428/362/1018c5096cd909bf74b83b1cd94ead58_original.jpg?crop=faces&w=560&h=315&fit=crop&v=1463760693&auto=format&q=92&s=5fb53aa6a865804116b0d254384f4ec0",
        "default": "https://ksr-ugc.imgix.net/assets/012/428/362/1018c5096cd909bf74b83b1cd94ead58_original.jpg?crop=faces&w=1552&h=873&fit=crop&v=1463760693&auto=format&q=92&s=b87ad528b1285bb2b4d90d3dc599a0b2"
      }
    },
    "id": 2467658,
    "link_background_color": "",
    "link_text": "Follow along!",
    "link_text_color": "",
    "link_url": "https://www.caselaceproducts.com/",
    "name": "Broken & Lost Phones Are a Thing of The Past",
    "project_id": 2467658,
    "should_show_feature_image_section": true,
    "show_feature_image": false,
    "state": "active",
    "state_changed_at": 1468710674,
    "text_color": ""
  },
  "slug": "broken-and-lost-phones-are-a-thing-of-the-past",
  "spotlight": true,
  "staff_pick": false,
  "state": "successful",
  "state_changed_at": 1465352334,
  "static_usd_rate": 0.77568807,
  "urls": {
    "web": {
      "project": "https://www.kickstarter.com/projects/349968849/broken-and-lost-phones-are-a-thing-of-the-past?ref=category_newest",
      "rewards": "https://www.kickstarter.com/projects/349968849/broken-and-lost-phones-are-a-thing-of-the-past/rewards"
    }
  },
  "usd_pledged": "3760.53576336",
  "usd_type": "international"
}