{
  "backers_count": 24,
  "blurb": "Arduino Controlled, Color Changing, Build Your Own Flying Disc Kits",
  "category": {
    "color": 6526716,
    "id": 334,
    "name": "DIY Electronics",
    "parent_id": 16,
    "position": 4,
    "slug": "technology/diy electronics",
    "urls": {
      "web": {
        "discover": "http://www.kickstarter.com/discover/categories/technology/diy%20electronics"
      }
    }
  },
  "converted_pledged_amount": 1061,
  "country": "US",
  "created_at": 1463951380,
  "creator": {
    "avatar": {
      "medium": "https://ksr-ugc.imgix.net/assets/012/689/131/f08eb1c070720b9452b13199f292992e_original.JPG?w=160&h=160&fit=crop&v=1465450396&auto=format&q=92&s=9713245a11ac4a7d62cf58cc9c03277c",
      "small": "https://ksr-ugc.imgix.net/assets/012/689/131/f08eb1c070720b9452b13199f292992e_original.JPG?w=160&h=160&fit=crop&v=1465450396&auto=format&q=92&s=9713245a11ac4a7d62cf58cc9c03277c",
      "thumb": "https://ksr-ugc.imgix.net/assets/012/689/131/f08eb1c070720b9452b13199f292992e_original.JPG?w=40&h=40&fit=crop&v=1465450396&auto=format&q=92&s=855dcc8b8727259a93670b83d964bc15"
    },
    "chosen_currency": null,
    "id": 273867999,
    "is_registered": true,
    "name": "Blue Smoke Electronics",
    "urls": {
      "api": {
        "user": "https://api.kickstarter.com/v1/users/273867999?signature=1524100677.2756d117b47de77a183eec213ae996b710087478"
      },
      "web": {
        "user": "https://www.kickstarter.com/profile/273867999"
      }
    }
  },
  "currency": "USD",
  "currency_symbol": "$",
  "currency_trailing_code": true,
  "current_currency": "USD",
  "deadline": 1467556856,
  "disable_communication": false,
  "fx_rate": 1.0,
  "goal": 1000.0,
  "id": 1038583805,
  "is_starrable": false,
  "launched_at": 1465828856,
  "location": {
    "country": "US",
    "displayable_name": "Clifton Park Center, NY",
    "id": 2381671,
    "is_root": false,
    "localized_name": "Clifton Park Center",
    "name": "Clifton Park Center",
    "short_name": "Clifton Park Center, NY",
    "slug": "clifton-park-center-ny",
    "state": "NY",
    "type": "Town",
    "urls": {
      "api": {
        "nearby_projects": "https://api.kickstarter.com/v1/discover?signature=1524082154.6ad64e76d0de41e8c3239e924f04219178a199a4&woe_id=2381671"
      },
      "web": {
        "discover": "https://www.kickstarter.com/discover/places/clifton-park-center-ny",
        "location": "https://www.kickstarter.com/locations/clifton-park-center-ny"
      }
    }
  },
  "name": "FrisBuild",
  "photo": {
    "1024x576": "https://ksr-ugc.imgix.net/assets/012/674/950/0a6b812650f671b160920ac5dc9d3bab_original.JPG?crop=faces&w=1024&h=576&fit=crop&v=1465351969&auto=format&q=92&s=b7b1cd95b620c4c524fa134a858469fc",
    "1536x864": "https://ksr-ugc.imgix.net/assets/012/674/950/0a6b812650f671b160920ac5dc9d3bab_original.JPG?crop=faces&w=1552&h=873&fit=crop&v=1465351969&auto=format&q=92&s=ce3a97bf7becd4ea53806426762b00f1",
    "ed": "https://ksr-ugc.imgix.net/assets/012/674/950/0a6b812650f671b160920ac5dc9d3bab_original.JPG?crop=faces&w=352&h=198&fit=crop&v=1465351969&auto=format&q=92&s=8d720ed270d1f1b1791dd0c3bc2e1715",
    "full": "https://ksr-ugc.imgix.net/assets/012/674/950/0a6b812650f671b160920ac5dc9d3bab_original.JPG?crop=faces&w=560&h=315&fit=crop&v=1465351969&auto=format&q=92&s=d44ac947a2d0749ca93bbfb8e09ae0f9",
    "key": "assets/012/674/950/0a6b812650f671b160920ac5dc9d3bab_original.JPG",
    "little": "https://ksr-ugc.imgix.net/assets/012/674/950/0a6b812650f671b160920ac5dc9d3bab_original.JPG?crop=faces&w=208&h=117&fit=crop&v=1465351969&auto=format&q=92&s=1ceb6b971efde318253e112b787df179",
    "med": "https://ksr-ugc.imgix.net/assets/012/674/950/0a6b812650f671b160920ac5dc9d3bab_original.JPG?crop=faces&w=272&h=153&fit=crop&v=1465351969&auto=format&q=92&s=80d051d0012d81a475cb5866e0f17d9e",
    "small": "https://ksr-ugc.imgix.net/assets/012/674/950/0a6b812650f671b160920ac5dc9d3bab_original.JPG?crop=faces&w=160&h=90&fit=crop&v=1465351969&auto=format&q=92&s=a225e46d1f1d4082d04e12a333fb7d5c",
    "thumb": "https://ksr-ugc.imgix.net/assets/012/674/950/0a6b812650f671b160920ac5dc9d3bab_original.JPG?crop=faces&w=48&h=27&fit=crop&v=1465351969&auto=format&q=92&s=37cba09f952aa2de4b740544489c1076"
  },
  "pledged": 1061.0,
  "profile": {
    "background_color": null,
    "background_image_opacity": 0.8,
    "blurb": null,
    "feature_image_attributes": {
      "image_urls": {
        "baseball_card": "https://ksr-ugc.imgix.net/assets/012/674/950/0a6b812650f671b160920ac5dc9d3bab_original.JPG?crop=faces&w=560&h=315&fit=crop&v=1465351969&auto=format&q=92&s=d44ac947a2d0749ca93bbfb8e09ae0f9",
        "default": "https://ksr-ugc.imgix.net/assets/012/674/950/0a6b812650f671b160920ac5dc9d3bab_original.JPG?crop=faces&w=1552&h=873&fit=crop&v=1465351969&auto=format&q=92&s=ce3a97bf7becd4ea53806426762b00f1"
      }
    },
    "id": 2527159,
    "link_background_color": null,
    "link_text": null,
    "link_text_color": null,
    "link_url": null,
    "name": null,
    "project_id": 2527159,
    "should_show_feature_image_section": true,
    "show_feature_image": false,
    "state": "inactive",
    "state_changed_at": 1463951380,
    "text_color": null
  },
  "slug": "frisbuild",
  "spotlight": true,
  "staff_pick": false,
  "state": "successful",
  "state_changed_at": 1467556856,
  "static_usd_rate": 1.0,
  "urls": {
    "web": {
      "project": "https://www.kickstarter.com/projects/273867999/frisbuild?ref=category_newest",
      "rewards": "https://www.kickstarter.com/projects/273867999/frisbuild/rewards"
    }
  },
  "usd_pledged": "1061.0",
  "usd_type": "international"
}