{
  "backers_count": 4,
  "blurb": "Know where you are, and in what direction you are facing when immersed in virtual reality. Improves safety and VR experience.",
  "category": {
    "color": 6526716,
    "id": 337,
    "name": "Gadgets",
    "parent_id": 16,
    "position": 7,
    "slug": "technology/gadgets",
    "urls": {
      "web": {
        "discover": "http://www.kickstarter.com/discover/categories/technology/gadgets"
      }
    }
  },
  "converted_pledged_amount": 209,
  "country": "US",
  "created_at": 1466473785,
  "creator": {
    "avatar": {
      "medium": "https://ksr-ugc.imgix.net/assets/005/978/285/850372e5d5094382ffc3fbe6f630199c_original.jpg?w=160&h=160&fit=crop&v=1461358585&auto=format&q=92&s=a1277521755af8c149370c27bfeed518",
      "small": "https://ksr-ugc.imgix.net/assets/005/978/285/850372e5d5094382ffc3fbe6f630199c_original.jpg?w=160&h=160&fit=crop&v=1461358585&auto=format&q=92&s=a1277521755af8c149370c27bfeed518",
      "thumb": "https://ksr-ugc.imgix.net/assets/005/978/285/850372e5d5094382ffc3fbe6f630199c_original.jpg?w=40&h=40&fit=crop&v=1461358585&auto=format&q=92&s=ed4ebc623fb4cdd3fac2f347f9902a3d"
    },
    "chosen_currency": null,
    "id": 1726892664,
    "is_registered": true,
    "name": "Tony Price",
    "urls": {
      "api": {
        "user": "https://api.kickstarter.com/v1/users/1726892664?signature=1524101316.424e933a4af54b4449ba848bef480518803e5ee1"
      },
      "web": {
        "user": "https://www.kickstarter.com/profile/1726892664"
      }
    }
  },
  "currency": "USD",
  "currency_symbol": "$",
  "currency_trailing_code": true,
  "current_currency": "USD",
  "deadline": 1475423913,
  "disable_communication": false,
  "fx_rate": 1.0,
  "goal": 500.0,
  "id": 1038772194,
  "is_starrable": false,
  "launched_at": 1472831913,
  "location": {
    "country": "US",
    "displayable_name": "Akron, OH",
    "id": 2352491,
    "is_root": false,
    "localized_name": "Akron",
    "name": "Akron",
    "short_name": "Akron, OH",
    "slug": "akron-oh",
    "state": "OH",
    "type": "Town",
    "urls": {
      "api": {
        "nearby_projects": "https://api.kickstarter.com/v1/discover?signature=1524082111.92a7b830441c076dc1f38c246854f937aaf0d42d&woe_id=2352491"
      },
      "web": {
        "discover": "https://www.kickstarter.com/discover/places/akron-oh",
        "location": "https://www.kickstarter.com/locations/akron-oh"
      }
    }
  },
  "name": "Proximat- The Virtual Reality Spatial Proximity Mat (VR Mat)",
  "photo": {
    "1024x576": "https://ksr-ugc.imgix.net/assets/012/806/883/44e13ea281289355435ffdddc56e4197_original.png?crop=faces&w=1024&h=576&fit=crop&v=1472669050&auto=format&q=92&s=e661338fcf236194721b84abc16286be",
    "1536x864": "https://ksr-ugc.imgix.net/assets/012/806/883/44e13ea281289355435ffdddc56e4197_original.png?crop=faces&w=1552&h=873&fit=crop&v=1472669050&auto=format&q=92&s=5d1bef0b6a3a6a2b6847ca22c1c781c1",
    "ed": "https://ksr-ugc.imgix.net/assets/012/806/883/44e13ea281289355435ffdddc56e4197_original.png?crop=faces&w=352&h=198&fit=crop&v=1472669050&auto=format&q=92&s=1fd0c177aea08be5dc0795e8138f3c6d",
    "full": "https://ksr-ugc.imgix.net/assets/012/806/883/44e13ea281289355435ffdddc56e4197_original.png?crop=faces&w=560&h=315&fit=crop&v=1472669050&auto=format&q=92&s=a9a183be752767851d5c7bf4c3523c01",
    "key": "assets/012/806/883/44e13ea281289355435ffdddc56e4197_original.png",
    "little": "https://ksr-ugc.imgix.net/assets/012/806/883/44e13ea281289355435ffdddc56e4197_original.png?crop=faces&w=208&h=117&fit=crop&v=1472669050&auto=format&q=92&s=647850c7f38417eb57e99567b38a5798",
    "med": "https://ksr-ugc.imgix.net/assets/012/806/883/44e13ea281289355435ffdddc56e4197_original.png?crop=faces&w=272&h=153&fit=crop&v=1472669050&auto=format&q=92&s=86b05aea2a6c389b957dd2234cc443e2",
    "small": "https://ksr-ugc.imgix.net/assets/012/806/883/44e13ea281289355435ffdddc56e4197_original.png?crop=faces&w=160&h=90&fit=crop&v=1472669050&auto=format&q=92&s=402fa968fb44292e101b9a88156b5531",
    "thumb": "https://ksr-ugc.imgix.net/assets/012/806/883/44e13ea281289355435ffdddc56e4197_original.png?crop=faces&w=48&h=27&fit=crop&v=1472669050&auto=format&q=92&s=69d8165650d69681573d66a7a2cc4969"
  },
  "pledged": 209.0,
  "profile": {
    "background_color": null,
    "background_image_opacity": 0.8,
    "blurb": null,
    "feature_image_attributes": {
      "image_urls": {
        "baseball_card": "https://ksr-ugc.imgix.net/assets/012/806/883/44e13ea281289355435ffdddc56e4197_original.png?crop=faces&w=560&h=315&fit=crop&v=1472669050&auto=format&q=92&s=a9a183be752767851d5c7bf4c3523c01",
        "default": "https://ksr-ugc.imgix.net/assets/012/806/883/44e13ea281289355435ffdddc56e4197_original.png?crop=faces&w=1552&h=873&fit=crop&v=1472669050&auto=format&q=92&s=5d1bef0b6a3a6a2b6847ca22c1c781c1"
      }
    },
    "id": 2568325,
    "link_background_color": null,
    "link_text": null,
    "link_text_color": null,
    "link_url": null,
    "name": null,
    "project_id": 2568325,
    "should_show_feature_image_section": true,
    "show_feature_image": false,
    "state": "inactive",
    "state_changed_at": 1466473785,
    "text_color": null
  },
  "slug": "proximat-the-virtual-reality-spatial-proximity-mat",
  "spotlight": false,
  "staff_pick": false,
  "state": "failed",
  "state_changed_at": 1475423915,
  "static_usd_rate": 1.0,
  "urls": {
    "web": {
      "project": "https://www.kickstarter.com/projects/1726892664/proximat-the-virtual-reality-spatial-proximity-mat?ref=category_newest",
      "rewards": "https://www.kickstarter.com/projects/1726892664/proximat-the-virtual-reality-spatial-proximity-mat/rewards"
    }
  },
  "usd_pledged": "209.0",
  "usd_type": "international"
}