{
  "backers_count": 0,
  "blurb": "All Who Are is the next big social network, offering a chance to be free, chance to connect around world, & chance for power within.",
  "category": {
    "color": 6526716,
    "id": 342,
    "name": "Web",
    "parent_id": 16,
    "position": 15,
    "slug": "technology/web",
    "urls": {
      "web": {
        "discover": "http://www.kickstarter.com/discover/categories/technology/web"
      }
    }
  },
  "converted_pledged_amount": 0,
  "country": "US",
  "created_at": 1458020447,
  "creator": {
    "avatar": {
      "medium": "https://ksr-ugc.imgix.net/assets/010/930/738/157efe3716735575e538599514ef480e_original.jpg?w=160&h=160&fit=crop&v=1461721188&auto=format&q=92&s=b0f79920c3889f1c70281f8423d113ee",
      "small": "https://ksr-ugc.imgix.net/assets/010/930/738/157efe3716735575e538599514ef480e_original.jpg?w=160&h=160&fit=crop&v=1461721188&auto=format&q=92&s=b0f79920c3889f1c70281f8423d113ee",
      "thumb": "https://ksr-ugc.imgix.net/assets/010/930/738/157efe3716735575e538599514ef480e_original.jpg?w=40&h=40&fit=crop&v=1461721188&auto=format&q=92&s=17cbea4063b91486805b3a7f29b3ae83"
    },
    "chosen_currency": null,
    "id": 542143962,
    "is_registered": true,
    "name": "Jonathan Son",
    "urls": {
      "api": {
        "user": "https://api.kickstarter.com/v1/users/542143962?signature=1524103304.42ae659ae726a5909757af973e9063e5def63517"
      },
      "web": {
        "user": "https://www.kickstarter.com/profile/542143962"
      }
    }
  },
  "currency": "USD",
  "currency_symbol": "$",
  "currency_trailing_code": true,
  "current_currency": "USD",
  "deadline": 1460746094,
  "disable_communication": false,
  "fx_rate": 1.0,
  "goal": 30000.0,
  "id": 1038093385,
  "is_starrable": false,
  "launched_at": 1458154094,
  "location": {
    "country": "US",
    "displayable_name": "San Jose, CA",
    "id": 2488042,
    "is_root": false,
    "localized_name": "San Jose",
    "name": "San Jose",
    "short_name": "San Jose, CA",
    "slug": "san-jose-ca",
    "state": "CA",
    "type": "Town",
    "urls": {
      "api": {
        "nearby_projects": "https://api.kickstarter.com/v1/discover?signature=1524082109.bba2dfbe2cc906a1b61327fe22d5b1d8f5264f73&woe_id=2488042"
      },
      "web": {
        "discover": "https://www.kickstarter.com/discover/places/san-jose-ca",
        "location": "https://www.kickstarter.com/locations/san-jose-ca"
      }
    }
  },
  "name": "All Who Are",
  "photo": {
    "1024x576": "https://ksr-ugc.imgix.net/assets/012/406/265/354d575a8f87f0854fa6f77c0590ad34_original.png?crop=faces&w=1024&h=576&fit=crop&v=1463759640&auto=format&q=92&s=9cc732e9ebc7f9dd15cde43f6c7815eb",
    "1536x864": "https://ksr-ugc.imgix.net/assets/012/406/265/354d575a8f87f0854fa6f77c0590ad34_original.png?crop=faces&w=1552&h=873&fit=crop&v=1463759640&auto=format&q=92&s=a2d8a90a322f20b6601f810b6c41af18",
    "ed": "https://ksr-ugc.imgix.net/assets/012/406/265/354d575a8f87f0854fa6f77c0590ad34_original.png?crop=faces&w=352&h=198&fit=crop&v=1463759640&auto=format&q=92&s=57a475b461de4f846979abc0d015f1ba",
    "full": "https://ksr-ugc.imgix.net/assets/012/406/265/354d575a8f87f0854fa6f77c0590ad34_original.png?crop=faces&w=560&h=315&fit=crop&v=1463759640&auto=format&q=92&s=a69775176fdedcee593669572eec36ca",
    "key": "assets/012/406/265/354d575a8f87f0854fa6f77c0590ad34_original.png",
    "little": "https://ksr-ugc.imgix.net/assets/012/406/265/354d575a8f87f0854fa6f77c0590ad34_original.png?crop=faces&w=208&h=117&fit=crop&v=1463759640&auto=format&q=92&s=56cb9e49197d740e79b4c7809ceaf7a4",
    "med": "https://ksr-ugc.imgix.net/assets/012/406/265/354d575a8f87f0854fa6f77c0590ad34_original.png?crop=faces&w=272&h=153&fit=crop&v=1463759640&auto=format&q=92&s=31dc1f7b38495ad0e65b0b0798e9cff9",
    "small": "https://ksr-ugc.imgix.net/assets/012/406/265/354d575a8f87f0854fa6f77c0590ad34_original.png?crop=faces&w=160&h=90&fit=crop&v=1463759640&auto=format&q=92&s=3cf9ba4646265e124852c3bcb8505bca",
    "thumb": "https://ksr-ugc.imgix.net/assets/012/406/265/354d575a8f87f0854fa6f77c0590ad34_original.png?crop=faces&w=48&h=27&fit=crop&v=1463759640&auto=format&q=92&s=68af74535b5e46ce5e78c78b76f5cdc0"
  },
  "pledged": 0.0,
  "profile": {
    "background_color": null,
    "background_image_opacity": 0.8,
    "blurb": null,
    "feature_image_attributes": {
      "image_urls": {
        "baseball_card": "https://ksr-ugc.imgix.net/assets/012/406/265/354d575a8f87f0854fa6f77c0590ad34_original.png?crop=faces&w=560&h=315&fit=crop&v=1463759640&auto=format&q=92&s=a69775176fdedcee593669572eec36ca",
        "default": "https://ksr-ugc.imgix.net/assets/012/406/265/354d575a8f87f0854fa6f77c0590ad34_original.png?crop=faces&w=1552&h=873&fit=crop&v=1463759640&auto=format&q=92&s=a2d8a90a322f20b6601f810b6c41af18"
      }
    },
    "id": 2423838,
    "link_background_color": null,
    "link_text": null,
    "link_text_color": null,
    "link_url": null,
    "name": null,
    "project_id": 2423838,
    "should_show_feature_image_section": true,
    "show_feature_image": false,
    "state": "inactive",
    "state_changed_at": 1458020447,
    "text_color": null
  },
  "slug": "all-who-are",
  "spotlight": false,
  "staff_pick": false,
  "state": "failed",
  "state_changed_at": 1460746095,
  "static_usd_rate": 1.0,
  "urls": {
    "web": {
      "project": "https://www.kickstarter.com/projects/542143962/all-who-are?ref=category_newest",
      "rewards": "https://www.kickstarter.com/projects/542143962/all-who-are/rewards"
    }
  },
  "usd_pledged": "0.0",
  "usd_type": "international"
}