{
  "backers_count": 0,
  "blurb": "A website by Kids for Kids on toys, gadgets and fun stuff. This site is produced and managed by 7yr old Makenzie PC Builder/Programmer.",
  "category": {
    "color": 6526716,
    "id": 342,
    "name": "Web",
    "parent_id": 16,
    "position": 15,
    "slug": "technology/web",
    "urls": {
      "web": {
        "discover": "http://www.kickstarter.com/discover/categories/technology/web"
      }
    }
  },
  "converted_pledged_amount": 0,
  "country": "US",
  "created_at": 1429713182,
  "creator": {
    "avatar": {
      "medium": "https://ksr-ugc.imgix.net/assets/009/820/919/d17412770d6c4da044bcfa70e3d69d42_original.jpg?w=160&h=160&fit=crop&v=1461636880&auto=format&q=92&s=c15f56df7fa2f9a16459a064f0905ef5",
      "small": "https://ksr-ugc.imgix.net/assets/009/820/919/d17412770d6c4da044bcfa70e3d69d42_original.jpg?w=160&h=160&fit=crop&v=1461636880&auto=format&q=92&s=c15f56df7fa2f9a16459a064f0905ef5",
      "thumb": "https://ksr-ugc.imgix.net/assets/009/820/919/d17412770d6c4da044bcfa70e3d69d42_original.jpg?w=40&h=40&fit=crop&v=1461636880&auto=format&q=92&s=f765a0f1c237cd2ecc880b426cde7d71"
    },
    "chosen_currency": null,
    "id": 680737888,
    "is_registered": true,
    "name": "Michael King",
    "urls": {
      "api": {
        "user": "https://api.kickstarter.com/v1/users/680737888?signature=1524103145.1a5461df035fd2b7500c6773d0c6914561abd2d5"
      },
      "web": {
        "user": "https://www.kickstarter.com/profile/680737888"
      }
    }
  },
  "currency": "USD",
  "currency_symbol": "$",
  "currency_trailing_code": true,
  "current_currency": "USD",
  "deadline": 1431535353,
  "disable_communication": false,
  "fx_rate": 1.0,
  "goal": 7500.0,
  "id": 1038519033,
  "is_starrable": false,
  "launched_at": 1429720953,
  "location": {
    "country": "US",
    "displayable_name": "Millsboro, DE",
    "id": 2451574,
    "is_root": false,
    "localized_name": "Millsboro",
    "name": "Millsboro",
    "short_name": "Millsboro, DE",
    "slug": "millsboro-de",
    "state": "DE",
    "type": "Town",
    "urls": {
      "api": {
        "nearby_projects": "https://api.kickstarter.com/v1/discover?signature=1524082957.a3adc7de731b2d8de0a0c5464784a962c43887df&woe_id=2451574"
      },
      "web": {
        "discover": "https://www.kickstarter.com/discover/places/millsboro-de",
        "location": "https://www.kickstarter.com/locations/millsboro-de"
      }
    }
  },
  "name": "Project  Mak-a-Doodle",
  "photo": {
    "1024x576": "https://ksr-ugc.imgix.net/assets/012/115/682/124faa4868bd0cb36c2fa3a8b7159c6e_original.jpg?crop=faces&w=1024&h=576&fit=crop&v=1463737681&auto=format&q=92&s=259bebb7f5f2d1d7a4b02686969a07e1",
    "1536x864": "https://ksr-ugc.imgix.net/assets/012/115/682/124faa4868bd0cb36c2fa3a8b7159c6e_original.jpg?crop=faces&w=1552&h=873&fit=crop&v=1463737681&auto=format&q=92&s=b2ed6f23504d7807363da6fb2e8e970c",
    "ed": "https://ksr-ugc.imgix.net/assets/012/115/682/124faa4868bd0cb36c2fa3a8b7159c6e_original.jpg?crop=faces&w=352&h=198&fit=crop&v=1463737681&auto=format&q=92&s=aed7328525017a5ef0fb0a94e9afca35",
    "full": "https://ksr-ugc.imgix.net/assets/012/115/682/124faa4868bd0cb36c2fa3a8b7159c6e_original.jpg?crop=faces&w=560&h=315&fit=crop&v=1463737681&auto=format&q=92&s=b246d5ac8287c144b2b5092bb9c6920f",
    "key": "assets/012/115/682/124faa4868bd0cb36c2fa3a8b7159c6e_original.jpg",
    "little": "https://ksr-ugc.imgix.net/assets/012/115/682/124faa4868bd0cb36c2fa3a8b7159c6e_original.jpg?crop=faces&w=208&h=117&fit=crop&v=1463737681&auto=format&q=92&s=fb8314a972a61037d1d56dbf9ae38a79",
    "med": "https://ksr-ugc.imgix.net/assets/012/115/682/124faa4868bd0cb36c2fa3a8b7159c6e_original.jpg?crop=faces&w=272&h=153&fit=crop&v=1463737681&auto=format&q=92&s=5e3c81ca79768b8f5ab8f34a381be38d",
    "small": "https://ksr-ugc.imgix.net/assets/012/115/682/124faa4868bd0cb36c2fa3a8b7159c6e_original.jpg?crop=faces&w=160&h=90&fit=crop&v=1463737681&auto=format&q=92&s=6474d33d0df0fe79243f70be6abe586f",
    "thumb": "https://ksr-ugc.imgix.net/assets/012/115/682/124faa4868bd0cb36c2fa3a8b7159c6e_original.jpg?crop=faces&w=48&h=27&fit=crop&v=1463737681&auto=format&q=92&s=e8296a695343bc0b20269a11a5cacf40"
  },
  "pledged": 0.0,
  "profile": {
    "background_color": null,
    "background_image_opacity": 0.8,
    "blurb": null,
    "feature_image_attributes": {
      "image_urls": {
        "baseball_card": "https://ksr-ugc.imgix.net/assets/012/115/682/124faa4868bd0cb36c2fa3a8b7159c6e_original.jpg?crop=faces&w=560&h=315&fit=crop&v=1463737681&auto=format&q=92&s=b246d5ac8287c144b2b5092bb9c6920f",
        "default": "https://ksr-ugc.imgix.net/assets/012/115/682/124faa4868bd0cb36c2fa3a8b7159c6e_original.jpg?crop=faces&w=1552&h=873&fit=crop&v=1463737681&auto=format&q=92&s=b2ed6f23504d7807363da6fb2e8e970c"
      }
    },
    "id": 1856570,
    "link_background_color": null,
    "link_text": null,
    "link_text_color": null,
    "link_url": null,
    "name": null,
    "project_id": 1856570,
    "should_show_feature_image_section": true,
    "show_feature_image": false,
    "state": "inactive",
    "state_changed_at": 1429713182,
    "text_color": null
  },
  "slug": "project-mak-a-doodle",
  "spotlight": false,
  "staff_pick": false,
  "state": "failed",
  "state_changed_at": 1431535355,
  "static_usd_rate": 1.0,
  "urls": {
    "web": {
      "project": "https://www.kickstarter.com/projects/680737888/project-mak-a-doodle?ref=category_newest",
      "rewards": "https://www.kickstarter.com/projects/680737888/project-mak-a-doodle/rewards"
    }
  },
  "usd_pledged": "0.0",
  "usd_type": "international"
}