{
  "backers_count": 4062,
  "blurb": "Add 5\u201d display, battery power, 256GB storage, 2x SIM slots, IR blaster, wireless charging to iPhone 6 and 6+, 6S and 6S+, 7 and 7+",
  "category": {
    "color": 6526716,
    "id": 337,
    "name": "Gadgets",
    "parent_id": 16,
    "position": 7,
    "slug": "technology/gadgets",
    "urls": {
      "web": {
        "discover": "http://www.kickstarter.com/discover/categories/technology/gadgets"
      }
    }
  },
  "converted_pledged_amount": 659301,
  "country": "US",
  "created_at": 1480806514,
  "creator": {
    "avatar": {
      "medium": "https://ksr-ugc.imgix.net/assets/010/754/052/49c1df7f17b092ae77bbb03270a60a29_original.png?w=160&h=160&fit=crop&v=1461710356&auto=format&q=92&s=105326e7defa7c9e8135d646ef4d3277",
      "small": "https://ksr-ugc.imgix.net/assets/010/754/052/49c1df7f17b092ae77bbb03270a60a29_original.png?w=160&h=160&fit=crop&v=1461710356&auto=format&q=92&s=105326e7defa7c9e8135d646ef4d3277",
      "thumb": "https://ksr-ugc.imgix.net/assets/010/754/052/49c1df7f17b092ae77bbb03270a60a29_original.png?w=40&h=40&fit=crop&v=1461710356&auto=format&q=92&s=116891add4a3946c5688207f2a8e70a9"
    },
    "chosen_currency": null,
    "id": 2090834130,
    "is_registered": true,
    "name": "ESTI Inc.",
    "slug": "boboseye",
    "urls": {
      "api": {
        "user": "https://api.kickstarter.com/v1/users/2090834130?signature=1524101069.c63516acfef2af896cbb8ebebeb69567a9da440f"
      },
      "web": {
        "user": "https://www.kickstarter.com/profile/boboseye"
      }
    }
  },
  "currency": "USD",
  "currency_symbol": "$",
  "currency_trailing_code": true,
  "current_currency": "USD",
  "deadline": 1492270153,
  "disable_communication": false,
  "fx_rate": 1.0,
  "goal": 95000.0,
  "id": 1038919390,
  "is_starrable": false,
  "launched_at": 1488385753,
  "location": {
    "country": "IL",
    "displayable_name": "Tel Aviv, Israel",
    "id": 1968212,
    "is_root": false,
    "localized_name": "Tel Aviv",
    "name": "Tel Aviv",
    "short_name": "Tel Aviv, Israel",
    "slug": "tel-aviv-il",
    "state": "Tel Aviv",
    "type": "Town",
    "urls": {
      "api": {
        "nearby_projects": "https://api.kickstarter.com/v1/discover?signature=1524082146.4fd0f3e95fdc0806cfda3bd600f44474d0914950&woe_id=1968212"
      },
      "web": {
        "discover": "https://www.kickstarter.com/discover/places/tel-aviv-il",
        "location": "https://www.kickstarter.com/locations/tel-aviv-il"
      }
    }
  },
  "name": "Eye - Smart Android Case for iPhone",
  "photo": {
    "1024x576": "https://ksr-ugc.imgix.net/assets/014/761/595/fdbf3414059285792dda6ef8c797f31a_original.jpg?crop=faces&w=1024&h=576&fit=crop&v=1487697787&auto=format&q=92&s=ae5f4e60487dfb2cf00a044254f40cd3",
    "1536x864": "https://ksr-ugc.imgix.net/assets/014/761/595/fdbf3414059285792dda6ef8c797f31a_original.jpg?crop=faces&w=1552&h=873&fit=crop&v=1487697787&auto=format&q=92&s=2024e366afc232a139bf0eb71539b479",
    "ed": "https://ksr-ugc.imgix.net/assets/014/761/595/fdbf3414059285792dda6ef8c797f31a_original.jpg?crop=faces&w=352&h=198&fit=crop&v=1487697787&auto=format&q=92&s=651938d990ea4e34d729e60cc4f34da5",
    "full": "https://ksr-ugc.imgix.net/assets/014/761/595/fdbf3414059285792dda6ef8c797f31a_original.jpg?crop=faces&w=560&h=315&fit=crop&v=1487697787&auto=format&q=92&s=124b8de6b56fda63a97ab4fbfe033c94",
    "key": "assets/014/761/595/fdbf3414059285792dda6ef8c797f31a_original.jpg",
    "little": "https://ksr-ugc.imgix.net/assets/014/761/595/fdbf3414059285792dda6ef8c797f31a_original.jpg?crop=faces&w=208&h=117&fit=crop&v=1487697787&auto=format&q=92&s=7b5e2fb18f6cb9847141d408b8426f17",
    "med": "https://ksr-ugc.imgix.net/assets/014/761/595/fdbf3414059285792dda6ef8c797f31a_original.jpg?crop=faces&w=272&h=153&fit=crop&v=1487697787&auto=format&q=92&s=146e8a30442e898d8b3f7077190eca02",
    "small": "https://ksr-ugc.imgix.net/assets/014/761/595/fdbf3414059285792dda6ef8c797f31a_original.jpg?crop=faces&w=160&h=90&fit=crop&v=1487697787&auto=format&q=92&s=1a62834ca65f32adc0635e15850b2ca6",
    "thumb": "https://ksr-ugc.imgix.net/assets/014/761/595/fdbf3414059285792dda6ef8c797f31a_original.jpg?crop=faces&w=48&h=27&fit=crop&v=1487697787&auto=format&q=92&s=e28d0f58c5003e4ea136b33a839aa540"
  },
  "pledged": 659301.0,
  "profile": {
    "background_color": "ebebeb",
    "background_image_opacity": 0.44,
    "blurb": "Add 5\u201d display, battery power, 256GB storage, 2x SIM slots, IR blaster, wireless charging to iPhone 6 and 6+, 6S and 6S+, 7 and 7+, 8 and 8+ and iPhone X",
    "feature_image_attributes": {
      "id": 17202274,
      "image_urls": {
        "baseball_card": "https://ksr-ugc.imgix.net/assets/017/202/274/9efd0ccf4b88654fa0dbb4ea129b19fd_original.JPG?crop=faces,edges&w=560&h=315&fit=crop&v=1498073857&auto=format&q=92&s=1165d71fb057d60369d64d688b04d7c6",
        "default": "https://ksr-ugc.imgix.net/assets/017/202/274/9efd0ccf4b88654fa0dbb4ea129b19fd_original.JPG?w=700&fit=max&v=1498073857&auto=format&q=92&s=b770758ce82e898335af1824b3e271a2"
      }
    },
    "id": 2785429,
    "link_background_color": "",
    "link_text": "Get it now",
    "link_text_color": "",
    "link_url": "https://www.indiegogo.com/projects/eye-the-smart-iphone-case-android-ios",
    "name": "Eye - Smart Android Case for iPhone",
    "project_id": 2785429,
    "should_show_feature_image_section": true,
    "show_feature_image": true,
    "state": "active",
    "state_changed_at": 1492272184,
    "text_color": "000000"
  },
  "slug": "eye-take-your-phone-to-the-next-level",
  "spotlight": true,
  "staff_pick": false,
  "state": "successful",
  "state_changed_at": 1492270154,
  "static_usd_rate": 1.0,
  "urls": {
    "web": {
      "project": "https://www.kickstarter.com/projects/boboseye/eye-take-your-phone-to-the-next-level?ref=category_newest",
      "rewards": "https://www.kickstarter.com/projects/boboseye/eye-take-your-phone-to-the-next-level/rewards"
    }
  },
  "usd_pledged": "659301.0",
  "usd_type": "international"
}