{
  "backers_count": 7,
  "blurb": "Easily use and create new pronunciation and reading tutoring systems for any language, starting with English for all ages.",
  "category": {
    "color": 6526716,
    "id": 51,
    "name": "Software",
    "parent_id": 16,
    "position": 11,
    "slug": "technology/software",
    "urls": {
      "web": {
        "discover": "http://www.kickstarter.com/discover/categories/technology/software"
      }
    }
  },
  "converted_pledged_amount": 195,
  "country": "US",
  "created_at": 1317442472,
  "creator": {
    "avatar": {
      "medium": "https://ksr-ugc.imgix.net/assets/006/189/491/34f10ed60b61ef6bd304cc8b1bc66a73_original.jpg?w=160&h=160&fit=crop&v=1461372352&auto=format&q=92&s=718c5669c709cc845cd18fd505c63826",
      "small": "https://ksr-ugc.imgix.net/assets/006/189/491/34f10ed60b61ef6bd304cc8b1bc66a73_original.jpg?w=160&h=160&fit=crop&v=1461372352&auto=format&q=92&s=718c5669c709cc845cd18fd505c63826",
      "thumb": "https://ksr-ugc.imgix.net/assets/006/189/491/34f10ed60b61ef6bd304cc8b1bc66a73_original.jpg?w=40&h=40&fit=crop&v=1461372352&auto=format&q=92&s=b7fe5a4e26f336520cc4027f67a5e42e"
    },
    "chosen_currency": null,
    "id": 1818592590,
    "is_registered": true,
    "name": "James Salsman",
    "slug": "jsalsman",
    "urls": {
      "api": {
        "user": "https://api.kickstarter.com/v1/users/1818592590?signature=1524102095.d5750cd00c979045d188877b257e8824d90f53fb"
      },
      "web": {
        "user": "https://www.kickstarter.com/profile/jsalsman"
      }
    }
  },
  "currency": "USD",
  "currency_symbol": "$",
  "currency_trailing_code": true,
  "current_currency": "USD",
  "deadline": 1322868466,
  "disable_communication": false,
  "fx_rate": 1.0,
  "goal": 40000.0,
  "id": 1039118481,
  "is_starrable": false,
  "launched_at": 1317680866,
  "location": {
    "country": "US",
    "displayable_name": "Stanford, CA",
    "id": 2498941,
    "is_root": false,
    "localized_name": "Stanford",
    "name": "Stanford",
    "short_name": "Stanford, CA",
    "slug": "stanford-ca",
    "state": "CA",
    "type": "Town",
    "urls": {
      "api": {
        "nearby_projects": "https://api.kickstarter.com/v1/discover?signature=1524082152.b48128b181af2d008d0b3fb075c5cd08e02016d6&woe_id=2498941"
      },
      "web": {
        "discover": "https://www.kickstarter.com/discover/places/stanford-ca",
        "location": "https://www.kickstarter.com/locations/stanford-ca"
      }
    }
  },
  "name": "Spoken Language Instructional Content Development System",
  "photo": {
    "1024x576": "https://ksr-ugc.imgix.net/assets/011/299/679/56d051e2c78643cfd68548173b4e19cb_original.jpg?crop=faces&w=1024&h=576&fit=crop&v=1463680646&auto=format&q=92&s=f0d9c2f8df5eb363e721635a544dc763",
    "1536x864": "https://ksr-ugc.imgix.net/assets/011/299/679/56d051e2c78643cfd68548173b4e19cb_original.jpg?crop=faces&w=1552&h=873&fit=crop&v=1463680646&auto=format&q=92&s=0bfeef1b5481a2cc3c0808367506fe6e",
    "ed": "https://ksr-ugc.imgix.net/assets/011/299/679/56d051e2c78643cfd68548173b4e19cb_original.jpg?crop=faces&w=352&h=198&fit=crop&v=1463680646&auto=format&q=92&s=99a44b32ba6a08ef4ec767414ebc7d4b",
    "full": "https://ksr-ugc.imgix.net/assets/011/299/679/56d051e2c78643cfd68548173b4e19cb_original.jpg?crop=faces&w=560&h=315&fit=crop&v=1463680646&auto=format&q=92&s=fe7896e132b933195654b924a0909e95",
    "key": "assets/011/299/679/56d051e2c78643cfd68548173b4e19cb_original.jpg",
    "little": "https://ksr-ugc.imgix.net/assets/011/299/679/56d051e2c78643cfd68548173b4e19cb_original.jpg?crop=faces&w=208&h=117&fit=crop&v=1463680646&auto=format&q=92&s=96c2bca5b1d3c9b5a3e83f9a1d6a2fd9",
    "med": "https://ksr-ugc.imgix.net/assets/011/299/679/56d051e2c78643cfd68548173b4e19cb_original.jpg?crop=faces&w=272&h=153&fit=crop&v=1463680646&auto=format&q=92&s=999edc3382e9bd01c18d0bae7ed59b10",
    "small": "https://ksr-ugc.imgix.net/assets/011/299/679/56d051e2c78643cfd68548173b4e19cb_original.jpg?crop=faces&w=160&h=90&fit=crop&v=1463680646&auto=format&q=92&s=eecb303abf57dcd7d9056d3dcf2b76b1",
    "thumb": "https://ksr-ugc.imgix.net/assets/011/299/679/56d051e2c78643cfd68548173b4e19cb_original.jpg?crop=faces&w=48&h=27&fit=crop&v=1463680646&auto=format&q=92&s=81da8e9386723837cf66f2ce57d768d6"
  },
  "pledged": 195.0,
  "profile": {
    "background_color": null,
    "background_image_opacity": 0.8,
    "blurb": null,
    "feature_image_attributes": {
      "image_urls": {
        "baseball_card": "https://ksr-ugc.imgix.net/assets/011/299/679/56d051e2c78643cfd68548173b4e19cb_original.jpg?crop=faces&w=560&h=315&fit=crop&v=1463680646&auto=format&q=92&s=fe7896e132b933195654b924a0909e95",
        "default": "https://ksr-ugc.imgix.net/assets/011/299/679/56d051e2c78643cfd68548173b4e19cb_original.jpg?crop=faces&w=1552&h=873&fit=crop&v=1463680646&auto=format&q=92&s=0bfeef1b5481a2cc3c0808367506fe6e"
      }
    },
    "id": 52950,
    "link_background_color": null,
    "link_text": null,
    "link_text_color": null,
    "link_url": null,
    "name": null,
    "project_id": 52950,
    "should_show_feature_image_section": true,
    "show_feature_image": false,
    "state": "inactive",
    "state_changed_at": 1425915803,
    "text_color": null
  },
  "slug": "spoken-language-instructional-content-development",
  "spotlight": false,
  "staff_pick": false,
  "state": "failed",
  "state_changed_at": 1322868467,
  "static_usd_rate": 1.0,
  "urls": {
    "web": {
      "project": "https://www.kickstarter.com/projects/jsalsman/spoken-language-instructional-content-development?ref=category_newest",
      "rewards": "https://www.kickstarter.com/projects/jsalsman/spoken-language-instructional-content-development/rewards"
    }
  },
  "usd_pledged": "195.0",
  "usd_type": "international"
}