{
  "backers_count": 132,
  "blurb": "The World's Longest Lasting Emergency Flashlight. Now Featuring a Cree LED!",
  "category": {
    "color": 6526716,
    "id": 337,
    "name": "Gadgets",
    "parent_id": 16,
    "position": 7,
    "slug": "technology/gadgets",
    "urls": {
      "web": {
        "discover": "http://www.kickstarter.com/discover/categories/technology/gadgets"
      }
    }
  },
  "converted_pledged_amount": 6144,
  "country": "US",
  "created_at": 1442084155,
  "creator": {
    "avatar": {
      "medium": "https://ksr-ugc.imgix.net/assets/007/465/166/6ec9c19e1e99f433405fc3c62e67f440_original.jpg?w=160&h=160&fit=crop&v=1461458963&auto=format&q=92&s=fd18dee19a6cf037d17eef0854ffb1f4",
      "small": "https://ksr-ugc.imgix.net/assets/007/465/166/6ec9c19e1e99f433405fc3c62e67f440_original.jpg?w=160&h=160&fit=crop&v=1461458963&auto=format&q=92&s=fd18dee19a6cf037d17eef0854ffb1f4",
      "thumb": "https://ksr-ugc.imgix.net/assets/007/465/166/6ec9c19e1e99f433405fc3c62e67f440_original.jpg?w=40&h=40&fit=crop&v=1461458963&auto=format&q=92&s=a2aefc38db330182dcce14e4576b67ea"
    },
    "chosen_currency": null,
    "id": 1148782920,
    "is_registered": true,
    "name": "Brett D'Onofrio",
    "slug": "enduringtechnologies",
    "urls": {
      "api": {
        "user": "https://api.kickstarter.com/v1/users/1148782920?signature=1524100996.9c918772555d4fea2262fa7ee04f9324c0a9305f"
      },
      "web": {
        "user": "https://www.kickstarter.com/profile/enduringtechnologies"
      }
    }
  },
  "currency": "USD",
  "currency_symbol": "$",
  "currency_trailing_code": true,
  "current_currency": "USD",
  "deadline": 1447520422,
  "disable_communication": false,
  "fx_rate": 1.0,
  "goal": 5000.0,
  "id": 1039457373,
  "is_starrable": false,
  "launched_at": 1442332822,
  "location": {
    "country": "US",
    "displayable_name": "West Palm Beach, FL",
    "id": 2517521,
    "is_root": false,
    "localized_name": "West Palm Beach",
    "name": "West Palm Beach",
    "short_name": "West Palm Beach, FL",
    "slug": "west-palm-beach-fl",
    "state": "FL",
    "type": "Town",
    "urls": {
      "api": {
        "nearby_projects": "https://api.kickstarter.com/v1/discover?signature=1524082125.5255d7120f57932dfa59478545ddc871520182e8&woe_id=2517521"
      },
      "web": {
        "discover": "https://www.kickstarter.com/discover/places/west-palm-beach-fl",
        "location": "https://www.kickstarter.com/locations/west-palm-beach-fl"
      }
    }
  },
  "name": "Triatholight with Cree! The Longest Lasting Emergency Light!",
  "photo": {
    "1024x576": "https://ksr-ugc.imgix.net/assets/012/250/468/469d1d28de273deb4aaa9a5042f0c9f2_original.jpg?crop=faces&w=1024&h=576&fit=crop&v=1463746503&auto=format&q=92&s=42ac81dde50fa356da353f6b5f59953c",
    "1536x864": "https://ksr-ugc.imgix.net/assets/012/250/468/469d1d28de273deb4aaa9a5042f0c9f2_original.jpg?crop=faces&w=1552&h=873&fit=crop&v=1463746503&auto=format&q=92&s=46fadb6408f3d678e97f98fe860d2932",
    "ed": "https://ksr-ugc.imgix.net/assets/012/250/468/469d1d28de273deb4aaa9a5042f0c9f2_original.jpg?crop=faces&w=352&h=198&fit=crop&v=1463746503&auto=format&q=92&s=12f41d8eca21c00b8dfc771a4d0d4082",
    "full": "https://ksr-ugc.imgix.net/assets/012/250/468/469d1d28de273deb4aaa9a5042f0c9f2_original.jpg?crop=faces&w=560&h=315&fit=crop&v=1463746503&auto=format&q=92&s=adc34aa8b077e6194945093d2766b163",
    "key": "assets/012/250/468/469d1d28de273deb4aaa9a5042f0c9f2_original.jpg",
    "little": "https://ksr-ugc.imgix.net/assets/012/250/468/469d1d28de273deb4aaa9a5042f0c9f2_original.jpg?crop=faces&w=208&h=117&fit=crop&v=1463746503&auto=format&q=92&s=a35bdeecc0ffbe699fe0372ed7bcf684",
    "med": "https://ksr-ugc.imgix.net/assets/012/250/468/469d1d28de273deb4aaa9a5042f0c9f2_original.jpg?crop=faces&w=272&h=153&fit=crop&v=1463746503&auto=format&q=92&s=f5531678b8bce16ddf2293c52d5e2372",
    "small": "https://ksr-ugc.imgix.net/assets/012/250/468/469d1d28de273deb4aaa9a5042f0c9f2_original.jpg?crop=faces&w=160&h=90&fit=crop&v=1463746503&auto=format&q=92&s=2e2221d30b22a7f548e4eef5ab8c3c0b",
    "thumb": "https://ksr-ugc.imgix.net/assets/012/250/468/469d1d28de273deb4aaa9a5042f0c9f2_original.jpg?crop=faces&w=48&h=27&fit=crop&v=1463746503&auto=format&q=92&s=34d88ddff1d7e7e43a0f7e74919c4c05"
  },
  "pledged": 6144.0,
  "profile": {
    "background_color": null,
    "background_image_opacity": 0.8,
    "blurb": null,
    "feature_image_attributes": {
      "image_urls": {
        "baseball_card": "https://ksr-ugc.imgix.net/assets/012/250/468/469d1d28de273deb4aaa9a5042f0c9f2_original.jpg?crop=faces&w=560&h=315&fit=crop&v=1463746503&auto=format&q=92&s=adc34aa8b077e6194945093d2766b163",
        "default": "https://ksr-ugc.imgix.net/assets/012/250/468/469d1d28de273deb4aaa9a5042f0c9f2_original.jpg?crop=faces&w=1552&h=873&fit=crop&v=1463746503&auto=format&q=92&s=46fadb6408f3d678e97f98fe860d2932"
      }
    },
    "id": 2117620,
    "link_background_color": null,
    "link_text": null,
    "link_text_color": null,
    "link_url": null,
    "name": null,
    "project_id": 2117620,
    "should_show_feature_image_section": true,
    "show_feature_image": false,
    "state": "inactive",
    "state_changed_at": 1442084155,
    "text_color": null
  },
  "slug": "triatholight-with-cree-the-longest-lasting-emergen",
  "spotlight": true,
  "staff_pick": false,
  "state": "successful",
  "state_changed_at": 1447520422,
  "static_usd_rate": 1.0,
  "urls": {
    "web": {
      "project": "https://www.kickstarter.com/projects/enduringtechnologies/triatholight-with-cree-the-longest-lasting-emergen?ref=category_newest",
      "rewards": "https://www.kickstarter.com/projects/enduringtechnologies/triatholight-with-cree-the-longest-lasting-emergen/rewards"
    }
  },
  "usd_pledged": "6144.0",
  "usd_type": "international"
}