{
  "backers_count": 1,
  "blurb": "This is a product that is medical therapy useful to relief back,body and neck pain,  with wonderful new redesigned features.",
  "category": {
    "color": 6526716,
    "id": 332,
    "name": "Apps",
    "parent_id": 16,
    "position": 2,
    "slug": "technology/apps",
    "urls": {
      "web": {
        "discover": "http://www.kickstarter.com/discover/categories/technology/apps"
      }
    }
  },
  "converted_pledged_amount": 25,
  "country": "US",
  "created_at": 1426409709,
  "creator": {
    "avatar": {
      "medium": "https://ksr-ugc.imgix.net/assets/009/638/441/3a0f0ae7ff76b79e45d8f6cb80e9d018_original.jpg?w=160&h=160&fit=crop&v=1461610027&auto=format&q=92&s=41c1db17f1cd9c59b9c39859c29d946a",
      "small": "https://ksr-ugc.imgix.net/assets/009/638/441/3a0f0ae7ff76b79e45d8f6cb80e9d018_original.jpg?w=160&h=160&fit=crop&v=1461610027&auto=format&q=92&s=41c1db17f1cd9c59b9c39859c29d946a",
      "thumb": "https://ksr-ugc.imgix.net/assets/009/638/441/3a0f0ae7ff76b79e45d8f6cb80e9d018_original.jpg?w=40&h=40&fit=crop&v=1461610027&auto=format&q=92&s=7ff0a176d83298c036166eb542472e22"
    },
    "chosen_currency": null,
    "id": 971809232,
    "is_registered": true,
    "name": "Corey LaVigne",
    "slug": "heatingandcooling",
    "urls": {
      "api": {
        "user": "https://api.kickstarter.com/v1/users/971809232?signature=1524100417.a6d0c96492d997ea253c61db79294b4f9efef790"
      },
      "web": {
        "user": "https://www.kickstarter.com/profile/heatingandcooling"
      }
    }
  },
  "currency": "USD",
  "currency_symbol": "$",
  "currency_trailing_code": true,
  "current_currency": "USD",
  "deadline": 1429494210,
  "disable_communication": false,
  "fx_rate": 1.0,
  "goal": 25000.0,
  "id": 1039353049,
  "is_starrable": false,
  "launched_at": 1426902210,
  "location": {
    "country": "US",
    "displayable_name": "Chicago, IL",
    "id": 2379574,
    "is_root": false,
    "localized_name": "Chicago",
    "name": "Chicago",
    "short_name": "Chicago, IL",
    "slug": "chicago-il",
    "state": "IL",
    "type": "Town",
    "urls": {
      "api": {
        "nearby_projects": "https://api.kickstarter.com/v1/discover?signature=1524082109.31708ace3e69ccffe11c24591d897227bd8b67f0&woe_id=2379574"
      },
      "web": {
        "discover": "https://www.kickstarter.com/discover/places/chicago-il",
        "location": "https://www.kickstarter.com/locations/chicago-il"
      }
    }
  },
  "name": "Heating and Cooling Massages with App Control.",
  "photo": {
    "1024x576": "https://ksr-ugc.imgix.net/assets/012/069/551/493025dec4624fa659e1c1dd79f233df_original.jpg?crop=faces&w=1024&h=576&fit=crop&v=1463729195&auto=format&q=92&s=e441ea28a86b02a5d5c1c1931e319007",
    "1536x864": "https://ksr-ugc.imgix.net/assets/012/069/551/493025dec4624fa659e1c1dd79f233df_original.jpg?crop=faces&w=1552&h=873&fit=crop&v=1463729195&auto=format&q=92&s=535fb342df61ca2457be9d45b70f589a",
    "ed": "https://ksr-ugc.imgix.net/assets/012/069/551/493025dec4624fa659e1c1dd79f233df_original.jpg?crop=faces&w=352&h=198&fit=crop&v=1463729195&auto=format&q=92&s=25952ee6fa68dc371ee4ca0a2b1ac7a8",
    "full": "https://ksr-ugc.imgix.net/assets/012/069/551/493025dec4624fa659e1c1dd79f233df_original.jpg?crop=faces&w=560&h=315&fit=crop&v=1463729195&auto=format&q=92&s=6ec92564d4c54b41f39385c40fc92ffb",
    "key": "assets/012/069/551/493025dec4624fa659e1c1dd79f233df_original.jpg",
    "little": "https://ksr-ugc.imgix.net/assets/012/069/551/493025dec4624fa659e1c1dd79f233df_original.jpg?crop=faces&w=208&h=117&fit=crop&v=1463729195&auto=format&q=92&s=4ef25607a61a5aa39ac31be9fd636ae0",
    "med": "https://ksr-ugc.imgix.net/assets/012/069/551/493025dec4624fa659e1c1dd79f233df_original.jpg?crop=faces&w=272&h=153&fit=crop&v=1463729195&auto=format&q=92&s=58849fd802c81b771d59d40a26e00e1a",
    "small": "https://ksr-ugc.imgix.net/assets/012/069/551/493025dec4624fa659e1c1dd79f233df_original.jpg?crop=faces&w=160&h=90&fit=crop&v=1463729195&auto=format&q=92&s=30e6ffc91e300fc796bf3349e4b73d8d",
    "thumb": "https://ksr-ugc.imgix.net/assets/012/069/551/493025dec4624fa659e1c1dd79f233df_original.jpg?crop=faces&w=48&h=27&fit=crop&v=1463729195&auto=format&q=92&s=abadc96dbbdcdd175ed1a9efa9ca2d7b"
  },
  "pledged": 25.0,
  "profile": {
    "background_color": null,
    "background_image_opacity": 0.8,
    "blurb": null,
    "feature_image_attributes": {
      "image_urls": {
        "baseball_card": "https://ksr-ugc.imgix.net/assets/012/069/551/493025dec4624fa659e1c1dd79f233df_original.jpg?crop=faces&w=560&h=315&fit=crop&v=1463729195&auto=format&q=92&s=6ec92564d4c54b41f39385c40fc92ffb",
        "default": "https://ksr-ugc.imgix.net/assets/012/069/551/493025dec4624fa659e1c1dd79f233df_original.jpg?crop=faces&w=1552&h=873&fit=crop&v=1463729195&auto=format&q=92&s=535fb342df61ca2457be9d45b70f589a"
      }
    },
    "id": 1770539,
    "link_background_color": null,
    "link_text": null,
    "link_text_color": null,
    "link_url": null,
    "name": null,
    "project_id": 1770539,
    "should_show_feature_image_section": true,
    "show_feature_image": false,
    "state": "inactive",
    "state_changed_at": 1426409709,
    "text_color": null
  },
  "slug": "heating-and-cooling-massages-with-app-control",
  "spotlight": false,
  "staff_pick": false,
  "state": "failed",
  "state_changed_at": 1429494213,
  "static_usd_rate": 1.0,
  "urls": {
    "web": {
      "project": "https://www.kickstarter.com/projects/heatingandcooling/heating-and-cooling-massages-with-app-control?ref=category_newest",
      "rewards": "https://www.kickstarter.com/projects/heatingandcooling/heating-and-cooling-massages-with-app-control/rewards"
    }
  },
  "usd_pledged": "25.0",
  "usd_type": "international"
}