{
  "backers_count": 50,
  "blurb": "Bringing Linux Distros to your Android device!",
  "category": {
    "color": 6526716,
    "id": 51,
    "name": "Software",
    "parent_id": 16,
    "position": 11,
    "slug": "technology/software",
    "urls": {
      "web": {
        "discover": "http://www.kickstarter.com/discover/categories/technology/software"
      }
    }
  },
  "converted_pledged_amount": 1606,
  "country": "GB",
  "created_at": 1361099042,
  "creator": {
    "avatar": {
      "medium": "https://ksr-ugc.imgix.net/assets/007/263/980/c84ab4a1e6b9df93b0aa494fcdc9ec17_original.jpg?w=160&h=160&fit=crop&v=1461446927&auto=format&q=92&s=b1e90eef554aba5f50226b220cbbb2e9",
      "small": "https://ksr-ugc.imgix.net/assets/007/263/980/c84ab4a1e6b9df93b0aa494fcdc9ec17_original.jpg?w=160&h=160&fit=crop&v=1461446927&auto=format&q=92&s=b1e90eef554aba5f50226b220cbbb2e9",
      "thumb": "https://ksr-ugc.imgix.net/assets/007/263/980/c84ab4a1e6b9df93b0aa494fcdc9ec17_original.jpg?w=40&h=40&fit=crop&v=1461446927&auto=format&q=92&s=3589549f8328a7f061c2f76443b3f45e"
    },
    "chosen_currency": null,
    "id": 1233981955,
    "is_registered": true,
    "name": "Zac Powell",
    "urls": {
      "api": {
        "user": "https://api.kickstarter.com/v1/users/1233981955?signature=1524102016.06f955c602e1b96114d01a26d37072269a5ae4ab"
      },
      "web": {
        "user": "https://www.kickstarter.com/profile/1233981955"
      }
    }
  },
  "currency": "GBP",
  "currency_symbol": "\u00a3",
  "currency_trailing_code": false,
  "current_currency": "USD",
  "deadline": 1363939555,
  "disable_communication": false,
  "fx_rate": 1.43358488,
  "goal": 600.0,
  "id": 1040445296,
  "is_starrable": false,
  "launched_at": 1361351155,
  "location": {
    "country": "GB",
    "displayable_name": "Colchester, UK",
    "id": 16545,
    "is_root": false,
    "localized_name": "Colchester",
    "name": "Colchester",
    "short_name": "Colchester, UK",
    "slug": "colchester-gb",
    "state": "England",
    "type": "Town",
    "urls": {
      "api": {
        "nearby_projects": "https://api.kickstarter.com/v1/discover?signature=1524082256.f45d8212d8a613ffb47ad57735c5ffa0fd34cf42&woe_id=16545"
      },
      "web": {
        "discover": "https://www.kickstarter.com/discover/places/colchester-gb",
        "location": "https://www.kickstarter.com/locations/colchester-gb"
      }
    }
  },
  "name": "LinuxonAndroid - To the Next Level!",
  "photo": {
    "1024x576": "https://ksr-ugc.imgix.net/assets/011/482/721/f39a36d482fd466983672dc1bdc66f51_original.png?crop=faces&w=1024&h=576&fit=crop&v=1463683348&auto=format&q=92&s=883c5d154f4c171475231821692f7f3d",
    "1536x864": "https://ksr-ugc.imgix.net/assets/011/482/721/f39a36d482fd466983672dc1bdc66f51_original.png?crop=faces&w=1552&h=873&fit=crop&v=1463683348&auto=format&q=92&s=488454f7885182944dfb5a45aa5e4247",
    "ed": "https://ksr-ugc.imgix.net/assets/011/482/721/f39a36d482fd466983672dc1bdc66f51_original.png?crop=faces&w=352&h=198&fit=crop&v=1463683348&auto=format&q=92&s=78216bf9758084d1c847b97be370bb8a",
    "full": "https://ksr-ugc.imgix.net/assets/011/482/721/f39a36d482fd466983672dc1bdc66f51_original.png?crop=faces&w=560&h=315&fit=crop&v=1463683348&auto=format&q=92&s=7d17d89487fc7fba3e1fc60bfbedc508",
    "key": "assets/011/482/721/f39a36d482fd466983672dc1bdc66f51_original.png",
    "little": "https://ksr-ugc.imgix.net/assets/011/482/721/f39a36d482fd466983672dc1bdc66f51_original.png?crop=faces&w=208&h=117&fit=crop&v=1463683348&auto=format&q=92&s=669d0cc6bf7d4c4a8d875959fe58f704",
    "med": "https://ksr-ugc.imgix.net/assets/011/482/721/f39a36d482fd466983672dc1bdc66f51_original.png?crop=faces&w=272&h=153&fit=crop&v=1463683348&auto=format&q=92&s=6cc38dfb1e5e80fc47570f35661b8b2e",
    "small": "https://ksr-ugc.imgix.net/assets/011/482/721/f39a36d482fd466983672dc1bdc66f51_original.png?crop=faces&w=160&h=90&fit=crop&v=1463683348&auto=format&q=92&s=57079e8ee9012f67b382d4b656e090cb",
    "thumb": "https://ksr-ugc.imgix.net/assets/011/482/721/f39a36d482fd466983672dc1bdc66f51_original.png?crop=faces&w=48&h=27&fit=crop&v=1463683348&auto=format&q=92&s=bf7920f0738bc5209f722d6b79bd8d0d"
  },
  "pledged": 1058.0,
  "profile": {
    "background_color": null,
    "background_image_opacity": 0.8,
    "blurb": null,
    "feature_image_attributes": {
      "image_urls": {
        "baseball_card": "https://ksr-ugc.imgix.net/assets/011/482/721/f39a36d482fd466983672dc1bdc66f51_original.png?crop=faces&w=560&h=315&fit=crop&v=1463683348&auto=format&q=92&s=7d17d89487fc7fba3e1fc60bfbedc508",
        "default": "https://ksr-ugc.imgix.net/assets/011/482/721/f39a36d482fd466983672dc1bdc66f51_original.png?crop=faces&w=1552&h=873&fit=crop&v=1463683348&auto=format&q=92&s=488454f7885182944dfb5a45aa5e4247"
      }
    },
    "id": 475665,
    "link_background_color": null,
    "link_text": null,
    "link_text_color": null,
    "link_url": null,
    "name": null,
    "project_id": 475665,
    "should_show_feature_image_section": true,
    "show_feature_image": false,
    "state": "inactive",
    "state_changed_at": 1425915826,
    "text_color": null
  },
  "slug": "linuxonandroid-to-the-next-level",
  "spotlight": true,
  "staff_pick": false,
  "state": "successful",
  "state_changed_at": 1363939555,
  "static_usd_rate": 1.54724034,
  "urls": {
    "web": {
      "project": "https://www.kickstarter.com/projects/1233981955/linuxonandroid-to-the-next-level?ref=category_newest",
      "rewards": "https://www.kickstarter.com/projects/1233981955/linuxonandroid-to-the-next-level/rewards"
    }
  },
  "usd_pledged": "1636.98027972",
  "usd_type": "international"
}