{
  "backers_count": 66,
  "blurb": "PowerDrive is the World\u2019s 1st MFi Lightning USB Drive with power bank supporting iPhone and iPad with either Lightning or 30 pin cable.",
  "category": {
    "color": 6526716,
    "id": 337,
    "name": "Gadgets",
    "parent_id": 16,
    "position": 7,
    "slug": "technology/gadgets",
    "urls": {
      "web": {
        "discover": "http://www.kickstarter.com/discover/categories/technology/gadgets"
      }
    }
  },
  "converted_pledged_amount": 8723,
  "country": "US",
  "created_at": 1400164829,
  "creator": {
    "avatar": {
      "medium": "https://ksr-ugc.imgix.net/assets/008/729/659/4e25711aab41870551b9d549d3787228_original.png?w=160&h=160&fit=crop&v=1461541061&auto=format&q=92&s=f1e4e735c3384bed5fa49b159ec221c8",
      "small": "https://ksr-ugc.imgix.net/assets/008/729/659/4e25711aab41870551b9d549d3787228_original.png?w=160&h=160&fit=crop&v=1461541061&auto=format&q=92&s=f1e4e735c3384bed5fa49b159ec221c8",
      "thumb": "https://ksr-ugc.imgix.net/assets/008/729/659/4e25711aab41870551b9d549d3787228_original.png?w=40&h=40&fit=crop&v=1461541061&auto=format&q=92&s=36b736cbfd28e0f48b57fcc16df9c6c8"
    },
    "chosen_currency": null,
    "id": 229973091,
    "is_registered": true,
    "name": "MAZZO by InfoThinker Inc.",
    "urls": {
      "api": {
        "user": "https://api.kickstarter.com/v1/users/229973091?signature=1524101119.e95e8d261ad85d163d9388f3703577f4fe71ca0c"
      },
      "web": {
        "user": "https://www.kickstarter.com/profile/229973091"
      }
    }
  },
  "currency": "USD",
  "currency_symbol": "$",
  "currency_trailing_code": true,
  "current_currency": "USD",
  "deadline": 1405215484,
  "disable_communication": false,
  "fx_rate": 1.0,
  "goal": 100000.0,
  "id": 1040717699,
  "is_starrable": false,
  "launched_at": 1402623484,
  "location": {
    "country": "US",
    "displayable_name": "Los Angeles, CA",
    "id": 2442047,
    "is_root": false,
    "localized_name": "Los Angeles",
    "name": "Los Angeles",
    "short_name": "Los Angeles, CA",
    "slug": "los-angeles-ca",
    "state": "CA",
    "type": "Town",
    "urls": {
      "api": {
        "nearby_projects": "https://api.kickstarter.com/v1/discover?signature=1524082109.85e1ac450ea9010763e72751ef0e7aad8408a809&woe_id=2442047"
      },
      "web": {
        "discover": "https://www.kickstarter.com/discover/places/los-angeles-ca",
        "location": "https://www.kickstarter.com/locations/los-angeles-ca"
      }
    }
  },
  "name": "PowerDrive - The Ultimate USB Drive for iOS with Power Juice",
  "photo": {
    "1024x576": "https://ksr-ugc.imgix.net/assets/011/706/053/8df9a714e8f42c8c94469b956c306375_original.jpg?crop=faces&w=1024&h=576&fit=crop&v=1463687041&auto=format&q=92&s=af6bbeeceace2d05cd9c80f234db721a",
    "1536x864": "https://ksr-ugc.imgix.net/assets/011/706/053/8df9a714e8f42c8c94469b956c306375_original.jpg?crop=faces&w=1552&h=873&fit=crop&v=1463687041&auto=format&q=92&s=bf9d56dcb79806095a983ccf51404b9e",
    "ed": "https://ksr-ugc.imgix.net/assets/011/706/053/8df9a714e8f42c8c94469b956c306375_original.jpg?crop=faces&w=352&h=198&fit=crop&v=1463687041&auto=format&q=92&s=c83b7144e2d77d379f9bbdfdf974cef5",
    "full": "https://ksr-ugc.imgix.net/assets/011/706/053/8df9a714e8f42c8c94469b956c306375_original.jpg?crop=faces&w=560&h=315&fit=crop&v=1463687041&auto=format&q=92&s=cc34b0397cca7f55aabaa20b3d382b40",
    "key": "assets/011/706/053/8df9a714e8f42c8c94469b956c306375_original.jpg",
    "little": "https://ksr-ugc.imgix.net/assets/011/706/053/8df9a714e8f42c8c94469b956c306375_original.jpg?crop=faces&w=208&h=117&fit=crop&v=1463687041&auto=format&q=92&s=4f60b69fd49146ae3be2771608e8d2d9",
    "med": "https://ksr-ugc.imgix.net/assets/011/706/053/8df9a714e8f42c8c94469b956c306375_original.jpg?crop=faces&w=272&h=153&fit=crop&v=1463687041&auto=format&q=92&s=dbb42db9ed45ef5db97c07c2780d1d8f",
    "small": "https://ksr-ugc.imgix.net/assets/011/706/053/8df9a714e8f42c8c94469b956c306375_original.jpg?crop=faces&w=160&h=90&fit=crop&v=1463687041&auto=format&q=92&s=4e9f3c5be1ed19caa13148c07eacebbe",
    "thumb": "https://ksr-ugc.imgix.net/assets/011/706/053/8df9a714e8f42c8c94469b956c306375_original.jpg?crop=faces&w=48&h=27&fit=crop&v=1463687041&auto=format&q=92&s=d44b38ab7ca1cbc9211ec62aa8d07546"
  },
  "pledged": 8723.0,
  "profile": {
    "background_color": null,
    "background_image_opacity": 0.8,
    "blurb": null,
    "feature_image_attributes": {
      "image_urls": {
        "baseball_card": "https://ksr-ugc.imgix.net/assets/011/706/053/8df9a714e8f42c8c94469b956c306375_original.jpg?crop=faces&w=560&h=315&fit=crop&v=1463687041&auto=format&q=92&s=cc34b0397cca7f55aabaa20b3d382b40",
        "default": "https://ksr-ugc.imgix.net/assets/011/706/053/8df9a714e8f42c8c94469b956c306375_original.jpg?crop=faces&w=1552&h=873&fit=crop&v=1463687041&auto=format&q=92&s=bf9d56dcb79806095a983ccf51404b9e"
      }
    },
    "id": 1024424,
    "link_background_color": null,
    "link_text": null,
    "link_text_color": null,
    "link_url": null,
    "name": null,
    "project_id": 1024424,
    "should_show_feature_image_section": true,
    "show_feature_image": false,
    "state": "inactive",
    "state_changed_at": 1425915857,
    "text_color": null
  },
  "slug": "powerdrive-the-ultimate-usb-drive-for-ios-with-pow",
  "spotlight": false,
  "staff_pick": false,
  "state": "failed",
  "state_changed_at": 1405215486,
  "static_usd_rate": 1.0,
  "urls": {
    "web": {
      "project": "https://www.kickstarter.com/projects/229973091/powerdrive-the-ultimate-usb-drive-for-ios-with-pow?ref=category_newest",
      "rewards": "https://www.kickstarter.com/projects/229973091/powerdrive-the-ultimate-usb-drive-for-ios-with-pow/rewards"
    }
  },
  "usd_pledged": "8723.0",
  "usd_type": "international"
}