{
  "backers_count": 3,
  "blurb": "The most rude, obnoxious, and /or funny GPS there is with interchangeable ethnic voices.",
  "category": {
    "color": 6526716,
    "id": 337,
    "name": "Gadgets",
    "parent_id": 16,
    "position": 7,
    "slug": "technology/gadgets",
    "urls": {
      "web": {
        "discover": "http://www.kickstarter.com/discover/categories/technology/gadgets"
      }
    }
  },
  "converted_pledged_amount": 21,
  "country": "US",
  "created_at": 1421790103,
  "creator": {
    "avatar": {
      "medium": "https://ksr-ugc.imgix.net/assets/009/464/098/53bcb8e026b645ec262d8500d36ea2be_original.jpg?w=160&h=160&fit=crop&v=1461597008&auto=format&q=92&s=fbed8f85b78bf328c427bb27a57388ea",
      "small": "https://ksr-ugc.imgix.net/assets/009/464/098/53bcb8e026b645ec262d8500d36ea2be_original.jpg?w=160&h=160&fit=crop&v=1461597008&auto=format&q=92&s=fbed8f85b78bf328c427bb27a57388ea",
      "thumb": "https://ksr-ugc.imgix.net/assets/009/464/098/53bcb8e026b645ec262d8500d36ea2be_original.jpg?w=40&h=40&fit=crop&v=1461597008&auto=format&q=92&s=25d6f0443e0a75bb2728323b9d0cc3d8"
    },
    "chosen_currency": null,
    "id": 1747216767,
    "is_registered": true,
    "name": "Drew",
    "urls": {
      "api": {
        "user": "https://api.kickstarter.com/v1/users/1747216767?signature=1524101168.b286e75191e9301e1ce8fc4fff6e7466df440e44"
      },
      "web": {
        "user": "https://www.kickstarter.com/profile/1747216767"
      }
    }
  },
  "currency": "USD",
  "currency_symbol": "$",
  "currency_trailing_code": true,
  "current_currency": "USD",
  "deadline": 1424635202,
  "disable_communication": false,
  "fx_rate": 1.0,
  "goal": 7000.0,
  "id": 104011555,
  "is_starrable": false,
  "launched_at": 1422043202,
  "location": {
    "country": "US",
    "displayable_name": "Los Angeles, CA",
    "id": 2442047,
    "is_root": false,
    "localized_name": "Los Angeles",
    "name": "Los Angeles",
    "short_name": "Los Angeles, CA",
    "slug": "los-angeles-ca",
    "state": "CA",
    "type": "Town",
    "urls": {
      "api": {
        "nearby_projects": "https://api.kickstarter.com/v1/discover?signature=1524082109.85e1ac450ea9010763e72751ef0e7aad8408a809&woe_id=2442047"
      },
      "web": {
        "discover": "https://www.kickstarter.com/discover/places/los-angeles-ca",
        "location": "https://www.kickstarter.com/locations/los-angeles-ca"
      }
    }
  },
  "name": "Explicit Gps",
  "photo": {
    "1024x576": "https://ksr-ugc.imgix.net/assets/012/007/079/472326abf8dcc8d49a774f23a8d62690_original.jpg?crop=faces&w=1024&h=576&fit=crop&v=1463723527&auto=format&q=92&s=42e6792e559f5f98bc33c3727d048dae",
    "1536x864": "https://ksr-ugc.imgix.net/assets/012/007/079/472326abf8dcc8d49a774f23a8d62690_original.jpg?crop=faces&w=1552&h=873&fit=crop&v=1463723527&auto=format&q=92&s=677bc298e76bcc46696cbb5478b0493b",
    "ed": "https://ksr-ugc.imgix.net/assets/012/007/079/472326abf8dcc8d49a774f23a8d62690_original.jpg?crop=faces&w=352&h=198&fit=crop&v=1463723527&auto=format&q=92&s=bd676d5a36a22bdb0f55a388e74d2f0d",
    "full": "https://ksr-ugc.imgix.net/assets/012/007/079/472326abf8dcc8d49a774f23a8d62690_original.jpg?crop=faces&w=560&h=315&fit=crop&v=1463723527&auto=format&q=92&s=2e623ac42e86681fe1c4ced8d07e38d9",
    "key": "assets/012/007/079/472326abf8dcc8d49a774f23a8d62690_original.jpg",
    "little": "https://ksr-ugc.imgix.net/assets/012/007/079/472326abf8dcc8d49a774f23a8d62690_original.jpg?crop=faces&w=208&h=117&fit=crop&v=1463723527&auto=format&q=92&s=524a6831df9c1922388846c229a34619",
    "med": "https://ksr-ugc.imgix.net/assets/012/007/079/472326abf8dcc8d49a774f23a8d62690_original.jpg?crop=faces&w=272&h=153&fit=crop&v=1463723527&auto=format&q=92&s=5f5eb763fa39c1fafa5b7096a03b51ce",
    "small": "https://ksr-ugc.imgix.net/assets/012/007/079/472326abf8dcc8d49a774f23a8d62690_original.jpg?crop=faces&w=160&h=90&fit=crop&v=1463723527&auto=format&q=92&s=1990a2279a955177204caf8b8ea723f8",
    "thumb": "https://ksr-ugc.imgix.net/assets/012/007/079/472326abf8dcc8d49a774f23a8d62690_original.jpg?crop=faces&w=48&h=27&fit=crop&v=1463723527&auto=format&q=92&s=4356aecd6f027f664fd08407082e4f28"
  },
  "pledged": 21.0,
  "profile": {
    "background_color": null,
    "background_image_opacity": 0.8,
    "blurb": null,
    "feature_image_attributes": {
      "image_urls": {
        "baseball_card": "https://ksr-ugc.imgix.net/assets/012/007/079/472326abf8dcc8d49a774f23a8d62690_original.jpg?crop=faces&w=560&h=315&fit=crop&v=1463723527&auto=format&q=92&s=2e623ac42e86681fe1c4ced8d07e38d9",
        "default": "https://ksr-ugc.imgix.net/assets/012/007/079/472326abf8dcc8d49a774f23a8d62690_original.jpg?crop=faces&w=1552&h=873&fit=crop&v=1463723527&auto=format&q=92&s=677bc298e76bcc46696cbb5478b0493b"
      }
    },
    "id": 1644627,
    "link_background_color": null,
    "link_text": null,
    "link_text_color": null,
    "link_url": null,
    "name": null,
    "project_id": 1644627,
    "should_show_feature_image_section": true,
    "show_feature_image": false,
    "state": "inactive",
    "state_changed_at": 1425915890,
    "text_color": null
  },
  "slug": "explicit-gps",
  "spotlight": false,
  "staff_pick": false,
  "state": "failed",
  "state_changed_at": 1424635214,
  "static_usd_rate": 1.0,
  "urls": {
    "web": {
      "project": "https://www.kickstarter.com/projects/1747216767/explicit-gps?ref=category_newest",
      "rewards": "https://www.kickstarter.com/projects/1747216767/explicit-gps/rewards"
    }
  },
  "usd_pledged": "21.0",
  "usd_type": "international"
}