{
  "backers_count": 1,
  "blurb": "This website will help you which movie, book, tv show (and much more) fits perfectly to your taste!",
  "category": {
    "color": 6526716,
    "id": 342,
    "name": "Web",
    "parent_id": 16,
    "position": 15,
    "slug": "technology/web",
    "urls": {
      "web": {
        "discover": "http://www.kickstarter.com/discover/categories/technology/web"
      }
    }
  },
  "converted_pledged_amount": 16,
  "country": "DE",
  "created_at": 1453186358,
  "creator": {
    "avatar": {
      "medium": "https://ksr-ugc.imgix.net/assets/010/741/413/5a3a94fc616843f98fa5955e33866714_original.jpg?w=160&h=160&fit=crop&v=1487511962&auto=format&q=92&s=9c0cb32eefcbebe60125ba4eda3ad85c",
      "small": "https://ksr-ugc.imgix.net/assets/010/741/413/5a3a94fc616843f98fa5955e33866714_original.jpg?w=160&h=160&fit=crop&v=1487511962&auto=format&q=92&s=9c0cb32eefcbebe60125ba4eda3ad85c",
      "thumb": "https://ksr-ugc.imgix.net/assets/010/741/413/5a3a94fc616843f98fa5955e33866714_original.jpg?w=40&h=40&fit=crop&v=1487511962&auto=format&q=92&s=3a1ae277952a3ac158311910980f8e40"
    },
    "chosen_currency": null,
    "id": 1387817806,
    "is_registered": true,
    "name": "Philipp M\u00fcller",
    "urls": {
      "api": {
        "user": "https://api.kickstarter.com/v1/users/1387817806?signature=1524103280.e119c8ec4707f3d9bf6b7d2155738ed1f34e745e"
      },
      "web": {
        "user": "https://www.kickstarter.com/profile/1387817806"
      }
    }
  },
  "currency": "EUR",
  "currency_symbol": "\u20ac",
  "currency_trailing_code": false,
  "current_currency": "USD",
  "deadline": 1458936496,
  "disable_communication": false,
  "fx_rate": 1.23814016,
  "goal": 55000.0,
  "id": 1040791125,
  "is_starrable": false,
  "launched_at": 1453756096,
  "location": {
    "country": "DE",
    "displayable_name": "Cologne, Germany",
    "id": 667931,
    "is_root": false,
    "localized_name": "Cologne",
    "name": "Cologne",
    "short_name": "Cologne, Germany",
    "slug": "cologne-de",
    "state": "North Rhine-Westphalia",
    "type": "Town",
    "urls": {
      "api": {
        "nearby_projects": "https://api.kickstarter.com/v1/discover?signature=1524082113.7f5fd50f5f5fa07c38614d39f8ca3eae475513b9&woe_id=667931"
      },
      "web": {
        "discover": "https://www.kickstarter.com/discover/places/cologne-de",
        "location": "https://www.kickstarter.com/locations/cologne-de"
      }
    }
  },
  "name": "Share your TOP 10 with your friends and the world!",
  "photo": {
    "1024x576": "https://ksr-ugc.imgix.net/assets/012/357/916/277ed57caf46796c0b653d7c4799cd33_original.jpg?crop=faces&w=1024&h=576&fit=crop&v=1463756597&auto=format&q=92&s=a8c85da914cce5457df8b19bc0077383",
    "1536x864": "https://ksr-ugc.imgix.net/assets/012/357/916/277ed57caf46796c0b653d7c4799cd33_original.jpg?crop=faces&w=1552&h=873&fit=crop&v=1463756597&auto=format&q=92&s=ad1e9fd7ceaf97980cf55270934fd958",
    "ed": "https://ksr-ugc.imgix.net/assets/012/357/916/277ed57caf46796c0b653d7c4799cd33_original.jpg?crop=faces&w=352&h=198&fit=crop&v=1463756597&auto=format&q=92&s=b6743219093130f6e02a21ff457c3b99",
    "full": "https://ksr-ugc.imgix.net/assets/012/357/916/277ed57caf46796c0b653d7c4799cd33_original.jpg?crop=faces&w=560&h=315&fit=crop&v=1463756597&auto=format&q=92&s=5068f2baec7f94eca9aa16460b0497a3",
    "key": "assets/012/357/916/277ed57caf46796c0b653d7c4799cd33_original.jpg",
    "little": "https://ksr-ugc.imgix.net/assets/012/357/916/277ed57caf46796c0b653d7c4799cd33_original.jpg?crop=faces&w=208&h=117&fit=crop&v=1463756597&auto=format&q=92&s=4e78a92d7d11402bb925034619086e23",
    "med": "https://ksr-ugc.imgix.net/assets/012/357/916/277ed57caf46796c0b653d7c4799cd33_original.jpg?crop=faces&w=272&h=153&fit=crop&v=1463756597&auto=format&q=92&s=2ffe6087981ca81a5435365f1b7ced8f",
    "small": "https://ksr-ugc.imgix.net/assets/012/357/916/277ed57caf46796c0b653d7c4799cd33_original.jpg?crop=faces&w=160&h=90&fit=crop&v=1463756597&auto=format&q=92&s=497a9dee659e7671f12110cf103a8b64",
    "thumb": "https://ksr-ugc.imgix.net/assets/012/357/916/277ed57caf46796c0b653d7c4799cd33_original.jpg?crop=faces&w=48&h=27&fit=crop&v=1463756597&auto=format&q=92&s=c604248b837c9b0577f912f10f66cd41"
  },
  "pledged": 15.0,
  "profile": {
    "background_color": null,
    "background_image_opacity": 0.8,
    "blurb": null,
    "feature_image_attributes": {
      "image_urls": {
        "baseball_card": "https://ksr-ugc.imgix.net/assets/012/357/916/277ed57caf46796c0b653d7c4799cd33_original.jpg?crop=faces&w=560&h=315&fit=crop&v=1463756597&auto=format&q=92&s=5068f2baec7f94eca9aa16460b0497a3",
        "default": "https://ksr-ugc.imgix.net/assets/012/357/916/277ed57caf46796c0b653d7c4799cd33_original.jpg?crop=faces&w=1552&h=873&fit=crop&v=1463756597&auto=format&q=92&s=ad1e9fd7ceaf97980cf55270934fd958"
      }
    },
    "id": 2329161,
    "link_background_color": null,
    "link_text": null,
    "link_text_color": null,
    "link_url": null,
    "name": null,
    "project_id": 2329161,
    "should_show_feature_image_section": true,
    "show_feature_image": false,
    "state": "inactive",
    "state_changed_at": 1453186358,
    "text_color": null
  },
  "slug": "share-your-top-10-with-your-friends-and-the-world",
  "spotlight": false,
  "staff_pick": false,
  "state": "failed",
  "state_changed_at": 1458936496,
  "static_usd_rate": 1.07975153,
  "urls": {
    "web": {
      "project": "https://www.kickstarter.com/projects/1387817806/share-your-top-10-with-your-friends-and-the-world?ref=category_newest",
      "rewards": "https://www.kickstarter.com/projects/1387817806/share-your-top-10-with-your-friends-and-the-world/rewards"
    }
  },
  "usd_pledged": "16.19627295",
  "usd_type": "international"
}