{
  "backers_count": 0,
  "blurb": "someone loses their phone they go on the site or app or call a 800 number and a providers picks up the ticket then collects the phone.",
  "category": {
    "color": 6526716,
    "id": 332,
    "name": "Apps",
    "parent_id": 16,
    "position": 2,
    "slug": "technology/apps",
    "urls": {
      "web": {
        "discover": "http://www.kickstarter.com/discover/categories/technology/apps"
      }
    }
  },
  "converted_pledged_amount": 0,
  "country": "US",
  "created_at": 1420700417,
  "creator": {
    "avatar": {
      "medium": "https://ksr-ugc.imgix.net/assets/009/424/998/53e8b52f83b155375cdcf7a81ea233aa_original.jpeg?w=160&h=160&fit=crop&v=1461594565&auto=format&q=92&s=95c178266ac3c9d8cfdb2bc619efcffb",
      "small": "https://ksr-ugc.imgix.net/assets/009/424/998/53e8b52f83b155375cdcf7a81ea233aa_original.jpeg?w=160&h=160&fit=crop&v=1461594565&auto=format&q=92&s=95c178266ac3c9d8cfdb2bc619efcffb",
      "thumb": "https://ksr-ugc.imgix.net/assets/009/424/998/53e8b52f83b155375cdcf7a81ea233aa_original.jpeg?w=40&h=40&fit=crop&v=1461594565&auto=format&q=92&s=ac33daa09b32a1c7b6fc14ec1b1a8ce8"
    },
    "chosen_currency": null,
    "id": 394750972,
    "is_registered": true,
    "name": "Ryan Scaler",
    "urls": {
      "api": {
        "user": "https://api.kickstarter.com/v1/users/394750972?signature=1524100336.f3eca56d047d89297996d28a5d2352303ce26960"
      },
      "web": {
        "user": "https://www.kickstarter.com/profile/394750972"
      }
    }
  },
  "currency": "USD",
  "currency_symbol": "$",
  "currency_trailing_code": true,
  "current_currency": "USD",
  "deadline": 1423697877,
  "disable_communication": false,
  "fx_rate": 1.0,
  "goal": 500.0,
  "id": 1040235407,
  "is_starrable": false,
  "launched_at": 1421105877,
  "location": {
    "country": "US",
    "displayable_name": "San Jose, CA",
    "id": 2488042,
    "is_root": false,
    "localized_name": "San Jose",
    "name": "San Jose",
    "short_name": "San Jose, CA",
    "slug": "san-jose-ca",
    "state": "CA",
    "type": "Town",
    "urls": {
      "api": {
        "nearby_projects": "https://api.kickstarter.com/v1/discover?signature=1524082109.bba2dfbe2cc906a1b61327fe22d5b1d8f5264f73&woe_id=2488042"
      },
      "web": {
        "discover": "https://www.kickstarter.com/discover/places/san-jose-ca",
        "location": "https://www.kickstarter.com/locations/san-jose-ca"
      }
    }
  },
  "name": "find phone service",
  "photo": {
    "1024x576": "https://ksr-ugc.imgix.net/assets/011/994/092/b90e3388575357faacf1cf5cc4070e96_original.jpg?crop=faces&w=1024&h=576&fit=crop&v=1463722341&auto=format&q=92&s=d75a15f144e35dfe01f55437615023e4",
    "1536x864": "https://ksr-ugc.imgix.net/assets/011/994/092/b90e3388575357faacf1cf5cc4070e96_original.jpg?crop=faces&w=1552&h=873&fit=crop&v=1463722341&auto=format&q=92&s=91285b2189297860bb7c7790d377042a",
    "ed": "https://ksr-ugc.imgix.net/assets/011/994/092/b90e3388575357faacf1cf5cc4070e96_original.jpg?crop=faces&w=352&h=198&fit=crop&v=1463722341&auto=format&q=92&s=6c3e2df69f2a0c6b770aea70ddad6b4d",
    "full": "https://ksr-ugc.imgix.net/assets/011/994/092/b90e3388575357faacf1cf5cc4070e96_original.jpg?crop=faces&w=560&h=315&fit=crop&v=1463722341&auto=format&q=92&s=c77470191c8509d7cc2ea737c4ac2de4",
    "key": "assets/011/994/092/b90e3388575357faacf1cf5cc4070e96_original.jpg",
    "little": "https://ksr-ugc.imgix.net/assets/011/994/092/b90e3388575357faacf1cf5cc4070e96_original.jpg?crop=faces&w=208&h=117&fit=crop&v=1463722341&auto=format&q=92&s=611cfc17dbe2caaf0d428e8e62c28a09",
    "med": "https://ksr-ugc.imgix.net/assets/011/994/092/b90e3388575357faacf1cf5cc4070e96_original.jpg?crop=faces&w=272&h=153&fit=crop&v=1463722341&auto=format&q=92&s=01fd9e9596abc8e9a6ac055e0db2fea7",
    "small": "https://ksr-ugc.imgix.net/assets/011/994/092/b90e3388575357faacf1cf5cc4070e96_original.jpg?crop=faces&w=160&h=90&fit=crop&v=1463722341&auto=format&q=92&s=d9de546114b32be2ec325a8710dcbbc1",
    "thumb": "https://ksr-ugc.imgix.net/assets/011/994/092/b90e3388575357faacf1cf5cc4070e96_original.jpg?crop=faces&w=48&h=27&fit=crop&v=1463722341&auto=format&q=92&s=4a4f75c7fe545763597301f1f4f27682"
  },
  "pledged": 0.0,
  "profile": {
    "background_color": null,
    "background_image_opacity": 0.8,
    "blurb": null,
    "feature_image_attributes": {
      "image_urls": {
        "baseball_card": "https://ksr-ugc.imgix.net/assets/011/994/092/b90e3388575357faacf1cf5cc4070e96_original.jpg?crop=faces&w=560&h=315&fit=crop&v=1463722341&auto=format&q=92&s=c77470191c8509d7cc2ea737c4ac2de4",
        "default": "https://ksr-ugc.imgix.net/assets/011/994/092/b90e3388575357faacf1cf5cc4070e96_original.jpg?crop=faces&w=1552&h=873&fit=crop&v=1463722341&auto=format&q=92&s=91285b2189297860bb7c7790d377042a"
      }
    },
    "id": 1618113,
    "link_background_color": null,
    "link_text": null,
    "link_text_color": null,
    "link_url": null,
    "name": null,
    "project_id": 1618113,
    "should_show_feature_image_section": true,
    "show_feature_image": false,
    "state": "inactive",
    "state_changed_at": 1425915889,
    "text_color": null
  },
  "slug": "find-phone-service",
  "spotlight": false,
  "staff_pick": false,
  "state": "failed",
  "state_changed_at": 1423697877,
  "static_usd_rate": 1.0,
  "urls": {
    "web": {
      "project": "https://www.kickstarter.com/projects/394750972/find-phone-service?ref=category_newest",
      "rewards": "https://www.kickstarter.com/projects/394750972/find-phone-service/rewards"
    }
  },
  "usd_pledged": "0.0",
  "usd_type": "international"
}