{
  "backers_count": 216,
  "blurb": "Because you don\u2019t have all the answers. And everyone, at any stage of their careers, can benefit from a sounding board.",
  "category": {
    "color": 6526716,
    "id": 342,
    "name": "Web",
    "parent_id": 16,
    "position": 15,
    "slug": "technology/web",
    "urls": {
      "web": {
        "discover": "http://www.kickstarter.com/discover/categories/technology/web"
      }
    }
  },
  "converted_pledged_amount": 58369,
  "country": "US",
  "created_at": 1413396839,
  "creator": {
    "avatar": {
      "medium": "https://ksr-ugc.imgix.net/assets/009/230/526/90cfbd6be1b70683221846cbddd560bf_original.jpg?w=160&h=160&fit=crop&v=1461566362&auto=format&q=92&s=6fe12dd88b73615ad336a1d39439ea4f",
      "small": "https://ksr-ugc.imgix.net/assets/009/230/526/90cfbd6be1b70683221846cbddd560bf_original.jpg?w=160&h=160&fit=crop&v=1461566362&auto=format&q=92&s=6fe12dd88b73615ad336a1d39439ea4f",
      "thumb": "https://ksr-ugc.imgix.net/assets/009/230/526/90cfbd6be1b70683221846cbddd560bf_original.jpg?w=40&h=40&fit=crop&v=1461566362&auto=format&q=92&s=e142a3338acc09e8c454d8856a30aee9"
    },
    "chosen_currency": null,
    "id": 188238125,
    "is_registered": true,
    "name": "BoardSeat LLC",
    "slug": "boardseat",
    "urls": {
      "api": {
        "user": "https://api.kickstarter.com/v1/users/188238125?signature=1524103258.ed4a2c27fa748c757dec8978fd741528eb753cd2"
      },
      "web": {
        "user": "https://www.kickstarter.com/profile/boardseat"
      }
    }
  },
  "currency": "USD",
  "currency_symbol": "$",
  "currency_trailing_code": true,
  "current_currency": "USD",
  "deadline": 1449982740,
  "disable_communication": false,
  "fx_rate": 1.0,
  "goal": 175000.0,
  "id": 104087453,
  "is_starrable": false,
  "launched_at": 1447760687,
  "location": {
    "country": "US",
    "displayable_name": "New York, NY",
    "id": 2459115,
    "is_root": false,
    "localized_name": "New York",
    "name": "New York",
    "short_name": "New York, NY",
    "slug": "new-york-ny",
    "state": "NY",
    "type": "Town",
    "urls": {
      "api": {
        "nearby_projects": "https://api.kickstarter.com/v1/discover?signature=1524082109.8b002b19b247f907ed0b409cc04e5ded0a21adce&woe_id=2459115"
      },
      "web": {
        "discover": "https://www.kickstarter.com/discover/places/new-york-ny",
        "location": "https://www.kickstarter.com/locations/new-york-ny"
      }
    }
  },
  "name": "BoardSeat - Who's On Your Board?",
  "photo": {
    "1024x576": "https://ksr-ugc.imgix.net/assets/011/909/877/009f38d50f03f7a92fe045f8f62dadbb_original.jpg?crop=faces&w=1024&h=576&fit=crop&v=1463713789&auto=format&q=92&s=d27bc05e372b215aa3bc46ee741d21ba",
    "1536x864": "https://ksr-ugc.imgix.net/assets/011/909/877/009f38d50f03f7a92fe045f8f62dadbb_original.jpg?crop=faces&w=1552&h=873&fit=crop&v=1463713789&auto=format&q=92&s=0401f67eb9ea0104099c70e135d64a17",
    "ed": "https://ksr-ugc.imgix.net/assets/011/909/877/009f38d50f03f7a92fe045f8f62dadbb_original.jpg?crop=faces&w=352&h=198&fit=crop&v=1463713789&auto=format&q=92&s=bfe7e31acc484b4ddeecc7b385402cd3",
    "full": "https://ksr-ugc.imgix.net/assets/011/909/877/009f38d50f03f7a92fe045f8f62dadbb_original.jpg?crop=faces&w=560&h=315&fit=crop&v=1463713789&auto=format&q=92&s=9a4e227442abaa396c23b88e99b55a9d",
    "key": "assets/011/909/877/009f38d50f03f7a92fe045f8f62dadbb_original.jpg",
    "little": "https://ksr-ugc.imgix.net/assets/011/909/877/009f38d50f03f7a92fe045f8f62dadbb_original.jpg?crop=faces&w=208&h=117&fit=crop&v=1463713789&auto=format&q=92&s=a23ece455bcff84e944c6a47aa765af6",
    "med": "https://ksr-ugc.imgix.net/assets/011/909/877/009f38d50f03f7a92fe045f8f62dadbb_original.jpg?crop=faces&w=272&h=153&fit=crop&v=1463713789&auto=format&q=92&s=0f6d8dadfc214545d4dc653fd7381350",
    "small": "https://ksr-ugc.imgix.net/assets/011/909/877/009f38d50f03f7a92fe045f8f62dadbb_original.jpg?crop=faces&w=160&h=90&fit=crop&v=1463713789&auto=format&q=92&s=c356b82909d9587a5af4361cfaae48c6",
    "thumb": "https://ksr-ugc.imgix.net/assets/011/909/877/009f38d50f03f7a92fe045f8f62dadbb_original.jpg?crop=faces&w=48&h=27&fit=crop&v=1463713789&auto=format&q=92&s=5efac033c8496726ea97d038fe17d22e"
  },
  "pledged": 58369.0,
  "profile": {
    "background_color": null,
    "background_image_opacity": 0.8,
    "blurb": null,
    "feature_image_attributes": {
      "image_urls": {
        "baseball_card": "https://ksr-ugc.imgix.net/assets/011/909/877/009f38d50f03f7a92fe045f8f62dadbb_original.jpg?crop=faces&w=560&h=315&fit=crop&v=1463713789&auto=format&q=92&s=9a4e227442abaa396c23b88e99b55a9d",
        "default": "https://ksr-ugc.imgix.net/assets/011/909/877/009f38d50f03f7a92fe045f8f62dadbb_original.jpg?crop=faces&w=1552&h=873&fit=crop&v=1463713789&auto=format&q=92&s=0401f67eb9ea0104099c70e135d64a17"
      }
    },
    "id": 1442866,
    "link_background_color": null,
    "link_text": null,
    "link_text_color": null,
    "link_url": null,
    "name": null,
    "project_id": 1442866,
    "should_show_feature_image_section": true,
    "show_feature_image": false,
    "state": "inactive",
    "state_changed_at": 1425915879,
    "text_color": null
  },
  "slug": "boardseat-whos-on-your-board",
  "spotlight": false,
  "staff_pick": false,
  "state": "failed",
  "state_changed_at": 1449982742,
  "static_usd_rate": 1.0,
  "urls": {
    "web": {
      "project": "https://www.kickstarter.com/projects/boardseat/boardseat-whos-on-your-board?ref=category_newest",
      "rewards": "https://www.kickstarter.com/projects/boardseat/boardseat-whos-on-your-board/rewards"
    }
  },
  "usd_pledged": "58369.0",
  "usd_type": "international"
}