{
  "backers_count": 2,
  "blurb": "I want to create a free website for all types of Christians and those looking for the right place to worship.",
  "category": {
    "color": 6526716,
    "id": 342,
    "name": "Web",
    "parent_id": 16,
    "position": 15,
    "slug": "technology/web",
    "urls": {
      "web": {
        "discover": "http://www.kickstarter.com/discover/categories/technology/web"
      }
    }
  },
  "converted_pledged_amount": 26,
  "country": "US",
  "created_at": 1421380293,
  "creator": {
    "avatar": {
      "medium": "https://ksr-ugc.imgix.net/assets/009/448/022/58e032d6bd541103202fcc6a27cb7c3d_original.jpeg?w=160&h=160&fit=crop&v=1461595982&auto=format&q=92&s=d8ab4a05bddc159c30cba615768b6b9c",
      "small": "https://ksr-ugc.imgix.net/assets/009/448/022/58e032d6bd541103202fcc6a27cb7c3d_original.jpeg?w=160&h=160&fit=crop&v=1461595982&auto=format&q=92&s=d8ab4a05bddc159c30cba615768b6b9c",
      "thumb": "https://ksr-ugc.imgix.net/assets/009/448/022/58e032d6bd541103202fcc6a27cb7c3d_original.jpeg?w=40&h=40&fit=crop&v=1461595982&auto=format&q=92&s=c5c908b37abc3c0a007558b826be6771"
    },
    "chosen_currency": null,
    "id": 622774782,
    "is_registered": true,
    "name": "Andrew Ludwick",
    "urls": {
      "api": {
        "user": "https://api.kickstarter.com/v1/users/622774782?signature=1524103067.fa1695e42c7526f9db2c23aa23f98a7a8b23b8a1"
      },
      "web": {
        "user": "https://www.kickstarter.com/profile/622774782"
      }
    }
  },
  "currency": "USD",
  "currency_symbol": "$",
  "currency_trailing_code": true,
  "current_currency": "USD",
  "deadline": 1422749402,
  "disable_communication": false,
  "fx_rate": 1.0,
  "goal": 50000.0,
  "id": 1041722767,
  "is_starrable": false,
  "launched_at": 1421453402,
  "location": {
    "country": "US",
    "displayable_name": "Fort Worth, TX",
    "id": 2406080,
    "is_root": false,
    "localized_name": "Fort Worth",
    "name": "Fort Worth",
    "short_name": "Fort Worth, TX",
    "slug": "fort-worth-tarrant-tx",
    "state": "TX",
    "type": "Town",
    "urls": {
      "api": {
        "nearby_projects": "https://api.kickstarter.com/v1/discover?signature=1524082113.85afb96ecb3843b56d7e63622f2368c931d22168&woe_id=2406080"
      },
      "web": {
        "discover": "https://www.kickstarter.com/discover/places/fort-worth-tarrant-tx",
        "location": "https://www.kickstarter.com/locations/fort-worth-tarrant-tx"
      }
    }
  },
  "name": "Christian Meeting",
  "photo": {
    "1024x576": "https://ksr-ugc.imgix.net/assets/012/001/960/e39f2203f5102a1754d5ca0bb4082393_original.jpeg?crop=faces&w=1024&h=576&fit=crop&v=1463723046&auto=format&q=92&s=59145ea9be8d633f78667a1af4e8dd78",
    "1536x864": "https://ksr-ugc.imgix.net/assets/012/001/960/e39f2203f5102a1754d5ca0bb4082393_original.jpeg?crop=faces&w=1552&h=873&fit=crop&v=1463723046&auto=format&q=92&s=313d668c2a951fd42e4341df935d0726",
    "ed": "https://ksr-ugc.imgix.net/assets/012/001/960/e39f2203f5102a1754d5ca0bb4082393_original.jpeg?crop=faces&w=352&h=198&fit=crop&v=1463723046&auto=format&q=92&s=778183e7ae7c8cfbfaf31b9a125fc3d2",
    "full": "https://ksr-ugc.imgix.net/assets/012/001/960/e39f2203f5102a1754d5ca0bb4082393_original.jpeg?crop=faces&w=560&h=315&fit=crop&v=1463723046&auto=format&q=92&s=2224c89dab38eb657bfde729748a942e",
    "key": "assets/012/001/960/e39f2203f5102a1754d5ca0bb4082393_original.jpeg",
    "little": "https://ksr-ugc.imgix.net/assets/012/001/960/e39f2203f5102a1754d5ca0bb4082393_original.jpeg?crop=faces&w=208&h=117&fit=crop&v=1463723046&auto=format&q=92&s=0dce3c741b3c3fcbf37616643ac97787",
    "med": "https://ksr-ugc.imgix.net/assets/012/001/960/e39f2203f5102a1754d5ca0bb4082393_original.jpeg?crop=faces&w=272&h=153&fit=crop&v=1463723046&auto=format&q=92&s=4974126729fccb85f78c5703b681951f",
    "small": "https://ksr-ugc.imgix.net/assets/012/001/960/e39f2203f5102a1754d5ca0bb4082393_original.jpeg?crop=faces&w=160&h=90&fit=crop&v=1463723046&auto=format&q=92&s=b7a8e09c3540f6c71285c659adb9a152",
    "thumb": "https://ksr-ugc.imgix.net/assets/012/001/960/e39f2203f5102a1754d5ca0bb4082393_original.jpeg?crop=faces&w=48&h=27&fit=crop&v=1463723046&auto=format&q=92&s=fc8f9e51c657e0971833c244eac59f25"
  },
  "pledged": 26.0,
  "profile": {
    "background_color": null,
    "background_image_opacity": 0.8,
    "blurb": null,
    "feature_image_attributes": {
      "image_urls": {
        "baseball_card": "https://ksr-ugc.imgix.net/assets/012/001/960/e39f2203f5102a1754d5ca0bb4082393_original.jpeg?crop=faces&w=560&h=315&fit=crop&v=1463723046&auto=format&q=92&s=2224c89dab38eb657bfde729748a942e",
        "default": "https://ksr-ugc.imgix.net/assets/012/001/960/e39f2203f5102a1754d5ca0bb4082393_original.jpeg?crop=faces&w=1552&h=873&fit=crop&v=1463723046&auto=format&q=92&s=313d668c2a951fd42e4341df935d0726"
      }
    },
    "id": 1634286,
    "link_background_color": null,
    "link_text": null,
    "link_text_color": null,
    "link_url": null,
    "name": null,
    "project_id": 1634286,
    "should_show_feature_image_section": true,
    "show_feature_image": false,
    "state": "inactive",
    "state_changed_at": 1425915890,
    "text_color": null
  },
  "slug": "christian-meeting",
  "spotlight": false,
  "staff_pick": false,
  "state": "failed",
  "state_changed_at": 1422749402,
  "static_usd_rate": 1.0,
  "urls": {
    "web": {
      "project": "https://www.kickstarter.com/projects/622774782/christian-meeting?ref=category_newest",
      "rewards": "https://www.kickstarter.com/projects/622774782/christian-meeting/rewards"
    }
  },
  "usd_pledged": "26.0",
  "usd_type": "international"
}