{
  "backers_count": 4,
  "blurb": "TOPEEDOBOT affordable, light weight, silent, wifi enabled all metal 3D printer, Precise and easy to use for all. YES it is fold-able :)",
  "category": {
    "color": 6526716,
    "id": 331,
    "name": "3D Printing",
    "parent_id": 16,
    "position": 1,
    "slug": "technology/3d printing",
    "urls": {
      "web": {
        "discover": "http://www.kickstarter.com/discover/categories/technology/3d%20printing"
      }
    }
  },
  "converted_pledged_amount": 1879,
  "country": "NL",
  "created_at": 1463678765,
  "creator": {
    "avatar": {
      "medium": "https://ksr-ugc.imgix.net/assets/007/790/373/5ba03cc48b2a91aea7a405c016adb68b_original.jpg?w=160&h=160&fit=crop&v=1466795138&auto=format&q=92&s=759b4091f995666e3e32b41e238ec583",
      "small": "https://ksr-ugc.imgix.net/assets/007/790/373/5ba03cc48b2a91aea7a405c016adb68b_original.jpg?w=160&h=160&fit=crop&v=1466795138&auto=format&q=92&s=759b4091f995666e3e32b41e238ec583",
      "thumb": "https://ksr-ugc.imgix.net/assets/007/790/373/5ba03cc48b2a91aea7a405c016adb68b_original.jpg?w=40&h=40&fit=crop&v=1466795138&auto=format&q=92&s=efa6924664a387c6f38c6b9673756802"
    },
    "chosen_currency": null,
    "id": 99905999,
    "is_registered": true,
    "name": "3DSTUFFSNL",
    "urls": {
      "api": {
        "user": "https://api.kickstarter.com/v1/users/99905999?signature=1524100066.66de86d3712095206688fb118fb62d002dd72414"
      },
      "web": {
        "user": "https://www.kickstarter.com/profile/99905999"
      }
    }
  },
  "currency": "EUR",
  "currency_symbol": "\u20ac",
  "currency_trailing_code": false,
  "current_currency": "USD",
  "deadline": 1468638400,
  "disable_communication": false,
  "fx_rate": 1.23814016,
  "goal": 5000.0,
  "id": 104142697,
  "is_starrable": false,
  "launched_at": 1467342400,
  "location": {
    "country": "NL",
    "displayable_name": "Eindhoven, Netherlands",
    "id": 729028,
    "is_root": false,
    "localized_name": "Eindhoven",
    "name": "Eindhoven",
    "short_name": "Eindhoven, Netherlands",
    "slug": "eindhoven-nl",
    "state": "North Brabant",
    "type": "Town",
    "urls": {
      "api": {
        "nearby_projects": "https://api.kickstarter.com/v1/discover?signature=1524082145.2df7f19cb9d52421fbe5ac9b504c477efbc4ce11&woe_id=729028"
      },
      "web": {
        "discover": "https://www.kickstarter.com/discover/places/eindhoven-nl",
        "location": "https://www.kickstarter.com/locations/eindhoven-nl"
      }
    }
  },
  "name": "TOPEEDOBOT \"The all metal foldable 3D printer\". (Canceled)",
  "photo": {
    "1024x576": "https://ksr-ugc.imgix.net/assets/011/280/109/25fcffa5b227ffb586adbf49ecb82918_original.jpg?crop=faces&w=1024&h=576&fit=crop&v=1467337090&auto=format&q=92&s=6a3697220ac562039283aad8245a1631",
    "1536x864": "https://ksr-ugc.imgix.net/assets/011/280/109/25fcffa5b227ffb586adbf49ecb82918_original.jpg?crop=faces&w=1552&h=873&fit=crop&v=1467337090&auto=format&q=92&s=165795ba4ff94fe86691a06900b96f7c",
    "ed": "https://ksr-ugc.imgix.net/assets/011/280/109/25fcffa5b227ffb586adbf49ecb82918_original.jpg?crop=faces&w=352&h=198&fit=crop&v=1467337090&auto=format&q=92&s=2fba637eb263479e39c0f6e0eb88104d",
    "full": "https://ksr-ugc.imgix.net/assets/011/280/109/25fcffa5b227ffb586adbf49ecb82918_original.jpg?crop=faces&w=560&h=315&fit=crop&v=1467337090&auto=format&q=92&s=33c1d93a9b8c6f582d9e6907cf9f0a27",
    "key": "assets/011/280/109/25fcffa5b227ffb586adbf49ecb82918_original.jpg",
    "little": "https://ksr-ugc.imgix.net/assets/011/280/109/25fcffa5b227ffb586adbf49ecb82918_original.jpg?crop=faces&w=208&h=117&fit=crop&v=1467337090&auto=format&q=92&s=11613e966bcca90c87f5b22ec46a5546",
    "med": "https://ksr-ugc.imgix.net/assets/011/280/109/25fcffa5b227ffb586adbf49ecb82918_original.jpg?crop=faces&w=272&h=153&fit=crop&v=1467337090&auto=format&q=92&s=3c9e51e651a869afc2c85c2b93389368",
    "small": "https://ksr-ugc.imgix.net/assets/011/280/109/25fcffa5b227ffb586adbf49ecb82918_original.jpg?crop=faces&w=160&h=90&fit=crop&v=1467337090&auto=format&q=92&s=b13bdedf66510f6580c38ce11b7c55ca",
    "thumb": "https://ksr-ugc.imgix.net/assets/011/280/109/25fcffa5b227ffb586adbf49ecb82918_original.jpg?crop=faces&w=48&h=27&fit=crop&v=1467337090&auto=format&q=92&s=98a0ce3ef4d5ea10b8089d4a1d13880c"
  },
  "pledged": 1691.0,
  "profile": {
    "background_color": null,
    "background_image_opacity": 0.8,
    "blurb": null,
    "feature_image_attributes": {
      "image_urls": {
        "baseball_card": "https://ksr-ugc.imgix.net/assets/011/280/109/25fcffa5b227ffb586adbf49ecb82918_original.jpg?crop=faces&w=560&h=315&fit=crop&v=1467337090&auto=format&q=92&s=33c1d93a9b8c6f582d9e6907cf9f0a27",
        "default": "https://ksr-ugc.imgix.net/assets/011/280/109/25fcffa5b227ffb586adbf49ecb82918_original.jpg?crop=faces&w=1552&h=873&fit=crop&v=1467337090&auto=format&q=92&s=165795ba4ff94fe86691a06900b96f7c"
      }
    },
    "id": 2523014,
    "link_background_color": null,
    "link_text": null,
    "link_text_color": null,
    "link_url": null,
    "name": null,
    "project_id": 2523014,
    "should_show_feature_image_section": true,
    "show_feature_image": false,
    "state": "inactive",
    "state_changed_at": 1463678765,
    "text_color": null
  },
  "slug": "topeedobot-the-all-metal-foldable-3d-printer",
  "spotlight": false,
  "staff_pick": false,
  "state": "canceled",
  "state_changed_at": 1468475389,
  "static_usd_rate": 1.10608579,
  "urls": {
    "web": {
      "project": "https://www.kickstarter.com/projects/99905999/topeedobot-the-all-metal-foldable-3d-printer?ref=category_newest",
      "rewards": "https://www.kickstarter.com/projects/99905999/topeedobot-the-all-metal-foldable-3d-printer/rewards"
    }
  },
  "usd_pledged": "1870.39107089",
  "usd_type": "international"
}