{
  "backers_count": 1106,
  "blurb": "Sharpen your number crunching skills using ancient math principles ! Rewards = Poster + Work booklet + Dice + Android APP .. All @ $25",
  "category": {
    "color": 6526716,
    "id": 16,
    "name": "Technology",
    "position": 14,
    "slug": "technology",
    "urls": {
      "web": {
        "discover": "http://www.kickstarter.com/discover/categories/technology"
      }
    }
  },
  "converted_pledged_amount": 26675,
  "country": "US",
  "created_at": 1388964766,
  "creator": {
    "avatar": {
      "medium": "https://ksr-ugc.imgix.net/assets/007/296/688/367c19a155650c810abe31e3355f31a5_original.png?w=160&h=160&fit=crop&v=1461448648&auto=format&q=92&s=bc2578a1e1501381a23ea840c807a1ed",
      "small": "https://ksr-ugc.imgix.net/assets/007/296/688/367c19a155650c810abe31e3355f31a5_original.png?w=160&h=160&fit=crop&v=1461448648&auto=format&q=92&s=bc2578a1e1501381a23ea840c807a1ed",
      "thumb": "https://ksr-ugc.imgix.net/assets/007/296/688/367c19a155650c810abe31e3355f31a5_original.png?w=40&h=40&fit=crop&v=1461448648&auto=format&q=92&s=88d97c183e1ca31f54da33868bc7ee9e"
    },
    "chosen_currency": null,
    "id": 1373995643,
    "is_registered": true,
    "name": "TechieTux",
    "urls": {
      "api": {
        "user": "https://api.kickstarter.com/v1/users/1373995643?signature=1524099773.c7733fb783423f050c11679d92eb46a966f59ce3"
      },
      "web": {
        "user": "https://www.kickstarter.com/profile/1373995643"
      }
    }
  },
  "currency": "USD",
  "currency_symbol": "$",
  "currency_trailing_code": true,
  "current_currency": "USD",
  "deadline": 1394045641,
  "disable_communication": false,
  "fx_rate": 1.0,
  "goal": 2500.0,
  "id": 1041475835,
  "is_starrable": false,
  "launched_at": 1390157641,
  "location": {
    "country": "US",
    "displayable_name": "Portland, OR",
    "id": 2475687,
    "is_root": false,
    "localized_name": "Portland",
    "name": "Portland",
    "short_name": "Portland, OR",
    "slug": "portland-or",
    "state": "OR",
    "type": "Town",
    "urls": {
      "api": {
        "nearby_projects": "https://api.kickstarter.com/v1/discover?signature=1524082111.8c71b04da40601e245591d70c8f3a301b8561afe&woe_id=2475687"
      },
      "web": {
        "discover": "https://www.kickstarter.com/discover/places/portland-or",
        "location": "https://www.kickstarter.com/locations/portland-or"
      }
    }
  },
  "name": "RapidMath: Educational material for rapid mental mathematics",
  "photo": {
    "1024x576": "https://ksr-ugc.imgix.net/assets/011/631/022/9299a390802d58ab64dd24e48d531d53_original.jpg?crop=faces&w=1024&h=576&fit=crop&v=1463685864&auto=format&q=92&s=9766a14d90882ee5e8bffa600ce1f88a",
    "1536x864": "https://ksr-ugc.imgix.net/assets/011/631/022/9299a390802d58ab64dd24e48d531d53_original.jpg?crop=faces&w=1552&h=873&fit=crop&v=1463685864&auto=format&q=92&s=d55c5a7749616518e60f8fcfeb13586c",
    "ed": "https://ksr-ugc.imgix.net/assets/011/631/022/9299a390802d58ab64dd24e48d531d53_original.jpg?crop=faces&w=352&h=198&fit=crop&v=1463685864&auto=format&q=92&s=6e0917e723c82a42cd0a542b2ba5fecc",
    "full": "https://ksr-ugc.imgix.net/assets/011/631/022/9299a390802d58ab64dd24e48d531d53_original.jpg?crop=faces&w=560&h=315&fit=crop&v=1463685864&auto=format&q=92&s=491291f4f068b7e4261d8d3ed3c22e0a",
    "key": "assets/011/631/022/9299a390802d58ab64dd24e48d531d53_original.jpg",
    "little": "https://ksr-ugc.imgix.net/assets/011/631/022/9299a390802d58ab64dd24e48d531d53_original.jpg?crop=faces&w=208&h=117&fit=crop&v=1463685864&auto=format&q=92&s=a2e8050e00c990e410beec92e15f4af0",
    "med": "https://ksr-ugc.imgix.net/assets/011/631/022/9299a390802d58ab64dd24e48d531d53_original.jpg?crop=faces&w=272&h=153&fit=crop&v=1463685864&auto=format&q=92&s=ff05b2a840cee2882302dfb63607630b",
    "small": "https://ksr-ugc.imgix.net/assets/011/631/022/9299a390802d58ab64dd24e48d531d53_original.jpg?crop=faces&w=160&h=90&fit=crop&v=1463685864&auto=format&q=92&s=aba277a4e30b54b377f962d37df69c2c",
    "thumb": "https://ksr-ugc.imgix.net/assets/011/631/022/9299a390802d58ab64dd24e48d531d53_original.jpg?crop=faces&w=48&h=27&fit=crop&v=1463685864&auto=format&q=92&s=cde2b3242b3dd84249100b025aac855d"
  },
  "pledged": 26675.1,
  "profile": {
    "background_color": null,
    "background_image_opacity": 0.8,
    "blurb": null,
    "feature_image_attributes": {
      "image_urls": {
        "baseball_card": "https://ksr-ugc.imgix.net/assets/011/631/022/9299a390802d58ab64dd24e48d531d53_original.jpg?crop=faces&w=560&h=315&fit=crop&v=1463685864&auto=format&q=92&s=491291f4f068b7e4261d8d3ed3c22e0a",
        "default": "https://ksr-ugc.imgix.net/assets/011/631/022/9299a390802d58ab64dd24e48d531d53_original.jpg?crop=faces&w=1552&h=873&fit=crop&v=1463685864&auto=format&q=92&s=d55c5a7749616518e60f8fcfeb13586c"
      }
    },
    "id": 836920,
    "link_background_color": null,
    "link_text": null,
    "link_text_color": null,
    "link_url": null,
    "name": null,
    "project_id": 836920,
    "should_show_feature_image_section": true,
    "show_feature_image": false,
    "state": "inactive",
    "state_changed_at": 1425915845,
    "text_color": null
  },
  "slug": "rapidmath-educational-poster-for-rapid-mental-math",
  "spotlight": true,
  "staff_pick": false,
  "state": "successful",
  "state_changed_at": 1394045643,
  "static_usd_rate": 1.0,
  "urls": {
    "web": {
      "project": "https://www.kickstarter.com/projects/1373995643/rapidmath-educational-poster-for-rapid-mental-math?ref=category_newest",
      "rewards": "https://www.kickstarter.com/projects/1373995643/rapidmath-educational-poster-for-rapid-mental-math/rewards"
    }
  },
  "usd_pledged": "26675.1",
  "usd_type": "international"
}