{
  "backers_count": 0,
  "blurb": "Se construir\u00e1 un avi\u00f3n no tripulado con fines humanitarios el cual participara en una competencia internacional.",
  "category": {
    "color": 6526716,
    "id": 336,
    "name": "Flight",
    "parent_id": 16,
    "position": 6,
    "slug": "technology/flight",
    "urls": {
      "web": {
        "discover": "http://www.kickstarter.com/discover/categories/technology/flight"
      }
    }
  },
  "converted_pledged_amount": 0,
  "country": "MX",
  "created_at": 1508010348,
  "creator": {
    "avatar": {
      "medium": "https://ksr-ugc.imgix.net/assets/018/780/596/f107c58f2ef453c4a563b8b0716c8bbe_original.jpg?w=160&h=160&fit=crop&v=1508190533&auto=format&q=92&s=5dc9f17285ead3e6d4779481e01437d4",
      "small": "https://ksr-ugc.imgix.net/assets/018/780/596/f107c58f2ef453c4a563b8b0716c8bbe_original.jpg?w=160&h=160&fit=crop&v=1508190533&auto=format&q=92&s=5dc9f17285ead3e6d4779481e01437d4",
      "thumb": "https://ksr-ugc.imgix.net/assets/018/780/596/f107c58f2ef453c4a563b8b0716c8bbe_original.jpg?w=40&h=40&fit=crop&v=1508190533&auto=format&q=92&s=2926a5d489e5b6bb193bb021ab3d91f8"
    },
    "chosen_currency": null,
    "id": 917799416,
    "is_registered": true,
    "name": "Emmanuel Paredes Garc\u00eda",
    "urls": {
      "api": {
        "user": "https://api.kickstarter.com/v1/users/917799416?signature=1524100911.9ce6e34c47c727952758aeb17f5cb14e24bd3d38"
      },
      "web": {
        "user": "https://www.kickstarter.com/profile/917799416"
      }
    }
  },
  "currency": "MXN",
  "currency_symbol": "$",
  "currency_trailing_code": true,
  "current_currency": "USD",
  "deadline": 1513999465,
  "disable_communication": false,
  "fx_rate": 0.05552717,
  "goal": 24500.0,
  "id": 104164975,
  "is_starrable": false,
  "launched_at": 1508811865,
  "location": {
    "country": "MX",
    "displayable_name": "Ciudad Juarez, Mexico",
    "id": 116556,
    "is_root": false,
    "localized_name": "Ciudad Juarez",
    "name": "Ciudad Juarez",
    "short_name": "Ciudad Juarez, Mexico",
    "slug": "ciudad-juarez-mx",
    "state": "Chihuahua",
    "type": "Town",
    "urls": {
      "api": {
        "nearby_projects": "https://api.kickstarter.com/v1/discover?signature=1524082137.6e28aa4a9d62f0569ab07fdab3bb25469b0da423&woe_id=116556"
      },
      "web": {
        "discover": "https://www.kickstarter.com/discover/places/ciudad-juarez-mx",
        "location": "https://www.kickstarter.com/locations/ciudad-juarez-mx"
      }
    }
  },
  "name": "Proyecto SAE Aerodesign 2018 Clase Avanzada",
  "photo": {
    "1024x576": "https://ksr-ugc.imgix.net/assets/018/752/754/a7e2e5d3bca54128c41983cfcee74563_original.jpg?crop=faces&w=1024&h=576&fit=crop&v=1508188518&auto=format&q=92&s=bf84d700252e6a1d7bedd027a7228c3e",
    "1536x864": "https://ksr-ugc.imgix.net/assets/018/752/754/a7e2e5d3bca54128c41983cfcee74563_original.jpg?crop=faces&w=1552&h=873&fit=crop&v=1508188518&auto=format&q=92&s=4faca93d0516ff5bca3b6af04fb7e532",
    "ed": "https://ksr-ugc.imgix.net/assets/018/752/754/a7e2e5d3bca54128c41983cfcee74563_original.jpg?crop=faces&w=352&h=198&fit=crop&v=1508188518&auto=format&q=92&s=fc35d55045605a4bec7c7d7daa839522",
    "full": "https://ksr-ugc.imgix.net/assets/018/752/754/a7e2e5d3bca54128c41983cfcee74563_original.jpg?crop=faces&w=560&h=315&fit=crop&v=1508188518&auto=format&q=92&s=79bea67cc70c8db650c8f00b7331ce19",
    "key": "assets/018/752/754/a7e2e5d3bca54128c41983cfcee74563_original.jpg",
    "little": "https://ksr-ugc.imgix.net/assets/018/752/754/a7e2e5d3bca54128c41983cfcee74563_original.jpg?crop=faces&w=208&h=117&fit=crop&v=1508188518&auto=format&q=92&s=2735261b714856597057e02840d93f8e",
    "med": "https://ksr-ugc.imgix.net/assets/018/752/754/a7e2e5d3bca54128c41983cfcee74563_original.jpg?crop=faces&w=272&h=153&fit=crop&v=1508188518&auto=format&q=92&s=e96a541270704a05266949b77c568cd0",
    "small": "https://ksr-ugc.imgix.net/assets/018/752/754/a7e2e5d3bca54128c41983cfcee74563_original.jpg?crop=faces&w=160&h=90&fit=crop&v=1508188518&auto=format&q=92&s=71e0ba6b294d29e3c7b027f3d1cd9294",
    "thumb": "https://ksr-ugc.imgix.net/assets/018/752/754/a7e2e5d3bca54128c41983cfcee74563_original.jpg?crop=faces&w=48&h=27&fit=crop&v=1508188518&auto=format&q=92&s=3ab43e105b15d0243a9fac77fcf0363c"
  },
  "pledged": 0.0,
  "profile": {
    "background_color": null,
    "background_image_opacity": 0.8,
    "blurb": null,
    "feature_image_attributes": {
      "image_urls": {
        "baseball_card": "https://ksr-ugc.imgix.net/assets/018/752/754/a7e2e5d3bca54128c41983cfcee74563_original.jpg?crop=faces&w=560&h=315&fit=crop&v=1508188518&auto=format&q=92&s=79bea67cc70c8db650c8f00b7331ce19",
        "default": "https://ksr-ugc.imgix.net/assets/018/752/754/a7e2e5d3bca54128c41983cfcee74563_original.jpg?crop=faces&w=1552&h=873&fit=crop&v=1508188518&auto=format&q=92&s=4faca93d0516ff5bca3b6af04fb7e532"
      }
    },
    "id": 3183959,
    "link_background_color": null,
    "link_text": null,
    "link_text_color": null,
    "link_url": null,
    "name": null,
    "project_id": 3183959,
    "should_show_feature_image_section": true,
    "show_feature_image": false,
    "state": "inactive",
    "state_changed_at": 1508010348,
    "text_color": null
  },
  "slug": "proyecto-sae-aerodesign-2018-clase-avanzada",
  "spotlight": false,
  "staff_pick": false,
  "state": "failed",
  "state_changed_at": 1513999466,
  "static_usd_rate": 0.05265468,
  "urls": {
    "web": {
      "project": "https://www.kickstarter.com/projects/917799416/proyecto-sae-aerodesign-2018-clase-avanzada?ref=category_newest",
      "rewards": "https://www.kickstarter.com/projects/917799416/proyecto-sae-aerodesign-2018-clase-avanzada/rewards"
    }
  },
  "usd_pledged": "0.0",
  "usd_type": "international"
}