{
  "backers_count": 5,
  "blurb": "Floating Pool Cover that is activated by Phone and assembled by Drone.",
  "category": {
    "color": 6526716,
    "id": 338,
    "name": "Robots",
    "parent_id": 16,
    "position": 10,
    "slug": "technology/robots",
    "urls": {
      "web": {
        "discover": "http://www.kickstarter.com/discover/categories/technology/robots"
      }
    }
  },
  "converted_pledged_amount": 12,
  "country": "CA",
  "created_at": 1402687275,
  "creator": {
    "avatar": {
      "medium": "https://ksr-ugc.imgix.net/assets/008/862/694/c37077b47587e6c2fc0e566bd82da8be_original.png?w=160&h=160&fit=crop&v=1461547232&auto=format&q=92&s=a89f1ded960f90fb24460a1d43af0b6a",
      "small": "https://ksr-ugc.imgix.net/assets/008/862/694/c37077b47587e6c2fc0e566bd82da8be_original.png?w=160&h=160&fit=crop&v=1461547232&auto=format&q=92&s=a89f1ded960f90fb24460a1d43af0b6a",
      "thumb": "https://ksr-ugc.imgix.net/assets/008/862/694/c37077b47587e6c2fc0e566bd82da8be_original.png?w=40&h=40&fit=crop&v=1461547232&auto=format&q=92&s=657cba202e9488bcb2075e4c2a2189b0"
    },
    "chosen_currency": null,
    "id": 1442861659,
    "is_registered": true,
    "name": "Frank Coliviras",
    "urls": {
      "api": {
        "user": "https://api.kickstarter.com/v1/users/1442861659?signature=1524101979.85b404ac2e2017d160d99efe9eefe1a39e1626e2"
      },
      "web": {
        "user": "https://www.kickstarter.com/profile/1442861659"
      }
    }
  },
  "currency": "CAD",
  "currency_symbol": "$",
  "currency_trailing_code": true,
  "current_currency": "USD",
  "deadline": 1408379694,
  "disable_communication": false,
  "fx_rate": 0.79525709,
  "goal": 250000.0,
  "id": 1041491229,
  "is_starrable": false,
  "launched_at": 1405355694,
  "location": {
    "country": "CA",
    "displayable_name": "North Toronto, Canada",
    "id": 23399705,
    "is_root": false,
    "localized_name": "North Toronto",
    "name": "North Toronto",
    "short_name": "North Toronto, Canada",
    "slug": "north-toronto-toronto-ca",
    "state": "ON",
    "type": "Suburb",
    "urls": {
      "api": {
        "nearby_projects": "https://api.kickstarter.com/v1/discover?signature=1524084360.4affe01c6a30877a7051f647331a8a3dc7ff0d29&woe_id=23399705"
      },
      "web": {
        "discover": "https://www.kickstarter.com/discover/places/north-toronto-toronto-ca",
        "location": "https://www.kickstarter.com/locations/north-toronto-toronto-ca"
      }
    }
  },
  "name": "Roboblanket - Self Assembling Robotic Pool Cover (Canceled)",
  "photo": {
    "1024x576": "https://ksr-ugc.imgix.net/assets/011/724/817/ffeddaf6aa2f20d20f7b79a2f183f7b4_original.png?crop=faces&w=1024&h=576&fit=crop&v=1463687349&auto=format&q=92&s=30145ff5b5e4b6a5ed196a6c918c9468",
    "1536x864": "https://ksr-ugc.imgix.net/assets/011/724/817/ffeddaf6aa2f20d20f7b79a2f183f7b4_original.png?crop=faces&w=1552&h=873&fit=crop&v=1463687349&auto=format&q=92&s=75ed658e7562c715c524c07bfd830806",
    "ed": "https://ksr-ugc.imgix.net/assets/011/724/817/ffeddaf6aa2f20d20f7b79a2f183f7b4_original.png?crop=faces&w=352&h=198&fit=crop&v=1463687349&auto=format&q=92&s=0aa6964ad65bdc06e2ac5394a800cb39",
    "full": "https://ksr-ugc.imgix.net/assets/011/724/817/ffeddaf6aa2f20d20f7b79a2f183f7b4_original.png?crop=faces&w=560&h=315&fit=crop&v=1463687349&auto=format&q=92&s=4d2daee0293c2bd37269ecf95d333bd6",
    "key": "assets/011/724/817/ffeddaf6aa2f20d20f7b79a2f183f7b4_original.png",
    "little": "https://ksr-ugc.imgix.net/assets/011/724/817/ffeddaf6aa2f20d20f7b79a2f183f7b4_original.png?crop=faces&w=208&h=117&fit=crop&v=1463687349&auto=format&q=92&s=f911928eeb306d6d39dbe49ae6e817cb",
    "med": "https://ksr-ugc.imgix.net/assets/011/724/817/ffeddaf6aa2f20d20f7b79a2f183f7b4_original.png?crop=faces&w=272&h=153&fit=crop&v=1463687349&auto=format&q=92&s=082913d8598157a820556cdea077a943",
    "small": "https://ksr-ugc.imgix.net/assets/011/724/817/ffeddaf6aa2f20d20f7b79a2f183f7b4_original.png?crop=faces&w=160&h=90&fit=crop&v=1463687349&auto=format&q=92&s=f82cd6af3199f2f988695b55c039230a",
    "thumb": "https://ksr-ugc.imgix.net/assets/011/724/817/ffeddaf6aa2f20d20f7b79a2f183f7b4_original.png?crop=faces&w=48&h=27&fit=crop&v=1463687349&auto=format&q=92&s=28bd4784d081071a7399c94a1f700ae1"
  },
  "pledged": 13.0,
  "profile": {
    "background_color": null,
    "background_image_opacity": 0.8,
    "blurb": null,
    "feature_image_attributes": {
      "image_urls": {
        "baseball_card": "https://ksr-ugc.imgix.net/assets/011/724/817/ffeddaf6aa2f20d20f7b79a2f183f7b4_original.png?crop=faces&w=560&h=315&fit=crop&v=1463687349&auto=format&q=92&s=4d2daee0293c2bd37269ecf95d333bd6",
        "default": "https://ksr-ugc.imgix.net/assets/011/724/817/ffeddaf6aa2f20d20f7b79a2f183f7b4_original.png?crop=faces&w=1552&h=873&fit=crop&v=1463687349&auto=format&q=92&s=75ed658e7562c715c524c07bfd830806"
      }
    },
    "id": 1067019,
    "link_background_color": null,
    "link_text": null,
    "link_text_color": null,
    "link_url": null,
    "name": null,
    "project_id": 1067019,
    "should_show_feature_image_section": true,
    "show_feature_image": false,
    "state": "inactive",
    "state_changed_at": 1425915859,
    "text_color": null
  },
  "slug": "roboblanket-self-assembling-robotic-pool-cover",
  "spotlight": false,
  "staff_pick": false,
  "state": "canceled",
  "state_changed_at": 1405777942,
  "static_usd_rate": 0.93167904,
  "urls": {
    "web": {
      "project": "https://www.kickstarter.com/projects/1442861659/roboblanket-self-assembling-robotic-pool-cover?ref=category_newest",
      "rewards": "https://www.kickstarter.com/projects/1442861659/roboblanket-self-assembling-robotic-pool-cover/rewards"
    }
  },
  "usd_pledged": "12.11182752",
  "usd_type": "international"
}