{
  "backers_count": 1,
  "blurb": "Future app where people can exchange things with each other.",
  "category": {
    "color": 6526716,
    "id": 332,
    "name": "Apps",
    "parent_id": 16,
    "position": 2,
    "slug": "technology/apps",
    "urls": {
      "web": {
        "discover": "http://www.kickstarter.com/discover/categories/technology/apps"
      }
    }
  },
  "converted_pledged_amount": 1,
  "country": "NL",
  "created_at": 1408734064,
  "creator": {
    "avatar": {
      "medium": "https://ksr-ugc.imgix.net/assets/009/223/056/9fedb60c94d0b21fc692e4e893bcc40e_original.jpg?w=160&h=160&fit=crop&v=1461565820&auto=format&q=92&s=c3d41bf052328eb004a668cee9a511c4",
      "small": "https://ksr-ugc.imgix.net/assets/009/223/056/9fedb60c94d0b21fc692e4e893bcc40e_original.jpg?w=160&h=160&fit=crop&v=1461565820&auto=format&q=92&s=c3d41bf052328eb004a668cee9a511c4",
      "thumb": "https://ksr-ugc.imgix.net/assets/009/223/056/9fedb60c94d0b21fc692e4e893bcc40e_original.jpg?w=40&h=40&fit=crop&v=1461565820&auto=format&q=92&s=63ea045572eeda687d863578421639d9"
    },
    "chosen_currency": null,
    "id": 1131877288,
    "is_registered": true,
    "name": "Villi S. Martinello",
    "urls": {
      "api": {
        "user": "https://api.kickstarter.com/v1/users/1131877288?signature=1524100240.ab1350f8ff88a84dc032d4b796d2933e61c99f0b"
      },
      "web": {
        "user": "https://www.kickstarter.com/profile/1131877288"
      }
    }
  },
  "currency": "EUR",
  "currency_symbol": "\u20ac",
  "currency_trailing_code": false,
  "current_currency": "USD",
  "deadline": 1412708691,
  "disable_communication": false,
  "fx_rate": 1.23814016,
  "goal": 35000.0,
  "id": 1041223964,
  "is_starrable": false,
  "launched_at": 1409252691,
  "location": {
    "country": "NL",
    "displayable_name": "The Hague, Netherlands",
    "id": 726874,
    "is_root": false,
    "localized_name": "The Hague",
    "name": "The Hague",
    "short_name": "The Hague, Netherlands",
    "slug": "the-hague-nl",
    "state": "South Holland",
    "type": "Town",
    "urls": {
      "api": {
        "nearby_projects": "https://api.kickstarter.com/v1/discover?signature=1524082112.c3a9c53b19e6ea34bcc7740e3f1bad5dec5ced48&woe_id=726874"
      },
      "web": {
        "discover": "https://www.kickstarter.com/discover/places/the-hague-nl",
        "location": "https://www.kickstarter.com/locations/the-hague-nl"
      }
    }
  },
  "name": "I'd like to exchange my pencil with your pen.",
  "photo": {
    "1024x576": "https://ksr-ugc.imgix.net/assets/011/845/489/5efacb85a1e33712464ceed489207f6c_original.jpg?crop=faces&w=1024&h=576&fit=crop&v=1463703059&auto=format&q=92&s=4e9a60c98f455a7feda71a3c13e1957c",
    "1536x864": "https://ksr-ugc.imgix.net/assets/011/845/489/5efacb85a1e33712464ceed489207f6c_original.jpg?crop=faces&w=1552&h=873&fit=crop&v=1463703059&auto=format&q=92&s=8d96996b0031c26fd9de91b3fed80fdf",
    "ed": "https://ksr-ugc.imgix.net/assets/011/845/489/5efacb85a1e33712464ceed489207f6c_original.jpg?crop=faces&w=352&h=198&fit=crop&v=1463703059&auto=format&q=92&s=1296e275b829a80c16a4f8a0ed6377b9",
    "full": "https://ksr-ugc.imgix.net/assets/011/845/489/5efacb85a1e33712464ceed489207f6c_original.jpg?crop=faces&w=560&h=315&fit=crop&v=1463703059&auto=format&q=92&s=f39e955a658d29135d219a9c680c86b8",
    "key": "assets/011/845/489/5efacb85a1e33712464ceed489207f6c_original.jpg",
    "little": "https://ksr-ugc.imgix.net/assets/011/845/489/5efacb85a1e33712464ceed489207f6c_original.jpg?crop=faces&w=208&h=117&fit=crop&v=1463703059&auto=format&q=92&s=5808135811cc95bff2316b4530b35cea",
    "med": "https://ksr-ugc.imgix.net/assets/011/845/489/5efacb85a1e33712464ceed489207f6c_original.jpg?crop=faces&w=272&h=153&fit=crop&v=1463703059&auto=format&q=92&s=c47ccb6ea2a0c66f9bd7e6fca53c7839",
    "small": "https://ksr-ugc.imgix.net/assets/011/845/489/5efacb85a1e33712464ceed489207f6c_original.jpg?crop=faces&w=160&h=90&fit=crop&v=1463703059&auto=format&q=92&s=ff34ddbefa5e909979911f5639c9410a",
    "thumb": "https://ksr-ugc.imgix.net/assets/011/845/489/5efacb85a1e33712464ceed489207f6c_original.jpg?crop=faces&w=48&h=27&fit=crop&v=1463703059&auto=format&q=92&s=3107fb4531ef9ba7e171e7df149d5574"
  },
  "pledged": 1.0,
  "profile": {
    "background_color": null,
    "background_image_opacity": 0.8,
    "blurb": null,
    "feature_image_attributes": {
      "image_urls": {
        "baseball_card": "https://ksr-ugc.imgix.net/assets/011/845/489/5efacb85a1e33712464ceed489207f6c_original.jpg?crop=faces&w=560&h=315&fit=crop&v=1463703059&auto=format&q=92&s=f39e955a658d29135d219a9c680c86b8",
        "default": "https://ksr-ugc.imgix.net/assets/011/845/489/5efacb85a1e33712464ceed489207f6c_original.jpg?crop=faces&w=1552&h=873&fit=crop&v=1463703059&auto=format&q=92&s=8d96996b0031c26fd9de91b3fed80fdf"
      }
    },
    "id": 1309535,
    "link_background_color": null,
    "link_text": null,
    "link_text_color": null,
    "link_url": null,
    "name": null,
    "project_id": 1309535,
    "should_show_feature_image_section": true,
    "show_feature_image": false,
    "state": "inactive",
    "state_changed_at": 1425915872,
    "text_color": null
  },
  "slug": "id-like-to-exchange-my-pencil-with-your-pen",
  "spotlight": false,
  "staff_pick": false,
  "state": "failed",
  "state_changed_at": 1412708691,
  "static_usd_rate": 1.31649276,
  "urls": {
    "web": {
      "project": "https://www.kickstarter.com/projects/1131877288/id-like-to-exchange-my-pencil-with-your-pen?ref=category_newest",
      "rewards": "https://www.kickstarter.com/projects/1131877288/id-like-to-exchange-my-pencil-with-your-pen/rewards"
    }
  },
  "usd_pledged": "1.31649276",
  "usd_type": "international"
}