{
  "backers_count": 76,
  "blurb": "Part monster synthesizer, part computer: The ST4 is a unique product, loaded with features, that combines the best of both worlds.",
  "category": {
    "color": 6526716,
    "id": 339,
    "name": "Sound",
    "parent_id": 16,
    "position": 12,
    "slug": "technology/sound",
    "urls": {
      "web": {
        "discover": "http://www.kickstarter.com/discover/categories/technology/sound"
      }
    }
  },
  "converted_pledged_amount": 35157,
  "country": "NL",
  "created_at": 1450347295,
  "creator": {
    "avatar": {
      "medium": "https://ksr-ugc.imgix.net/assets/007/128/059/ebb8a88e0620e825a697ef93a44fca9d_original.png?w=160&h=160&fit=crop&v=1502461680&auto=format&q=92&s=7b016215e2f3047881d4ffd334367cfe",
      "small": "https://ksr-ugc.imgix.net/assets/007/128/059/ebb8a88e0620e825a697ef93a44fca9d_original.png?w=160&h=160&fit=crop&v=1502461680&auto=format&q=92&s=7b016215e2f3047881d4ffd334367cfe",
      "thumb": "https://ksr-ugc.imgix.net/assets/007/128/059/ebb8a88e0620e825a697ef93a44fca9d_original.png?w=40&h=40&fit=crop&v=1502461680&auto=format&q=92&s=92e40130cc1ebc1af29f107cbb1c7f49"
    },
    "chosen_currency": null,
    "id": 844778849,
    "is_registered": true,
    "name": "Tasty Chips Electronics",
    "urls": {
      "api": {
        "user": "https://api.kickstarter.com/v1/users/844778849?signature=1524102456.f6dfac4662f987bfa8e3d128a5873ccbc3804c12"
      },
      "web": {
        "user": "https://www.kickstarter.com/profile/844778849"
      }
    }
  },
  "currency": "EUR",
  "currency_symbol": "\u20ac",
  "currency_trailing_code": false,
  "current_currency": "USD",
  "deadline": 1455742601,
  "disable_communication": false,
  "fx_rate": 1.23814016,
  "goal": 30000.0,
  "id": 1041915897,
  "is_starrable": false,
  "launched_at": 1453323401,
  "location": {
    "country": "NL",
    "displayable_name": "Utrecht, Netherlands",
    "id": 734047,
    "is_root": false,
    "localized_name": "Utrecht",
    "name": "Utrecht",
    "short_name": "Utrecht, Netherlands",
    "slug": "utrecht-nl",
    "state": "Utrecht",
    "type": "Town",
    "urls": {
      "api": {
        "nearby_projects": "https://api.kickstarter.com/v1/discover?signature=1524082118.b47691d6cd605b51c2cfbd4e314ec511bf69237b&woe_id=734047"
      },
      "web": {
        "discover": "https://www.kickstarter.com/discover/places/utrecht-nl",
        "location": "https://www.kickstarter.com/locations/utrecht-nl"
      }
    }
  },
  "name": "ST4 Hybrid Synthesizer/Tracker",
  "photo": {
    "1024x576": "https://ksr-ugc.imgix.net/assets/012/334/574/54499c64a17c3ba9a7a59eef36fd0bf9_original.jpg?crop=faces&w=1024&h=576&fit=crop&v=1463755902&auto=format&q=92&s=d5b24c0de9cf3037f319c29978c7759f",
    "1536x864": "https://ksr-ugc.imgix.net/assets/012/334/574/54499c64a17c3ba9a7a59eef36fd0bf9_original.jpg?crop=faces&w=1552&h=873&fit=crop&v=1463755902&auto=format&q=92&s=f9d0c595123ccb11c163cf64d7952c7b",
    "ed": "https://ksr-ugc.imgix.net/assets/012/334/574/54499c64a17c3ba9a7a59eef36fd0bf9_original.jpg?crop=faces&w=352&h=198&fit=crop&v=1463755902&auto=format&q=92&s=41156183d2b89e540eab659015d91457",
    "full": "https://ksr-ugc.imgix.net/assets/012/334/574/54499c64a17c3ba9a7a59eef36fd0bf9_original.jpg?crop=faces&w=560&h=315&fit=crop&v=1463755902&auto=format&q=92&s=c9c5a191d6fe176af56baf36949033db",
    "key": "assets/012/334/574/54499c64a17c3ba9a7a59eef36fd0bf9_original.jpg",
    "little": "https://ksr-ugc.imgix.net/assets/012/334/574/54499c64a17c3ba9a7a59eef36fd0bf9_original.jpg?crop=faces&w=208&h=117&fit=crop&v=1463755902&auto=format&q=92&s=7c80738c14bd096d490eae9277ea5bbe",
    "med": "https://ksr-ugc.imgix.net/assets/012/334/574/54499c64a17c3ba9a7a59eef36fd0bf9_original.jpg?crop=faces&w=272&h=153&fit=crop&v=1463755902&auto=format&q=92&s=5ca27e45f9fddb8882410256478ffc1d",
    "small": "https://ksr-ugc.imgix.net/assets/012/334/574/54499c64a17c3ba9a7a59eef36fd0bf9_original.jpg?crop=faces&w=160&h=90&fit=crop&v=1463755902&auto=format&q=92&s=308dde83691b5feffacb2c919f5895e4",
    "thumb": "https://ksr-ugc.imgix.net/assets/012/334/574/54499c64a17c3ba9a7a59eef36fd0bf9_original.jpg?crop=faces&w=48&h=27&fit=crop&v=1463755902&auto=format&q=92&s=33cad3cbd52cc2ec742cdce60acf1b06"
  },
  "pledged": 31533.0,
  "profile": {
    "background_color": "",
    "background_image_opacity": 0.8,
    "blurb": "Part monster synthesizer, part computer: The ST4 is a unique product, loaded with features, that combines the best of both worlds.",
    "feature_image_attributes": {
      "id": 15513203,
      "image_urls": {
        "baseball_card": "https://ksr-ugc.imgix.net/assets/015/513/203/9d22ea4d29565b0a492a4918eb8560c5_original.jpg?crop=faces,edges&w=560&h=315&fit=crop&v=1487147977&auto=format&q=92&s=6f1321067c2d41dd2cfc8f01e62b7974",
        "default": "https://ksr-ugc.imgix.net/assets/015/513/203/9d22ea4d29565b0a492a4918eb8560c5_original.jpg?w=700&fit=max&v=1487147977&auto=format&q=92&s=6fd0aa09591973458a1d0ceddeeb99e0"
      }
    },
    "id": 2282084,
    "link_background_color": "",
    "link_text": "Follow along!",
    "link_text_color": "",
    "link_url": "https://www.kickstarter.com/projects/844778849/st4-hybrid-synthesizer-tracker/updates",
    "name": "ST4 Hybrid Synthesizer/Tracker",
    "project_id": 2282084,
    "should_show_feature_image_section": true,
    "show_feature_image": true,
    "state": "active",
    "state_changed_at": 1487148002,
    "text_color": ""
  },
  "slug": "st4-hybrid-synthesizer-tracker",
  "spotlight": true,
  "staff_pick": true,
  "state": "successful",
  "state_changed_at": 1455742601,
  "static_usd_rate": 1.08933649,
  "urls": {
    "web": {
      "project": "https://www.kickstarter.com/projects/844778849/st4-hybrid-synthesizer-tracker?ref=category_newest",
      "rewards": "https://www.kickstarter.com/projects/844778849/st4-hybrid-synthesizer-tracker/rewards"
    }
  },
  "usd_pledged": "34350.04753917",
  "usd_type": "international"
}