{
  "backers_count": 83,
  "blurb": "To design and make a very high quality retro Headphone Amp, using the warm sound of a Valve/Tube and high performance components.",
  "category": {
    "color": 6526716,
    "id": 339,
    "name": "Sound",
    "parent_id": 16,
    "position": 12,
    "slug": "technology/sound",
    "urls": {
      "web": {
        "discover": "http://www.kickstarter.com/discover/categories/technology/sound"
      }
    }
  },
  "converted_pledged_amount": 4939,
  "country": "GB",
  "created_at": 1445369454,
  "creator": {
    "avatar": {
      "medium": "https://ksr-ugc.imgix.net/assets/010/459/332/5aaff8c9181eccc3c6d3c161a0e222d8_original.png?w=160&h=160&fit=crop&v=1490795300&auto=format&q=92&s=9a271d3314edc64c1e28e1c0810289af",
      "small": "https://ksr-ugc.imgix.net/assets/010/459/332/5aaff8c9181eccc3c6d3c161a0e222d8_original.png?w=160&h=160&fit=crop&v=1490795300&auto=format&q=92&s=9a271d3314edc64c1e28e1c0810289af",
      "thumb": "https://ksr-ugc.imgix.net/assets/010/459/332/5aaff8c9181eccc3c6d3c161a0e222d8_original.png?w=40&h=40&fit=crop&v=1490795300&auto=format&q=92&s=bf187c070989b951e83f6c885a952bea"
    },
    "chosen_currency": null,
    "id": 141080940,
    "is_registered": true,
    "name": "Richard Willmott",
    "urls": {
      "api": {
        "user": "https://api.kickstarter.com/v1/users/141080940?signature=1524102454.e1ca047ce4e5964fe8c5c95e8ed99654e4589d2c"
      },
      "web": {
        "user": "https://www.kickstarter.com/profile/141080940"
      }
    }
  },
  "currency": "GBP",
  "currency_symbol": "\u00a3",
  "currency_trailing_code": false,
  "current_currency": "USD",
  "deadline": 1448318580,
  "disable_communication": false,
  "fx_rate": 1.43358488,
  "goal": 1500.0,
  "id": 1042868792,
  "is_starrable": false,
  "launched_at": 1445893780,
  "location": {
    "country": "GB",
    "displayable_name": "Wales, UK",
    "id": 38978,
    "is_root": false,
    "localized_name": "Wales",
    "name": "Wales",
    "short_name": "Wales, UK",
    "slug": "wales-gb",
    "state": "England",
    "type": "Town",
    "urls": {
      "api": {
        "nearby_projects": "https://api.kickstarter.com/v1/discover?signature=1524082117.836fd5d98d781b14ba3ce08cbb904147d139f904&woe_id=38978"
      },
      "web": {
        "discover": "https://www.kickstarter.com/discover/places/wales-gb",
        "location": "https://www.kickstarter.com/locations/wales-gb"
      }
    }
  },
  "name": "Valve/Tube Hi-Fi Stereo Headphone Amplifier",
  "photo": {
    "1024x576": "https://ksr-ugc.imgix.net/assets/012/284/943/7a2f2e0aad237e1430285c5da71835b1_original.jpg?crop=faces&w=1024&h=576&fit=crop&v=1463750600&auto=format&q=92&s=90436f459dc323ee0e3b9aef441385ab",
    "1536x864": "https://ksr-ugc.imgix.net/assets/012/284/943/7a2f2e0aad237e1430285c5da71835b1_original.jpg?crop=faces&w=1552&h=873&fit=crop&v=1463750600&auto=format&q=92&s=fd8a9a655f423c346510c38d2db756fc",
    "ed": "https://ksr-ugc.imgix.net/assets/012/284/943/7a2f2e0aad237e1430285c5da71835b1_original.jpg?crop=faces&w=352&h=198&fit=crop&v=1463750600&auto=format&q=92&s=fcc99a9691437f7c7c140ec194cbeccd",
    "full": "https://ksr-ugc.imgix.net/assets/012/284/943/7a2f2e0aad237e1430285c5da71835b1_original.jpg?crop=faces&w=560&h=315&fit=crop&v=1463750600&auto=format&q=92&s=bdc68939794fba5f7f5bc5c313dd486d",
    "key": "assets/012/284/943/7a2f2e0aad237e1430285c5da71835b1_original.jpg",
    "little": "https://ksr-ugc.imgix.net/assets/012/284/943/7a2f2e0aad237e1430285c5da71835b1_original.jpg?crop=faces&w=208&h=117&fit=crop&v=1463750600&auto=format&q=92&s=f19c46d8b43c0c5436a37bf4b7224335",
    "med": "https://ksr-ugc.imgix.net/assets/012/284/943/7a2f2e0aad237e1430285c5da71835b1_original.jpg?crop=faces&w=272&h=153&fit=crop&v=1463750600&auto=format&q=92&s=9d56a65c7c30e0135a0bc13b39879ad0",
    "small": "https://ksr-ugc.imgix.net/assets/012/284/943/7a2f2e0aad237e1430285c5da71835b1_original.jpg?crop=faces&w=160&h=90&fit=crop&v=1463750600&auto=format&q=92&s=a5990da97c8f8e0e4b619119acdee5d0",
    "thumb": "https://ksr-ugc.imgix.net/assets/012/284/943/7a2f2e0aad237e1430285c5da71835b1_original.jpg?crop=faces&w=48&h=27&fit=crop&v=1463750600&auto=format&q=92&s=4d3fea08dc42a0dcb4081d9fc8bca093"
  },
  "pledged": 3257.0,
  "profile": {
    "background_color": null,
    "background_image_opacity": 0.8,
    "blurb": null,
    "feature_image_attributes": {
      "image_urls": {
        "baseball_card": "https://ksr-ugc.imgix.net/assets/012/284/943/7a2f2e0aad237e1430285c5da71835b1_original.jpg?crop=faces&w=560&h=315&fit=crop&v=1463750600&auto=format&q=92&s=bdc68939794fba5f7f5bc5c313dd486d",
        "default": "https://ksr-ugc.imgix.net/assets/012/284/943/7a2f2e0aad237e1430285c5da71835b1_original.jpg?crop=faces&w=1552&h=873&fit=crop&v=1463750600&auto=format&q=92&s=fd8a9a655f423c346510c38d2db756fc"
      }
    },
    "id": 2184904,
    "link_background_color": null,
    "link_text": null,
    "link_text_color": null,
    "link_url": null,
    "name": null,
    "project_id": 2184904,
    "should_show_feature_image_section": true,
    "show_feature_image": false,
    "state": "inactive",
    "state_changed_at": 1445369454,
    "text_color": null
  },
  "slug": "valve-tube-hi-fi-stereo-headphone-amplifier",
  "spotlight": true,
  "staff_pick": false,
  "state": "successful",
  "state_changed_at": 1448318583,
  "static_usd_rate": 1.53133729,
  "urls": {
    "web": {
      "project": "https://www.kickstarter.com/projects/141080940/valve-tube-hi-fi-stereo-headphone-amplifier?ref=category_newest",
      "rewards": "https://www.kickstarter.com/projects/141080940/valve-tube-hi-fi-stereo-headphone-amplifier/rewards"
    }
  },
  "usd_pledged": "4987.56555353",
  "usd_type": "international"
}