{
  "backers_count": 2,
  "blurb": "Learning the guitar has been great fun for me and I want to open a school and website to make it fun, effective and affordable for all.",
  "category": {
    "color": 6526716,
    "id": 51,
    "name": "Software",
    "parent_id": 16,
    "position": 11,
    "slug": "technology/software",
    "urls": {
      "web": {
        "discover": "http://www.kickstarter.com/discover/categories/technology/software"
      }
    }
  },
  "converted_pledged_amount": 32,
  "country": "GB",
  "created_at": 1386142161,
  "creator": {
    "avatar": {
      "medium": "https://ksr-ugc.imgix.net/assets/008/222/663/b9cb24ecdab2a5681b67020db106ae5a_original.jpg?w=160&h=160&fit=crop&v=1461510837&auto=format&q=92&s=c6c232733099c61058bfce5df32b3101",
      "small": "https://ksr-ugc.imgix.net/assets/008/222/663/b9cb24ecdab2a5681b67020db106ae5a_original.jpg?w=160&h=160&fit=crop&v=1461510837&auto=format&q=92&s=c6c232733099c61058bfce5df32b3101",
      "thumb": "https://ksr-ugc.imgix.net/assets/008/222/663/b9cb24ecdab2a5681b67020db106ae5a_original.jpg?w=40&h=40&fit=crop&v=1461510837&auto=format&q=92&s=91db87f411da141712260f1512c12977"
    },
    "chosen_currency": null,
    "id": 36020655,
    "is_registered": true,
    "name": "Kerr MacKinnon",
    "urls": {
      "api": {
        "user": "https://api.kickstarter.com/v1/users/36020655?signature=1524102195.ad39e71f612765b8c18b551d5580ee51f26fcfb6"
      },
      "web": {
        "user": "https://www.kickstarter.com/profile/36020655"
      }
    }
  },
  "currency": "GBP",
  "currency_symbol": "\u00a3",
  "currency_trailing_code": false,
  "current_currency": "USD",
  "deadline": 1410285015,
  "disable_communication": false,
  "fx_rate": 1.43358488,
  "goal": 3000.0,
  "id": 1042410063,
  "is_starrable": false,
  "launched_at": 1407693015,
  "location": {
    "country": "GB",
    "displayable_name": "Greater London, UK",
    "id": 23416974,
    "is_root": false,
    "localized_name": "Greater London",
    "name": "Greater London",
    "short_name": "Greater London, UK",
    "slug": "greater-london-gb",
    "state": "England",
    "type": "County",
    "urls": {
      "api": {
        "nearby_projects": "https://api.kickstarter.com/v1/discover?signature=1524082118.a4f72210456bece34ab7cd7c4e3be70dd044a5bf&woe_id=23416974"
      },
      "web": {
        "discover": "https://www.kickstarter.com/discover/places/greater-london-gb",
        "location": "https://www.kickstarter.com/locations/greater-london-gb"
      }
    }
  },
  "name": "Guitar school to make learning the guitar accessible to all",
  "photo": {
    "1024x576": "https://ksr-ugc.imgix.net/assets/011/617/662/b9cb24ecdab2a5681b67020db106ae5a_original.jpg?crop=faces&w=1024&h=576&fit=crop&v=1463685469&auto=format&q=92&s=bf6bb13b06ff8a2876a96963a5728cda",
    "1536x864": "https://ksr-ugc.imgix.net/assets/011/617/662/b9cb24ecdab2a5681b67020db106ae5a_original.jpg?crop=faces&w=1552&h=873&fit=crop&v=1463685469&auto=format&q=92&s=684b1af593d5acc523a2e9ae99032611",
    "ed": "https://ksr-ugc.imgix.net/assets/011/617/662/b9cb24ecdab2a5681b67020db106ae5a_original.jpg?crop=faces&w=352&h=198&fit=crop&v=1463685469&auto=format&q=92&s=6a0109da64a91c9f03fb881bd84e6ee3",
    "full": "https://ksr-ugc.imgix.net/assets/011/617/662/b9cb24ecdab2a5681b67020db106ae5a_original.jpg?crop=faces&w=560&h=315&fit=crop&v=1463685469&auto=format&q=92&s=5e7550663dd4745f991be5a01150d20f",
    "key": "assets/011/617/662/b9cb24ecdab2a5681b67020db106ae5a_original.jpg",
    "little": "https://ksr-ugc.imgix.net/assets/011/617/662/b9cb24ecdab2a5681b67020db106ae5a_original.jpg?crop=faces&w=208&h=117&fit=crop&v=1463685469&auto=format&q=92&s=7c468090e4f3032889605ff04ecc8e4b",
    "med": "https://ksr-ugc.imgix.net/assets/011/617/662/b9cb24ecdab2a5681b67020db106ae5a_original.jpg?crop=faces&w=272&h=153&fit=crop&v=1463685469&auto=format&q=92&s=a6af983cd7fc688ab42fbd6a8e867154",
    "small": "https://ksr-ugc.imgix.net/assets/011/617/662/b9cb24ecdab2a5681b67020db106ae5a_original.jpg?crop=faces&w=160&h=90&fit=crop&v=1463685469&auto=format&q=92&s=95e4b95b3c86dfb9ab8b39fc0cc563ff",
    "thumb": "https://ksr-ugc.imgix.net/assets/011/617/662/b9cb24ecdab2a5681b67020db106ae5a_original.jpg?crop=faces&w=48&h=27&fit=crop&v=1463685469&auto=format&q=92&s=164bb9d506c56b5716e5826db99a8907"
  },
  "pledged": 20.0,
  "profile": {
    "background_color": null,
    "background_image_opacity": 0.8,
    "blurb": null,
    "feature_image_attributes": {
      "image_urls": {
        "baseball_card": "https://ksr-ugc.imgix.net/assets/011/617/662/b9cb24ecdab2a5681b67020db106ae5a_original.jpg?crop=faces&w=560&h=315&fit=crop&v=1463685469&auto=format&q=92&s=5e7550663dd4745f991be5a01150d20f",
        "default": "https://ksr-ugc.imgix.net/assets/011/617/662/b9cb24ecdab2a5681b67020db106ae5a_original.jpg?crop=faces&w=1552&h=873&fit=crop&v=1463685469&auto=format&q=92&s=684b1af593d5acc523a2e9ae99032611"
      }
    },
    "id": 802145,
    "link_background_color": null,
    "link_text": null,
    "link_text_color": null,
    "link_url": null,
    "name": null,
    "project_id": 802145,
    "should_show_feature_image_section": true,
    "show_feature_image": false,
    "state": "inactive",
    "state_changed_at": 1425915844,
    "text_color": null
  },
  "slug": "guitar-school-to-make-learning-the-guitar-accessib",
  "spotlight": false,
  "staff_pick": false,
  "state": "failed",
  "state_changed_at": 1410285015,
  "static_usd_rate": 1.67752022,
  "urls": {
    "web": {
      "project": "https://www.kickstarter.com/projects/36020655/guitar-school-to-make-learning-the-guitar-accessib?ref=category_newest",
      "rewards": "https://www.kickstarter.com/projects/36020655/guitar-school-to-make-learning-the-guitar-accessib/rewards"
    }
  },
  "usd_pledged": "33.5504044",
  "usd_type": "international"
}