{
  "backers_count": 12,
  "blurb": "WiCarL: The Voice controlled RC Lego car. Controls up to 2 motors and you create your own car. It is also controllable through buttons.",
  "category": {
    "color": 6526716,
    "id": 338,
    "name": "Robots",
    "parent_id": 16,
    "position": 10,
    "slug": "technology/robots",
    "urls": {
      "web": {
        "discover": "http://www.kickstarter.com/discover/categories/technology/robots"
      }
    }
  },
  "converted_pledged_amount": 905,
  "country": "US",
  "created_at": 1499217481,
  "creator": {
    "avatar": {
      "medium": "https://ksr-ugc.imgix.net/assets/013/186/707/7c7ad04e9940ea98ac94a70c9ff0bca2_original.jpg?w=160&h=160&fit=crop&v=1469594759&auto=format&q=92&s=2569623ac647739a9ea60746fe00cbec",
      "small": "https://ksr-ugc.imgix.net/assets/013/186/707/7c7ad04e9940ea98ac94a70c9ff0bca2_original.jpg?w=160&h=160&fit=crop&v=1469594759&auto=format&q=92&s=2569623ac647739a9ea60746fe00cbec",
      "thumb": "https://ksr-ugc.imgix.net/assets/013/186/707/7c7ad04e9940ea98ac94a70c9ff0bca2_original.jpg?w=40&h=40&fit=crop&v=1469594759&auto=format&q=92&s=6f3157f596f14e9c07c30b23df7637ff"
    },
    "chosen_currency": null,
    "id": 974658537,
    "is_registered": true,
    "name": "Jeffrey Huang",
    "urls": {
      "api": {
        "user": "https://api.kickstarter.com/v1/users/974658537?signature=1524101973.0c76db2edc3a7e6aeb85642818657c09095f0a1b"
      },
      "web": {
        "user": "https://www.kickstarter.com/profile/974658537"
      }
    }
  },
  "currency": "USD",
  "currency_symbol": "$",
  "currency_trailing_code": true,
  "current_currency": "USD",
  "deadline": 1504585058,
  "disable_communication": false,
  "fx_rate": 1.0,
  "goal": 1500.0,
  "id": 1042226218,
  "is_starrable": false,
  "launched_at": 1500697058,
  "location": {
    "country": "US",
    "displayable_name": "Chicago, IL",
    "id": 2379574,
    "is_root": false,
    "localized_name": "Chicago",
    "name": "Chicago",
    "short_name": "Chicago, IL",
    "slug": "chicago-il",
    "state": "IL",
    "type": "Town",
    "urls": {
      "api": {
        "nearby_projects": "https://api.kickstarter.com/v1/discover?signature=1524082109.31708ace3e69ccffe11c24591d897227bd8b67f0&woe_id=2379574"
      },
      "web": {
        "discover": "https://www.kickstarter.com/discover/places/chicago-il",
        "location": "https://www.kickstarter.com/locations/chicago-il"
      }
    }
  },
  "name": "WiCarL: Replace your NXT/EV3 Brick for making RC lego cars",
  "photo": {
    "1024x576": "https://ksr-ugc.imgix.net/assets/017/377/359/aebdffcdd8a3ed44fb550f059bcc402e_original.JPG?crop=faces&w=1024&h=576&fit=crop&v=1500431311&auto=format&q=92&s=9ab44d9af04d90e278e1249ab938b8d0",
    "1536x864": "https://ksr-ugc.imgix.net/assets/017/377/359/aebdffcdd8a3ed44fb550f059bcc402e_original.JPG?crop=faces&w=1552&h=873&fit=crop&v=1500431311&auto=format&q=92&s=386102eefd51a06a2ee9e59c76bc0fd0",
    "ed": "https://ksr-ugc.imgix.net/assets/017/377/359/aebdffcdd8a3ed44fb550f059bcc402e_original.JPG?crop=faces&w=352&h=198&fit=crop&v=1500431311&auto=format&q=92&s=233d4c494b36d60ffc9a6237a0bc9f9e",
    "full": "https://ksr-ugc.imgix.net/assets/017/377/359/aebdffcdd8a3ed44fb550f059bcc402e_original.JPG?crop=faces&w=560&h=315&fit=crop&v=1500431311&auto=format&q=92&s=bce315a093ee0f9a286da70f660567d3",
    "key": "assets/017/377/359/aebdffcdd8a3ed44fb550f059bcc402e_original.JPG",
    "little": "https://ksr-ugc.imgix.net/assets/017/377/359/aebdffcdd8a3ed44fb550f059bcc402e_original.JPG?crop=faces&w=208&h=117&fit=crop&v=1500431311&auto=format&q=92&s=5122e42c2ab9895985b7f613eda94d60",
    "med": "https://ksr-ugc.imgix.net/assets/017/377/359/aebdffcdd8a3ed44fb550f059bcc402e_original.JPG?crop=faces&w=272&h=153&fit=crop&v=1500431311&auto=format&q=92&s=88d97120b1964ef7c0b91c0f3cca0b1a",
    "small": "https://ksr-ugc.imgix.net/assets/017/377/359/aebdffcdd8a3ed44fb550f059bcc402e_original.JPG?crop=faces&w=160&h=90&fit=crop&v=1500431311&auto=format&q=92&s=1191a7a1291f99881111ed07f85702ab",
    "thumb": "https://ksr-ugc.imgix.net/assets/017/377/359/aebdffcdd8a3ed44fb550f059bcc402e_original.JPG?crop=faces&w=48&h=27&fit=crop&v=1500431311&auto=format&q=92&s=f9c1395d35052c77482d8bb267820ef9"
  },
  "pledged": 905.0,
  "profile": {
    "background_color": null,
    "background_image_opacity": 0.8,
    "blurb": null,
    "feature_image_attributes": {
      "image_urls": {
        "baseball_card": "https://ksr-ugc.imgix.net/assets/017/377/359/aebdffcdd8a3ed44fb550f059bcc402e_original.JPG?crop=faces&w=560&h=315&fit=crop&v=1500431311&auto=format&q=92&s=bce315a093ee0f9a286da70f660567d3",
        "default": "https://ksr-ugc.imgix.net/assets/017/377/359/aebdffcdd8a3ed44fb550f059bcc402e_original.JPG?crop=faces&w=1552&h=873&fit=crop&v=1500431311&auto=format&q=92&s=386102eefd51a06a2ee9e59c76bc0fd0"
      }
    },
    "id": 3062189,
    "link_background_color": null,
    "link_text": null,
    "link_text_color": null,
    "link_url": null,
    "name": null,
    "project_id": 3062189,
    "should_show_feature_image_section": true,
    "show_feature_image": false,
    "state": "inactive",
    "state_changed_at": 1499217481,
    "text_color": null
  },
  "slug": "wicarl-replace-your-nxt-ev3-brick-for-making-rc-le",
  "spotlight": false,
  "staff_pick": false,
  "state": "failed",
  "state_changed_at": 1504585058,
  "static_usd_rate": 1.0,
  "urls": {
    "web": {
      "project": "https://www.kickstarter.com/projects/974658537/wicarl-replace-your-nxt-ev3-brick-for-making-rc-le?ref=category_newest",
      "rewards": "https://www.kickstarter.com/projects/974658537/wicarl-replace-your-nxt-ev3-brick-for-making-rc-le/rewards"
    }
  },
  "usd_pledged": "905.0",
  "usd_type": "international"
}