{
  "backers_count": 901,
  "blurb": "ivee Sleek is a Wi-Fi Voice-Activated Assistant for your home",
  "category": {
    "color": 6526716,
    "id": 52,
    "name": "Hardware",
    "parent_id": 16,
    "position": 8,
    "slug": "technology/hardware",
    "urls": {
      "web": {
        "discover": "http://www.kickstarter.com/discover/categories/technology/hardware"
      }
    }
  },
  "converted_pledged_amount": 159606,
  "country": "US",
  "created_at": 1335465602,
  "creator": {
    "avatar": {
      "medium": "https://ksr-ugc.imgix.net/assets/006/278/769/793d8f9e648bfc081eb51d261703faf7_original.png?w=160&h=160&fit=crop&v=1461378147&auto=format&q=92&s=304179d7525d119b205fb6d6c05e0532",
      "small": "https://ksr-ugc.imgix.net/assets/006/278/769/793d8f9e648bfc081eb51d261703faf7_original.png?w=160&h=160&fit=crop&v=1461378147&auto=format&q=92&s=304179d7525d119b205fb6d6c05e0532",
      "thumb": "https://ksr-ugc.imgix.net/assets/006/278/769/793d8f9e648bfc081eb51d261703faf7_original.png?w=40&h=40&fit=crop&v=1461378147&auto=format&q=92&s=a9fe345ef181f1bf94132957b4edc2fc"
    },
    "chosen_currency": null,
    "id": 757751697,
    "is_registered": true,
    "name": "ivee",
    "slug": "ivee",
    "urls": {
      "api": {
        "user": "https://api.kickstarter.com/v1/users/757751697?signature=1524101444.44bda90610163891d51504133d85104dcd7836f5"
      },
      "web": {
        "user": "https://www.kickstarter.com/profile/ivee"
      }
    }
  },
  "currency": "USD",
  "currency_symbol": "$",
  "currency_trailing_code": true,
  "current_currency": "USD",
  "deadline": 1374385561,
  "disable_communication": false,
  "fx_rate": 1.0,
  "goal": 40000.0,
  "id": 1042353389,
  "is_starrable": false,
  "launched_at": 1371534361,
  "location": {
    "country": "US",
    "displayable_name": "Los Angeles, CA",
    "id": 2442047,
    "is_root": false,
    "localized_name": "Los Angeles",
    "name": "Los Angeles",
    "short_name": "Los Angeles, CA",
    "slug": "los-angeles-ca",
    "state": "CA",
    "type": "Town",
    "urls": {
      "api": {
        "nearby_projects": "https://api.kickstarter.com/v1/discover?signature=1524082109.85e1ac450ea9010763e72751ef0e7aad8408a809&woe_id=2442047"
      },
      "web": {
        "discover": "https://www.kickstarter.com/discover/places/los-angeles-ca",
        "location": "https://www.kickstarter.com/locations/los-angeles-ca"
      }
    }
  },
  "name": "ivee Sleek: Wi-Fi Voice-Activated Assistant",
  "photo": {
    "1024x576": "https://ksr-ugc.imgix.net/assets/011/353/539/a804ca0445f2a51764cce7f35ccbf214_original.JPG?crop=faces&w=1024&h=576&fit=crop&v=1463681423&auto=format&q=92&s=f18a86ffa48d0ae01a9bae52627b80e6",
    "1536x864": "https://ksr-ugc.imgix.net/assets/011/353/539/a804ca0445f2a51764cce7f35ccbf214_original.JPG?crop=faces&w=1552&h=873&fit=crop&v=1463681423&auto=format&q=92&s=735f88aa932e8282cf85e7794220c1e8",
    "ed": "https://ksr-ugc.imgix.net/assets/011/353/539/a804ca0445f2a51764cce7f35ccbf214_original.JPG?crop=faces&w=352&h=198&fit=crop&v=1463681423&auto=format&q=92&s=646b080a549a5b05e54a9fb4cced3cd5",
    "full": "https://ksr-ugc.imgix.net/assets/011/353/539/a804ca0445f2a51764cce7f35ccbf214_original.JPG?crop=faces&w=560&h=315&fit=crop&v=1463681423&auto=format&q=92&s=80f79cc7137cecf123072608b7cf3d1a",
    "key": "assets/011/353/539/a804ca0445f2a51764cce7f35ccbf214_original.JPG",
    "little": "https://ksr-ugc.imgix.net/assets/011/353/539/a804ca0445f2a51764cce7f35ccbf214_original.JPG?crop=faces&w=208&h=117&fit=crop&v=1463681423&auto=format&q=92&s=9deca1742b7988cf9eca0512ae5cafed",
    "med": "https://ksr-ugc.imgix.net/assets/011/353/539/a804ca0445f2a51764cce7f35ccbf214_original.JPG?crop=faces&w=272&h=153&fit=crop&v=1463681423&auto=format&q=92&s=e4557249a13db9eeb5359c44252ca143",
    "small": "https://ksr-ugc.imgix.net/assets/011/353/539/a804ca0445f2a51764cce7f35ccbf214_original.JPG?crop=faces&w=160&h=90&fit=crop&v=1463681423&auto=format&q=92&s=ef2f1cff39a4518ee10caa7ca3ecc1a9",
    "thumb": "https://ksr-ugc.imgix.net/assets/011/353/539/a804ca0445f2a51764cce7f35ccbf214_original.JPG?crop=faces&w=48&h=27&fit=crop&v=1463681423&auto=format&q=92&s=1ed7bbe701f1af718c2aebe4758bebd5"
  },
  "pledged": 159606.32,
  "profile": {
    "background_color": null,
    "background_image_opacity": 0.8,
    "blurb": null,
    "feature_image_attributes": {
      "image_urls": {
        "baseball_card": "https://ksr-ugc.imgix.net/assets/011/353/539/a804ca0445f2a51764cce7f35ccbf214_original.JPG?crop=faces&w=560&h=315&fit=crop&v=1463681423&auto=format&q=92&s=80f79cc7137cecf123072608b7cf3d1a",
        "default": "https://ksr-ugc.imgix.net/assets/011/353/539/a804ca0445f2a51764cce7f35ccbf214_original.JPG?crop=faces&w=1552&h=873&fit=crop&v=1463681423&auto=format&q=92&s=735f88aa932e8282cf85e7794220c1e8"
      }
    },
    "id": 160124,
    "link_background_color": null,
    "link_text": null,
    "link_text_color": null,
    "link_url": null,
    "name": null,
    "project_id": 160124,
    "should_show_feature_image_section": true,
    "show_feature_image": false,
    "state": "inactive",
    "state_changed_at": 1425915809,
    "text_color": null
  },
  "slug": "ivee-sleek-wi-fi-voice-activated-assistant",
  "spotlight": true,
  "staff_pick": false,
  "state": "successful",
  "state_changed_at": 1374385562,
  "static_usd_rate": 1.0,
  "urls": {
    "web": {
      "project": "https://www.kickstarter.com/projects/ivee/ivee-sleek-wi-fi-voice-activated-assistant?ref=category_newest",
      "rewards": "https://www.kickstarter.com/projects/ivee/ivee-sleek-wi-fi-voice-activated-assistant/rewards"
    }
  },
  "usd_pledged": "159606.32",
  "usd_type": "international"
}