{
  "backers_count": 3,
  "blurb": "Are you an Arduino and Raspberry Pi enthusiast? Php Controller is the powerful development platform that you need for your projects!",
  "category": {
    "color": 6526716,
    "id": 338,
    "name": "Robots",
    "parent_id": 16,
    "position": 10,
    "slug": "technology/robots",
    "urls": {
      "web": {
        "discover": "http://www.kickstarter.com/discover/categories/technology/robots"
      }
    }
  },
  "converted_pledged_amount": 264,
  "country": "IT",
  "created_at": 1493219880,
  "creator": {
    "avatar": {
      "medium": "https://ksr-ugc.imgix.net/assets/015/552/600/84e34186ab1258f5a7e4164abc653acc_original.png?w=160&h=160&fit=crop&v=1487418274&auto=format&q=92&s=af109659bcab03bb3919a5d8f539bdc0",
      "small": "https://ksr-ugc.imgix.net/assets/015/552/600/84e34186ab1258f5a7e4164abc653acc_original.png?w=160&h=160&fit=crop&v=1487418274&auto=format&q=92&s=af109659bcab03bb3919a5d8f539bdc0",
      "thumb": "https://ksr-ugc.imgix.net/assets/015/552/600/84e34186ab1258f5a7e4164abc653acc_original.png?w=40&h=40&fit=crop&v=1487418274&auto=format&q=92&s=e6d24c40ac42076ab880bc199883700c"
    },
    "chosen_currency": null,
    "id": 2047207582,
    "is_registered": true,
    "name": "Orlando Ceci",
    "urls": {
      "api": {
        "user": "https://api.kickstarter.com/v1/users/2047207582?signature=1524101919.24c854cd90a752cfe8a6878e0d85f71d4a4e30e9"
      },
      "web": {
        "user": "https://www.kickstarter.com/profile/2047207582"
      }
    }
  },
  "currency": "EUR",
  "currency_symbol": "\u20ac",
  "currency_trailing_code": false,
  "current_currency": "USD",
  "deadline": 1496253600,
  "disable_communication": false,
  "fx_rate": 1.23814016,
  "goal": 149.0,
  "id": 1042314573,
  "is_starrable": false,
  "launched_at": 1493673264,
  "location": {
    "country": "IT",
    "displayable_name": "Pescara, Italy",
    "id": 29341780,
    "is_root": false,
    "localized_name": "Pescara",
    "name": "Pescara",
    "short_name": "Pescara, Italy",
    "slug": "pescara-emilia-romagna-it",
    "state": "Emilia Romagna",
    "type": "Town",
    "urls": {
      "api": {
        "nearby_projects": "https://api.kickstarter.com/v1/discover?signature=1524082185.2d52d002fb6c1ab5a1280ddfc99b2852eac2e3ca&woe_id=29341780"
      },
      "web": {
        "discover": "https://www.kickstarter.com/discover/places/pescara-emilia-romagna-it",
        "location": "https://www.kickstarter.com/locations/pescara-emilia-romagna-it"
      }
    }
  },
  "name": "PHP CONTROLLER. Bring out the best from your projects!",
  "photo": {
    "1024x576": "https://ksr-ugc.imgix.net/assets/016/410/286/7089bfb0e2ee513a37854e33287835f8_original.png?crop=faces&w=1024&h=576&fit=crop&v=1494693273&auto=format&q=92&s=2946e5abd3a8e3e9898582b284009a64",
    "1536x864": "https://ksr-ugc.imgix.net/assets/016/410/286/7089bfb0e2ee513a37854e33287835f8_original.png?crop=faces&w=1552&h=873&fit=crop&v=1494693273&auto=format&q=92&s=befe07b317e902b028c11e31bca2dc3d",
    "ed": "https://ksr-ugc.imgix.net/assets/016/410/286/7089bfb0e2ee513a37854e33287835f8_original.png?crop=faces&w=352&h=198&fit=crop&v=1494693273&auto=format&q=92&s=d1d7116f4a0c0671dbf5e7b41f7d33d3",
    "full": "https://ksr-ugc.imgix.net/assets/016/410/286/7089bfb0e2ee513a37854e33287835f8_original.png?crop=faces&w=560&h=315&fit=crop&v=1494693273&auto=format&q=92&s=fa674aecaf1f7eaeb406e84d1614c685",
    "key": "assets/016/410/286/7089bfb0e2ee513a37854e33287835f8_original.png",
    "little": "https://ksr-ugc.imgix.net/assets/016/410/286/7089bfb0e2ee513a37854e33287835f8_original.png?crop=faces&w=208&h=117&fit=crop&v=1494693273&auto=format&q=92&s=3ee5522d27b7c5579ce261e08e4c8f3d",
    "med": "https://ksr-ugc.imgix.net/assets/016/410/286/7089bfb0e2ee513a37854e33287835f8_original.png?crop=faces&w=272&h=153&fit=crop&v=1494693273&auto=format&q=92&s=44ddc7b40447066e40355620808b5f8d",
    "small": "https://ksr-ugc.imgix.net/assets/016/410/286/7089bfb0e2ee513a37854e33287835f8_original.png?crop=faces&w=160&h=90&fit=crop&v=1494693273&auto=format&q=92&s=ee2b861a55e260c9e2065d97780591c4",
    "thumb": "https://ksr-ugc.imgix.net/assets/016/410/286/7089bfb0e2ee513a37854e33287835f8_original.png?crop=faces&w=48&h=27&fit=crop&v=1494693273&auto=format&q=92&s=e046bf4e8d72fee0346db7cfb59505cd"
  },
  "pledged": 237.0,
  "profile": {
    "background_color": null,
    "background_image_opacity": 0.8,
    "blurb": null,
    "feature_image_attributes": {
      "image_urls": {
        "baseball_card": "https://ksr-ugc.imgix.net/assets/016/410/286/7089bfb0e2ee513a37854e33287835f8_original.png?crop=faces&w=560&h=315&fit=crop&v=1494693273&auto=format&q=92&s=fa674aecaf1f7eaeb406e84d1614c685",
        "default": "https://ksr-ugc.imgix.net/assets/016/410/286/7089bfb0e2ee513a37854e33287835f8_original.png?crop=faces&w=1552&h=873&fit=crop&v=1494693273&auto=format&q=92&s=befe07b317e902b028c11e31bca2dc3d"
      }
    },
    "id": 2977121,
    "link_background_color": null,
    "link_text": null,
    "link_text_color": null,
    "link_url": null,
    "name": null,
    "project_id": 2977121,
    "should_show_feature_image_section": true,
    "show_feature_image": false,
    "state": "inactive",
    "state_changed_at": 1493219880,
    "text_color": null
  },
  "slug": "php-controller-bring-out-the-best-from-your-projec",
  "spotlight": true,
  "staff_pick": false,
  "state": "successful",
  "state_changed_at": 1496253600,
  "static_usd_rate": 1.08960355,
  "urls": {
    "web": {
      "project": "https://www.kickstarter.com/projects/2047207582/php-controller-bring-out-the-best-from-your-projec?ref=category_newest",
      "rewards": "https://www.kickstarter.com/projects/2047207582/php-controller-bring-out-the-best-from-your-projec/rewards"
    }
  },
  "usd_pledged": "258.23604135",
  "usd_type": "international"
}