{
  "backers_count": 2,
  "blurb": "Computers should be built around us, instead of us building our lives around them. Genzo is that computer.",
  "category": {
    "color": 6526716,
    "id": 341,
    "name": "Wearables",
    "parent_id": 16,
    "position": 14,
    "slug": "technology/wearables",
    "urls": {
      "web": {
        "discover": "http://www.kickstarter.com/discover/categories/technology/wearables"
      }
    }
  },
  "converted_pledged_amount": 36,
  "country": "US",
  "created_at": 1428163458,
  "creator": {
    "avatar": {
      "medium": "https://ksr-ugc.imgix.net/assets/009/761/020/227f7a5622cab9bef2a4ae1e7fb30f4b_original.jpg?w=160&h=160&fit=crop&v=1461626482&auto=format&q=92&s=6f839fa7982d99e235cc11d3100ec367",
      "small": "https://ksr-ugc.imgix.net/assets/009/761/020/227f7a5622cab9bef2a4ae1e7fb30f4b_original.jpg?w=160&h=160&fit=crop&v=1461626482&auto=format&q=92&s=6f839fa7982d99e235cc11d3100ec367",
      "thumb": "https://ksr-ugc.imgix.net/assets/009/761/020/227f7a5622cab9bef2a4ae1e7fb30f4b_original.jpg?w=40&h=40&fit=crop&v=1461626482&auto=format&q=92&s=ab6a790437f6cb6fa4dd6f991d4913d3"
    },
    "chosen_currency": null,
    "id": 366750607,
    "is_registered": true,
    "name": "Eyeware",
    "urls": {
      "api": {
        "user": "https://api.kickstarter.com/v1/users/366750607?signature=1524102739.9a95b39bae7bf662dfecf91c6ea2d73fbe0f4b18"
      },
      "web": {
        "user": "https://www.kickstarter.com/profile/366750607"
      }
    }
  },
  "currency": "USD",
  "currency_symbol": "$",
  "currency_trailing_code": true,
  "current_currency": "USD",
  "deadline": 1434154662,
  "disable_communication": false,
  "fx_rate": 1.0,
  "goal": 50000.0,
  "id": 104292153,
  "is_starrable": false,
  "launched_at": 1428970662,
  "location": {
    "country": "US",
    "displayable_name": "Chicago, IL",
    "id": 2379574,
    "is_root": false,
    "localized_name": "Chicago",
    "name": "Chicago",
    "short_name": "Chicago, IL",
    "slug": "chicago-il",
    "state": "IL",
    "type": "Town",
    "urls": {
      "api": {
        "nearby_projects": "https://api.kickstarter.com/v1/discover?signature=1524082109.31708ace3e69ccffe11c24591d897227bd8b67f0&woe_id=2379574"
      },
      "web": {
        "discover": "https://www.kickstarter.com/discover/places/chicago-il",
        "location": "https://www.kickstarter.com/locations/chicago-il"
      }
    }
  },
  "name": "Genzo - Augmented Reality Computer",
  "photo": {
    "1024x576": "https://ksr-ugc.imgix.net/assets/012/096/094/61a3984a0c42e358427d488c56821e0c_original.jpg?crop=faces&w=1024&h=576&fit=crop&v=1463731586&auto=format&q=92&s=f2b42482c8c1170356e79185ecd0cc20",
    "1536x864": "https://ksr-ugc.imgix.net/assets/012/096/094/61a3984a0c42e358427d488c56821e0c_original.jpg?crop=faces&w=1552&h=873&fit=crop&v=1463731586&auto=format&q=92&s=77289ce0d4a1d7982a311e006f5e47b1",
    "ed": "https://ksr-ugc.imgix.net/assets/012/096/094/61a3984a0c42e358427d488c56821e0c_original.jpg?crop=faces&w=352&h=198&fit=crop&v=1463731586&auto=format&q=92&s=27298f8b0e0943305d4ef56639ba25b0",
    "full": "https://ksr-ugc.imgix.net/assets/012/096/094/61a3984a0c42e358427d488c56821e0c_original.jpg?crop=faces&w=560&h=315&fit=crop&v=1463731586&auto=format&q=92&s=07fb864b48c7313ac19463f88dc477a4",
    "key": "assets/012/096/094/61a3984a0c42e358427d488c56821e0c_original.jpg",
    "little": "https://ksr-ugc.imgix.net/assets/012/096/094/61a3984a0c42e358427d488c56821e0c_original.jpg?crop=faces&w=208&h=117&fit=crop&v=1463731586&auto=format&q=92&s=4997ddf8033dc79a24d9dff4c6df308d",
    "med": "https://ksr-ugc.imgix.net/assets/012/096/094/61a3984a0c42e358427d488c56821e0c_original.jpg?crop=faces&w=272&h=153&fit=crop&v=1463731586&auto=format&q=92&s=7ee374011a02da890e726fff3db147a7",
    "small": "https://ksr-ugc.imgix.net/assets/012/096/094/61a3984a0c42e358427d488c56821e0c_original.jpg?crop=faces&w=160&h=90&fit=crop&v=1463731586&auto=format&q=92&s=ef7e233ca7cf60b318f2a54c5af8e205",
    "thumb": "https://ksr-ugc.imgix.net/assets/012/096/094/61a3984a0c42e358427d488c56821e0c_original.jpg?crop=faces&w=48&h=27&fit=crop&v=1463731586&auto=format&q=92&s=c60db06d49395173d1d0898b1c8270e9"
  },
  "pledged": 36.0,
  "profile": {
    "background_color": null,
    "background_image_opacity": 0.8,
    "blurb": null,
    "feature_image_attributes": {
      "image_urls": {
        "baseball_card": "https://ksr-ugc.imgix.net/assets/012/096/094/61a3984a0c42e358427d488c56821e0c_original.jpg?crop=faces&w=560&h=315&fit=crop&v=1463731586&auto=format&q=92&s=07fb864b48c7313ac19463f88dc477a4",
        "default": "https://ksr-ugc.imgix.net/assets/012/096/094/61a3984a0c42e358427d488c56821e0c_original.jpg?crop=faces&w=1552&h=873&fit=crop&v=1463731586&auto=format&q=92&s=77289ce0d4a1d7982a311e006f5e47b1"
      }
    },
    "id": 1820678,
    "link_background_color": null,
    "link_text": null,
    "link_text_color": null,
    "link_url": null,
    "name": null,
    "project_id": 1820678,
    "should_show_feature_image_section": true,
    "show_feature_image": false,
    "state": "inactive",
    "state_changed_at": 1428163458,
    "text_color": null
  },
  "slug": "genzo-augmented-reality-computer",
  "spotlight": false,
  "staff_pick": false,
  "state": "failed",
  "state_changed_at": 1434154662,
  "static_usd_rate": 1.0,
  "urls": {
    "web": {
      "project": "https://www.kickstarter.com/projects/366750607/genzo-augmented-reality-computer?ref=category_newest",
      "rewards": "https://www.kickstarter.com/projects/366750607/genzo-augmented-reality-computer/rewards"
    }
  },
  "usd_pledged": "36.0",
  "usd_type": "international"
}