{
  "backers_count": 1,
  "blurb": "ZipDo will bridge the gap between retailers and consumers in a very unique way. Consumers will be rewarded for using our free services.",
  "category": {
    "color": 6526716,
    "id": 342,
    "name": "Web",
    "parent_id": 16,
    "position": 15,
    "slug": "technology/web",
    "urls": {
      "web": {
        "discover": "http://www.kickstarter.com/discover/categories/technology/web"
      }
    }
  },
  "converted_pledged_amount": 1,
  "country": "US",
  "created_at": 1404839817,
  "creator": {
    "avatar": {
      "medium": "https://ksr-ugc.imgix.net/assets/008/975/652/4e5bb6ca20c6a05e3fa0b2853350c55a_original.jpeg?w=160&h=160&fit=crop&v=1461552279&auto=format&q=92&s=3fdb8a301ce5b0054ef8d96b793980cd",
      "small": "https://ksr-ugc.imgix.net/assets/008/975/652/4e5bb6ca20c6a05e3fa0b2853350c55a_original.jpeg?w=160&h=160&fit=crop&v=1461552279&auto=format&q=92&s=3fdb8a301ce5b0054ef8d96b793980cd",
      "thumb": "https://ksr-ugc.imgix.net/assets/008/975/652/4e5bb6ca20c6a05e3fa0b2853350c55a_original.jpeg?w=40&h=40&fit=crop&v=1461552279&auto=format&q=92&s=306ad8135be4bad508f06b1d049d5601"
    },
    "chosen_currency": null,
    "id": 521904563,
    "is_registered": true,
    "name": "Tom LoBianco",
    "urls": {
      "api": {
        "user": "https://api.kickstarter.com/v1/users/521904563?signature=1524102950.016f7a79bc8977514f5470dec9618c99728aa910"
      },
      "web": {
        "user": "https://www.kickstarter.com/profile/521904563"
      }
    }
  },
  "currency": "USD",
  "currency_symbol": "$",
  "currency_trailing_code": true,
  "current_currency": "USD",
  "deadline": 1408161540,
  "disable_communication": false,
  "fx_rate": 1.0,
  "goal": 35750.0,
  "id": 1043796,
  "is_starrable": false,
  "launched_at": 1405194049,
  "location": {
    "country": "US",
    "displayable_name": "Newport News, VA",
    "id": 2459618,
    "is_root": false,
    "localized_name": "Newport News",
    "name": "Newport News",
    "short_name": "Newport News, VA",
    "slug": "newport-news-va",
    "state": "VA",
    "type": "Town",
    "urls": {
      "api": {
        "nearby_projects": "https://api.kickstarter.com/v1/discover?signature=1524082147.78c3bc49fec132a4012d76477ce79d55edde868f&woe_id=2459618"
      },
      "web": {
        "discover": "https://www.kickstarter.com/discover/places/newport-news-va",
        "location": "https://www.kickstarter.com/locations/newport-news-va"
      }
    }
  },
  "name": "ZipDo",
  "photo": {
    "1024x576": "https://ksr-ugc.imgix.net/assets/011/753/174/09759072aecc2860307544beeaae5dc1_original.jpg?crop=faces&w=1024&h=576&fit=crop&v=1463690057&auto=format&q=92&s=3e01c067c236237aa87bfae37a6804a8",
    "1536x864": "https://ksr-ugc.imgix.net/assets/011/753/174/09759072aecc2860307544beeaae5dc1_original.jpg?crop=faces&w=1552&h=873&fit=crop&v=1463690057&auto=format&q=92&s=bb1d6eaf5a037e19bc92a113ec156942",
    "ed": "https://ksr-ugc.imgix.net/assets/011/753/174/09759072aecc2860307544beeaae5dc1_original.jpg?crop=faces&w=352&h=198&fit=crop&v=1463690057&auto=format&q=92&s=cb6fac714e1eabbdf1a68ecbec7990c8",
    "full": "https://ksr-ugc.imgix.net/assets/011/753/174/09759072aecc2860307544beeaae5dc1_original.jpg?crop=faces&w=560&h=315&fit=crop&v=1463690057&auto=format&q=92&s=20cfac4096849b8ea9d14c674593fcd8",
    "key": "assets/011/753/174/09759072aecc2860307544beeaae5dc1_original.jpg",
    "little": "https://ksr-ugc.imgix.net/assets/011/753/174/09759072aecc2860307544beeaae5dc1_original.jpg?crop=faces&w=208&h=117&fit=crop&v=1463690057&auto=format&q=92&s=af3d80ee0b2acf5dc2deb9bf71b1cdba",
    "med": "https://ksr-ugc.imgix.net/assets/011/753/174/09759072aecc2860307544beeaae5dc1_original.jpg?crop=faces&w=272&h=153&fit=crop&v=1463690057&auto=format&q=92&s=404ff0e48008de39063d70ba710272e7",
    "small": "https://ksr-ugc.imgix.net/assets/011/753/174/09759072aecc2860307544beeaae5dc1_original.jpg?crop=faces&w=160&h=90&fit=crop&v=1463690057&auto=format&q=92&s=c6d29fea4da4ca92e15d51efff93a6c9",
    "thumb": "https://ksr-ugc.imgix.net/assets/011/753/174/09759072aecc2860307544beeaae5dc1_original.jpg?crop=faces&w=48&h=27&fit=crop&v=1463690057&auto=format&q=92&s=b6050ef4a25adc0aec20d3ec8b32017f"
  },
  "pledged": 1.0,
  "profile": {
    "background_color": null,
    "background_image_opacity": 0.8,
    "blurb": null,
    "feature_image_attributes": {
      "image_urls": {
        "baseball_card": "https://ksr-ugc.imgix.net/assets/011/753/174/09759072aecc2860307544beeaae5dc1_original.jpg?crop=faces&w=560&h=315&fit=crop&v=1463690057&auto=format&q=92&s=20cfac4096849b8ea9d14c674593fcd8",
        "default": "https://ksr-ugc.imgix.net/assets/011/753/174/09759072aecc2860307544beeaae5dc1_original.jpg?crop=faces&w=1552&h=873&fit=crop&v=1463690057&auto=format&q=92&s=bb1d6eaf5a037e19bc92a113ec156942"
      }
    },
    "id": 1124484,
    "link_background_color": null,
    "link_text": null,
    "link_text_color": null,
    "link_url": null,
    "name": null,
    "project_id": 1124484,
    "should_show_feature_image_section": true,
    "show_feature_image": false,
    "state": "inactive",
    "state_changed_at": 1425915862,
    "text_color": null
  },
  "slug": "zipdo",
  "spotlight": false,
  "staff_pick": false,
  "state": "failed",
  "state_changed_at": 1408161540,
  "static_usd_rate": 1.0,
  "urls": {
    "web": {
      "project": "https://www.kickstarter.com/projects/521904563/zipdo?ref=category_newest",
      "rewards": "https://www.kickstarter.com/projects/521904563/zipdo/rewards"
    }
  },
  "usd_pledged": "1.0",
  "usd_type": "international"
}