{
  "backers_count": 0,
  "blurb": "BarProwl.com is a nightlife based website for university students to find local bar and drink specials, to save them money.",
  "category": {
    "color": 6526716,
    "id": 342,
    "name": "Web",
    "parent_id": 16,
    "position": 15,
    "slug": "technology/web",
    "urls": {
      "web": {
        "discover": "http://www.kickstarter.com/discover/categories/technology/web"
      }
    }
  },
  "converted_pledged_amount": 0,
  "country": "US",
  "created_at": 1409256995,
  "creator": {
    "avatar": {
      "medium": "https://ksr-ugc.imgix.net/assets/009/240/307/7928e35ec17e978970f44424c659a8ec_original.JPG?w=160&h=160&fit=crop&v=1461567110&auto=format&q=92&s=a5d403890279c50eefd012b6455229a7",
      "small": "https://ksr-ugc.imgix.net/assets/009/240/307/7928e35ec17e978970f44424c659a8ec_original.JPG?w=160&h=160&fit=crop&v=1461567110&auto=format&q=92&s=a5d403890279c50eefd012b6455229a7",
      "thumb": "https://ksr-ugc.imgix.net/assets/009/240/307/7928e35ec17e978970f44424c659a8ec_original.JPG?w=40&h=40&fit=crop&v=1461567110&auto=format&q=92&s=2c3eb008fb8a15d1c79020ca6ff062d8"
    },
    "chosen_currency": null,
    "id": 960960626,
    "is_registered": true,
    "name": "Brandon S.",
    "urls": {
      "api": {
        "user": "https://api.kickstarter.com/v1/users/960960626?signature=1524102989.715ca349664bb6cb65911c872cf3ff1044027ce4"
      },
      "web": {
        "user": "https://www.kickstarter.com/profile/960960626"
      }
    }
  },
  "currency": "USD",
  "currency_symbol": "$",
  "currency_trailing_code": true,
  "current_currency": "USD",
  "deadline": 1411929282,
  "disable_communication": false,
  "fx_rate": 1.0,
  "goal": 10000.0,
  "id": 1043196374,
  "is_starrable": false,
  "launched_at": 1409337282,
  "location": {
    "country": "US",
    "displayable_name": "Baton Rouge, LA",
    "id": 2359991,
    "is_root": false,
    "localized_name": "Baton Rouge",
    "name": "Baton Rouge",
    "short_name": "Baton Rouge, LA",
    "slug": "baton-rouge-la",
    "state": "LA",
    "type": "Town",
    "urls": {
      "api": {
        "nearby_projects": "https://api.kickstarter.com/v1/discover?signature=1524082150.3b2b714f5100a7acb6ee004ad56219cbd28ea686&woe_id=2359991"
      },
      "web": {
        "discover": "https://www.kickstarter.com/discover/places/baton-rouge-la",
        "location": "https://www.kickstarter.com/locations/baton-rouge-la"
      }
    }
  },
  "name": "BarProwl",
  "photo": {
    "1024x576": "https://ksr-ugc.imgix.net/assets/011/852/057/1d288e7f564e3d2183642c46bb4503f1_original.jpg?crop=faces&w=1024&h=576&fit=crop&v=1463704107&auto=format&q=92&s=b3e0c578b01cc929bf1b2208b17de303",
    "1536x864": "https://ksr-ugc.imgix.net/assets/011/852/057/1d288e7f564e3d2183642c46bb4503f1_original.jpg?crop=faces&w=1552&h=873&fit=crop&v=1463704107&auto=format&q=92&s=06b39aaf52e4a1475cee5ddc575b6663",
    "ed": "https://ksr-ugc.imgix.net/assets/011/852/057/1d288e7f564e3d2183642c46bb4503f1_original.jpg?crop=faces&w=352&h=198&fit=crop&v=1463704107&auto=format&q=92&s=8c8331d1e0e3f69820d03b9278149d29",
    "full": "https://ksr-ugc.imgix.net/assets/011/852/057/1d288e7f564e3d2183642c46bb4503f1_original.jpg?crop=faces&w=560&h=315&fit=crop&v=1463704107&auto=format&q=92&s=394eda8b3748f7665cb7c10b5ab390bf",
    "key": "assets/011/852/057/1d288e7f564e3d2183642c46bb4503f1_original.jpg",
    "little": "https://ksr-ugc.imgix.net/assets/011/852/057/1d288e7f564e3d2183642c46bb4503f1_original.jpg?crop=faces&w=208&h=117&fit=crop&v=1463704107&auto=format&q=92&s=18b05258b13791a346bcb4f8543ce675",
    "med": "https://ksr-ugc.imgix.net/assets/011/852/057/1d288e7f564e3d2183642c46bb4503f1_original.jpg?crop=faces&w=272&h=153&fit=crop&v=1463704107&auto=format&q=92&s=5681dc98d2e38ff14e707556f090734a",
    "small": "https://ksr-ugc.imgix.net/assets/011/852/057/1d288e7f564e3d2183642c46bb4503f1_original.jpg?crop=faces&w=160&h=90&fit=crop&v=1463704107&auto=format&q=92&s=5b5ac3a4bc87bc034bebf87f9a6bbd5a",
    "thumb": "https://ksr-ugc.imgix.net/assets/011/852/057/1d288e7f564e3d2183642c46bb4503f1_original.jpg?crop=faces&w=48&h=27&fit=crop&v=1463704107&auto=format&q=92&s=bade5c4b55c079c8b59e5015e230d5d7"
  },
  "pledged": 0.0,
  "profile": {
    "background_color": null,
    "background_image_opacity": 0.8,
    "blurb": null,
    "feature_image_attributes": {
      "image_urls": {
        "baseball_card": "https://ksr-ugc.imgix.net/assets/011/852/057/1d288e7f564e3d2183642c46bb4503f1_original.jpg?crop=faces&w=560&h=315&fit=crop&v=1463704107&auto=format&q=92&s=394eda8b3748f7665cb7c10b5ab390bf",
        "default": "https://ksr-ugc.imgix.net/assets/011/852/057/1d288e7f564e3d2183642c46bb4503f1_original.jpg?crop=faces&w=1552&h=873&fit=crop&v=1463704107&auto=format&q=92&s=06b39aaf52e4a1475cee5ddc575b6663"
      }
    },
    "id": 1323681,
    "link_background_color": null,
    "link_text": null,
    "link_text_color": null,
    "link_url": null,
    "name": null,
    "project_id": 1323681,
    "should_show_feature_image_section": true,
    "show_feature_image": false,
    "state": "inactive",
    "state_changed_at": 1425915873,
    "text_color": null
  },
  "slug": "barprowl",
  "spotlight": false,
  "staff_pick": false,
  "state": "failed",
  "state_changed_at": 1411929284,
  "static_usd_rate": 1.0,
  "urls": {
    "web": {
      "project": "https://www.kickstarter.com/projects/960960626/barprowl?ref=category_newest",
      "rewards": "https://www.kickstarter.com/projects/960960626/barprowl/rewards"
    }
  },
  "usd_pledged": "0.0",
  "usd_type": "international"
}