{
  "backers_count": 224,
  "blurb": "ORA Smart Glasses : More Advanced than Google Glass at a Fraction of the Price !",
  "category": {
    "color": 6526716,
    "id": 341,
    "name": "Wearables",
    "parent_id": 16,
    "position": 14,
    "slug": "technology/wearables",
    "urls": {
      "web": {
        "discover": "http://www.kickstarter.com/discover/categories/technology/wearables"
      }
    }
  },
  "converted_pledged_amount": 104656,
  "country": "US",
  "created_at": 1399036448,
  "creator": {
    "avatar": {
      "medium": "https://ksr-ugc.imgix.net/assets/008/411/166/07ee18a6e0576cdae5b267b2899ca65b_original.png?w=160&h=160&fit=crop&v=1461522478&auto=format&q=92&s=b8b38ec924c22008fb28ed61ac4fbbd3",
      "small": "https://ksr-ugc.imgix.net/assets/008/411/166/07ee18a6e0576cdae5b267b2899ca65b_original.png?w=160&h=160&fit=crop&v=1461522478&auto=format&q=92&s=b8b38ec924c22008fb28ed61ac4fbbd3",
      "thumb": "https://ksr-ugc.imgix.net/assets/008/411/166/07ee18a6e0576cdae5b267b2899ca65b_original.png?w=40&h=40&fit=crop&v=1461522478&auto=format&q=92&s=766342bd73286985d8bf0dd4fe0702d8"
    },
    "chosen_currency": null,
    "id": 604019269,
    "is_registered": true,
    "name": "Optinvent",
    "slug": "optinvent-ora1",
    "urls": {
      "api": {
        "user": "https://api.kickstarter.com/v1/users/604019269?signature=1524102642.1fc4d18eec4eb679d8d28e39aea81acce8be5927"
      },
      "web": {
        "user": "https://www.kickstarter.com/profile/optinvent-ora1"
      }
    }
  },
  "currency": "USD",
  "currency_symbol": "$",
  "currency_trailing_code": true,
  "current_currency": "USD",
  "deadline": 1414486778,
  "disable_communication": false,
  "fx_rate": 1.0,
  "goal": 100000.0,
  "id": 1043385803,
  "is_starrable": false,
  "launched_at": 1409302778,
  "location": {
    "country": "US",
    "displayable_name": "Monte Sereno, Thousand Oaks, CA",
    "id": 55862210,
    "is_root": false,
    "localized_name": "Monte Sereno",
    "name": "Monte Sereno",
    "short_name": "Monte Sereno, CA",
    "slug": "monte-sereno-thousand-oaks-ca",
    "state": "CA",
    "type": "Suburb",
    "urls": {
      "api": {
        "nearby_projects": "https://api.kickstarter.com/v1/discover?signature=1524082388.d987e61ab65d23ac6e58eec06d29f5b27bd0afae&woe_id=55862210"
      },
      "web": {
        "discover": "https://www.kickstarter.com/discover/places/monte-sereno-thousand-oaks-ca",
        "location": "https://www.kickstarter.com/locations/monte-sereno-thousand-oaks-ca"
      }
    }
  },
  "name": "ORA Smart Glass",
  "photo": {
    "1024x576": "https://ksr-ugc.imgix.net/assets/011/697/355/c3f97e4c1230e8dccd399070c4619735_original.jpg?crop=faces&w=1024&h=576&fit=crop&v=1463686934&auto=format&q=92&s=698c44c9b868458344ae81ef9065de3c",
    "1536x864": "https://ksr-ugc.imgix.net/assets/011/697/355/c3f97e4c1230e8dccd399070c4619735_original.jpg?crop=faces&w=1552&h=873&fit=crop&v=1463686934&auto=format&q=92&s=fe7b52e83cb363e1b437483d02d40342",
    "ed": "https://ksr-ugc.imgix.net/assets/011/697/355/c3f97e4c1230e8dccd399070c4619735_original.jpg?crop=faces&w=352&h=198&fit=crop&v=1463686934&auto=format&q=92&s=1529ba5b9cb6985fe433007a6ea6b95d",
    "full": "https://ksr-ugc.imgix.net/assets/011/697/355/c3f97e4c1230e8dccd399070c4619735_original.jpg?crop=faces&w=560&h=315&fit=crop&v=1463686934&auto=format&q=92&s=a18d4c22e7035512d3ced127ccf57911",
    "key": "assets/011/697/355/c3f97e4c1230e8dccd399070c4619735_original.jpg",
    "little": "https://ksr-ugc.imgix.net/assets/011/697/355/c3f97e4c1230e8dccd399070c4619735_original.jpg?crop=faces&w=208&h=117&fit=crop&v=1463686934&auto=format&q=92&s=32edf2779d92006503120e3794b11d36",
    "med": "https://ksr-ugc.imgix.net/assets/011/697/355/c3f97e4c1230e8dccd399070c4619735_original.jpg?crop=faces&w=272&h=153&fit=crop&v=1463686934&auto=format&q=92&s=51bd5113ff33863fdba376da9a553888",
    "small": "https://ksr-ugc.imgix.net/assets/011/697/355/c3f97e4c1230e8dccd399070c4619735_original.jpg?crop=faces&w=160&h=90&fit=crop&v=1463686934&auto=format&q=92&s=7792a5c1f3137e7d65309140deab02ae",
    "thumb": "https://ksr-ugc.imgix.net/assets/011/697/355/c3f97e4c1230e8dccd399070c4619735_original.jpg?crop=faces&w=48&h=27&fit=crop&v=1463686934&auto=format&q=92&s=bb17b9341db4f6c78fec567c199a0337"
  },
  "pledged": 104656.0,
  "profile": {
    "background_color": "",
    "background_image_opacity": 0.8,
    "blurb": "Optinvent ORA-1 Smart Glass : More advanced than Google Glass at a fraction of the price!",
    "feature_image_attributes": {
      "image_urls": {
        "baseball_card": "https://ksr-ugc.imgix.net/assets/011/697/355/c3f97e4c1230e8dccd399070c4619735_original.jpg?crop=faces&w=560&h=315&fit=crop&v=1463686934&auto=format&q=92&s=a18d4c22e7035512d3ced127ccf57911",
        "default": "https://ksr-ugc.imgix.net/assets/011/697/355/c3f97e4c1230e8dccd399070c4619735_original.jpg?crop=faces&w=1552&h=873&fit=crop&v=1463686934&auto=format&q=92&s=fe7b52e83cb363e1b437483d02d40342"
      }
    },
    "id": 1004367,
    "link_background_color": "",
    "link_text": "Follow along!",
    "link_text_color": "",
    "link_url": "",
    "name": "ORA-1 Smart Glass",
    "project_id": 1004367,
    "should_show_feature_image_section": true,
    "show_feature_image": false,
    "state": "active",
    "state_changed_at": 1441894207,
    "text_color": ""
  },
  "slug": "ora-1-smart-glasses-developer-version",
  "spotlight": true,
  "staff_pick": false,
  "state": "successful",
  "state_changed_at": 1414486810,
  "static_usd_rate": 1.0,
  "urls": {
    "web": {
      "project": "https://www.kickstarter.com/projects/optinvent-ora1/ora-1-smart-glasses-developer-version?ref=category_newest",
      "rewards": "https://www.kickstarter.com/projects/optinvent-ora1/ora-1-smart-glasses-developer-version/rewards"
    }
  },
  "usd_pledged": "104656.0",
  "usd_type": "international"
}