{
  "backers_count": 0,
  "blurb": "A delicious gourmet breakfast delivery app which frees up the start of your day and satisfies that Morning Munchie feeling!",
  "category": {
    "color": 6526716,
    "id": 51,
    "name": "Software",
    "parent_id": 16,
    "position": 11,
    "slug": "technology/software",
    "urls": {
      "web": {
        "discover": "http://www.kickstarter.com/discover/categories/technology/software"
      }
    }
  },
  "converted_pledged_amount": 0,
  "country": "US",
  "created_at": 1415576243,
  "creator": {
    "avatar": {
      "medium": "https://ksr-ugc.imgix.net/assets/009/352/115/a9b07e2988202058eec38f6f89a35896_original.jpg?w=160&h=160&fit=crop&v=1461584129&auto=format&q=92&s=b29040908746a15045474e5e14af70fe",
      "small": "https://ksr-ugc.imgix.net/assets/009/352/115/a9b07e2988202058eec38f6f89a35896_original.jpg?w=160&h=160&fit=crop&v=1461584129&auto=format&q=92&s=b29040908746a15045474e5e14af70fe",
      "thumb": "https://ksr-ugc.imgix.net/assets/009/352/115/a9b07e2988202058eec38f6f89a35896_original.jpg?w=40&h=40&fit=crop&v=1461584129&auto=format&q=92&s=1a5159883418bf2a86b67451447986f8"
    },
    "chosen_currency": null,
    "id": 474134283,
    "is_registered": true,
    "name": "Troy McKenna",
    "urls": {
      "api": {
        "user": "https://api.kickstarter.com/v1/users/474134283?signature=1524102219.fdf97b2e4b3033b7e6615add6f10d18926c53e89"
      },
      "web": {
        "user": "https://www.kickstarter.com/profile/474134283"
      }
    }
  },
  "currency": "USD",
  "currency_symbol": "$",
  "currency_trailing_code": true,
  "current_currency": "USD",
  "deadline": 1418174038,
  "disable_communication": false,
  "fx_rate": 1.0,
  "goal": 5000.0,
  "id": 1043754285,
  "is_starrable": false,
  "launched_at": 1415582038,
  "location": {
    "country": "US",
    "displayable_name": "Manhattan, NY",
    "id": 12589342,
    "is_root": false,
    "localized_name": "Manhattan",
    "name": "Manhattan",
    "short_name": "Manhattan, NY",
    "slug": "manhattan-ny",
    "state": "NY",
    "type": "County",
    "urls": {
      "api": {
        "nearby_projects": "https://api.kickstarter.com/v1/discover?signature=1524082109.9a9de47121f87f5e57a51fef3bf18b096392f3e6&woe_id=12589342"
      },
      "web": {
        "discover": "https://www.kickstarter.com/discover/places/manhattan-ny",
        "location": "https://www.kickstarter.com/locations/manhattan-ny"
      }
    }
  },
  "name": "Morning Munchies",
  "photo": {
    "1024x576": "https://ksr-ugc.imgix.net/assets/011/939/489/2492a5ae59f3ad29467240af1b0b8b11_original.jpg?crop=faces&w=1024&h=576&fit=crop&v=1463718358&auto=format&q=92&s=3758f82cec79dd42a8d6c0391fa59516",
    "1536x864": "https://ksr-ugc.imgix.net/assets/011/939/489/2492a5ae59f3ad29467240af1b0b8b11_original.jpg?crop=faces&w=1552&h=873&fit=crop&v=1463718358&auto=format&q=92&s=965053f8329c28d6b908d5351117e3e6",
    "ed": "https://ksr-ugc.imgix.net/assets/011/939/489/2492a5ae59f3ad29467240af1b0b8b11_original.jpg?crop=faces&w=352&h=198&fit=crop&v=1463718358&auto=format&q=92&s=e239746996792414f1c70dbd17ee1ee5",
    "full": "https://ksr-ugc.imgix.net/assets/011/939/489/2492a5ae59f3ad29467240af1b0b8b11_original.jpg?crop=faces&w=560&h=315&fit=crop&v=1463718358&auto=format&q=92&s=1b9a58ea616c2f6aebbef8cb51f46550",
    "key": "assets/011/939/489/2492a5ae59f3ad29467240af1b0b8b11_original.jpg",
    "little": "https://ksr-ugc.imgix.net/assets/011/939/489/2492a5ae59f3ad29467240af1b0b8b11_original.jpg?crop=faces&w=208&h=117&fit=crop&v=1463718358&auto=format&q=92&s=a4b7df30af8c5d5d827b56f692af4bea",
    "med": "https://ksr-ugc.imgix.net/assets/011/939/489/2492a5ae59f3ad29467240af1b0b8b11_original.jpg?crop=faces&w=272&h=153&fit=crop&v=1463718358&auto=format&q=92&s=81b816ed9b0ff79bd8c4b2d34e731216",
    "small": "https://ksr-ugc.imgix.net/assets/011/939/489/2492a5ae59f3ad29467240af1b0b8b11_original.jpg?crop=faces&w=160&h=90&fit=crop&v=1463718358&auto=format&q=92&s=cc404f5ba8a517cc9642e09b4cf4fce8",
    "thumb": "https://ksr-ugc.imgix.net/assets/011/939/489/2492a5ae59f3ad29467240af1b0b8b11_original.jpg?crop=faces&w=48&h=27&fit=crop&v=1463718358&auto=format&q=92&s=af1e966e0b9785b37c9ed2fb749045d1"
  },
  "pledged": 0.0,
  "profile": {
    "background_color": null,
    "background_image_opacity": 0.8,
    "blurb": null,
    "feature_image_attributes": {
      "image_urls": {
        "baseball_card": "https://ksr-ugc.imgix.net/assets/011/939/489/2492a5ae59f3ad29467240af1b0b8b11_original.jpg?crop=faces&w=560&h=315&fit=crop&v=1463718358&auto=format&q=92&s=1b9a58ea616c2f6aebbef8cb51f46550",
        "default": "https://ksr-ugc.imgix.net/assets/011/939/489/2492a5ae59f3ad29467240af1b0b8b11_original.jpg?crop=faces&w=1552&h=873&fit=crop&v=1463718358&auto=format&q=92&s=965053f8329c28d6b908d5351117e3e6"
      }
    },
    "id": 1503469,
    "link_background_color": null,
    "link_text": null,
    "link_text_color": null,
    "link_url": null,
    "name": null,
    "project_id": 1503469,
    "should_show_feature_image_section": true,
    "show_feature_image": false,
    "state": "inactive",
    "state_changed_at": 1425915882,
    "text_color": null
  },
  "slug": "morning-munchies",
  "spotlight": false,
  "staff_pick": false,
  "state": "failed",
  "state_changed_at": 1418174038,
  "static_usd_rate": 1.0,
  "urls": {
    "web": {
      "project": "https://www.kickstarter.com/projects/474134283/morning-munchies?ref=category_newest",
      "rewards": "https://www.kickstarter.com/projects/474134283/morning-munchies/rewards"
    }
  },
  "usd_pledged": "0.0",
  "usd_type": "international"
}