{
  "backers_count": 6,
  "blurb": "Industrial grade mini shredder for use in preparing recyclable and compostable material to be remade into more valuable items.",
  "category": {
    "color": 6526716,
    "id": 335,
    "name": "Fabrication Tools",
    "parent_id": 16,
    "position": 5,
    "slug": "technology/fabrication tools",
    "urls": {
      "web": {
        "discover": "http://www.kickstarter.com/discover/categories/technology/fabrication%20tools"
      }
    }
  },
  "converted_pledged_amount": 1589,
  "country": "US",
  "created_at": 1473700842,
  "creator": {
    "avatar": {
      "medium": "https://ksr-ugc.imgix.net/assets/009/387/808/7b6770edd71fcb189eee47921a427646_original.png?w=160&h=160&fit=crop&v=1464979232&auto=format&q=92&s=191461adfb0bad0629cdada45ce8449b",
      "small": "https://ksr-ugc.imgix.net/assets/009/387/808/7b6770edd71fcb189eee47921a427646_original.png?w=160&h=160&fit=crop&v=1464979232&auto=format&q=92&s=191461adfb0bad0629cdada45ce8449b",
      "thumb": "https://ksr-ugc.imgix.net/assets/009/387/808/7b6770edd71fcb189eee47921a427646_original.png?w=40&h=40&fit=crop&v=1464979232&auto=format&q=92&s=c9165e1248f04909165f2c26f1efc653"
    },
    "chosen_currency": null,
    "id": 1718006136,
    "is_registered": true,
    "name": "The Green Engineers",
    "urls": {
      "api": {
        "user": "https://api.kickstarter.com/v1/users/1718006136?signature=1524100832.4383dc4df1597158c85808be83f7305f68309361"
      },
      "web": {
        "user": "https://www.kickstarter.com/profile/1718006136"
      }
    }
  },
  "currency": "USD",
  "currency_symbol": "$",
  "currency_trailing_code": true,
  "current_currency": "USD",
  "deadline": 1483678484,
  "disable_communication": false,
  "fx_rate": 1.0,
  "goal": 2300.0,
  "id": 1043753534,
  "is_starrable": false,
  "launched_at": 1481086484,
  "location": {
    "country": "US",
    "displayable_name": "San Jose, CA",
    "id": 2488042,
    "is_root": false,
    "localized_name": "San Jose",
    "name": "San Jose",
    "short_name": "San Jose, CA",
    "slug": "san-jose-ca",
    "state": "CA",
    "type": "Town",
    "urls": {
      "api": {
        "nearby_projects": "https://api.kickstarter.com/v1/discover?signature=1524082109.bba2dfbe2cc906a1b61327fe22d5b1d8f5264f73&woe_id=2488042"
      },
      "web": {
        "discover": "https://www.kickstarter.com/discover/places/san-jose-ca",
        "location": "https://www.kickstarter.com/locations/san-jose-ca"
      }
    }
  },
  "name": "The Reclaimer: Industrial Grade Mini Shredder",
  "photo": {
    "1024x576": "https://ksr-ugc.imgix.net/assets/014/646/103/8bb99dd47558558a274df15f5d4d5f4e_original.jpg?crop=faces&w=1024&h=576&fit=crop&v=1481092298&auto=format&q=92&s=bb98a7c2b27e8186c3085131300a9eac",
    "1536x864": "https://ksr-ugc.imgix.net/assets/014/646/103/8bb99dd47558558a274df15f5d4d5f4e_original.jpg?crop=faces&w=1552&h=873&fit=crop&v=1481092298&auto=format&q=92&s=0875e02ef415b48f6fb9404be12bfa24",
    "ed": "https://ksr-ugc.imgix.net/assets/014/646/103/8bb99dd47558558a274df15f5d4d5f4e_original.jpg?crop=faces&w=352&h=198&fit=crop&v=1481092298&auto=format&q=92&s=ded25f711622a694247fe35b05d2bc31",
    "full": "https://ksr-ugc.imgix.net/assets/014/646/103/8bb99dd47558558a274df15f5d4d5f4e_original.jpg?crop=faces&w=560&h=315&fit=crop&v=1481092298&auto=format&q=92&s=56e0a703cc9421eaa1e61b85f4adf01a",
    "key": "assets/014/646/103/8bb99dd47558558a274df15f5d4d5f4e_original.jpg",
    "little": "https://ksr-ugc.imgix.net/assets/014/646/103/8bb99dd47558558a274df15f5d4d5f4e_original.jpg?crop=faces&w=208&h=117&fit=crop&v=1481092298&auto=format&q=92&s=03fe3a2be5b18f515d2e150ddc734ebf",
    "med": "https://ksr-ugc.imgix.net/assets/014/646/103/8bb99dd47558558a274df15f5d4d5f4e_original.jpg?crop=faces&w=272&h=153&fit=crop&v=1481092298&auto=format&q=92&s=2969c759b54b4658794e7b6501685a94",
    "small": "https://ksr-ugc.imgix.net/assets/014/646/103/8bb99dd47558558a274df15f5d4d5f4e_original.jpg?crop=faces&w=160&h=90&fit=crop&v=1481092298&auto=format&q=92&s=4fa27a615040def51eebf5028fa1b4ef",
    "thumb": "https://ksr-ugc.imgix.net/assets/014/646/103/8bb99dd47558558a274df15f5d4d5f4e_original.jpg?crop=faces&w=48&h=27&fit=crop&v=1481092298&auto=format&q=92&s=e5648bde593ca605360d0dc5d41f50cf"
  },
  "pledged": 1589.0,
  "profile": {
    "background_color": null,
    "background_image_opacity": 0.8,
    "blurb": null,
    "feature_image_attributes": {
      "image_urls": {
        "baseball_card": "https://ksr-ugc.imgix.net/assets/014/646/103/8bb99dd47558558a274df15f5d4d5f4e_original.jpg?crop=faces&w=560&h=315&fit=crop&v=1481092298&auto=format&q=92&s=56e0a703cc9421eaa1e61b85f4adf01a",
        "default": "https://ksr-ugc.imgix.net/assets/014/646/103/8bb99dd47558558a274df15f5d4d5f4e_original.jpg?crop=faces&w=1552&h=873&fit=crop&v=1481092298&auto=format&q=92&s=0875e02ef415b48f6fb9404be12bfa24"
      }
    },
    "id": 2675863,
    "link_background_color": null,
    "link_text": null,
    "link_text_color": null,
    "link_url": null,
    "name": null,
    "project_id": 2675863,
    "should_show_feature_image_section": true,
    "show_feature_image": false,
    "state": "inactive",
    "state_changed_at": 1473700842,
    "text_color": null
  },
  "slug": "the-reclaimer-industrial-grade-mini-shredder",
  "spotlight": false,
  "staff_pick": false,
  "state": "failed",
  "state_changed_at": 1483678484,
  "static_usd_rate": 1.0,
  "urls": {
    "web": {
      "project": "https://www.kickstarter.com/projects/1718006136/the-reclaimer-industrial-grade-mini-shredder?ref=category_newest",
      "rewards": "https://www.kickstarter.com/projects/1718006136/the-reclaimer-industrial-grade-mini-shredder/rewards"
    }
  },
  "usd_pledged": "1589.0",
  "usd_type": "international"
}