{
  "backers_count": 1,
  "blurb": "Trying to create a small job CNC plasma welding shop, your funds will buy you time on the cnc.",
  "category": {
    "color": 6526716,
    "id": 335,
    "name": "Fabrication Tools",
    "parent_id": 16,
    "position": 5,
    "slug": "technology/fabrication tools",
    "urls": {
      "web": {
        "discover": "http://www.kickstarter.com/discover/categories/technology/fabrication%20tools"
      }
    }
  },
  "converted_pledged_amount": 1,
  "country": "US",
  "created_at": 1422122940,
  "creator": {
    "avatar": {
      "medium": "https://ksr-ugc.imgix.net/assets/006/721/517/e93e345a6e9c0ba3c8e4c03948897fd3_original.jpg?w=160&h=160&fit=crop&v=1461406960&auto=format&q=92&s=3ec4c4db24ec79eb6c4b37e9e3eab2f7",
      "small": "https://ksr-ugc.imgix.net/assets/006/721/517/e93e345a6e9c0ba3c8e4c03948897fd3_original.jpg?w=160&h=160&fit=crop&v=1461406960&auto=format&q=92&s=3ec4c4db24ec79eb6c4b37e9e3eab2f7",
      "thumb": "https://ksr-ugc.imgix.net/assets/006/721/517/e93e345a6e9c0ba3c8e4c03948897fd3_original.jpg?w=40&h=40&fit=crop&v=1461406960&auto=format&q=92&s=eb7e4fc45f79507f6232beb729300637"
    },
    "chosen_currency": null,
    "id": 451354644,
    "is_registered": true,
    "name": "Brian Gunter MN Powdercoat",
    "urls": {
      "api": {
        "user": "https://api.kickstarter.com/v1/users/451354644?signature=1524100816.decec34bbe694b8c16c3bcc1001137a7e1f0c64e"
      },
      "web": {
        "user": "https://www.kickstarter.com/profile/451354644"
      }
    }
  },
  "currency": "USD",
  "currency_symbol": "$",
  "currency_trailing_code": true,
  "current_currency": "USD",
  "deadline": 1426715649,
  "disable_communication": false,
  "fx_rate": 1.0,
  "goal": 12000.0,
  "id": 1043936826,
  "is_starrable": false,
  "launched_at": 1422917649,
  "location": {
    "country": "US",
    "displayable_name": "Marietta, MN",
    "id": 2445674,
    "is_root": false,
    "localized_name": "Marietta",
    "name": "Marietta",
    "short_name": "Marietta, MN",
    "slug": "marietta-mn",
    "state": "MN",
    "type": "Town",
    "urls": {
      "api": {
        "nearby_projects": "https://api.kickstarter.com/v1/discover?signature=1524082713.b4b97e62ce1d04721a415710f3fe30bd58f02d2c&woe_id=2445674"
      },
      "web": {
        "discover": "https://www.kickstarter.com/discover/places/marietta-mn",
        "location": "https://www.kickstarter.com/locations/marietta-mn"
      }
    }
  },
  "name": "CNC Plasma cutter table help us to help others",
  "photo": {
    "1024x576": "https://ksr-ugc.imgix.net/assets/012/012/499/5ac25bebf08c1ebabebb66cabbb84c7e_original.jpg?crop=faces&w=1024&h=576&fit=crop&v=1463723980&auto=format&q=92&s=8a20832e3253e492eaa3872cab26b656",
    "1536x864": "https://ksr-ugc.imgix.net/assets/012/012/499/5ac25bebf08c1ebabebb66cabbb84c7e_original.jpg?crop=faces&w=1552&h=873&fit=crop&v=1463723980&auto=format&q=92&s=78325469c066ad15ae8f16b631540d4d",
    "ed": "https://ksr-ugc.imgix.net/assets/012/012/499/5ac25bebf08c1ebabebb66cabbb84c7e_original.jpg?crop=faces&w=352&h=198&fit=crop&v=1463723980&auto=format&q=92&s=7a4c98f6c812d29e9cff6eb477bb74d4",
    "full": "https://ksr-ugc.imgix.net/assets/012/012/499/5ac25bebf08c1ebabebb66cabbb84c7e_original.jpg?crop=faces&w=560&h=315&fit=crop&v=1463723980&auto=format&q=92&s=76f7b3092aa5ced9947a4e5b075da336",
    "key": "assets/012/012/499/5ac25bebf08c1ebabebb66cabbb84c7e_original.jpg",
    "little": "https://ksr-ugc.imgix.net/assets/012/012/499/5ac25bebf08c1ebabebb66cabbb84c7e_original.jpg?crop=faces&w=208&h=117&fit=crop&v=1463723980&auto=format&q=92&s=220e1d4be441b9422cc4e523231e38cc",
    "med": "https://ksr-ugc.imgix.net/assets/012/012/499/5ac25bebf08c1ebabebb66cabbb84c7e_original.jpg?crop=faces&w=272&h=153&fit=crop&v=1463723980&auto=format&q=92&s=0a6ed8a968c312938ee63b9c0a2a6b5e",
    "small": "https://ksr-ugc.imgix.net/assets/012/012/499/5ac25bebf08c1ebabebb66cabbb84c7e_original.jpg?crop=faces&w=160&h=90&fit=crop&v=1463723980&auto=format&q=92&s=81ef44feab576775e64ed183c46a42c4",
    "thumb": "https://ksr-ugc.imgix.net/assets/012/012/499/5ac25bebf08c1ebabebb66cabbb84c7e_original.jpg?crop=faces&w=48&h=27&fit=crop&v=1463723980&auto=format&q=92&s=73bad57188305f5e3dce5c3f960cb84b"
  },
  "pledged": 1.0,
  "profile": {
    "background_color": null,
    "background_image_opacity": 0.8,
    "blurb": null,
    "feature_image_attributes": {
      "image_urls": {
        "baseball_card": "https://ksr-ugc.imgix.net/assets/012/012/499/5ac25bebf08c1ebabebb66cabbb84c7e_original.jpg?crop=faces&w=560&h=315&fit=crop&v=1463723980&auto=format&q=92&s=76f7b3092aa5ced9947a4e5b075da336",
        "default": "https://ksr-ugc.imgix.net/assets/012/012/499/5ac25bebf08c1ebabebb66cabbb84c7e_original.jpg?crop=faces&w=1552&h=873&fit=crop&v=1463723980&auto=format&q=92&s=78325469c066ad15ae8f16b631540d4d"
      }
    },
    "id": 1655829,
    "link_background_color": null,
    "link_text": null,
    "link_text_color": null,
    "link_url": null,
    "name": null,
    "project_id": 1655829,
    "should_show_feature_image_section": true,
    "show_feature_image": false,
    "state": "inactive",
    "state_changed_at": 1425915891,
    "text_color": null
  },
  "slug": "cnc-plasma-cutter-table-help-us-to-help-others",
  "spotlight": false,
  "staff_pick": false,
  "state": "failed",
  "state_changed_at": 1426715650,
  "static_usd_rate": 1.0,
  "urls": {
    "web": {
      "project": "https://www.kickstarter.com/projects/451354644/cnc-plasma-cutter-table-help-us-to-help-others?ref=category_newest",
      "rewards": "https://www.kickstarter.com/projects/451354644/cnc-plasma-cutter-table-help-us-to-help-others/rewards"
    }
  },
  "usd_pledged": "1.0",
  "usd_type": "international"
}