{
  "backers_count": 7,
  "blurb": "Spotify has changed the way we consume music by making it so we purchase easy access rather than songs.  I'll do the same for books.",
  "category": {
    "color": 6526716,
    "id": 51,
    "name": "Software",
    "parent_id": 16,
    "position": 11,
    "slug": "technology/software",
    "urls": {
      "web": {
        "discover": "http://www.kickstarter.com/discover/categories/technology/software"
      }
    }
  },
  "converted_pledged_amount": 90,
  "country": "US",
  "created_at": 1386798976,
  "creator": {
    "avatar": {
      "medium": "https://ksr-ugc.imgix.net/assets/008/240/392/95df497129654335d2fac55d6d012ffc_original.jpg?w=160&h=160&fit=crop&v=1461511985&auto=format&q=92&s=ee9a5a0519cb471086707dd853abf052",
      "small": "https://ksr-ugc.imgix.net/assets/008/240/392/95df497129654335d2fac55d6d012ffc_original.jpg?w=160&h=160&fit=crop&v=1461511985&auto=format&q=92&s=ee9a5a0519cb471086707dd853abf052",
      "thumb": "https://ksr-ugc.imgix.net/assets/008/240/392/95df497129654335d2fac55d6d012ffc_original.jpg?w=40&h=40&fit=crop&v=1461511985&auto=format&q=92&s=35b1fa4158fde363d7ad77a5b7f061eb"
    },
    "chosen_currency": null,
    "id": 1690823649,
    "is_registered": true,
    "name": "David Binnion",
    "urls": {
      "api": {
        "user": "https://api.kickstarter.com/v1/users/1690823649?signature=1524102155.3870fed90cec489b85f25a3e0f42604edd925e09"
      },
      "web": {
        "user": "https://www.kickstarter.com/profile/1690823649"
      }
    }
  },
  "currency": "USD",
  "currency_symbol": "$",
  "currency_trailing_code": true,
  "current_currency": "USD",
  "deadline": 1393003362,
  "disable_communication": false,
  "fx_rate": 1.0,
  "goal": 3330.0,
  "id": 1043780290,
  "is_starrable": false,
  "launched_at": 1390411362,
  "location": {
    "country": "US",
    "displayable_name": "Norcross, GA",
    "id": 2460356,
    "is_root": false,
    "localized_name": "Norcross",
    "name": "Norcross",
    "short_name": "Norcross, GA",
    "slug": "norcross-ga",
    "state": "GA",
    "type": "Town",
    "urls": {
      "api": {
        "nearby_projects": "https://api.kickstarter.com/v1/discover?signature=1524082414.544ab180fd828a7766d4929d57b077fa8041fa99&woe_id=2460356"
      },
      "web": {
        "discover": "https://www.kickstarter.com/discover/places/norcross-ga",
        "location": "https://www.kickstarter.com/locations/norcross-ga"
      }
    }
  },
  "name": "Book Demon (Spotify for books)",
  "photo": {
    "1024x576": "https://ksr-ugc.imgix.net/assets/011/621/262/01989fcafad5b1314af3fd4e076d0233_original.png?crop=faces&w=1024&h=576&fit=crop&v=1463685552&auto=format&q=92&s=386ca924170caec1af25f676a6d17c1b",
    "1536x864": "https://ksr-ugc.imgix.net/assets/011/621/262/01989fcafad5b1314af3fd4e076d0233_original.png?crop=faces&w=1552&h=873&fit=crop&v=1463685552&auto=format&q=92&s=97fdec0dd6fe8689946c3da4a4b13a06",
    "ed": "https://ksr-ugc.imgix.net/assets/011/621/262/01989fcafad5b1314af3fd4e076d0233_original.png?crop=faces&w=352&h=198&fit=crop&v=1463685552&auto=format&q=92&s=1eb5716c22e796e8145657df456b3fd2",
    "full": "https://ksr-ugc.imgix.net/assets/011/621/262/01989fcafad5b1314af3fd4e076d0233_original.png?crop=faces&w=560&h=315&fit=crop&v=1463685552&auto=format&q=92&s=3c6d6888b4170b0e733f4469d4b4fcde",
    "key": "assets/011/621/262/01989fcafad5b1314af3fd4e076d0233_original.png",
    "little": "https://ksr-ugc.imgix.net/assets/011/621/262/01989fcafad5b1314af3fd4e076d0233_original.png?crop=faces&w=208&h=117&fit=crop&v=1463685552&auto=format&q=92&s=99580aac79099c93c7fb7842788fdcc9",
    "med": "https://ksr-ugc.imgix.net/assets/011/621/262/01989fcafad5b1314af3fd4e076d0233_original.png?crop=faces&w=272&h=153&fit=crop&v=1463685552&auto=format&q=92&s=5caec5b04649d5d1f4507c70218910b6",
    "small": "https://ksr-ugc.imgix.net/assets/011/621/262/01989fcafad5b1314af3fd4e076d0233_original.png?crop=faces&w=160&h=90&fit=crop&v=1463685552&auto=format&q=92&s=4ebfe7eed15d0a931660f18b645a19a6",
    "thumb": "https://ksr-ugc.imgix.net/assets/011/621/262/01989fcafad5b1314af3fd4e076d0233_original.png?crop=faces&w=48&h=27&fit=crop&v=1463685552&auto=format&q=92&s=7ffad29454366e45d23c9a0ce7cec1e0"
  },
  "pledged": 90.0,
  "profile": {
    "background_color": null,
    "background_image_opacity": 0.8,
    "blurb": null,
    "feature_image_attributes": {
      "image_urls": {
        "baseball_card": "https://ksr-ugc.imgix.net/assets/011/621/262/01989fcafad5b1314af3fd4e076d0233_original.png?crop=faces&w=560&h=315&fit=crop&v=1463685552&auto=format&q=92&s=3c6d6888b4170b0e733f4469d4b4fcde",
        "default": "https://ksr-ugc.imgix.net/assets/011/621/262/01989fcafad5b1314af3fd4e076d0233_original.png?crop=faces&w=1552&h=873&fit=crop&v=1463685552&auto=format&q=92&s=97fdec0dd6fe8689946c3da4a4b13a06"
      }
    },
    "id": 811433,
    "link_background_color": null,
    "link_text": null,
    "link_text_color": null,
    "link_url": null,
    "name": null,
    "project_id": 811433,
    "should_show_feature_image_section": true,
    "show_feature_image": false,
    "state": "inactive",
    "state_changed_at": 1425915844,
    "text_color": null
  },
  "slug": "book-demon-spotify-for-books",
  "spotlight": false,
  "staff_pick": false,
  "state": "failed",
  "state_changed_at": 1393003365,
  "static_usd_rate": 1.0,
  "urls": {
    "web": {
      "project": "https://www.kickstarter.com/projects/1690823649/book-demon-spotify-for-books?ref=category_newest",
      "rewards": "https://www.kickstarter.com/projects/1690823649/book-demon-spotify-for-books/rewards"
    }
  },
  "usd_pledged": "90.0",
  "usd_type": "international"
}