{
  "backers_count": 2,
  "blurb": "Whiteboard messaging combines productivity & privacy with integrated content to enable sharing of real-time information all in one app.",
  "category": {
    "color": 6526716,
    "id": 332,
    "name": "Apps",
    "parent_id": 16,
    "position": 2,
    "slug": "technology/apps",
    "urls": {
      "web": {
        "discover": "http://www.kickstarter.com/discover/categories/technology/apps"
      }
    }
  },
  "converted_pledged_amount": 30,
  "country": "US",
  "created_at": 1410969552,
  "creator": {
    "avatar": {
      "medium": "https://ksr-ugc.imgix.net/assets/009/270/652/5449ff455d5254fe78952c3dfef470c5_original.png?w=160&h=160&fit=crop&v=1461570591&auto=format&q=92&s=22fc12b937750a5f7a06368ee6545aa8",
      "small": "https://ksr-ugc.imgix.net/assets/009/270/652/5449ff455d5254fe78952c3dfef470c5_original.png?w=160&h=160&fit=crop&v=1461570591&auto=format&q=92&s=22fc12b937750a5f7a06368ee6545aa8",
      "thumb": "https://ksr-ugc.imgix.net/assets/009/270/652/5449ff455d5254fe78952c3dfef470c5_original.png?w=40&h=40&fit=crop&v=1461570591&auto=format&q=92&s=ccf44dcff70a19161971aa3781bf6fe3"
    },
    "chosen_currency": null,
    "id": 1200063377,
    "is_registered": true,
    "name": "Chip, Chip, Kevin, Shawn & Philip",
    "urls": {
      "api": {
        "user": "https://api.kickstarter.com/v1/users/1200063377?signature=1524100288.edbfe8c063d97ba3acc3fd5df9a567e174a566f3"
      },
      "web": {
        "user": "https://www.kickstarter.com/profile/1200063377"
      }
    }
  },
  "currency": "USD",
  "currency_symbol": "$",
  "currency_trailing_code": true,
  "current_currency": "USD",
  "deadline": 1417119460,
  "disable_communication": false,
  "fx_rate": 1.0,
  "goal": 5000.0,
  "id": 1044125571,
  "is_starrable": false,
  "launched_at": 1414523860,
  "location": {
    "country": "US",
    "displayable_name": "Washington, DC",
    "id": 2514815,
    "is_root": false,
    "localized_name": "Washington",
    "name": "Washington",
    "short_name": "Washington, DC",
    "slug": "washington-dc",
    "state": "DC",
    "type": "Town",
    "urls": {
      "api": {
        "nearby_projects": "https://api.kickstarter.com/v1/discover?signature=1524082111.e0a075516614f948e0b1fb865d83add56e8bd185&woe_id=2514815"
      },
      "web": {
        "discover": "https://www.kickstarter.com/discover/places/washington-dc",
        "location": "https://www.kickstarter.com/locations/washington-dc"
      }
    }
  },
  "name": "Whiteboard - Bringing Content into the Conversation",
  "photo": {
    "1024x576": "https://ksr-ugc.imgix.net/assets/011/871/431/7ef9fb1d742bb0a53d2db9506c346462_original.png?crop=faces&w=1024&h=576&fit=crop&v=1463707801&auto=format&q=92&s=78639ec4cab680f35f466d30bbafcde0",
    "1536x864": "https://ksr-ugc.imgix.net/assets/011/871/431/7ef9fb1d742bb0a53d2db9506c346462_original.png?crop=faces&w=1552&h=873&fit=crop&v=1463707801&auto=format&q=92&s=5afc01e6e282dce7a1fb33a71da597aa",
    "ed": "https://ksr-ugc.imgix.net/assets/011/871/431/7ef9fb1d742bb0a53d2db9506c346462_original.png?crop=faces&w=352&h=198&fit=crop&v=1463707801&auto=format&q=92&s=3787791ed09fdd4880d0d1277a9dc5eb",
    "full": "https://ksr-ugc.imgix.net/assets/011/871/431/7ef9fb1d742bb0a53d2db9506c346462_original.png?crop=faces&w=560&h=315&fit=crop&v=1463707801&auto=format&q=92&s=924e778fa22f80c19e971d0b6f8ba56f",
    "key": "assets/011/871/431/7ef9fb1d742bb0a53d2db9506c346462_original.png",
    "little": "https://ksr-ugc.imgix.net/assets/011/871/431/7ef9fb1d742bb0a53d2db9506c346462_original.png?crop=faces&w=208&h=117&fit=crop&v=1463707801&auto=format&q=92&s=0522fa08e7324b2523b863cd2dfd9e0c",
    "med": "https://ksr-ugc.imgix.net/assets/011/871/431/7ef9fb1d742bb0a53d2db9506c346462_original.png?crop=faces&w=272&h=153&fit=crop&v=1463707801&auto=format&q=92&s=5465d25907ce1aa126d26724735f4244",
    "small": "https://ksr-ugc.imgix.net/assets/011/871/431/7ef9fb1d742bb0a53d2db9506c346462_original.png?crop=faces&w=160&h=90&fit=crop&v=1463707801&auto=format&q=92&s=171054920dcb8df7fbbeae92e3789467",
    "thumb": "https://ksr-ugc.imgix.net/assets/011/871/431/7ef9fb1d742bb0a53d2db9506c346462_original.png?crop=faces&w=48&h=27&fit=crop&v=1463707801&auto=format&q=92&s=b2fe48b296b368b95782d8471e47f69d"
  },
  "pledged": 30.0,
  "profile": {
    "background_color": null,
    "background_image_opacity": 0.8,
    "blurb": null,
    "feature_image_attributes": {
      "image_urls": {
        "baseball_card": "https://ksr-ugc.imgix.net/assets/011/871/431/7ef9fb1d742bb0a53d2db9506c346462_original.png?crop=faces&w=560&h=315&fit=crop&v=1463707801&auto=format&q=92&s=924e778fa22f80c19e971d0b6f8ba56f",
        "default": "https://ksr-ugc.imgix.net/assets/011/871/431/7ef9fb1d742bb0a53d2db9506c346462_original.png?crop=faces&w=1552&h=873&fit=crop&v=1463707801&auto=format&q=92&s=5afc01e6e282dce7a1fb33a71da597aa"
      }
    },
    "id": 1363625,
    "link_background_color": null,
    "link_text": null,
    "link_text_color": null,
    "link_url": null,
    "name": null,
    "project_id": 1363625,
    "should_show_feature_image_section": true,
    "show_feature_image": false,
    "state": "inactive",
    "state_changed_at": 1425915875,
    "text_color": null
  },
  "slug": "whiteboard-bringing-content-into-the-conversation",
  "spotlight": false,
  "staff_pick": false,
  "state": "failed",
  "state_changed_at": 1417119461,
  "static_usd_rate": 1.0,
  "urls": {
    "web": {
      "project": "https://www.kickstarter.com/projects/1200063377/whiteboard-bringing-content-into-the-conversation?ref=category_newest",
      "rewards": "https://www.kickstarter.com/projects/1200063377/whiteboard-bringing-content-into-the-conversation/rewards"
    }
  },
  "usd_pledged": "30.0",
  "usd_type": "international"
}