{
  "backers_count": 1,
  "blurb": "Privacy Legion is a secure texting service that allows users to communicate safely & cost-effectively. www.cdss-llc.com",
  "category": {
    "color": 6526716,
    "id": 332,
    "name": "Apps",
    "parent_id": 16,
    "position": 2,
    "slug": "technology/apps",
    "urls": {
      "web": {
        "discover": "http://www.kickstarter.com/discover/categories/technology/apps"
      }
    }
  },
  "converted_pledged_amount": 6,
  "country": "US",
  "created_at": 1407245798,
  "creator": {
    "avatar": {
      "medium": "https://ksr-ugc.imgix.net/assets/009/162/031/0a8da99f37ff6ad2fcdf60df5ec5c098_original.jpg?w=160&h=160&fit=crop&v=1461561819&auto=format&q=92&s=631182ae8f5c69fdc51954b4a4eeb8bd",
      "small": "https://ksr-ugc.imgix.net/assets/009/162/031/0a8da99f37ff6ad2fcdf60df5ec5c098_original.jpg?w=160&h=160&fit=crop&v=1461561819&auto=format&q=92&s=631182ae8f5c69fdc51954b4a4eeb8bd",
      "thumb": "https://ksr-ugc.imgix.net/assets/009/162/031/0a8da99f37ff6ad2fcdf60df5ec5c098_original.jpg?w=40&h=40&fit=crop&v=1461561819&auto=format&q=92&s=ff90006fece0ea547051a92b0be253f5"
    },
    "chosen_currency": null,
    "id": 655401604,
    "is_registered": true,
    "name": "Christopher Stevens",
    "urls": {
      "api": {
        "user": "https://api.kickstarter.com/v1/users/655401604?signature=1524100223.075a7ac18214e7c42b66fc497506d4c0e980589c"
      },
      "web": {
        "user": "https://www.kickstarter.com/profile/655401604"
      }
    }
  },
  "currency": "USD",
  "currency_symbol": "$",
  "currency_trailing_code": true,
  "current_currency": "USD",
  "deadline": 1410131070,
  "disable_communication": false,
  "fx_rate": 1.0,
  "goal": 50000.0,
  "id": 1044019703,
  "is_starrable": false,
  "launched_at": 1407539070,
  "location": {
    "country": "US",
    "displayable_name": "Fulton, Baltimore, MD",
    "id": 2408122,
    "is_root": false,
    "localized_name": "Fulton",
    "name": "Fulton",
    "short_name": "Fulton, MD",
    "slug": "fulton-baltimore-md",
    "state": "MD",
    "type": "Suburb",
    "urls": {
      "api": {
        "nearby_projects": "https://api.kickstarter.com/v1/discover?signature=1524082169.ea945f97ab95ede01efae30d6fed561b002049a2&woe_id=2408122"
      },
      "web": {
        "discover": "https://www.kickstarter.com/discover/places/fulton-baltimore-md",
        "location": "https://www.kickstarter.com/locations/fulton-baltimore-md"
      }
    }
  },
  "name": "Privacy Legion",
  "photo": {
    "1024x576": "https://ksr-ugc.imgix.net/assets/011/822/689/bdad06fd2aaeb827eb38643eb3fdc6c6_original.gif?crop=faces&w=1024&h=576&fit=crop&v=1463699582&auto=format&frame=1&q=92&s=3259b06dd9a9c9b394e9e202af19e11f",
    "1536x864": "https://ksr-ugc.imgix.net/assets/011/822/689/bdad06fd2aaeb827eb38643eb3fdc6c6_original.gif?crop=faces&w=1552&h=873&fit=crop&v=1463699582&auto=format&frame=1&q=92&s=7f1968c9667e8c7d2d62beaea28beea1",
    "ed": "https://ksr-ugc.imgix.net/assets/011/822/689/bdad06fd2aaeb827eb38643eb3fdc6c6_original.gif?crop=faces&w=352&h=198&fit=crop&v=1463699582&auto=format&frame=1&q=92&s=3f14a1d7b169ba16eac322d5d1d29c37",
    "full": "https://ksr-ugc.imgix.net/assets/011/822/689/bdad06fd2aaeb827eb38643eb3fdc6c6_original.gif?crop=faces&w=560&h=315&fit=crop&v=1463699582&auto=format&frame=1&q=92&s=734428c4c278ae1ff84942004651a759",
    "key": "assets/011/822/689/bdad06fd2aaeb827eb38643eb3fdc6c6_original.gif",
    "little": "https://ksr-ugc.imgix.net/assets/011/822/689/bdad06fd2aaeb827eb38643eb3fdc6c6_original.gif?crop=faces&w=208&h=117&fit=crop&v=1463699582&auto=format&frame=1&q=92&s=84351d72e19e92b90259d02f61425cdb",
    "med": "https://ksr-ugc.imgix.net/assets/011/822/689/bdad06fd2aaeb827eb38643eb3fdc6c6_original.gif?crop=faces&w=272&h=153&fit=crop&v=1463699582&auto=format&frame=1&q=92&s=5b7cb0da6fa557fecda9f60a592c829e",
    "small": "https://ksr-ugc.imgix.net/assets/011/822/689/bdad06fd2aaeb827eb38643eb3fdc6c6_original.gif?crop=faces&w=160&h=90&fit=crop&v=1463699582&auto=format&frame=1&q=92&s=af1788687ff08b48c624ee862189c6f9",
    "thumb": "https://ksr-ugc.imgix.net/assets/011/822/689/bdad06fd2aaeb827eb38643eb3fdc6c6_original.gif?crop=faces&w=48&h=27&fit=crop&v=1463699582&auto=format&frame=1&q=92&s=231c04901a1c287ba1a446a2de675652"
  },
  "pledged": 6.0,
  "profile": {
    "background_color": null,
    "background_image_opacity": 0.8,
    "blurb": null,
    "feature_image_attributes": {
      "image_urls": {
        "baseball_card": "https://ksr-ugc.imgix.net/assets/011/822/689/bdad06fd2aaeb827eb38643eb3fdc6c6_original.gif?crop=faces&w=560&h=315&fit=crop&v=1463699582&auto=format&frame=1&q=92&s=734428c4c278ae1ff84942004651a759",
        "default": "https://ksr-ugc.imgix.net/assets/011/822/689/bdad06fd2aaeb827eb38643eb3fdc6c6_original.gif?crop=faces&w=1552&h=873&fit=crop&v=1463699582&auto=format&frame=1&q=92&s=7f1968c9667e8c7d2d62beaea28beea1"
      }
    },
    "id": 1261851,
    "link_background_color": null,
    "link_text": null,
    "link_text_color": null,
    "link_url": null,
    "name": null,
    "project_id": 1261851,
    "should_show_feature_image_section": true,
    "show_feature_image": false,
    "state": "inactive",
    "state_changed_at": 1425915870,
    "text_color": null
  },
  "slug": "privacy-legion",
  "spotlight": false,
  "staff_pick": false,
  "state": "failed",
  "state_changed_at": 1410131072,
  "static_usd_rate": 1.0,
  "urls": {
    "web": {
      "project": "https://www.kickstarter.com/projects/655401604/privacy-legion?ref=category_newest",
      "rewards": "https://www.kickstarter.com/projects/655401604/privacy-legion/rewards"
    }
  },
  "usd_pledged": "6.0",
  "usd_type": "international"
}