{
  "backers_count": 1,
  "blurb": "Online booking system for all kennels and catteries across the UK with location based services.",
  "category": {
    "color": 6526716,
    "id": 342,
    "name": "Web",
    "parent_id": 16,
    "position": 15,
    "slug": "technology/web",
    "urls": {
      "web": {
        "discover": "http://www.kickstarter.com/discover/categories/technology/web"
      }
    }
  },
  "converted_pledged_amount": 7,
  "country": "GB",
  "created_at": 1420916199,
  "creator": {
    "avatar": {
      "medium": "https://ksr-ugc.imgix.net/assets/009/298/706/f989c6dcacfa8cb0580acae05af395d2_original.jpg?w=160&h=160&fit=crop&v=1461576636&auto=format&q=92&s=a08334dbb2202890e361dac987368866",
      "small": "https://ksr-ugc.imgix.net/assets/009/298/706/f989c6dcacfa8cb0580acae05af395d2_original.jpg?w=160&h=160&fit=crop&v=1461576636&auto=format&q=92&s=a08334dbb2202890e361dac987368866",
      "thumb": "https://ksr-ugc.imgix.net/assets/009/298/706/f989c6dcacfa8cb0580acae05af395d2_original.jpg?w=40&h=40&fit=crop&v=1461576636&auto=format&q=92&s=da64e2e3d89127ad37c5abfdb32961f9"
    },
    "chosen_currency": null,
    "id": 981688908,
    "is_registered": true,
    "name": "Adam",
    "urls": {
      "api": {
        "user": "https://api.kickstarter.com/v1/users/981688908?signature=1524103064.5259fbc3802a1aca0c2f27e630a6d36a58a5255e"
      },
      "web": {
        "user": "https://www.kickstarter.com/profile/981688908"
      }
    }
  },
  "currency": "GBP",
  "currency_symbol": "\u00a3",
  "currency_trailing_code": false,
  "current_currency": "USD",
  "deadline": 1426313207,
  "disable_communication": false,
  "fx_rate": 1.43358488,
  "goal": 20000.0,
  "id": 1044588998,
  "is_starrable": false,
  "launched_at": 1421132807,
  "location": {
    "country": "GB",
    "displayable_name": "Greater Manchester, UK",
    "id": 12602158,
    "is_root": false,
    "localized_name": "Greater Manchester",
    "name": "Greater Manchester",
    "short_name": "Greater Manchester, UK",
    "slug": "greater-manchester-gb",
    "state": "England",
    "type": "County",
    "urls": {
      "api": {
        "nearby_projects": "https://api.kickstarter.com/v1/discover?signature=1524082122.21f9e0692baf9dfa0c9acf54d78391fd0d2cc8fb&woe_id=12602158"
      },
      "web": {
        "discover": "https://www.kickstarter.com/discover/places/greater-manchester-gb",
        "location": "https://www.kickstarter.com/locations/greater-manchester-gb"
      }
    }
  },
  "name": "Book a kennel online",
  "photo": {
    "1024x576": "https://ksr-ugc.imgix.net/assets/011/996/323/66ed5c66db5dc4d58df7f6daa14cdf3b_original.jpg?crop=faces&w=1024&h=576&fit=crop&v=1463722533&auto=format&q=92&s=2b008bd3eedf98cc587af74668857a60",
    "1536x864": "https://ksr-ugc.imgix.net/assets/011/996/323/66ed5c66db5dc4d58df7f6daa14cdf3b_original.jpg?crop=faces&w=1552&h=873&fit=crop&v=1463722533&auto=format&q=92&s=a5c50b6415426c596a34f291420e4128",
    "ed": "https://ksr-ugc.imgix.net/assets/011/996/323/66ed5c66db5dc4d58df7f6daa14cdf3b_original.jpg?crop=faces&w=352&h=198&fit=crop&v=1463722533&auto=format&q=92&s=3d667c28b4eb8e2e9c5f291869f3d653",
    "full": "https://ksr-ugc.imgix.net/assets/011/996/323/66ed5c66db5dc4d58df7f6daa14cdf3b_original.jpg?crop=faces&w=560&h=315&fit=crop&v=1463722533&auto=format&q=92&s=9783bed951a45c72a7fca2e53c3badbe",
    "key": "assets/011/996/323/66ed5c66db5dc4d58df7f6daa14cdf3b_original.jpg",
    "little": "https://ksr-ugc.imgix.net/assets/011/996/323/66ed5c66db5dc4d58df7f6daa14cdf3b_original.jpg?crop=faces&w=208&h=117&fit=crop&v=1463722533&auto=format&q=92&s=d4d37656f3d7b1dfc77ad5eaaac05206",
    "med": "https://ksr-ugc.imgix.net/assets/011/996/323/66ed5c66db5dc4d58df7f6daa14cdf3b_original.jpg?crop=faces&w=272&h=153&fit=crop&v=1463722533&auto=format&q=92&s=8f57bc564daff47f247b4355453b3d26",
    "small": "https://ksr-ugc.imgix.net/assets/011/996/323/66ed5c66db5dc4d58df7f6daa14cdf3b_original.jpg?crop=faces&w=160&h=90&fit=crop&v=1463722533&auto=format&q=92&s=68f129b8b9fc0372e5f3f7354456b9ed",
    "thumb": "https://ksr-ugc.imgix.net/assets/011/996/323/66ed5c66db5dc4d58df7f6daa14cdf3b_original.jpg?crop=faces&w=48&h=27&fit=crop&v=1463722533&auto=format&q=92&s=a59513465a8b283095a3594fa83334e4"
  },
  "pledged": 5.0,
  "profile": {
    "background_color": null,
    "background_image_opacity": 0.8,
    "blurb": null,
    "feature_image_attributes": {
      "image_urls": {
        "baseball_card": "https://ksr-ugc.imgix.net/assets/011/996/323/66ed5c66db5dc4d58df7f6daa14cdf3b_original.jpg?crop=faces&w=560&h=315&fit=crop&v=1463722533&auto=format&q=92&s=9783bed951a45c72a7fca2e53c3badbe",
        "default": "https://ksr-ugc.imgix.net/assets/011/996/323/66ed5c66db5dc4d58df7f6daa14cdf3b_original.jpg?crop=faces&w=1552&h=873&fit=crop&v=1463722533&auto=format&q=92&s=a5c50b6415426c596a34f291420e4128"
      }
    },
    "id": 1622750,
    "link_background_color": null,
    "link_text": null,
    "link_text_color": null,
    "link_url": null,
    "name": null,
    "project_id": 1622750,
    "should_show_feature_image_section": true,
    "show_feature_image": false,
    "state": "inactive",
    "state_changed_at": 1425915889,
    "text_color": null
  },
  "slug": "book-a-kennel-online",
  "spotlight": false,
  "staff_pick": false,
  "state": "failed",
  "state_changed_at": 1426313208,
  "static_usd_rate": 1.51687064,
  "urls": {
    "web": {
      "project": "https://www.kickstarter.com/projects/981688908/book-a-kennel-online?ref=category_newest",
      "rewards": "https://www.kickstarter.com/projects/981688908/book-a-kennel-online/rewards"
    }
  },
  "usd_pledged": "7.5843532",
  "usd_type": "international"
}