{
  "backers_count": 83,
  "blurb": "Combining sleek modern design and a comfortable ride, the Caruca is the next big thing that is sure to change the game of golf forever!",
  "category": {
    "color": 6526716,
    "id": 52,
    "name": "Hardware",
    "parent_id": 16,
    "position": 8,
    "slug": "technology/hardware",
    "urls": {
      "web": {
        "discover": "http://www.kickstarter.com/discover/categories/technology/hardware"
      }
    }
  },
  "converted_pledged_amount": 20001,
  "country": "US",
  "created_at": 1434661133,
  "creator": {
    "avatar": {
      "medium": "https://ksr-ugc.imgix.net/assets/009/016/907/fe9aa7a2d97063b48c60f6751afc4ac1_original.jpg?w=160&h=160&fit=crop&v=1461553872&auto=format&q=92&s=4daf215d5b68e0fd08bf94d1687f2adb",
      "small": "https://ksr-ugc.imgix.net/assets/009/016/907/fe9aa7a2d97063b48c60f6751afc4ac1_original.jpg?w=160&h=160&fit=crop&v=1461553872&auto=format&q=92&s=4daf215d5b68e0fd08bf94d1687f2adb",
      "thumb": "https://ksr-ugc.imgix.net/assets/009/016/907/fe9aa7a2d97063b48c60f6751afc4ac1_original.jpg?w=40&h=40&fit=crop&v=1461553872&auto=format&q=92&s=03e4b9dc7cbe2920b3baf7a1fedde09f"
    },
    "chosen_currency": null,
    "id": 1529646482,
    "is_registered": true,
    "name": "Josh Hein",
    "slug": "caruca",
    "urls": {
      "api": {
        "user": "https://api.kickstarter.com/v1/users/1529646482?signature=1524101581.3768edb9851781e53f0967518fe3bc8d0e3de9ca"
      },
      "web": {
        "user": "https://www.kickstarter.com/profile/caruca"
      }
    }
  },
  "currency": "USD",
  "currency_symbol": "$",
  "currency_trailing_code": true,
  "current_currency": "USD",
  "deadline": 1463255186,
  "disable_communication": false,
  "fx_rate": 1.0,
  "goal": 20000.0,
  "id": 1044767479,
  "is_starrable": false,
  "launched_at": 1459799186,
  "location": {
    "country": "US",
    "displayable_name": "Raleigh, NC",
    "id": 2478307,
    "is_root": false,
    "localized_name": "Raleigh",
    "name": "Raleigh",
    "short_name": "Raleigh, NC",
    "slug": "raleigh-nc",
    "state": "NC",
    "type": "Town",
    "urls": {
      "api": {
        "nearby_projects": "https://api.kickstarter.com/v1/discover?signature=1524082114.c123d4b29c13d0822bde1ac5f108024cf82c3d68&woe_id=2478307"
      },
      "web": {
        "discover": "https://www.kickstarter.com/discover/places/raleigh-nc",
        "location": "https://www.kickstarter.com/locations/raleigh-nc"
      }
    }
  },
  "name": "Caruca - A Single Rider, Electric Golf Scooter/Cart",
  "photo": {
    "1024x576": "https://ksr-ugc.imgix.net/assets/012/172/239/15e393e15a7413cc5858c005b7b219ec_original.png?crop=faces&w=1024&h=576&fit=crop&v=1463739494&auto=format&q=92&s=94ea5ad290b265b351a64b821a78bca4",
    "1536x864": "https://ksr-ugc.imgix.net/assets/012/172/239/15e393e15a7413cc5858c005b7b219ec_original.png?crop=faces&w=1552&h=873&fit=crop&v=1463739494&auto=format&q=92&s=a9c82113c31ee184799fe9ff3d40bbda",
    "ed": "https://ksr-ugc.imgix.net/assets/012/172/239/15e393e15a7413cc5858c005b7b219ec_original.png?crop=faces&w=352&h=198&fit=crop&v=1463739494&auto=format&q=92&s=65aee9b752b123d9e2f19e5658e54af5",
    "full": "https://ksr-ugc.imgix.net/assets/012/172/239/15e393e15a7413cc5858c005b7b219ec_original.png?crop=faces&w=560&h=315&fit=crop&v=1463739494&auto=format&q=92&s=b745e5284c15f513556ae725a006be14",
    "key": "assets/012/172/239/15e393e15a7413cc5858c005b7b219ec_original.png",
    "little": "https://ksr-ugc.imgix.net/assets/012/172/239/15e393e15a7413cc5858c005b7b219ec_original.png?crop=faces&w=208&h=117&fit=crop&v=1463739494&auto=format&q=92&s=86ce3724d0a8787fc40cb42afa67083d",
    "med": "https://ksr-ugc.imgix.net/assets/012/172/239/15e393e15a7413cc5858c005b7b219ec_original.png?crop=faces&w=272&h=153&fit=crop&v=1463739494&auto=format&q=92&s=e1d74233b981651b341560554b8cb04e",
    "small": "https://ksr-ugc.imgix.net/assets/012/172/239/15e393e15a7413cc5858c005b7b219ec_original.png?crop=faces&w=160&h=90&fit=crop&v=1463739494&auto=format&q=92&s=228d18327db68b78681a42d2eaf537de",
    "thumb": "https://ksr-ugc.imgix.net/assets/012/172/239/15e393e15a7413cc5858c005b7b219ec_original.png?crop=faces&w=48&h=27&fit=crop&v=1463739494&auto=format&q=92&s=8e1d884ea969749bb4d5486a29a9f289"
  },
  "pledged": 20001.0,
  "profile": {
    "background_color": null,
    "background_image_opacity": 0.8,
    "blurb": null,
    "feature_image_attributes": {
      "image_urls": {
        "baseball_card": "https://ksr-ugc.imgix.net/assets/012/172/239/15e393e15a7413cc5858c005b7b219ec_original.png?crop=faces&w=560&h=315&fit=crop&v=1463739494&auto=format&q=92&s=b745e5284c15f513556ae725a006be14",
        "default": "https://ksr-ugc.imgix.net/assets/012/172/239/15e393e15a7413cc5858c005b7b219ec_original.png?crop=faces&w=1552&h=873&fit=crop&v=1463739494&auto=format&q=92&s=a9c82113c31ee184799fe9ff3d40bbda"
      }
    },
    "id": 1967496,
    "link_background_color": null,
    "link_text": null,
    "link_text_color": null,
    "link_url": null,
    "name": null,
    "project_id": 1967496,
    "should_show_feature_image_section": true,
    "show_feature_image": false,
    "state": "inactive",
    "state_changed_at": 1434661133,
    "text_color": null
  },
  "slug": "caruca-a-single-rider-electric-golf-scooter-cart",
  "spotlight": true,
  "staff_pick": false,
  "state": "successful",
  "state_changed_at": 1463255186,
  "static_usd_rate": 1.0,
  "urls": {
    "web": {
      "project": "https://www.kickstarter.com/projects/caruca/caruca-a-single-rider-electric-golf-scooter-cart?ref=category_newest",
      "rewards": "https://www.kickstarter.com/projects/caruca/caruca-a-single-rider-electric-golf-scooter-cart/rewards"
    }
  },
  "usd_pledged": "20001.0",
  "usd_type": "international"
}