{
  "backers_count": 416,
  "blurb": "The world's first 3 in 1 oscillating 3D Sonic Toothbrush plus beauty care functionality - facial scrub & massage sponge!",
  "category": {
    "color": 6526716,
    "id": 337,
    "name": "Gadgets",
    "parent_id": 16,
    "position": 7,
    "slug": "technology/gadgets",
    "urls": {
      "web": {
        "discover": "http://www.kickstarter.com/discover/categories/technology/gadgets"
      }
    }
  },
  "converted_pledged_amount": 25415,
  "country": "US",
  "created_at": 1477582446,
  "creator": {
    "avatar": {
      "medium": "https://ksr-ugc.imgix.net/assets/014/832/364/6c7367524054f23267de9e2e3a7eaa21_original.jpg?w=160&h=160&fit=crop&v=1481907577&auto=format&q=92&s=8fd54739ef8628a28e36b4c727fab872",
      "small": "https://ksr-ugc.imgix.net/assets/014/832/364/6c7367524054f23267de9e2e3a7eaa21_original.jpg?w=160&h=160&fit=crop&v=1481907577&auto=format&q=92&s=8fd54739ef8628a28e36b4c727fab872",
      "thumb": "https://ksr-ugc.imgix.net/assets/014/832/364/6c7367524054f23267de9e2e3a7eaa21_original.jpg?w=40&h=40&fit=crop&v=1481907577&auto=format&q=92&s=86475070ca68b695071676c2a68d8f62"
    },
    "chosen_currency": null,
    "id": 687502368,
    "is_registered": true,
    "name": "3Deep Inc.",
    "urls": {
      "api": {
        "user": "https://api.kickstarter.com/v1/users/687502368?signature=1524101063.50c5eeb15ad14b58750e0725866fc6bfd0785a56"
      },
      "web": {
        "user": "https://www.kickstarter.com/profile/687502368"
      }
    }
  },
  "currency": "USD",
  "currency_symbol": "$",
  "currency_trailing_code": true,
  "current_currency": "USD",
  "deadline": 1486655278,
  "disable_communication": false,
  "fx_rate": 1.0,
  "goal": 15000.0,
  "id": 1044970667,
  "is_starrable": false,
  "launched_at": 1484063278,
  "location": {
    "country": "US",
    "displayable_name": "Saratoga, CA",
    "id": 2489047,
    "is_root": false,
    "localized_name": "Saratoga",
    "name": "Saratoga",
    "short_name": "Saratoga, CA",
    "slug": "saratoga-ca",
    "state": "CA",
    "type": "Town",
    "urls": {
      "api": {
        "nearby_projects": "https://api.kickstarter.com/v1/discover?signature=1524082315.7a609145f1f7f93957bcfaaffd0d98c6485e3c45&woe_id=2489047"
      },
      "web": {
        "discover": "https://www.kickstarter.com/discover/places/saratoga-ca",
        "location": "https://www.kickstarter.com/locations/saratoga-ca"
      }
    }
  },
  "name": "3Deep : The Sonic Toothbrush",
  "photo": {
    "1024x576": "https://ksr-ugc.imgix.net/assets/014/626/777/2b178133d89ca271e1f8ebacd1e2964e_original.png?crop=faces&w=1024&h=576&fit=crop&v=1479856370&auto=format&q=92&s=eb5f4e85b57d43d62adb36c5de6de826",
    "1536x864": "https://ksr-ugc.imgix.net/assets/014/626/777/2b178133d89ca271e1f8ebacd1e2964e_original.png?crop=faces&w=1552&h=873&fit=crop&v=1479856370&auto=format&q=92&s=a5d81b547d6157aaf99bba196fe319c4",
    "ed": "https://ksr-ugc.imgix.net/assets/014/626/777/2b178133d89ca271e1f8ebacd1e2964e_original.png?crop=faces&w=352&h=198&fit=crop&v=1479856370&auto=format&q=92&s=9f2f2de57d5b0878c9f861132bd37a24",
    "full": "https://ksr-ugc.imgix.net/assets/014/626/777/2b178133d89ca271e1f8ebacd1e2964e_original.png?crop=faces&w=560&h=315&fit=crop&v=1479856370&auto=format&q=92&s=446d96004bcee467d72ce11cc3dd48eb",
    "key": "assets/014/626/777/2b178133d89ca271e1f8ebacd1e2964e_original.png",
    "little": "https://ksr-ugc.imgix.net/assets/014/626/777/2b178133d89ca271e1f8ebacd1e2964e_original.png?crop=faces&w=208&h=117&fit=crop&v=1479856370&auto=format&q=92&s=7b16a6aebe1b974867dee45cc1996bd5",
    "med": "https://ksr-ugc.imgix.net/assets/014/626/777/2b178133d89ca271e1f8ebacd1e2964e_original.png?crop=faces&w=272&h=153&fit=crop&v=1479856370&auto=format&q=92&s=55b25b516945e5a7ecafffe2588c03dd",
    "small": "https://ksr-ugc.imgix.net/assets/014/626/777/2b178133d89ca271e1f8ebacd1e2964e_original.png?crop=faces&w=160&h=90&fit=crop&v=1479856370&auto=format&q=92&s=193751eaa2b505d8662e7d55d343bea2",
    "thumb": "https://ksr-ugc.imgix.net/assets/014/626/777/2b178133d89ca271e1f8ebacd1e2964e_original.png?crop=faces&w=48&h=27&fit=crop&v=1479856370&auto=format&q=92&s=b380edeaf1787a50c6b03ed1a1359b7a"
  },
  "pledged": 25415.5,
  "profile": {
    "background_color": "",
    "background_image_opacity": 0.8,
    "blurb": "The world's first 3 in 1 oscillating 3D Sonic Toothbrush plus beauty care functionality - facial scrub & massage sponge!",
    "feature_image_attributes": {
      "image_urls": {
        "baseball_card": "https://ksr-ugc.imgix.net/assets/014/626/777/2b178133d89ca271e1f8ebacd1e2964e_original.png?crop=faces&w=560&h=315&fit=crop&v=1479856370&auto=format&q=92&s=446d96004bcee467d72ce11cc3dd48eb",
        "default": "https://ksr-ugc.imgix.net/assets/014/626/777/2b178133d89ca271e1f8ebacd1e2964e_original.png?crop=faces&w=1552&h=873&fit=crop&v=1479856370&auto=format&q=92&s=a5d81b547d6157aaf99bba196fe319c4"
      }
    },
    "id": 2736090,
    "link_background_color": "",
    "link_text": "Pre-Order here!",
    "link_text_color": "",
    "link_url": "https://www.indiegogo.com/projects/3deep-the-sonic-toothbrush-3d--2#/502368/3deep-the-sonic-toothbrush?ref=user_menu",
    "name": "3Deep : The Sonic Toothbrush",
    "project_id": 2736090,
    "should_show_feature_image_section": true,
    "show_feature_image": false,
    "state": "active",
    "state_changed_at": 1487818929,
    "text_color": ""
  },
  "slug": "3deep-the-sonic-toothbrush",
  "spotlight": true,
  "staff_pick": false,
  "state": "successful",
  "state_changed_at": 1486655278,
  "static_usd_rate": 1.0,
  "urls": {
    "web": {
      "project": "https://www.kickstarter.com/projects/687502368/3deep-the-sonic-toothbrush?ref=category_newest",
      "rewards": "https://www.kickstarter.com/projects/687502368/3deep-the-sonic-toothbrush/rewards"
    }
  },
  "usd_pledged": "25415.5",
  "usd_type": "international"
}