{
  "backers_count": 84,
  "blurb": "The RoVa4D Full Color Blender is the World's first affordable full color 3D printer! It is easy to use and comes ready-to-print.",
  "category": {
    "color": 6526716,
    "id": 331,
    "name": "3D Printing",
    "parent_id": 16,
    "position": 1,
    "slug": "technology/3d printing",
    "urls": {
      "web": {
        "discover": "http://www.kickstarter.com/discover/categories/technology/3d%20printing"
      }
    }
  },
  "converted_pledged_amount": 167305,
  "country": "CA",
  "created_at": 1459695463,
  "creator": {
    "avatar": {
      "medium": "https://ksr-ugc.imgix.net/assets/007/887/030/f08cd6f078d65f0026addfc3561c996a_original.jpg?w=160&h=160&fit=crop&v=1468171814&auto=format&q=92&s=3fb21e400a4f2ce07cac7ed45a7c23af",
      "small": "https://ksr-ugc.imgix.net/assets/007/887/030/f08cd6f078d65f0026addfc3561c996a_original.jpg?w=160&h=160&fit=crop&v=1468171814&auto=format&q=92&s=3fb21e400a4f2ce07cac7ed45a7c23af",
      "thumb": "https://ksr-ugc.imgix.net/assets/007/887/030/f08cd6f078d65f0026addfc3561c996a_original.jpg?w=40&h=40&fit=crop&v=1468171814&auto=format&q=92&s=d7e6ac2ba7092fc699cda0b77f3edffa"
    },
    "chosen_currency": null,
    "id": 1731033465,
    "is_registered": true,
    "name": "ORD Solutions",
    "slug": "ordsolutions",
    "urls": {
      "api": {
        "user": "https://api.kickstarter.com/v1/users/1731033465?signature=1524099971.aa6c4f9f97a6b7dc780c1c431f01e2d9a144d08c"
      },
      "web": {
        "user": "https://www.kickstarter.com/profile/ordsolutions"
      }
    }
  },
  "currency": "CAD",
  "currency_symbol": "$",
  "currency_trailing_code": true,
  "current_currency": "USD",
  "deadline": 1472047200,
  "disable_communication": false,
  "fx_rate": 0.79525709,
  "goal": 25000.0,
  "id": 1044761792,
  "is_starrable": false,
  "launched_at": 1469565915,
  "location": {
    "country": "CA",
    "displayable_name": "Cambridge, Canada",
    "id": 4350,
    "is_root": false,
    "localized_name": "Cambridge",
    "name": "Cambridge",
    "short_name": "Cambridge, Canada",
    "slug": "cambridge-on-ca",
    "state": "ON",
    "type": "Town",
    "urls": {
      "api": {
        "nearby_projects": "https://api.kickstarter.com/v1/discover?signature=1524082123.caedf1a5b6b69799ce2950f3eb06376a59d37250&woe_id=4350"
      },
      "web": {
        "discover": "https://www.kickstarter.com/discover/places/cambridge-on-ca",
        "location": "https://www.kickstarter.com/locations/cambridge-on-ca"
      }
    }
  },
  "name": "RoVa4D Full Color Blender 3D Printer",
  "photo": {
    "1024x576": "https://ksr-ugc.imgix.net/assets/013/117/843/6a959c97ab4e19c9636a9cf3f7fb22c9_original.jpg?crop=faces&w=1024&h=576&fit=crop&v=1472042214&auto=format&q=92&s=2e50b0d1f80bb58baf2d192e8c11b3ae",
    "1536x864": "https://ksr-ugc.imgix.net/assets/013/117/843/6a959c97ab4e19c9636a9cf3f7fb22c9_original.jpg?crop=faces&w=1552&h=873&fit=crop&v=1472042214&auto=format&q=92&s=64df8261feb0d5ba9c1fe681f5ff1ba4",
    "ed": "https://ksr-ugc.imgix.net/assets/013/117/843/6a959c97ab4e19c9636a9cf3f7fb22c9_original.jpg?crop=faces&w=352&h=198&fit=crop&v=1472042214&auto=format&q=92&s=d7e56b333bbd460b50dd63307e2b84c7",
    "full": "https://ksr-ugc.imgix.net/assets/013/117/843/6a959c97ab4e19c9636a9cf3f7fb22c9_original.jpg?crop=faces&w=560&h=315&fit=crop&v=1472042214&auto=format&q=92&s=b3fc036736607e3014d724702e6b773f",
    "key": "assets/013/117/843/6a959c97ab4e19c9636a9cf3f7fb22c9_original.jpg",
    "little": "https://ksr-ugc.imgix.net/assets/013/117/843/6a959c97ab4e19c9636a9cf3f7fb22c9_original.jpg?crop=faces&w=208&h=117&fit=crop&v=1472042214&auto=format&q=92&s=28c59cedbc3ecd4652ecdf3bfbe0376b",
    "med": "https://ksr-ugc.imgix.net/assets/013/117/843/6a959c97ab4e19c9636a9cf3f7fb22c9_original.jpg?crop=faces&w=272&h=153&fit=crop&v=1472042214&auto=format&q=92&s=dbae71a504eeec324a003820425257f7",
    "small": "https://ksr-ugc.imgix.net/assets/013/117/843/6a959c97ab4e19c9636a9cf3f7fb22c9_original.jpg?crop=faces&w=160&h=90&fit=crop&v=1472042214&auto=format&q=92&s=a0039b36f0ccd86558e6762cc078bf8b",
    "thumb": "https://ksr-ugc.imgix.net/assets/013/117/843/6a959c97ab4e19c9636a9cf3f7fb22c9_original.jpg?crop=faces&w=48&h=27&fit=crop&v=1472042214&auto=format&q=92&s=8962eb453fb8c77b62831603215e1443"
  },
  "pledged": 216288.98,
  "profile": {
    "background_color": "",
    "background_image_attributes": {
      "id": 17973508,
      "image_urls": {
        "baseball_card": "https://ksr-ugc.imgix.net/assets/017/973/508/e215582cc061689a90a9452f1f6035a9_original.jpg?w=460&fit=max&v=1503067946&auto=format&q=92&s=6f3fb5114c6c8529d8c7cc2a75b29b11",
        "default": "https://ksr-ugc.imgix.net/assets/017/973/508/e215582cc061689a90a9452f1f6035a9_original.jpg?w=1600&fit=max&v=1503067946&auto=format&q=92&s=c49cd315407166b3de13ec6e3b585868"
      }
    },
    "background_image_opacity": 1.0,
    "blurb": "The RoVa4D Full Color Blender is the World's first affordable full color 3D printer! It is easy to use and comes ready-to-print. FOR MORE INFORMATION VISIT:WWW.ORDSOLUTIONS.COM",
    "feature_image_attributes": {
      "image_urls": {
        "baseball_card": "https://ksr-ugc.imgix.net/assets/013/117/843/6a959c97ab4e19c9636a9cf3f7fb22c9_original.jpg?crop=faces&w=560&h=315&fit=crop&v=1472042214&auto=format&q=92&s=b3fc036736607e3014d724702e6b773f",
        "default": "https://ksr-ugc.imgix.net/assets/013/117/843/6a959c97ab4e19c9636a9cf3f7fb22c9_original.jpg?crop=faces&w=1552&h=873&fit=crop&v=1472042214&auto=format&q=92&s=64df8261feb0d5ba9c1fe681f5ff1ba4"
      }
    },
    "id": 2453238,
    "link_background_color": "2eda78",
    "link_text": "Order Now!",
    "link_text_color": "",
    "link_url": "http://www.ordsolutions.com/rova4d-full-color-blender-3d-printer-pre-order/",
    "name": "RoVa4D Full Color Blender 3D Printer",
    "project_id": 2453238,
    "should_show_feature_image_section": true,
    "show_feature_image": false,
    "state": "active",
    "state_changed_at": 1472074967,
    "text_color": ""
  },
  "slug": "rova4d-full-color-blender-3d-printer",
  "spotlight": true,
  "staff_pick": true,
  "state": "successful",
  "state_changed_at": 1472047211,
  "static_usd_rate": 0.76142905,
  "urls": {
    "web": {
      "project": "https://www.kickstarter.com/projects/ordsolutions/rova4d-full-color-blender-3d-printer?ref=category_newest",
      "rewards": "https://www.kickstarter.com/projects/ordsolutions/rova4d-full-color-blender-3d-printer/rewards"
    }
  },
  "usd_pledged": "164688.712566869",
  "usd_type": "international"
}