{
  "backers_count": 2,
  "blurb": "Video Identification to solve the lost and found pet issue and other applications for pet caretakers to better manage their pets.",
  "category": {
    "color": 6526716,
    "id": 51,
    "name": "Software",
    "parent_id": 16,
    "position": 11,
    "slug": "technology/software",
    "urls": {
      "web": {
        "discover": "http://www.kickstarter.com/discover/categories/technology/software"
      }
    }
  },
  "converted_pledged_amount": 2,
  "country": "US",
  "created_at": 1519766549,
  "creator": {
    "avatar": {
      "medium": "https://ksr-ugc.imgix.net/assets/020/382/188/0bf0b6e22e5909de81ec9e1f019b6875_original.JPG?w=160&h=160&fit=crop&v=1519766586&auto=format&q=92&s=96e9c102ef3c71c3c00cced852163455",
      "small": "https://ksr-ugc.imgix.net/assets/020/382/188/0bf0b6e22e5909de81ec9e1f019b6875_original.JPG?w=160&h=160&fit=crop&v=1519766586&auto=format&q=92&s=96e9c102ef3c71c3c00cced852163455",
      "thumb": "https://ksr-ugc.imgix.net/assets/020/382/188/0bf0b6e22e5909de81ec9e1f019b6875_original.JPG?w=40&h=40&fit=crop&v=1519766586&auto=format&q=92&s=8925ded06c57e6f827d027208a836298"
    },
    "chosen_currency": null,
    "id": 1140423898,
    "is_registered": true,
    "name": "Stephen West",
    "urls": {
      "api": {
        "user": "https://api.kickstarter.com/v1/users/1140423898?signature=1524101997.24994646123b31322771edc483c437975b4a8c75"
      },
      "web": {
        "user": "https://www.kickstarter.com/profile/1140423898"
      }
    }
  },
  "currency": "USD",
  "currency_symbol": "$",
  "currency_trailing_code": true,
  "current_currency": "USD",
  "deadline": 1525007206,
  "disable_communication": false,
  "fx_rate": 1.0,
  "goal": 20000.0,
  "id": 1044135553,
  "is_starrable": true,
  "launched_at": 1519826806,
  "location": {
    "country": "US",
    "displayable_name": "Raleigh, NC",
    "id": 2478307,
    "is_root": false,
    "localized_name": "Raleigh",
    "name": "Raleigh",
    "short_name": "Raleigh, NC",
    "slug": "raleigh-nc",
    "state": "NC",
    "type": "Town",
    "urls": {
      "api": {
        "nearby_projects": "https://api.kickstarter.com/v1/discover?signature=1524082114.c123d4b29c13d0822bde1ac5f108024cf82c3d68&woe_id=2478307"
      },
      "web": {
        "discover": "https://www.kickstarter.com/discover/places/raleigh-nc",
        "location": "https://www.kickstarter.com/locations/raleigh-nc"
      }
    }
  },
  "name": "Pet Video Verify: Video Identification For Lost Pets",
  "photo": {
    "1024x576": "https://ksr-ugc.imgix.net/assets/020/382/305/8969e1580512903ae95583a616cff51e_original.jpg?crop=faces&w=1024&h=576&fit=crop&v=1519768534&auto=format&q=92&s=a686eed084d49058fa6e34663041e962",
    "1536x864": "https://ksr-ugc.imgix.net/assets/020/382/305/8969e1580512903ae95583a616cff51e_original.jpg?crop=faces&w=1552&h=873&fit=crop&v=1519768534&auto=format&q=92&s=789f4a6fb183591123482d739e51a6b7",
    "ed": "https://ksr-ugc.imgix.net/assets/020/382/305/8969e1580512903ae95583a616cff51e_original.jpg?crop=faces&w=352&h=198&fit=crop&v=1519768534&auto=format&q=92&s=8c0195010cc0c9f705c4583a806ac4cb",
    "full": "https://ksr-ugc.imgix.net/assets/020/382/305/8969e1580512903ae95583a616cff51e_original.jpg?crop=faces&w=560&h=315&fit=crop&v=1519768534&auto=format&q=92&s=a50803b8bf85b92abf45ed06a00fa62a",
    "key": "assets/020/382/305/8969e1580512903ae95583a616cff51e_original.jpg",
    "little": "https://ksr-ugc.imgix.net/assets/020/382/305/8969e1580512903ae95583a616cff51e_original.jpg?crop=faces&w=208&h=117&fit=crop&v=1519768534&auto=format&q=92&s=0b8620de0fd85d3821930a3c347f2556",
    "med": "https://ksr-ugc.imgix.net/assets/020/382/305/8969e1580512903ae95583a616cff51e_original.jpg?crop=faces&w=272&h=153&fit=crop&v=1519768534&auto=format&q=92&s=ca36a3649d437502d520bc4bf81da7dd",
    "small": "https://ksr-ugc.imgix.net/assets/020/382/305/8969e1580512903ae95583a616cff51e_original.jpg?crop=faces&w=160&h=90&fit=crop&v=1519768534&auto=format&q=92&s=84ff15c37dc3122bb3cc9c1543312f3e",
    "thumb": "https://ksr-ugc.imgix.net/assets/020/382/305/8969e1580512903ae95583a616cff51e_original.jpg?crop=faces&w=48&h=27&fit=crop&v=1519768534&auto=format&q=92&s=552729e067a97c951f919cc30992c30c"
  },
  "pledged": 2.0,
  "profile": {
    "background_color": null,
    "background_image_opacity": 0.8,
    "blurb": null,
    "feature_image_attributes": {
      "image_urls": {
        "baseball_card": "https://ksr-ugc.imgix.net/assets/020/382/305/8969e1580512903ae95583a616cff51e_original.jpg?crop=faces&w=560&h=315&fit=crop&v=1519768534&auto=format&q=92&s=a50803b8bf85b92abf45ed06a00fa62a",
        "default": "https://ksr-ugc.imgix.net/assets/020/382/305/8969e1580512903ae95583a616cff51e_original.jpg?crop=faces&w=1552&h=873&fit=crop&v=1519768534&auto=format&q=92&s=789f4a6fb183591123482d739e51a6b7"
      }
    },
    "id": 3321523,
    "link_background_color": null,
    "link_text": null,
    "link_text_color": null,
    "link_url": null,
    "name": null,
    "project_id": 3321523,
    "should_show_feature_image_section": true,
    "show_feature_image": false,
    "state": "inactive",
    "state_changed_at": 1519766549,
    "text_color": null
  },
  "slug": "pet-video-verify-video-identification-for-lost-pet",
  "spotlight": false,
  "staff_pick": false,
  "state": "live",
  "state_changed_at": 1519826807,
  "static_usd_rate": 1.0,
  "urls": {
    "web": {
      "project": "https://www.kickstarter.com/projects/1140423898/pet-video-verify-video-identification-for-lost-pet?ref=category_newest",
      "rewards": "https://www.kickstarter.com/projects/1140423898/pet-video-verify-video-identification-for-lost-pet/rewards"
    }
  },
  "usd_pledged": "2.0",
  "usd_type": "international"
}