{
  "backers_count": 0,
  "blurb": "There are 2 apps one for the child to play and a parrell parent app, which allows the parent to engage and start a conversation.",
  "category": {
    "color": 6526716,
    "id": 332,
    "name": "Apps",
    "parent_id": 16,
    "position": 2,
    "slug": "technology/apps",
    "urls": {
      "web": {
        "discover": "http://www.kickstarter.com/discover/categories/technology/apps"
      }
    }
  },
  "converted_pledged_amount": 0,
  "country": "GB",
  "created_at": 1413876965,
  "creator": {
    "avatar": {
      "medium": "https://ksr-ugc.imgix.net/assets/008/521/061/553bcbf48d11819588ca493be0a5a692_original.JPG?w=160&h=160&fit=crop&v=1461529138&auto=format&q=92&s=77b47cc539264dbaea6f1f153559ccf5",
      "small": "https://ksr-ugc.imgix.net/assets/008/521/061/553bcbf48d11819588ca493be0a5a692_original.JPG?w=160&h=160&fit=crop&v=1461529138&auto=format&q=92&s=77b47cc539264dbaea6f1f153559ccf5",
      "thumb": "https://ksr-ugc.imgix.net/assets/008/521/061/553bcbf48d11819588ca493be0a5a692_original.JPG?w=40&h=40&fit=crop&v=1461529138&auto=format&q=92&s=6d7ce3f58913fe534b785966219f71f0"
    },
    "chosen_currency": null,
    "id": 2040783382,
    "is_registered": true,
    "name": "Stella Jamaes",
    "slug": "gooseberryplanet2014",
    "urls": {
      "api": {
        "user": "https://api.kickstarter.com/v1/users/2040783382?signature=1524100281.662f932c20843751fc8d9c44a1c8153edacc05c4"
      },
      "web": {
        "user": "https://www.kickstarter.com/profile/gooseberryplanet2014"
      }
    }
  },
  "currency": "GBP",
  "currency_symbol": "\u00a3",
  "currency_trailing_code": false,
  "current_currency": "USD",
  "deadline": 1419369702,
  "disable_communication": false,
  "fx_rate": 1.43358488,
  "goal": 30000.0,
  "id": 104588903,
  "is_starrable": false,
  "launched_at": 1414182102,
  "location": {
    "country": "GB",
    "displayable_name": "Reading, UK",
    "id": 32997,
    "is_root": false,
    "localized_name": "Reading",
    "name": "Reading",
    "short_name": "Reading, UK",
    "slug": "reading-gb",
    "state": "England",
    "type": "Town",
    "urls": {
      "api": {
        "nearby_projects": "https://api.kickstarter.com/v1/discover?signature=1524082131.ca5db98889bae16b2913ef073fd3d427db367be1&woe_id=32997"
      },
      "web": {
        "discover": "https://www.kickstarter.com/discover/places/reading-gb",
        "location": "https://www.kickstarter.com/locations/reading-gb"
      }
    }
  },
  "name": "Keeping Kids Safe Online.  A unique game for 9-13 years olds",
  "photo": {
    "1024x576": "https://ksr-ugc.imgix.net/assets/011/916/698/e89f0326aee176172e7f28142de2146b_original.png?crop=faces&w=1024&h=576&fit=crop&v=1463714608&auto=format&q=92&s=36572de752e286ac5102c6f4b2828b4d",
    "1536x864": "https://ksr-ugc.imgix.net/assets/011/916/698/e89f0326aee176172e7f28142de2146b_original.png?crop=faces&w=1552&h=873&fit=crop&v=1463714608&auto=format&q=92&s=34bc92d478d6164398939c84115633d6",
    "ed": "https://ksr-ugc.imgix.net/assets/011/916/698/e89f0326aee176172e7f28142de2146b_original.png?crop=faces&w=352&h=198&fit=crop&v=1463714608&auto=format&q=92&s=3de737a933a4ebded57ffad852b4b3b0",
    "full": "https://ksr-ugc.imgix.net/assets/011/916/698/e89f0326aee176172e7f28142de2146b_original.png?crop=faces&w=560&h=315&fit=crop&v=1463714608&auto=format&q=92&s=a6d55b32075f8418f01c869a9cfce2c1",
    "key": "assets/011/916/698/e89f0326aee176172e7f28142de2146b_original.png",
    "little": "https://ksr-ugc.imgix.net/assets/011/916/698/e89f0326aee176172e7f28142de2146b_original.png?crop=faces&w=208&h=117&fit=crop&v=1463714608&auto=format&q=92&s=651ba16fcf7acfa10d4ffcdc0dbbdf27",
    "med": "https://ksr-ugc.imgix.net/assets/011/916/698/e89f0326aee176172e7f28142de2146b_original.png?crop=faces&w=272&h=153&fit=crop&v=1463714608&auto=format&q=92&s=22a356fa8c4a70e3a08a78124a121bc1",
    "small": "https://ksr-ugc.imgix.net/assets/011/916/698/e89f0326aee176172e7f28142de2146b_original.png?crop=faces&w=160&h=90&fit=crop&v=1463714608&auto=format&q=92&s=b487dbf3fffb4da3f4896739d4f40b8f",
    "thumb": "https://ksr-ugc.imgix.net/assets/011/916/698/e89f0326aee176172e7f28142de2146b_original.png?crop=faces&w=48&h=27&fit=crop&v=1463714608&auto=format&q=92&s=83bddcfcf83b7d56479d761acf2aa401"
  },
  "pledged": 0.0,
  "profile": {
    "background_color": null,
    "background_image_opacity": 0.8,
    "blurb": null,
    "feature_image_attributes": {
      "image_urls": {
        "baseball_card": "https://ksr-ugc.imgix.net/assets/011/916/698/e89f0326aee176172e7f28142de2146b_original.png?crop=faces&w=560&h=315&fit=crop&v=1463714608&auto=format&q=92&s=a6d55b32075f8418f01c869a9cfce2c1",
        "default": "https://ksr-ugc.imgix.net/assets/011/916/698/e89f0326aee176172e7f28142de2146b_original.png?crop=faces&w=1552&h=873&fit=crop&v=1463714608&auto=format&q=92&s=34bc92d478d6164398939c84115633d6"
      }
    },
    "id": 1456706,
    "link_background_color": null,
    "link_text": null,
    "link_text_color": null,
    "link_url": null,
    "name": null,
    "project_id": 1456706,
    "should_show_feature_image_section": true,
    "show_feature_image": false,
    "state": "inactive",
    "state_changed_at": 1425915880,
    "text_color": null
  },
  "slug": "keeping-kids-safe-online-a-unique-game-for-9-13-ye",
  "spotlight": false,
  "staff_pick": false,
  "state": "failed",
  "state_changed_at": 1419369702,
  "static_usd_rate": 1.60481444,
  "urls": {
    "web": {
      "project": "https://www.kickstarter.com/projects/gooseberryplanet2014/keeping-kids-safe-online-a-unique-game-for-9-13-ye?ref=category_newest",
      "rewards": "https://www.kickstarter.com/projects/gooseberryplanet2014/keeping-kids-safe-online-a-unique-game-for-9-13-ye/rewards"
    }
  },
  "usd_pledged": "0.0",
  "usd_type": "international"
}