{
  "backers_count": 1,
  "blurb": "This next generation engine is going to revolutionize the aviation emission and fuel consumption. For a greener future.",
  "category": {
    "color": 6526716,
    "id": 336,
    "name": "Flight",
    "parent_id": 16,
    "position": 6,
    "slug": "technology/flight",
    "urls": {
      "web": {
        "discover": "http://www.kickstarter.com/discover/categories/technology/flight"
      }
    }
  },
  "converted_pledged_amount": 1,
  "country": "IT",
  "created_at": 1454514840,
  "creator": {
    "avatar": {
      "medium": "https://ksr-ugc.imgix.net/assets/010/089/666/f82c027f61b09a1018d1f2849a46d9fe_original.jpeg?w=160&h=160&fit=crop&v=1461666660&auto=format&q=92&s=03be4fc9a05a5e3a44725603b99a3c21",
      "small": "https://ksr-ugc.imgix.net/assets/010/089/666/f82c027f61b09a1018d1f2849a46d9fe_original.jpeg?w=160&h=160&fit=crop&v=1461666660&auto=format&q=92&s=03be4fc9a05a5e3a44725603b99a3c21",
      "thumb": "https://ksr-ugc.imgix.net/assets/010/089/666/f82c027f61b09a1018d1f2849a46d9fe_original.jpeg?w=40&h=40&fit=crop&v=1461666660&auto=format&q=92&s=0de5951208864185e540a90d9a9283ee"
    },
    "chosen_currency": null,
    "id": 1552434074,
    "is_registered": true,
    "name": "Tommaso Bonvicino",
    "urls": {
      "api": {
        "user": "https://api.kickstarter.com/v1/users/1552434074?signature=1524100896.a3835251910d427e7e543600dbcf06d0632928e1"
      },
      "web": {
        "user": "https://www.kickstarter.com/profile/1552434074"
      }
    }
  },
  "currency": "EUR",
  "currency_symbol": "\u20ac",
  "currency_trailing_code": false,
  "current_currency": "USD",
  "deadline": 1457205593,
  "disable_communication": false,
  "fx_rate": 1.23814016,
  "goal": 1000.0,
  "id": 1045804495,
  "is_starrable": false,
  "launched_at": 1454613593,
  "location": {
    "country": "IT",
    "displayable_name": "Milan, Italy",
    "id": 718345,
    "is_root": false,
    "localized_name": "Milan",
    "name": "Milan",
    "short_name": "Milan, Italy",
    "slug": "milan-milan-lombardy",
    "state": "Lombardy",
    "type": "Town",
    "urls": {
      "api": {
        "nearby_projects": "https://api.kickstarter.com/v1/discover?signature=1524082111.b6b2212e9364ef49c6423d91ffa9ade25d5f6d1c&woe_id=718345"
      },
      "web": {
        "discover": "https://www.kickstarter.com/discover/places/milan-milan-lombardy",
        "location": "https://www.kickstarter.com/locations/milan-milan-lombardy"
      }
    }
  },
  "name": "New engine technology for airplanes: the HyRcraft",
  "photo": {
    "1024x576": "https://ksr-ugc.imgix.net/assets/012/371/181/2d41b93a3cbbe04deffb1e1f57decb46_original.jpeg?crop=faces&w=1024&h=576&fit=crop&v=1463757496&auto=format&q=92&s=8c2ffab905ed6314f9a77319a664ba3a",
    "1536x864": "https://ksr-ugc.imgix.net/assets/012/371/181/2d41b93a3cbbe04deffb1e1f57decb46_original.jpeg?crop=faces&w=1552&h=873&fit=crop&v=1463757496&auto=format&q=92&s=975973ef16cba195809dc9392020c6fc",
    "ed": "https://ksr-ugc.imgix.net/assets/012/371/181/2d41b93a3cbbe04deffb1e1f57decb46_original.jpeg?crop=faces&w=352&h=198&fit=crop&v=1463757496&auto=format&q=92&s=71978dcfb3313fe46892fd4d45757e92",
    "full": "https://ksr-ugc.imgix.net/assets/012/371/181/2d41b93a3cbbe04deffb1e1f57decb46_original.jpeg?crop=faces&w=560&h=315&fit=crop&v=1463757496&auto=format&q=92&s=0f37e0f9e8f60f62571d487759e3bfe7",
    "key": "assets/012/371/181/2d41b93a3cbbe04deffb1e1f57decb46_original.jpeg",
    "little": "https://ksr-ugc.imgix.net/assets/012/371/181/2d41b93a3cbbe04deffb1e1f57decb46_original.jpeg?crop=faces&w=208&h=117&fit=crop&v=1463757496&auto=format&q=92&s=44af9ca6ddacda253e214184b2f037df",
    "med": "https://ksr-ugc.imgix.net/assets/012/371/181/2d41b93a3cbbe04deffb1e1f57decb46_original.jpeg?crop=faces&w=272&h=153&fit=crop&v=1463757496&auto=format&q=92&s=b41284dbefbadb150a7ee121e2a0b88b",
    "small": "https://ksr-ugc.imgix.net/assets/012/371/181/2d41b93a3cbbe04deffb1e1f57decb46_original.jpeg?crop=faces&w=160&h=90&fit=crop&v=1463757496&auto=format&q=92&s=cb51a06d092e5362d3df50f1ffaad14d",
    "thumb": "https://ksr-ugc.imgix.net/assets/012/371/181/2d41b93a3cbbe04deffb1e1f57decb46_original.jpeg?crop=faces&w=48&h=27&fit=crop&v=1463757496&auto=format&q=92&s=e10aa08e9255c08ffda1229a30a9415b"
  },
  "pledged": 1.0,
  "profile": {
    "background_color": null,
    "background_image_opacity": 0.8,
    "blurb": null,
    "feature_image_attributes": {
      "image_urls": {
        "baseball_card": "https://ksr-ugc.imgix.net/assets/012/371/181/2d41b93a3cbbe04deffb1e1f57decb46_original.jpeg?crop=faces&w=560&h=315&fit=crop&v=1463757496&auto=format&q=92&s=0f37e0f9e8f60f62571d487759e3bfe7",
        "default": "https://ksr-ugc.imgix.net/assets/012/371/181/2d41b93a3cbbe04deffb1e1f57decb46_original.jpeg?crop=faces&w=1552&h=873&fit=crop&v=1463757496&auto=format&q=92&s=975973ef16cba195809dc9392020c6fc"
      }
    },
    "id": 2355117,
    "link_background_color": null,
    "link_text": null,
    "link_text_color": null,
    "link_url": null,
    "name": null,
    "project_id": 2355117,
    "should_show_feature_image_section": true,
    "show_feature_image": false,
    "state": "inactive",
    "state_changed_at": 1454514840,
    "text_color": null
  },
  "slug": "new-engine-technology-for-airplanes-the-hyrcraft",
  "spotlight": false,
  "staff_pick": false,
  "state": "failed",
  "state_changed_at": 1457205593,
  "static_usd_rate": 1.09189497,
  "urls": {
    "web": {
      "project": "https://www.kickstarter.com/projects/1552434074/new-engine-technology-for-airplanes-the-hyrcraft?ref=category_newest",
      "rewards": "https://www.kickstarter.com/projects/1552434074/new-engine-technology-for-airplanes-the-hyrcraft/rewards"
    }
  },
  "usd_pledged": "1.09189497",
  "usd_type": "international"
}