{
  "backers_count": 6,
  "blurb": "Arduino SPC for Industrial Machine Tools. Record the exact number of minutes per day your machines are actually producing product.",
  "category": {
    "color": 6526716,
    "id": 52,
    "name": "Hardware",
    "parent_id": 16,
    "position": 8,
    "slug": "technology/hardware",
    "urls": {
      "web": {
        "discover": "http://www.kickstarter.com/discover/categories/technology/hardware"
      }
    }
  },
  "converted_pledged_amount": 465,
  "country": "US",
  "created_at": 1368247335,
  "creator": {
    "avatar": {
      "medium": "https://ksr-ugc.imgix.net/assets/007/353/578/5548271bd087d357dddd507128ca7073_original.JPG?w=160&h=160&fit=crop&v=1461452144&auto=format&q=92&s=07cc61c8695de0421cb6d4eef7f9d1a6",
      "small": "https://ksr-ugc.imgix.net/assets/007/353/578/5548271bd087d357dddd507128ca7073_original.JPG?w=160&h=160&fit=crop&v=1461452144&auto=format&q=92&s=07cc61c8695de0421cb6d4eef7f9d1a6",
      "thumb": "https://ksr-ugc.imgix.net/assets/007/353/578/5548271bd087d357dddd507128ca7073_original.JPG?w=40&h=40&fit=crop&v=1461452144&auto=format&q=92&s=44a609bceea8ea1d420adcef9ed1b7e5"
    },
    "chosen_currency": null,
    "id": 231407611,
    "is_registered": true,
    "name": "Rick Wenzel",
    "urls": {
      "api": {
        "user": "https://api.kickstarter.com/v1/users/231407611?signature=1524101691.27b2461f4fe7f491387be3054295f9809cf7eabf"
      },
      "web": {
        "user": "https://www.kickstarter.com/profile/231407611"
      }
    }
  },
  "currency": "USD",
  "currency_symbol": "$",
  "currency_trailing_code": true,
  "current_currency": "USD",
  "deadline": 1371567684,
  "disable_communication": false,
  "fx_rate": 1.0,
  "goal": 5000.0,
  "id": 1045781120,
  "is_starrable": false,
  "launched_at": 1369407684,
  "location": {
    "country": "US",
    "displayable_name": "Cincinnati, OH",
    "id": 2380358,
    "is_root": false,
    "localized_name": "Cincinnati",
    "name": "Cincinnati",
    "short_name": "Cincinnati, OH",
    "slug": "cincinnati-oh",
    "state": "OH",
    "type": "Town",
    "urls": {
      "api": {
        "nearby_projects": "https://api.kickstarter.com/v1/discover?signature=1524082119.1219b7257f525306a06d759385401aca434400a7&woe_id=2380358"
      },
      "web": {
        "discover": "https://www.kickstarter.com/discover/places/cincinnati-oh",
        "location": "https://www.kickstarter.com/locations/cincinnati-oh"
      }
    }
  },
  "name": "Open Source Industrial Data Dashboards - Machine Run Time",
  "photo": {
    "1024x576": "https://ksr-ugc.imgix.net/assets/011/521/673/bbec7e7d05631cee8489084445a2a154_original.JPG?crop=faces&w=1024&h=576&fit=crop&v=1463683944&auto=format&q=92&s=a3d6b301bed816f22a937d0d94e2db02",
    "1536x864": "https://ksr-ugc.imgix.net/assets/011/521/673/bbec7e7d05631cee8489084445a2a154_original.JPG?crop=faces&w=1552&h=873&fit=crop&v=1463683944&auto=format&q=92&s=9c9108f0799c2d43e8e7361920a624fe",
    "ed": "https://ksr-ugc.imgix.net/assets/011/521/673/bbec7e7d05631cee8489084445a2a154_original.JPG?crop=faces&w=352&h=198&fit=crop&v=1463683944&auto=format&q=92&s=8c539efe5acef3a96bea36d42eeba78a",
    "full": "https://ksr-ugc.imgix.net/assets/011/521/673/bbec7e7d05631cee8489084445a2a154_original.JPG?crop=faces&w=560&h=315&fit=crop&v=1463683944&auto=format&q=92&s=8009bdd99489ed79089e41c9949a700a",
    "key": "assets/011/521/673/bbec7e7d05631cee8489084445a2a154_original.JPG",
    "little": "https://ksr-ugc.imgix.net/assets/011/521/673/bbec7e7d05631cee8489084445a2a154_original.JPG?crop=faces&w=208&h=117&fit=crop&v=1463683944&auto=format&q=92&s=5cfd6089bce766b29233464b85c3bd66",
    "med": "https://ksr-ugc.imgix.net/assets/011/521/673/bbec7e7d05631cee8489084445a2a154_original.JPG?crop=faces&w=272&h=153&fit=crop&v=1463683944&auto=format&q=92&s=d8613a28a6d43029e41d69b7847deb55",
    "small": "https://ksr-ugc.imgix.net/assets/011/521/673/bbec7e7d05631cee8489084445a2a154_original.JPG?crop=faces&w=160&h=90&fit=crop&v=1463683944&auto=format&q=92&s=d20f3308cc16c7b14f756680ef63df69",
    "thumb": "https://ksr-ugc.imgix.net/assets/011/521/673/bbec7e7d05631cee8489084445a2a154_original.JPG?crop=faces&w=48&h=27&fit=crop&v=1463683944&auto=format&q=92&s=7e16eff054d07efdafc1a019be0bcd64"
  },
  "pledged": 465.0,
  "profile": {
    "background_color": null,
    "background_image_opacity": 0.8,
    "blurb": null,
    "feature_image_attributes": {
      "image_urls": {
        "baseball_card": "https://ksr-ugc.imgix.net/assets/011/521/673/bbec7e7d05631cee8489084445a2a154_original.JPG?crop=faces&w=560&h=315&fit=crop&v=1463683944&auto=format&q=92&s=8009bdd99489ed79089e41c9949a700a",
        "default": "https://ksr-ugc.imgix.net/assets/011/521/673/bbec7e7d05631cee8489084445a2a154_original.JPG?crop=faces&w=1552&h=873&fit=crop&v=1463683944&auto=format&q=92&s=9c9108f0799c2d43e8e7361920a624fe"
      }
    },
    "id": 566037,
    "link_background_color": null,
    "link_text": null,
    "link_text_color": null,
    "link_url": null,
    "name": null,
    "project_id": 566037,
    "should_show_feature_image_section": true,
    "show_feature_image": false,
    "state": "inactive",
    "state_changed_at": 1425915831,
    "text_color": null
  },
  "slug": "open-source-industrial-data-dashboards-machine-run",
  "spotlight": false,
  "staff_pick": false,
  "state": "failed",
  "state_changed_at": 1371567685,
  "static_usd_rate": 1.0,
  "urls": {
    "web": {
      "project": "https://www.kickstarter.com/projects/231407611/open-source-industrial-data-dashboards-machine-run?ref=category_newest",
      "rewards": "https://www.kickstarter.com/projects/231407611/open-source-industrial-data-dashboards-machine-run/rewards"
    }
  },
  "usd_pledged": "465.0",
  "usd_type": "international"
}