{
  "backers_count": 0,
  "blurb": "Help fund an online course delivery service for people of all ages to teach and learn.",
  "category": {
    "color": 6526716,
    "id": 342,
    "name": "Web",
    "parent_id": 16,
    "position": 15,
    "slug": "technology/web",
    "urls": {
      "web": {
        "discover": "http://www.kickstarter.com/discover/categories/technology/web"
      }
    }
  },
  "converted_pledged_amount": 0,
  "country": "GB",
  "created_at": 1456498967,
  "creator": {
    "avatar": {
      "medium": "https://ksr-ugc.imgix.net/assets/010/760/788/d7b00d60a31f01a3e71ef5cde1b2b027_original.jpg?w=160&h=160&fit=crop&v=1461710694&auto=format&q=92&s=f042fc877aa8b40a0984c6b97f6e743c",
      "small": "https://ksr-ugc.imgix.net/assets/010/760/788/d7b00d60a31f01a3e71ef5cde1b2b027_original.jpg?w=160&h=160&fit=crop&v=1461710694&auto=format&q=92&s=f042fc877aa8b40a0984c6b97f6e743c",
      "thumb": "https://ksr-ugc.imgix.net/assets/010/760/788/d7b00d60a31f01a3e71ef5cde1b2b027_original.jpg?w=40&h=40&fit=crop&v=1461710694&auto=format&q=92&s=02e3a8002567fa3337631405fb27c219"
    },
    "chosen_currency": null,
    "id": 217345849,
    "is_registered": true,
    "name": "kokoshungsan",
    "urls": {
      "api": {
        "user": "https://api.kickstarter.com/v1/users/217345849?signature=1524103298.f6a17c4854c8d353a3b148c11422c8490a422c09"
      },
      "web": {
        "user": "https://www.kickstarter.com/profile/217345849"
      }
    }
  },
  "currency": "GBP",
  "currency_symbol": "\u00a3",
  "currency_trailing_code": false,
  "current_currency": "USD",
  "deadline": 1459581847,
  "disable_communication": false,
  "fx_rate": 1.43358488,
  "goal": 8000.0,
  "id": 104514789,
  "is_starrable": false,
  "launched_at": 1456993447,
  "location": {
    "country": "GB",
    "displayable_name": "Bedfordshire, UK",
    "id": 12602163,
    "is_root": false,
    "localized_name": "Bedfordshire",
    "name": "Bedfordshire",
    "short_name": "Bedfordshire, UK",
    "slug": "bedfordshire-gb",
    "state": "England",
    "type": "County",
    "urls": {
      "api": {
        "nearby_projects": "https://api.kickstarter.com/v1/discover?signature=1524082136.d121e22ecbd99e84c6dbd17c034909dd4a6d66cc&woe_id=12602163"
      },
      "web": {
        "discover": "https://www.kickstarter.com/discover/places/bedfordshire-gb",
        "location": "https://www.kickstarter.com/locations/bedfordshire-gb"
      }
    }
  },
  "name": "Free Online Education for Everyone At UNI24x7",
  "photo": {
    "1024x576": "https://ksr-ugc.imgix.net/assets/012/391/471/3a9c353f701473d8d246e6480bce0ce2_original.jpg?crop=faces&w=1024&h=576&fit=crop&v=1463758677&auto=format&q=92&s=0074886923029b677e052830e9de89b9",
    "1536x864": "https://ksr-ugc.imgix.net/assets/012/391/471/3a9c353f701473d8d246e6480bce0ce2_original.jpg?crop=faces&w=1552&h=873&fit=crop&v=1463758677&auto=format&q=92&s=f7a534ad1e65ff44dd10b2c26dd55708",
    "ed": "https://ksr-ugc.imgix.net/assets/012/391/471/3a9c353f701473d8d246e6480bce0ce2_original.jpg?crop=faces&w=352&h=198&fit=crop&v=1463758677&auto=format&q=92&s=b7690b240e918f051e7ea996d1fd96e7",
    "full": "https://ksr-ugc.imgix.net/assets/012/391/471/3a9c353f701473d8d246e6480bce0ce2_original.jpg?crop=faces&w=560&h=315&fit=crop&v=1463758677&auto=format&q=92&s=67bfaf4797a93a8a482e9da7b07f11b4",
    "key": "assets/012/391/471/3a9c353f701473d8d246e6480bce0ce2_original.jpg",
    "little": "https://ksr-ugc.imgix.net/assets/012/391/471/3a9c353f701473d8d246e6480bce0ce2_original.jpg?crop=faces&w=208&h=117&fit=crop&v=1463758677&auto=format&q=92&s=d842c7a1e05d0ce535ee32b94e40a979",
    "med": "https://ksr-ugc.imgix.net/assets/012/391/471/3a9c353f701473d8d246e6480bce0ce2_original.jpg?crop=faces&w=272&h=153&fit=crop&v=1463758677&auto=format&q=92&s=36b7e70645f50202f27ec46eb88f2dbf",
    "small": "https://ksr-ugc.imgix.net/assets/012/391/471/3a9c353f701473d8d246e6480bce0ce2_original.jpg?crop=faces&w=160&h=90&fit=crop&v=1463758677&auto=format&q=92&s=f210140d6ffb4da1822697971fd144cc",
    "thumb": "https://ksr-ugc.imgix.net/assets/012/391/471/3a9c353f701473d8d246e6480bce0ce2_original.jpg?crop=faces&w=48&h=27&fit=crop&v=1463758677&auto=format&q=92&s=9ad1a750d2a1c04f641abf0e1a1445a9"
  },
  "pledged": 0.0,
  "profile": {
    "background_color": null,
    "background_image_opacity": 0.8,
    "blurb": null,
    "feature_image_attributes": {
      "image_urls": {
        "baseball_card": "https://ksr-ugc.imgix.net/assets/012/391/471/3a9c353f701473d8d246e6480bce0ce2_original.jpg?crop=faces&w=560&h=315&fit=crop&v=1463758677&auto=format&q=92&s=67bfaf4797a93a8a482e9da7b07f11b4",
        "default": "https://ksr-ugc.imgix.net/assets/012/391/471/3a9c353f701473d8d246e6480bce0ce2_original.jpg?crop=faces&w=1552&h=873&fit=crop&v=1463758677&auto=format&q=92&s=f7a534ad1e65ff44dd10b2c26dd55708"
      }
    },
    "id": 2394751,
    "link_background_color": null,
    "link_text": null,
    "link_text_color": null,
    "link_url": null,
    "name": null,
    "project_id": 2394751,
    "should_show_feature_image_section": true,
    "show_feature_image": false,
    "state": "inactive",
    "state_changed_at": 1456498967,
    "text_color": null
  },
  "slug": "free-online-education-for-everyone-at-uni24x7",
  "spotlight": false,
  "staff_pick": false,
  "state": "failed",
  "state_changed_at": 1459581849,
  "static_usd_rate": 1.39550007,
  "urls": {
    "web": {
      "project": "https://www.kickstarter.com/projects/217345849/free-online-education-for-everyone-at-uni24x7?ref=category_newest",
      "rewards": "https://www.kickstarter.com/projects/217345849/free-online-education-for-everyone-at-uni24x7/rewards"
    }
  },
  "usd_pledged": "0.0",
  "usd_type": "international"
}