{
  "backers_count": 67,
  "blurb": "A sleep coaching device that uses a calming pattern of light to guide you to fall asleep faster by training your breathing.",
  "category": {
    "color": 6526716,
    "id": 337,
    "name": "Gadgets",
    "parent_id": 16,
    "position": 7,
    "slug": "technology/gadgets",
    "urls": {
      "web": {
        "discover": "http://www.kickstarter.com/discover/categories/technology/gadgets"
      }
    }
  },
  "converted_pledged_amount": 2815,
  "country": "US",
  "created_at": 1428373325,
  "creator": {
    "avatar": {
      "medium": "https://ksr-ugc.imgix.net/assets/006/887/447/5d5c270c30a8e3c75f6a547912caf033_original.JPG?w=160&h=160&fit=crop&v=1461418364&auto=format&q=92&s=5e0cf2c47767b9b6a293a719e1d08253",
      "small": "https://ksr-ugc.imgix.net/assets/006/887/447/5d5c270c30a8e3c75f6a547912caf033_original.JPG?w=160&h=160&fit=crop&v=1461418364&auto=format&q=92&s=5e0cf2c47767b9b6a293a719e1d08253",
      "thumb": "https://ksr-ugc.imgix.net/assets/006/887/447/5d5c270c30a8e3c75f6a547912caf033_original.JPG?w=40&h=40&fit=crop&v=1461418364&auto=format&q=92&s=f9341eae9bfdb5dd672b78504a7d541d"
    },
    "chosen_currency": null,
    "id": 1999114877,
    "is_registered": true,
    "name": "Jeremy Wilson",
    "urls": {
      "api": {
        "user": "https://api.kickstarter.com/v1/users/1999114877?signature=1524100980.63bb14872f9df1404290dcdbad421830db76ce34"
      },
      "web": {
        "user": "https://www.kickstarter.com/profile/1999114877"
      }
    }
  },
  "currency": "USD",
  "currency_symbol": "$",
  "currency_trailing_code": true,
  "current_currency": "USD",
  "deadline": 1434949140,
  "disable_communication": false,
  "fx_rate": 1.0,
  "goal": 2500.0,
  "id": 1046781265,
  "is_starrable": false,
  "launched_at": 1431148459,
  "location": {
    "country": "US",
    "displayable_name": "Houston, TX",
    "id": 2424766,
    "is_root": false,
    "localized_name": "Houston",
    "name": "Houston",
    "short_name": "Houston, TX",
    "slug": "houston-tx",
    "state": "TX",
    "type": "Town",
    "urls": {
      "api": {
        "nearby_projects": "https://api.kickstarter.com/v1/discover?signature=1524082110.d515a4d0da140649118811d7c8495340c1099473&woe_id=2424766"
      },
      "web": {
        "discover": "https://www.kickstarter.com/discover/places/houston-tx",
        "location": "https://www.kickstarter.com/locations/houston-tx"
      }
    }
  },
  "name": "The Sleep Sensei",
  "photo": {
    "1024x576": "https://ksr-ugc.imgix.net/assets/012/099/418/1adfa508ba96576b7285f25c29a8252c_original.png?crop=faces&w=1024&h=576&fit=crop&v=1463737229&auto=format&q=92&s=79b9828380123af061929b33850d65ca",
    "1536x864": "https://ksr-ugc.imgix.net/assets/012/099/418/1adfa508ba96576b7285f25c29a8252c_original.png?crop=faces&w=1552&h=873&fit=crop&v=1463737229&auto=format&q=92&s=447eee778d1f20ed14ec430328e7a009",
    "ed": "https://ksr-ugc.imgix.net/assets/012/099/418/1adfa508ba96576b7285f25c29a8252c_original.png?crop=faces&w=352&h=198&fit=crop&v=1463737229&auto=format&q=92&s=a99be9481556ce91b19b73ffc8956b49",
    "full": "https://ksr-ugc.imgix.net/assets/012/099/418/1adfa508ba96576b7285f25c29a8252c_original.png?crop=faces&w=560&h=315&fit=crop&v=1463737229&auto=format&q=92&s=74381b578eeffacb3de6781b03bc23d9",
    "key": "assets/012/099/418/1adfa508ba96576b7285f25c29a8252c_original.png",
    "little": "https://ksr-ugc.imgix.net/assets/012/099/418/1adfa508ba96576b7285f25c29a8252c_original.png?crop=faces&w=208&h=117&fit=crop&v=1463737229&auto=format&q=92&s=0ab82204ed0ee78cb8c6fdc680b7bbca",
    "med": "https://ksr-ugc.imgix.net/assets/012/099/418/1adfa508ba96576b7285f25c29a8252c_original.png?crop=faces&w=272&h=153&fit=crop&v=1463737229&auto=format&q=92&s=6a6dc13d3ac14a56ed5bffa8f3946c9e",
    "small": "https://ksr-ugc.imgix.net/assets/012/099/418/1adfa508ba96576b7285f25c29a8252c_original.png?crop=faces&w=160&h=90&fit=crop&v=1463737229&auto=format&q=92&s=d307473d19b939046b4405edec1c90ef",
    "thumb": "https://ksr-ugc.imgix.net/assets/012/099/418/1adfa508ba96576b7285f25c29a8252c_original.png?crop=faces&w=48&h=27&fit=crop&v=1463737229&auto=format&q=92&s=c19497c20f9aee2b4b64f2bead68a16d"
  },
  "pledged": 2815.0,
  "profile": {
    "background_color": "",
    "background_image_opacity": 0.8,
    "blurb": "A sleep coaching device that uses a calming pattern of light to guide you to fall asleep faster by training your breathing.",
    "feature_image_attributes": {
      "image_urls": {
        "baseball_card": "https://ksr-ugc.imgix.net/assets/012/099/418/1adfa508ba96576b7285f25c29a8252c_original.png?crop=faces&w=560&h=315&fit=crop&v=1463737229&auto=format&q=92&s=74381b578eeffacb3de6781b03bc23d9",
        "default": "https://ksr-ugc.imgix.net/assets/012/099/418/1adfa508ba96576b7285f25c29a8252c_original.png?crop=faces&w=1552&h=873&fit=crop&v=1463737229&auto=format&q=92&s=447eee778d1f20ed14ec430328e7a009"
      }
    },
    "id": 1825723,
    "link_background_color": "44b935",
    "link_text": "Buy",
    "link_text_color": "",
    "link_url": "https://www.tindie.com/products/sleepsensei/sleep-sensei/",
    "name": "The Sleep Sensei",
    "project_id": 1825723,
    "should_show_feature_image_section": true,
    "show_feature_image": false,
    "state": "active",
    "state_changed_at": 1447798739,
    "text_color": ""
  },
  "slug": "the-sleep-sensei",
  "spotlight": true,
  "staff_pick": false,
  "state": "successful",
  "state_changed_at": 1434949143,
  "static_usd_rate": 1.0,
  "urls": {
    "web": {
      "project": "https://www.kickstarter.com/projects/1999114877/the-sleep-sensei?ref=category_newest",
      "rewards": "https://www.kickstarter.com/projects/1999114877/the-sleep-sensei/rewards"
    }
  },
  "usd_pledged": "2815.0",
  "usd_type": "international"
}