{
  "backers_count": 0,
  "blurb": "Want to know what your getting into, before you sign a lease? With Zipper house, you can discover the problems inside!",
  "category": {
    "color": 6526716,
    "id": 342,
    "name": "Web",
    "parent_id": 16,
    "position": 15,
    "slug": "technology/web",
    "urls": {
      "web": {
        "discover": "http://www.kickstarter.com/discover/categories/technology/web"
      }
    }
  },
  "converted_pledged_amount": 0,
  "country": "US",
  "created_at": 1436018912,
  "creator": {
    "avatar": {
      "medium": "https://ksr-ugc.imgix.net/assets/007/045/309/360de2b6a8ac784fb214cf1cef9f82b9_original.jpg?w=160&h=160&fit=crop&v=1461430586&auto=format&q=92&s=ed8a04341a8b19aca0dd8efdc1476523",
      "small": "https://ksr-ugc.imgix.net/assets/007/045/309/360de2b6a8ac784fb214cf1cef9f82b9_original.jpg?w=160&h=160&fit=crop&v=1461430586&auto=format&q=92&s=ed8a04341a8b19aca0dd8efdc1476523",
      "thumb": "https://ksr-ugc.imgix.net/assets/007/045/309/360de2b6a8ac784fb214cf1cef9f82b9_original.jpg?w=40&h=40&fit=crop&v=1461430586&auto=format&q=92&s=12245262b88d20f2010b42b3da4c68a6"
    },
    "chosen_currency": null,
    "id": 1653452960,
    "is_registered": true,
    "name": "Patrick Moon",
    "slug": "zipperhouse",
    "urls": {
      "api": {
        "user": "https://api.kickstarter.com/v1/users/1653452960?signature=1524103189.8c717ac453fbf1e2ba8cbf5d133aced9928bf671"
      },
      "web": {
        "user": "https://www.kickstarter.com/profile/zipperhouse"
      }
    }
  },
  "currency": "USD",
  "currency_symbol": "$",
  "currency_trailing_code": true,
  "current_currency": "USD",
  "deadline": 1438787912,
  "disable_communication": false,
  "fx_rate": 1.0,
  "goal": 5000.0,
  "id": 1046706158,
  "is_starrable": false,
  "launched_at": 1436195912,
  "location": {
    "country": "US",
    "displayable_name": "Abilene, KS",
    "id": 2351597,
    "is_root": false,
    "localized_name": "Abilene",
    "name": "Abilene",
    "short_name": "Abilene, KS",
    "slug": "abilene-ks",
    "state": "KS",
    "type": "Town",
    "urls": {
      "api": {
        "nearby_projects": "https://api.kickstarter.com/v1/discover?signature=1524083686.10ebf7bf6938f0b8a23a74c7435219c9c86dc9aa&woe_id=2351597"
      },
      "web": {
        "discover": "https://www.kickstarter.com/discover/places/abilene-ks",
        "location": "https://www.kickstarter.com/locations/abilene-ks"
      }
    }
  },
  "name": "Zipper house",
  "photo": {
    "1024x576": "https://ksr-ugc.imgix.net/assets/012/187/240/880e24e5929347e1785975bc389dd6c2_original.png?crop=faces&w=1024&h=576&fit=crop&v=1463740151&auto=format&q=92&s=2867418e544f488bccb33d7373a6dca1",
    "1536x864": "https://ksr-ugc.imgix.net/assets/012/187/240/880e24e5929347e1785975bc389dd6c2_original.png?crop=faces&w=1552&h=873&fit=crop&v=1463740151&auto=format&q=92&s=fec6ba512020f4a0b4f2913e8967c2b6",
    "ed": "https://ksr-ugc.imgix.net/assets/012/187/240/880e24e5929347e1785975bc389dd6c2_original.png?crop=faces&w=352&h=198&fit=crop&v=1463740151&auto=format&q=92&s=dcfd48a6fedb27457a3f47869803dee6",
    "full": "https://ksr-ugc.imgix.net/assets/012/187/240/880e24e5929347e1785975bc389dd6c2_original.png?crop=faces&w=560&h=315&fit=crop&v=1463740151&auto=format&q=92&s=ced305d74a27862174a5752351796442",
    "key": "assets/012/187/240/880e24e5929347e1785975bc389dd6c2_original.png",
    "little": "https://ksr-ugc.imgix.net/assets/012/187/240/880e24e5929347e1785975bc389dd6c2_original.png?crop=faces&w=208&h=117&fit=crop&v=1463740151&auto=format&q=92&s=8939d6d239114e197567c91582dcaad4",
    "med": "https://ksr-ugc.imgix.net/assets/012/187/240/880e24e5929347e1785975bc389dd6c2_original.png?crop=faces&w=272&h=153&fit=crop&v=1463740151&auto=format&q=92&s=913a179c0dfef6a5799c0e11374d2621",
    "small": "https://ksr-ugc.imgix.net/assets/012/187/240/880e24e5929347e1785975bc389dd6c2_original.png?crop=faces&w=160&h=90&fit=crop&v=1463740151&auto=format&q=92&s=a525b85ce6aa44f82b237a09572781eb",
    "thumb": "https://ksr-ugc.imgix.net/assets/012/187/240/880e24e5929347e1785975bc389dd6c2_original.png?crop=faces&w=48&h=27&fit=crop&v=1463740151&auto=format&q=92&s=5246d7607883d08be9276142d0164051"
  },
  "pledged": 0.0,
  "profile": {
    "background_color": null,
    "background_image_opacity": 0.8,
    "blurb": null,
    "feature_image_attributes": {
      "image_urls": {
        "baseball_card": "https://ksr-ugc.imgix.net/assets/012/187/240/880e24e5929347e1785975bc389dd6c2_original.png?crop=faces&w=560&h=315&fit=crop&v=1463740151&auto=format&q=92&s=ced305d74a27862174a5752351796442",
        "default": "https://ksr-ugc.imgix.net/assets/012/187/240/880e24e5929347e1785975bc389dd6c2_original.png?crop=faces&w=1552&h=873&fit=crop&v=1463740151&auto=format&q=92&s=fec6ba512020f4a0b4f2913e8967c2b6"
      }
    },
    "id": 1996696,
    "link_background_color": null,
    "link_text": null,
    "link_text_color": null,
    "link_url": null,
    "name": null,
    "project_id": 1996696,
    "should_show_feature_image_section": true,
    "show_feature_image": false,
    "state": "inactive",
    "state_changed_at": 1436018912,
    "text_color": null
  },
  "slug": "zipper-house",
  "spotlight": false,
  "staff_pick": false,
  "state": "failed",
  "state_changed_at": 1438787912,
  "static_usd_rate": 1.0,
  "urls": {
    "web": {
      "project": "https://www.kickstarter.com/projects/zipperhouse/zipper-house?ref=category_newest",
      "rewards": "https://www.kickstarter.com/projects/zipperhouse/zipper-house/rewards"
    }
  },
  "usd_pledged": "0.0",
  "usd_type": "international"
}