{
  "backers_count": 8,
  "blurb": "Help the environment by helping us make these Battery Repair and Maintenance tools available to people all over the world!",
  "category": {
    "color": 6526716,
    "id": 52,
    "name": "Hardware",
    "parent_id": 16,
    "position": 8,
    "slug": "technology/hardware",
    "urls": {
      "web": {
        "discover": "http://www.kickstarter.com/discover/categories/technology/hardware"
      }
    }
  },
  "converted_pledged_amount": 811,
  "country": "US",
  "created_at": 1412313403,
  "creator": {
    "avatar": {
      "medium": "https://ksr-ugc.imgix.net/assets/008/275/027/392dfb9131383fef1cdf238089817ae4_original.JPG?w=160&h=160&fit=crop&v=1461514274&auto=format&q=92&s=87754189d938cf0b2b496127565096a0",
      "small": "https://ksr-ugc.imgix.net/assets/008/275/027/392dfb9131383fef1cdf238089817ae4_original.JPG?w=160&h=160&fit=crop&v=1461514274&auto=format&q=92&s=87754189d938cf0b2b496127565096a0",
      "thumb": "https://ksr-ugc.imgix.net/assets/008/275/027/392dfb9131383fef1cdf238089817ae4_original.JPG?w=40&h=40&fit=crop&v=1461514274&auto=format&q=92&s=63a843ce81c8f4b88edde1d634f6ba20"
    },
    "chosen_currency": null,
    "id": 1237040475,
    "is_registered": true,
    "name": "Thomas Hoops",
    "slug": "revolt3000",
    "urls": {
      "api": {
        "user": "https://api.kickstarter.com/v1/users/1237040475?signature=1524101797.7a1ec845d1aa396031435bc19e7f62d8f4b00257"
      },
      "web": {
        "user": "https://www.kickstarter.com/profile/revolt3000"
      }
    }
  },
  "currency": "USD",
  "currency_symbol": "$",
  "currency_trailing_code": true,
  "current_currency": "USD",
  "deadline": 1415937676,
  "disable_communication": false,
  "fx_rate": 1.0,
  "goal": 7000.0,
  "id": 1046522722,
  "is_starrable": false,
  "launched_at": 1413342076,
  "location": {
    "country": "US",
    "displayable_name": "Reno, NV",
    "id": 2480201,
    "is_root": false,
    "localized_name": "Reno",
    "name": "Reno",
    "short_name": "Reno, NV",
    "slug": "reno-nv",
    "state": "NV",
    "type": "Town",
    "urls": {
      "api": {
        "nearby_projects": "https://api.kickstarter.com/v1/discover?signature=1524082110.6cbb335c8736c1a0794d8afbd154c3e6f2adccf5&woe_id=2480201"
      },
      "web": {
        "discover": "https://www.kickstarter.com/discover/places/reno-nv",
        "location": "https://www.kickstarter.com/locations/reno-nv"
      }
    }
  },
  "name": "Save a battery, save the environment:  ReVolt3000",
  "photo": {
    "1024x576": "https://ksr-ugc.imgix.net/assets/011/893/409/d6df49e20b8d42e8de95ebf1b9907e9b_original.JPG?crop=faces&w=1024&h=576&fit=crop&v=1463711557&auto=format&q=92&s=fdc1b9d4f8136f33501c716bd075c0f0",
    "1536x864": "https://ksr-ugc.imgix.net/assets/011/893/409/d6df49e20b8d42e8de95ebf1b9907e9b_original.JPG?crop=faces&w=1552&h=873&fit=crop&v=1463711557&auto=format&q=92&s=15783ccb2cb70068726fb2f6b8ae703f",
    "ed": "https://ksr-ugc.imgix.net/assets/011/893/409/d6df49e20b8d42e8de95ebf1b9907e9b_original.JPG?crop=faces&w=352&h=198&fit=crop&v=1463711557&auto=format&q=92&s=4687fa412ca402d870e59e1e68e4eaae",
    "full": "https://ksr-ugc.imgix.net/assets/011/893/409/d6df49e20b8d42e8de95ebf1b9907e9b_original.JPG?crop=faces&w=560&h=315&fit=crop&v=1463711557&auto=format&q=92&s=eb8e6430ea804542c0b1a9601b63d2f7",
    "key": "assets/011/893/409/d6df49e20b8d42e8de95ebf1b9907e9b_original.JPG",
    "little": "https://ksr-ugc.imgix.net/assets/011/893/409/d6df49e20b8d42e8de95ebf1b9907e9b_original.JPG?crop=faces&w=208&h=117&fit=crop&v=1463711557&auto=format&q=92&s=4f6de5148625409205011f0198773df5",
    "med": "https://ksr-ugc.imgix.net/assets/011/893/409/d6df49e20b8d42e8de95ebf1b9907e9b_original.JPG?crop=faces&w=272&h=153&fit=crop&v=1463711557&auto=format&q=92&s=e7599683eeb27690689f18ff9096811c",
    "small": "https://ksr-ugc.imgix.net/assets/011/893/409/d6df49e20b8d42e8de95ebf1b9907e9b_original.JPG?crop=faces&w=160&h=90&fit=crop&v=1463711557&auto=format&q=92&s=b651a94ea1776304a9dd84a50f1da114",
    "thumb": "https://ksr-ugc.imgix.net/assets/011/893/409/d6df49e20b8d42e8de95ebf1b9907e9b_original.JPG?crop=faces&w=48&h=27&fit=crop&v=1463711557&auto=format&q=92&s=1fb78b2b9f432cfcb2753d755f61cfa3"
  },
  "pledged": 811.0,
  "profile": {
    "background_color": null,
    "background_image_opacity": 0.8,
    "blurb": null,
    "feature_image_attributes": {
      "image_urls": {
        "baseball_card": "https://ksr-ugc.imgix.net/assets/011/893/409/d6df49e20b8d42e8de95ebf1b9907e9b_original.JPG?crop=faces&w=560&h=315&fit=crop&v=1463711557&auto=format&q=92&s=eb8e6430ea804542c0b1a9601b63d2f7",
        "default": "https://ksr-ugc.imgix.net/assets/011/893/409/d6df49e20b8d42e8de95ebf1b9907e9b_original.JPG?crop=faces&w=1552&h=873&fit=crop&v=1463711557&auto=format&q=92&s=15783ccb2cb70068726fb2f6b8ae703f"
      }
    },
    "id": 1409334,
    "link_background_color": null,
    "link_text": null,
    "link_text_color": null,
    "link_url": null,
    "name": null,
    "project_id": 1409334,
    "should_show_feature_image_section": true,
    "show_feature_image": false,
    "state": "inactive",
    "state_changed_at": 1425915878,
    "text_color": null
  },
  "slug": "save-a-battery-save-the-environment-revolt3000",
  "spotlight": false,
  "staff_pick": false,
  "state": "failed",
  "state_changed_at": 1415937678,
  "static_usd_rate": 1.0,
  "urls": {
    "web": {
      "project": "https://www.kickstarter.com/projects/revolt3000/save-a-battery-save-the-environment-revolt3000?ref=category_newest",
      "rewards": "https://www.kickstarter.com/projects/revolt3000/save-a-battery-save-the-environment-revolt3000/rewards"
    }
  },
  "usd_pledged": "811.0",
  "usd_type": "international"
}