{
  "backers_count": 10,
  "blurb": "We'd like to offer a real variety of color options. Help us start creating earphones that really express your personality.",
  "category": {
    "color": 6526716,
    "id": 341,
    "name": "Wearables",
    "parent_id": 16,
    "position": 14,
    "slug": "technology/wearables",
    "urls": {
      "web": {
        "discover": "http://www.kickstarter.com/discover/categories/technology/wearables"
      }
    }
  },
  "converted_pledged_amount": 210,
  "country": "US",
  "created_at": 1446302530,
  "creator": {
    "avatar": {
      "medium": "https://ksr-ugc.imgix.net/assets/010/496/610/cb2a7d945ff1a3e49f603ff1969728a2_original.png?w=160&h=160&fit=crop&v=1461693841&auto=format&q=92&s=ea93c4015085c928248fc34fa2d5209f",
      "small": "https://ksr-ugc.imgix.net/assets/010/496/610/cb2a7d945ff1a3e49f603ff1969728a2_original.png?w=160&h=160&fit=crop&v=1461693841&auto=format&q=92&s=ea93c4015085c928248fc34fa2d5209f",
      "thumb": "https://ksr-ugc.imgix.net/assets/010/496/610/cb2a7d945ff1a3e49f603ff1969728a2_original.png?w=40&h=40&fit=crop&v=1461693841&auto=format&q=92&s=f936aad7fae4599345d242b943dbc55e"
    },
    "chosen_currency": null,
    "id": 997742307,
    "is_registered": true,
    "name": "Expression Audio",
    "urls": {
      "api": {
        "user": "https://api.kickstarter.com/v1/users/997742307?signature=1524102753.6a8f2a8277ba421b8cd108b90c22b19673a0346d"
      },
      "web": {
        "user": "https://www.kickstarter.com/profile/997742307"
      }
    }
  },
  "currency": "USD",
  "currency_symbol": "$",
  "currency_trailing_code": true,
  "current_currency": "USD",
  "deadline": 1449086432,
  "disable_communication": false,
  "fx_rate": 1.0,
  "goal": 3500.0,
  "id": 1047967394,
  "is_starrable": false,
  "launched_at": 1446494432,
  "location": {
    "country": "US",
    "displayable_name": "Litchfield, CT",
    "id": 2440034,
    "is_root": false,
    "localized_name": "Litchfield",
    "name": "Litchfield",
    "short_name": "Litchfield, CT",
    "slug": "litchfield-ct",
    "state": "CT",
    "type": "Town",
    "urls": {
      "api": {
        "nearby_projects": "https://api.kickstarter.com/v1/discover?signature=1524083989.569e8d801b23493e9c0cb924116619a0caba7830&woe_id=2440034"
      },
      "web": {
        "discover": "https://www.kickstarter.com/discover/places/litchfield-ct",
        "location": "https://www.kickstarter.com/locations/litchfield-ct"
      }
    }
  },
  "name": "Colorful Custom Earphones",
  "photo": {
    "1024x576": "https://ksr-ugc.imgix.net/assets/012/294/066/a4150e5622a8c8e0e73bcc42f71dd69c_original.png?crop=faces&w=1024&h=576&fit=crop&v=1463752236&auto=format&q=92&s=4c35149349d815d3cbdf735e1e5cbade",
    "1536x864": "https://ksr-ugc.imgix.net/assets/012/294/066/a4150e5622a8c8e0e73bcc42f71dd69c_original.png?crop=faces&w=1552&h=873&fit=crop&v=1463752236&auto=format&q=92&s=c1a5aa8045d398fe937ea39fd07da479",
    "ed": "https://ksr-ugc.imgix.net/assets/012/294/066/a4150e5622a8c8e0e73bcc42f71dd69c_original.png?crop=faces&w=352&h=198&fit=crop&v=1463752236&auto=format&q=92&s=fc3026dcbaef4b4768022b7b1bca389a",
    "full": "https://ksr-ugc.imgix.net/assets/012/294/066/a4150e5622a8c8e0e73bcc42f71dd69c_original.png?crop=faces&w=560&h=315&fit=crop&v=1463752236&auto=format&q=92&s=48670337a08c2e468cd6344bd62bb6e1",
    "key": "assets/012/294/066/a4150e5622a8c8e0e73bcc42f71dd69c_original.png",
    "little": "https://ksr-ugc.imgix.net/assets/012/294/066/a4150e5622a8c8e0e73bcc42f71dd69c_original.png?crop=faces&w=208&h=117&fit=crop&v=1463752236&auto=format&q=92&s=20463a41b4271602d1b970f022f87e95",
    "med": "https://ksr-ugc.imgix.net/assets/012/294/066/a4150e5622a8c8e0e73bcc42f71dd69c_original.png?crop=faces&w=272&h=153&fit=crop&v=1463752236&auto=format&q=92&s=e44c9dd647beae1732cda21dfc59bf21",
    "small": "https://ksr-ugc.imgix.net/assets/012/294/066/a4150e5622a8c8e0e73bcc42f71dd69c_original.png?crop=faces&w=160&h=90&fit=crop&v=1463752236&auto=format&q=92&s=c434719914109c52833c3f9eb898d3f3",
    "thumb": "https://ksr-ugc.imgix.net/assets/012/294/066/a4150e5622a8c8e0e73bcc42f71dd69c_original.png?crop=faces&w=48&h=27&fit=crop&v=1463752236&auto=format&q=92&s=39d36f62c09701faffae8b624e1abef5"
  },
  "pledged": 210.0,
  "profile": {
    "background_color": null,
    "background_image_opacity": 0.8,
    "blurb": null,
    "feature_image_attributes": {
      "image_urls": {
        "baseball_card": "https://ksr-ugc.imgix.net/assets/012/294/066/a4150e5622a8c8e0e73bcc42f71dd69c_original.png?crop=faces&w=560&h=315&fit=crop&v=1463752236&auto=format&q=92&s=48670337a08c2e468cd6344bd62bb6e1",
        "default": "https://ksr-ugc.imgix.net/assets/012/294/066/a4150e5622a8c8e0e73bcc42f71dd69c_original.png?crop=faces&w=1552&h=873&fit=crop&v=1463752236&auto=format&q=92&s=c1a5aa8045d398fe937ea39fd07da479"
      }
    },
    "id": 2202721,
    "link_background_color": null,
    "link_text": null,
    "link_text_color": null,
    "link_url": null,
    "name": null,
    "project_id": 2202721,
    "should_show_feature_image_section": true,
    "show_feature_image": false,
    "state": "inactive",
    "state_changed_at": 1446302530,
    "text_color": null
  },
  "slug": "colorful-custom-earphones",
  "spotlight": false,
  "staff_pick": false,
  "state": "failed",
  "state_changed_at": 1449086434,
  "static_usd_rate": 1.0,
  "urls": {
    "web": {
      "project": "https://www.kickstarter.com/projects/997742307/colorful-custom-earphones?ref=category_newest",
      "rewards": "https://www.kickstarter.com/projects/997742307/colorful-custom-earphones/rewards"
    }
  },
  "usd_pledged": "210.0",
  "usd_type": "international"
}