{
  "backers_count": 29,
  "blurb": "EWA - a cell phone power bank with intelligent positioning\n and selfie functions",
  "category": {
    "color": 6526716,
    "id": 52,
    "name": "Hardware",
    "parent_id": 16,
    "position": 8,
    "slug": "technology/hardware",
    "urls": {
      "web": {
        "discover": "http://www.kickstarter.com/discover/categories/technology/hardware"
      }
    }
  },
  "converted_pledged_amount": 1064,
  "country": "US",
  "created_at": 1420856288,
  "creator": {
    "avatar": {
      "medium": "https://ksr-ugc.imgix.net/assets/009/269/963/216b53fe53bfb6f9427dc9d642fc97ba_original.jpg?w=160&h=160&fit=crop&v=1461570499&auto=format&q=92&s=7a46e3228f5798c5edb6f1fa9fa05b21",
      "small": "https://ksr-ugc.imgix.net/assets/009/269/963/216b53fe53bfb6f9427dc9d642fc97ba_original.jpg?w=160&h=160&fit=crop&v=1461570499&auto=format&q=92&s=7a46e3228f5798c5edb6f1fa9fa05b21",
      "thumb": "https://ksr-ugc.imgix.net/assets/009/269/963/216b53fe53bfb6f9427dc9d642fc97ba_original.jpg?w=40&h=40&fit=crop&v=1461570499&auto=format&q=92&s=db6230f7eae5cfe6392c22d92a5ae4df"
    },
    "chosen_currency": null,
    "id": 318373610,
    "is_registered": true,
    "name": "CoooStar",
    "urls": {
      "api": {
        "user": "https://api.kickstarter.com/v1/users/318373610?signature=1524101818.83f0487406066a32588df515de3cebd71ef3ade8"
      },
      "web": {
        "user": "https://www.kickstarter.com/profile/318373610"
      }
    }
  },
  "currency": "USD",
  "currency_symbol": "$",
  "currency_trailing_code": true,
  "current_currency": "USD",
  "deadline": 1426307682,
  "disable_communication": false,
  "fx_rate": 1.0,
  "goal": 20000.0,
  "id": 1047344244,
  "is_starrable": false,
  "launched_at": 1422423282,
  "location": {
    "country": "US",
    "displayable_name": "Berkeley Heights, NJ",
    "id": 2362940,
    "is_root": false,
    "localized_name": "Berkeley Heights",
    "name": "Berkeley Heights",
    "short_name": "Berkeley Heights, NJ",
    "slug": "berkeley-heights-nj",
    "state": "NJ",
    "type": "Town",
    "urls": {
      "api": {
        "nearby_projects": "https://api.kickstarter.com/v1/discover?signature=1524082199.e35f47b0b50fd95977ad4f0c031d44bf3b200b54&woe_id=2362940"
      },
      "web": {
        "discover": "https://www.kickstarter.com/discover/places/berkeley-heights-nj",
        "location": "https://www.kickstarter.com/locations/berkeley-heights-nj"
      }
    }
  },
  "name": "EWA: a power bank with anti-lost and selfie functions",
  "photo": {
    "1024x576": "https://ksr-ugc.imgix.net/assets/011/995/866/8385e5b25ff6a596b4253fd60433d9dd_original.jpg?crop=faces&w=1024&h=576&fit=crop&v=1463722495&auto=format&q=92&s=400f71b4c71ea57775ea790d499d10f4",
    "1536x864": "https://ksr-ugc.imgix.net/assets/011/995/866/8385e5b25ff6a596b4253fd60433d9dd_original.jpg?crop=faces&w=1552&h=873&fit=crop&v=1463722495&auto=format&q=92&s=ca23efbfbd18c3a2848e0b90ab882e8b",
    "ed": "https://ksr-ugc.imgix.net/assets/011/995/866/8385e5b25ff6a596b4253fd60433d9dd_original.jpg?crop=faces&w=352&h=198&fit=crop&v=1463722495&auto=format&q=92&s=c90975ff8f2362cc0a8a26ac32e96d25",
    "full": "https://ksr-ugc.imgix.net/assets/011/995/866/8385e5b25ff6a596b4253fd60433d9dd_original.jpg?crop=faces&w=560&h=315&fit=crop&v=1463722495&auto=format&q=92&s=2cc3500cb65c508bf5d0ddcbae4fb1fb",
    "key": "assets/011/995/866/8385e5b25ff6a596b4253fd60433d9dd_original.jpg",
    "little": "https://ksr-ugc.imgix.net/assets/011/995/866/8385e5b25ff6a596b4253fd60433d9dd_original.jpg?crop=faces&w=208&h=117&fit=crop&v=1463722495&auto=format&q=92&s=1b5134c049c1c94c4138a870da4972de",
    "med": "https://ksr-ugc.imgix.net/assets/011/995/866/8385e5b25ff6a596b4253fd60433d9dd_original.jpg?crop=faces&w=272&h=153&fit=crop&v=1463722495&auto=format&q=92&s=856b397f8905701eb31a5c0bf0efcaf8",
    "small": "https://ksr-ugc.imgix.net/assets/011/995/866/8385e5b25ff6a596b4253fd60433d9dd_original.jpg?crop=faces&w=160&h=90&fit=crop&v=1463722495&auto=format&q=92&s=46992eab6b94b58b14b903975d1087b7",
    "thumb": "https://ksr-ugc.imgix.net/assets/011/995/866/8385e5b25ff6a596b4253fd60433d9dd_original.jpg?crop=faces&w=48&h=27&fit=crop&v=1463722495&auto=format&q=92&s=df592553a04fabfad1ae5037e16d78ab"
  },
  "pledged": 1064.0,
  "profile": {
    "background_color": null,
    "background_image_opacity": 0.8,
    "blurb": null,
    "feature_image_attributes": {
      "image_urls": {
        "baseball_card": "https://ksr-ugc.imgix.net/assets/011/995/866/8385e5b25ff6a596b4253fd60433d9dd_original.jpg?crop=faces&w=560&h=315&fit=crop&v=1463722495&auto=format&q=92&s=2cc3500cb65c508bf5d0ddcbae4fb1fb",
        "default": "https://ksr-ugc.imgix.net/assets/011/995/866/8385e5b25ff6a596b4253fd60433d9dd_original.jpg?crop=faces&w=1552&h=873&fit=crop&v=1463722495&auto=format&q=92&s=ca23efbfbd18c3a2848e0b90ab882e8b"
      }
    },
    "id": 1621829,
    "link_background_color": null,
    "link_text": null,
    "link_text_color": null,
    "link_url": null,
    "name": null,
    "project_id": 1621829,
    "should_show_feature_image_section": true,
    "show_feature_image": false,
    "state": "inactive",
    "state_changed_at": 1425915889,
    "text_color": null
  },
  "slug": "ewa",
  "spotlight": false,
  "staff_pick": false,
  "state": "failed",
  "state_changed_at": 1426307685,
  "static_usd_rate": 1.0,
  "urls": {
    "web": {
      "project": "https://www.kickstarter.com/projects/318373610/ewa?ref=category_newest",
      "rewards": "https://www.kickstarter.com/projects/318373610/ewa/rewards"
    }
  },
  "usd_pledged": "1064.0",
  "usd_type": "international"
}