{
  "backers_count": 4,
  "blurb": "Regain your total privacy with military grade protection App SecurNex",
  "category": {
    "color": 6526716,
    "id": 332,
    "name": "Apps",
    "parent_id": 16,
    "position": 2,
    "slug": "technology/apps",
    "urls": {
      "web": {
        "discover": "http://www.kickstarter.com/discover/categories/technology/apps"
      }
    }
  },
  "converted_pledged_amount": 8,
  "country": "CA",
  "created_at": 1411078602,
  "creator": {
    "avatar": {
      "medium": "https://ksr-ugc.imgix.net/assets/008/464/228/528b36832d7274e1ce9dba3b7ab2d6d8_original.png?w=160&h=160&fit=crop&v=1461525626&auto=format&q=92&s=84b7616ae439f97e56c929838b2e7518",
      "small": "https://ksr-ugc.imgix.net/assets/008/464/228/528b36832d7274e1ce9dba3b7ab2d6d8_original.png?w=160&h=160&fit=crop&v=1461525626&auto=format&q=92&s=84b7616ae439f97e56c929838b2e7518",
      "thumb": "https://ksr-ugc.imgix.net/assets/008/464/228/528b36832d7274e1ce9dba3b7ab2d6d8_original.png?w=40&h=40&fit=crop&v=1461525626&auto=format&q=92&s=0b882e892446f4b765e68efaf94bd6e1"
    },
    "chosen_currency": null,
    "id": 1460231554,
    "is_registered": true,
    "name": "Patrick Groleau",
    "slug": "nuevobar",
    "urls": {
      "api": {
        "user": "https://api.kickstarter.com/v1/users/1460231554?signature=1524100258.3e3022e9cf60c3b8791b0a11715e57a89e6e37a4"
      },
      "web": {
        "user": "https://www.kickstarter.com/profile/nuevobar"
      }
    }
  },
  "currency": "CAD",
  "currency_symbol": "$",
  "currency_trailing_code": true,
  "current_currency": "USD",
  "deadline": 1414093408,
  "disable_communication": false,
  "fx_rate": 0.79525709,
  "goal": 2000.0,
  "id": 1047706388,
  "is_starrable": false,
  "launched_at": 1411501408,
  "location": {
    "country": "CA",
    "displayable_name": "Montreal, Canada",
    "id": 3534,
    "is_root": false,
    "localized_name": "Montreal",
    "name": "Montreal",
    "short_name": "Montreal, Canada",
    "slug": "montreal-ca",
    "state": "QC",
    "type": "Town",
    "urls": {
      "api": {
        "nearby_projects": "https://api.kickstarter.com/v1/discover?signature=1524082111.ec6a33c49f56a514191c901fefdba9a00b5027b8&woe_id=3534"
      },
      "web": {
        "discover": "https://www.kickstarter.com/discover/places/montreal-ca",
        "location": "https://www.kickstarter.com/locations/montreal-ca"
      }
    }
  },
  "name": "SecurNex Total privacy",
  "photo": {
    "1024x576": "https://ksr-ugc.imgix.net/assets/011/872/630/cb995abffc504a92ab0eaf858887c5d4_original.png?crop=faces&w=1024&h=576&fit=crop&v=1463708030&auto=format&q=92&s=5d7e9b9507836f3af42626374a9a89dc",
    "1536x864": "https://ksr-ugc.imgix.net/assets/011/872/630/cb995abffc504a92ab0eaf858887c5d4_original.png?crop=faces&w=1552&h=873&fit=crop&v=1463708030&auto=format&q=92&s=e15dca01c4ea6cbe2bf7ea8f5163c12a",
    "ed": "https://ksr-ugc.imgix.net/assets/011/872/630/cb995abffc504a92ab0eaf858887c5d4_original.png?crop=faces&w=352&h=198&fit=crop&v=1463708030&auto=format&q=92&s=2346eebe8dbd332e90b8ad44521a9b27",
    "full": "https://ksr-ugc.imgix.net/assets/011/872/630/cb995abffc504a92ab0eaf858887c5d4_original.png?crop=faces&w=560&h=315&fit=crop&v=1463708030&auto=format&q=92&s=8df9e51c46d4a3ac1a6e615103db2ec7",
    "key": "assets/011/872/630/cb995abffc504a92ab0eaf858887c5d4_original.png",
    "little": "https://ksr-ugc.imgix.net/assets/011/872/630/cb995abffc504a92ab0eaf858887c5d4_original.png?crop=faces&w=208&h=117&fit=crop&v=1463708030&auto=format&q=92&s=49b98a33071fc823713c00f2ee3228c2",
    "med": "https://ksr-ugc.imgix.net/assets/011/872/630/cb995abffc504a92ab0eaf858887c5d4_original.png?crop=faces&w=272&h=153&fit=crop&v=1463708030&auto=format&q=92&s=50fb76982ef81e32c94dfe162d427841",
    "small": "https://ksr-ugc.imgix.net/assets/011/872/630/cb995abffc504a92ab0eaf858887c5d4_original.png?crop=faces&w=160&h=90&fit=crop&v=1463708030&auto=format&q=92&s=8ed1930c701a9a4eb91de883c5d3a09f",
    "thumb": "https://ksr-ugc.imgix.net/assets/011/872/630/cb995abffc504a92ab0eaf858887c5d4_original.png?crop=faces&w=48&h=27&fit=crop&v=1463708030&auto=format&q=92&s=80d4f25d70546d3a730e87946b3c3b4e"
  },
  "pledged": 10.0,
  "profile": {
    "background_color": null,
    "background_image_opacity": 0.8,
    "blurb": null,
    "feature_image_attributes": {
      "image_urls": {
        "baseball_card": "https://ksr-ugc.imgix.net/assets/011/872/630/cb995abffc504a92ab0eaf858887c5d4_original.png?crop=faces&w=560&h=315&fit=crop&v=1463708030&auto=format&q=92&s=8df9e51c46d4a3ac1a6e615103db2ec7",
        "default": "https://ksr-ugc.imgix.net/assets/011/872/630/cb995abffc504a92ab0eaf858887c5d4_original.png?crop=faces&w=1552&h=873&fit=crop&v=1463708030&auto=format&q=92&s=e15dca01c4ea6cbe2bf7ea8f5163c12a"
      }
    },
    "id": 1366240,
    "link_background_color": null,
    "link_text": null,
    "link_text_color": null,
    "link_url": null,
    "name": null,
    "project_id": 1366240,
    "should_show_feature_image_section": true,
    "show_feature_image": false,
    "state": "inactive",
    "state_changed_at": 1425915875,
    "text_color": null
  },
  "slug": "securnex-total-privacy",
  "spotlight": false,
  "staff_pick": false,
  "state": "failed",
  "state_changed_at": 1414093408,
  "static_usd_rate": 0.91376941,
  "urls": {
    "web": {
      "project": "https://www.kickstarter.com/projects/nuevobar/securnex-total-privacy?ref=category_newest",
      "rewards": "https://www.kickstarter.com/projects/nuevobar/securnex-total-privacy/rewards"
    }
  },
  "usd_pledged": "9.1376941",
  "usd_type": "international"
}