{
  "backers_count": 29,
  "blurb": "We are working to establish a collaborative work-space with the goal of creating a community of knowledge, design, and creativity.",
  "category": {
    "color": 6526716,
    "id": 362,
    "name": "Makerspaces",
    "parent_id": 16,
    "position": 9,
    "slug": "technology/makerspaces",
    "urls": {
      "web": {
        "discover": "http://www.kickstarter.com/discover/categories/technology/makerspaces"
      }
    }
  },
  "converted_pledged_amount": 1897,
  "country": "US",
  "created_at": 1412387778,
  "creator": {
    "avatar": {
      "medium": "https://ksr-ugc.imgix.net/assets/009/187/430/255437d9d82ce4e118e3ab391516870e_original.jpg?w=160&h=160&fit=crop&v=1461563280&auto=format&q=92&s=082eaee2d206897e2adfbf1e3611214a",
      "small": "https://ksr-ugc.imgix.net/assets/009/187/430/255437d9d82ce4e118e3ab391516870e_original.jpg?w=160&h=160&fit=crop&v=1461563280&auto=format&q=92&s=082eaee2d206897e2adfbf1e3611214a",
      "thumb": "https://ksr-ugc.imgix.net/assets/009/187/430/255437d9d82ce4e118e3ab391516870e_original.jpg?w=40&h=40&fit=crop&v=1461563280&auto=format&q=92&s=e7a13a3e0889c5e0968f3837114449d8"
    },
    "chosen_currency": null,
    "id": 1759900892,
    "is_registered": true,
    "name": "Timothy Cone & Ty Donaldson",
    "urls": {
      "api": {
        "user": "https://api.kickstarter.com/v1/users/1759900892?signature=1524101854.f1c990da4423bc16bf4eecb0329b17931a4ab3b2"
      },
      "web": {
        "user": "https://www.kickstarter.com/profile/1759900892"
      }
    }
  },
  "currency": "USD",
  "currency_symbol": "$",
  "currency_trailing_code": true,
  "current_currency": "USD",
  "deadline": 1415655289,
  "disable_communication": false,
  "fx_rate": 1.0,
  "goal": 25000.0,
  "id": 1047242946,
  "is_starrable": false,
  "launched_at": 1413059689,
  "location": {
    "country": "US",
    "displayable_name": "Savannah, GA",
    "id": 2489314,
    "is_root": false,
    "localized_name": "Savannah",
    "name": "Savannah",
    "short_name": "Savannah, GA",
    "slug": "savannah-ga",
    "state": "GA",
    "type": "Town",
    "urls": {
      "api": {
        "nearby_projects": "https://api.kickstarter.com/v1/discover?signature=1524082125.ed0163e5d48f25fe5fba2050dc2a2b2473e57e77&woe_id=2489314"
      },
      "web": {
        "discover": "https://www.kickstarter.com/discover/places/savannah-ga",
        "location": "https://www.kickstarter.com/locations/savannah-ga"
      }
    }
  },
  "name": "Maven Makers: A Makerspace (It's Kinda Like a Gym)",
  "photo": {
    "1024x576": "https://ksr-ugc.imgix.net/assets/011/894/503/eefa10ef5605463550cd43fe519cd128_original.jpg?crop=faces&w=1024&h=576&fit=crop&v=1463711691&auto=format&q=92&s=97760a16f9fc6fb46ceb2404ed78eb23",
    "1536x864": "https://ksr-ugc.imgix.net/assets/011/894/503/eefa10ef5605463550cd43fe519cd128_original.jpg?crop=faces&w=1552&h=873&fit=crop&v=1463711691&auto=format&q=92&s=21284879b33812e99c6477dbc0a1dd9f",
    "ed": "https://ksr-ugc.imgix.net/assets/011/894/503/eefa10ef5605463550cd43fe519cd128_original.jpg?crop=faces&w=352&h=198&fit=crop&v=1463711691&auto=format&q=92&s=a353ba14d086f0999cd2862400195d9a",
    "full": "https://ksr-ugc.imgix.net/assets/011/894/503/eefa10ef5605463550cd43fe519cd128_original.jpg?crop=faces&w=560&h=315&fit=crop&v=1463711691&auto=format&q=92&s=3bb4de227e59420c5b40852ac992ba5b",
    "key": "assets/011/894/503/eefa10ef5605463550cd43fe519cd128_original.jpg",
    "little": "https://ksr-ugc.imgix.net/assets/011/894/503/eefa10ef5605463550cd43fe519cd128_original.jpg?crop=faces&w=208&h=117&fit=crop&v=1463711691&auto=format&q=92&s=f89388382eb7d3ab91fad86fe0ccf98f",
    "med": "https://ksr-ugc.imgix.net/assets/011/894/503/eefa10ef5605463550cd43fe519cd128_original.jpg?crop=faces&w=272&h=153&fit=crop&v=1463711691&auto=format&q=92&s=bbf39cee07395dd644c2781b924e0e4a",
    "small": "https://ksr-ugc.imgix.net/assets/011/894/503/eefa10ef5605463550cd43fe519cd128_original.jpg?crop=faces&w=160&h=90&fit=crop&v=1463711691&auto=format&q=92&s=a1afbca7919d42e6913b688b6f02cf99",
    "thumb": "https://ksr-ugc.imgix.net/assets/011/894/503/eefa10ef5605463550cd43fe519cd128_original.jpg?crop=faces&w=48&h=27&fit=crop&v=1463711691&auto=format&q=92&s=32e38c28745ac3172410f735fb396504"
  },
  "pledged": 1897.0,
  "profile": {
    "background_color": null,
    "background_image_opacity": 0.8,
    "blurb": null,
    "feature_image_attributes": {
      "image_urls": {
        "baseball_card": "https://ksr-ugc.imgix.net/assets/011/894/503/eefa10ef5605463550cd43fe519cd128_original.jpg?crop=faces&w=560&h=315&fit=crop&v=1463711691&auto=format&q=92&s=3bb4de227e59420c5b40852ac992ba5b",
        "default": "https://ksr-ugc.imgix.net/assets/011/894/503/eefa10ef5605463550cd43fe519cd128_original.jpg?crop=faces&w=1552&h=873&fit=crop&v=1463711691&auto=format&q=92&s=21284879b33812e99c6477dbc0a1dd9f"
      }
    },
    "id": 1411627,
    "link_background_color": null,
    "link_text": null,
    "link_text_color": null,
    "link_url": null,
    "name": null,
    "project_id": 1411627,
    "should_show_feature_image_section": true,
    "show_feature_image": false,
    "state": "inactive",
    "state_changed_at": 1425915878,
    "text_color": null
  },
  "slug": "maven-makers-a-makerspace-its-kinda-like-a-gym",
  "spotlight": false,
  "staff_pick": true,
  "state": "failed",
  "state_changed_at": 1415655289,
  "static_usd_rate": 1.0,
  "urls": {
    "web": {
      "project": "https://www.kickstarter.com/projects/1759900892/maven-makers-a-makerspace-its-kinda-like-a-gym?ref=category_newest",
      "rewards": "https://www.kickstarter.com/projects/1759900892/maven-makers-a-makerspace-its-kinda-like-a-gym/rewards"
    }
  },
  "usd_pledged": "1897.0",
  "usd_type": "international"
}