{
  "backers_count": 10,
  "blurb": "A multipurpose Raspberry Pi powered robot controller and gamepad.",
  "category": {
    "color": 6526716,
    "id": 334,
    "name": "DIY Electronics",
    "parent_id": 16,
    "position": 4,
    "slug": "technology/diy electronics",
    "urls": {
      "web": {
        "discover": "http://www.kickstarter.com/discover/categories/technology/diy%20electronics"
      }
    }
  },
  "converted_pledged_amount": 1667,
  "country": "US",
  "created_at": 1511344319,
  "creator": {
    "avatar": {
      "medium": "https://ksr-ugc.imgix.net/assets/019/342/504/652f2bc2713be5074083ea89bde9d1e2_original.png?w=160&h=160&fit=crop&v=1511354276&auto=format&q=92&s=8e8e3e03f8e867140aec1b66e0b08770",
      "small": "https://ksr-ugc.imgix.net/assets/019/342/504/652f2bc2713be5074083ea89bde9d1e2_original.png?w=160&h=160&fit=crop&v=1511354276&auto=format&q=92&s=8e8e3e03f8e867140aec1b66e0b08770",
      "thumb": "https://ksr-ugc.imgix.net/assets/019/342/504/652f2bc2713be5074083ea89bde9d1e2_original.png?w=40&h=40&fit=crop&v=1511354276&auto=format&q=92&s=903abf644e0bd16a3ab3f3155037da23"
    },
    "chosen_currency": null,
    "id": 1015614439,
    "is_registered": true,
    "name": "Cerulean Submergence",
    "urls": {
      "api": {
        "user": "https://api.kickstarter.com/v1/users/1015614439?signature=1524100774.943f09c8dd9174dc495836f078551f224ab6a24c"
      },
      "web": {
        "user": "https://www.kickstarter.com/profile/1015614439"
      }
    }
  },
  "currency": "USD",
  "currency_symbol": "$",
  "currency_trailing_code": true,
  "current_currency": "USD",
  "deadline": 1517586336,
  "disable_communication": false,
  "fx_rate": 1.0,
  "goal": 10000.0,
  "id": 1047591024,
  "is_starrable": false,
  "launched_at": 1514994336,
  "location": {
    "country": "US",
    "displayable_name": "Durham, NC",
    "id": 2394734,
    "is_root": false,
    "localized_name": "Durham",
    "name": "Durham",
    "short_name": "Durham, NC",
    "slug": "durham-nc",
    "state": "NC",
    "type": "Town",
    "urls": {
      "api": {
        "nearby_projects": "https://api.kickstarter.com/v1/discover?signature=1524082118.59d07d7d5d45a286cf653b650b3cb4bcb2b2e2f8&woe_id=2394734"
      },
      "web": {
        "discover": "https://www.kickstarter.com/discover/places/durham-nc",
        "location": "https://www.kickstarter.com/locations/durham-nc"
      }
    }
  },
  "name": "OmniJoy",
  "photo": {
    "1024x576": "https://ksr-ugc.imgix.net/assets/019/495/257/831bac24f4cf99892c8c542c34e2d148_original.png?crop=faces&w=1024&h=576&fit=crop&v=1513189702&auto=format&q=92&s=1a30a0f240f29926e31a555fa1c1a71b",
    "1536x864": "https://ksr-ugc.imgix.net/assets/019/495/257/831bac24f4cf99892c8c542c34e2d148_original.png?crop=faces&w=1552&h=873&fit=crop&v=1513189702&auto=format&q=92&s=9716120a8f517d7535325514235ca5ce",
    "ed": "https://ksr-ugc.imgix.net/assets/019/495/257/831bac24f4cf99892c8c542c34e2d148_original.png?crop=faces&w=352&h=198&fit=crop&v=1513189702&auto=format&q=92&s=5e9c6ad1da9dd8cbd933ce2a7547278e",
    "full": "https://ksr-ugc.imgix.net/assets/019/495/257/831bac24f4cf99892c8c542c34e2d148_original.png?crop=faces&w=560&h=315&fit=crop&v=1513189702&auto=format&q=92&s=32723c1a9c4d200ad0fc80eb3de7a5c3",
    "key": "assets/019/495/257/831bac24f4cf99892c8c542c34e2d148_original.png",
    "little": "https://ksr-ugc.imgix.net/assets/019/495/257/831bac24f4cf99892c8c542c34e2d148_original.png?crop=faces&w=208&h=117&fit=crop&v=1513189702&auto=format&q=92&s=57de7c175c4cdcff3cd65898548689b9",
    "med": "https://ksr-ugc.imgix.net/assets/019/495/257/831bac24f4cf99892c8c542c34e2d148_original.png?crop=faces&w=272&h=153&fit=crop&v=1513189702&auto=format&q=92&s=74d995de790052f81ed5d4a9f3ebd807",
    "small": "https://ksr-ugc.imgix.net/assets/019/495/257/831bac24f4cf99892c8c542c34e2d148_original.png?crop=faces&w=160&h=90&fit=crop&v=1513189702&auto=format&q=92&s=533503082dac7d9d72e144708a1c348b",
    "thumb": "https://ksr-ugc.imgix.net/assets/019/495/257/831bac24f4cf99892c8c542c34e2d148_original.png?crop=faces&w=48&h=27&fit=crop&v=1513189702&auto=format&q=92&s=71353c583a33648900186f032ae6ee9c"
  },
  "pledged": 1667.0,
  "profile": {
    "background_color": null,
    "background_image_opacity": 0.8,
    "blurb": null,
    "feature_image_attributes": {
      "image_urls": {
        "baseball_card": "https://ksr-ugc.imgix.net/assets/019/495/257/831bac24f4cf99892c8c542c34e2d148_original.png?crop=faces&w=560&h=315&fit=crop&v=1513189702&auto=format&q=92&s=32723c1a9c4d200ad0fc80eb3de7a5c3",
        "default": "https://ksr-ugc.imgix.net/assets/019/495/257/831bac24f4cf99892c8c542c34e2d148_original.png?crop=faces&w=1552&h=873&fit=crop&v=1513189702&auto=format&q=92&s=9716120a8f517d7535325514235ca5ce"
      }
    },
    "id": 3228379,
    "link_background_color": null,
    "link_text": null,
    "link_text_color": null,
    "link_url": null,
    "name": null,
    "project_id": 3228379,
    "should_show_feature_image_section": true,
    "show_feature_image": false,
    "state": "inactive",
    "state_changed_at": 1511344319,
    "text_color": null
  },
  "slug": "omnijoy",
  "spotlight": false,
  "staff_pick": false,
  "state": "failed",
  "state_changed_at": 1517586336,
  "static_usd_rate": 1.0,
  "urls": {
    "web": {
      "project": "https://www.kickstarter.com/projects/1015614439/omnijoy?ref=category_newest",
      "rewards": "https://www.kickstarter.com/projects/1015614439/omnijoy/rewards"
    }
  },
  "usd_pledged": "1667.0",
  "usd_type": "international"
}