{
  "backers_count": 308,
  "blurb": "1/67 scale phone controlled car with precision proportional steering and interchangeable shells and wheels! Multi-functional Lights!",
  "category": {
    "color": 6526716,
    "id": 337,
    "name": "Gadgets",
    "parent_id": 16,
    "position": 7,
    "slug": "technology/gadgets",
    "urls": {
      "web": {
        "discover": "http://www.kickstarter.com/discover/categories/technology/gadgets"
      }
    }
  },
  "converted_pledged_amount": 30694,
  "country": "US",
  "created_at": 1476107050,
  "creator": {
    "avatar": {
      "medium": "https://ksr-ugc.imgix.net/assets/010/678/401/905047cfa24f60c2c8ef7231628e0fb7_original.png?w=160&h=160&fit=crop&v=1474570019&auto=format&q=92&s=40cfe3ef5926ddd19c3b049c155a99df",
      "small": "https://ksr-ugc.imgix.net/assets/010/678/401/905047cfa24f60c2c8ef7231628e0fb7_original.png?w=160&h=160&fit=crop&v=1474570019&auto=format&q=92&s=40cfe3ef5926ddd19c3b049c155a99df",
      "thumb": "https://ksr-ugc.imgix.net/assets/010/678/401/905047cfa24f60c2c8ef7231628e0fb7_original.png?w=40&h=40&fit=crop&v=1474570019&auto=format&q=92&s=86f26d30608e2a9cc87d29a373ba5124"
    },
    "chosen_currency": null,
    "id": 2032528777,
    "is_registered": true,
    "name": "Quantow",
    "slug": "quantow",
    "urls": {
      "api": {
        "user": "https://api.kickstarter.com/v1/users/2032528777?signature=1524101050.8b4258a360bdada4f44ce2905ad57c8350098e76"
      },
      "web": {
        "user": "https://www.kickstarter.com/profile/quantow"
      }
    }
  },
  "currency": "USD",
  "currency_symbol": "$",
  "currency_trailing_code": true,
  "current_currency": "USD",
  "deadline": 1479374072,
  "disable_communication": false,
  "fx_rate": 1.0,
  "goal": 30000.0,
  "id": 1047081730,
  "is_starrable": false,
  "launched_at": 1476778472,
  "location": {
    "country": "US",
    "displayable_name": "Los Angeles, CA",
    "id": 2442047,
    "is_root": false,
    "localized_name": "Los Angeles",
    "name": "Los Angeles",
    "short_name": "Los Angeles, CA",
    "slug": "los-angeles-ca",
    "state": "CA",
    "type": "Town",
    "urls": {
      "api": {
        "nearby_projects": "https://api.kickstarter.com/v1/discover?signature=1524082109.85e1ac450ea9010763e72751ef0e7aad8408a809&woe_id=2442047"
      },
      "web": {
        "discover": "https://www.kickstarter.com/discover/places/los-angeles-ca",
        "location": "https://www.kickstarter.com/locations/los-angeles-ca"
      }
    }
  },
  "name": "World's Smallest Smartphone Controlled Car",
  "photo": {
    "1024x576": "https://ksr-ugc.imgix.net/assets/014/051/081/9126411321e4a5c0fa647aed1957e8e5_original.jpg?crop=faces&w=1024&h=576&fit=crop&v=1476107101&auto=format&q=92&s=f37a6f4e2148c240f20557f0a943a311",
    "1536x864": "https://ksr-ugc.imgix.net/assets/014/051/081/9126411321e4a5c0fa647aed1957e8e5_original.jpg?crop=faces&w=1552&h=873&fit=crop&v=1476107101&auto=format&q=92&s=c1bcfb3f3a2797944e01f22b7bb29c70",
    "ed": "https://ksr-ugc.imgix.net/assets/014/051/081/9126411321e4a5c0fa647aed1957e8e5_original.jpg?crop=faces&w=352&h=198&fit=crop&v=1476107101&auto=format&q=92&s=42cca5df8139f44999f83ac959beb786",
    "full": "https://ksr-ugc.imgix.net/assets/014/051/081/9126411321e4a5c0fa647aed1957e8e5_original.jpg?crop=faces&w=560&h=315&fit=crop&v=1476107101&auto=format&q=92&s=a4c4e866a40cf1f42b1f0ec61e0ba730",
    "key": "assets/014/051/081/9126411321e4a5c0fa647aed1957e8e5_original.jpg",
    "little": "https://ksr-ugc.imgix.net/assets/014/051/081/9126411321e4a5c0fa647aed1957e8e5_original.jpg?crop=faces&w=208&h=117&fit=crop&v=1476107101&auto=format&q=92&s=a6d1492b80158bcc1341eb0bc8bc7d4b",
    "med": "https://ksr-ugc.imgix.net/assets/014/051/081/9126411321e4a5c0fa647aed1957e8e5_original.jpg?crop=faces&w=272&h=153&fit=crop&v=1476107101&auto=format&q=92&s=c12b97fe5d97bd0b6936ee8b18c5d096",
    "small": "https://ksr-ugc.imgix.net/assets/014/051/081/9126411321e4a5c0fa647aed1957e8e5_original.jpg?crop=faces&w=160&h=90&fit=crop&v=1476107101&auto=format&q=92&s=5b78ec1c6e3d642f0f9f2808aa3858ef",
    "thumb": "https://ksr-ugc.imgix.net/assets/014/051/081/9126411321e4a5c0fa647aed1957e8e5_original.jpg?crop=faces&w=48&h=27&fit=crop&v=1476107101&auto=format&q=92&s=22cd7ec639ee4be42a493a096437b367"
  },
  "pledged": 30694.0,
  "profile": {
    "background_color": "000000",
    "background_image_attributes": {
      "id": 18819623,
      "image_urls": {
        "baseball_card": "https://ksr-ugc.imgix.net/assets/018/819/623/90306a085e33b56dd178c41d83d5d7d6_original.jpg?w=460&fit=max&v=1508384864&auto=format&q=92&s=5cb35590b54fa7edde104a5068fdc9cc",
        "default": "https://ksr-ugc.imgix.net/assets/018/819/623/90306a085e33b56dd178c41d83d5d7d6_original.jpg?w=1600&fit=max&v=1508384864&auto=format&q=92&s=ce5220082a4834d77f49492b96197806"
      }
    },
    "background_image_opacity": 1.0,
    "blurb": "1:67 scale smartphone controlled RC car with precision proportional steering, working lights, and interchangeable shells and wheels!",
    "feature_image_attributes": {
      "image_urls": {
        "baseball_card": "https://ksr-ugc.imgix.net/assets/014/051/081/9126411321e4a5c0fa647aed1957e8e5_original.jpg?crop=faces&w=560&h=315&fit=crop&v=1476107101&auto=format&q=92&s=a4c4e866a40cf1f42b1f0ec61e0ba730",
        "default": "https://ksr-ugc.imgix.net/assets/014/051/081/9126411321e4a5c0fa647aed1957e8e5_original.jpg?crop=faces&w=1552&h=873&fit=crop&v=1476107101&auto=format&q=92&s=c1bcfb3f3a2797944e01f22b7bb29c70"
      }
    },
    "id": 2713165,
    "link_background_color": "ff00ad",
    "link_text": "Pre Order!",
    "link_text_color": "",
    "link_url": "https://www.indiegogo.com/projects/quantowgear-car-app#/",
    "name": "Quantow Gear: World's Smallest Smartphone Controlled Car",
    "project_id": 2713165,
    "should_show_feature_image_section": true,
    "show_feature_image": false,
    "state": "active",
    "state_changed_at": 1479827190,
    "text_color": "000000"
  },
  "slug": "quantow-smartphone-controlled-minicar",
  "spotlight": true,
  "staff_pick": false,
  "state": "successful",
  "state_changed_at": 1479374073,
  "static_usd_rate": 1.0,
  "urls": {
    "web": {
      "project": "https://www.kickstarter.com/projects/quantow/quantow-smartphone-controlled-minicar?ref=category_newest",
      "rewards": "https://www.kickstarter.com/projects/quantow/quantow-smartphone-controlled-minicar/rewards"
    }
  },
  "usd_pledged": "30694.0",
  "usd_type": "international"
}