{
  "backers_count": 14,
  "blurb": "This project will contain a searchable, open database of C.S. Lewis references for anyone seeking to search for ideas Lewis references.",
  "category": {
    "color": 6526716,
    "id": 342,
    "name": "Web",
    "parent_id": 16,
    "position": 15,
    "slug": "technology/web",
    "urls": {
      "web": {
        "discover": "http://www.kickstarter.com/discover/categories/technology/web"
      }
    }
  },
  "converted_pledged_amount": 118,
  "country": "US",
  "created_at": 1437882693,
  "creator": {
    "avatar": {
      "medium": "https://ksr-ugc.imgix.net/assets/009/977/336/70d186e31bf03997a1090b4843979202_original.jpg?w=160&h=160&fit=crop&v=1461657069&auto=format&q=92&s=d7861015ac7480fe8cc14584009800a6",
      "small": "https://ksr-ugc.imgix.net/assets/009/977/336/70d186e31bf03997a1090b4843979202_original.jpg?w=160&h=160&fit=crop&v=1461657069&auto=format&q=92&s=d7861015ac7480fe8cc14584009800a6",
      "thumb": "https://ksr-ugc.imgix.net/assets/009/977/336/70d186e31bf03997a1090b4843979202_original.jpg?w=40&h=40&fit=crop&v=1461657069&auto=format&q=92&s=72eb777d6fa4a76c2a9a81d5536a9ee5"
    },
    "chosen_currency": null,
    "id": 712383864,
    "is_registered": true,
    "name": "Dr. Toby Coley",
    "urls": {
      "api": {
        "user": "https://api.kickstarter.com/v1/users/712383864?signature=1524102900.738c7c5281e6303a327063f2c6fb4090db9796e8"
      },
      "web": {
        "user": "https://www.kickstarter.com/profile/712383864"
      }
    }
  },
  "currency": "USD",
  "currency_symbol": "$",
  "currency_trailing_code": true,
  "current_currency": "USD",
  "deadline": 1440608472,
  "disable_communication": false,
  "fx_rate": 1.0,
  "goal": 90.0,
  "id": 1047089333,
  "is_starrable": false,
  "launched_at": 1438016472,
  "location": {
    "country": "US",
    "displayable_name": "Belton, TX",
    "id": 2362339,
    "is_root": false,
    "localized_name": "Belton",
    "name": "Belton",
    "short_name": "Belton, TX",
    "slug": "belton-tx",
    "state": "TX",
    "type": "Town",
    "urls": {
      "api": {
        "nearby_projects": "https://api.kickstarter.com/v1/discover?signature=1524084286.97de86335710adbcc97cafe2078976bef9ab817f&woe_id=2362339"
      },
      "web": {
        "discover": "https://www.kickstarter.com/discover/places/belton-tx",
        "location": "https://www.kickstarter.com/locations/belton-tx"
      }
    }
  },
  "name": "C.S. Lewis Index",
  "photo": {
    "1024x576": "https://ksr-ugc.imgix.net/assets/012/207/551/644ff64eb1ca6915f6e01d19ad5ba4ed_original.jpg?crop=faces&w=1024&h=576&fit=crop&v=1463742159&auto=format&q=92&s=96a35698b9cfc82c4fddd60995ad93ac",
    "1536x864": "https://ksr-ugc.imgix.net/assets/012/207/551/644ff64eb1ca6915f6e01d19ad5ba4ed_original.jpg?crop=faces&w=1552&h=873&fit=crop&v=1463742159&auto=format&q=92&s=4217bb1197c040dc9b1bb942be8179c5",
    "ed": "https://ksr-ugc.imgix.net/assets/012/207/551/644ff64eb1ca6915f6e01d19ad5ba4ed_original.jpg?crop=faces&w=352&h=198&fit=crop&v=1463742159&auto=format&q=92&s=3e5d3ed88832e86d0325aed6e8c3fd4e",
    "full": "https://ksr-ugc.imgix.net/assets/012/207/551/644ff64eb1ca6915f6e01d19ad5ba4ed_original.jpg?crop=faces&w=560&h=315&fit=crop&v=1463742159&auto=format&q=92&s=ec1846eda69e8faa2a0957bbb2e89aea",
    "key": "assets/012/207/551/644ff64eb1ca6915f6e01d19ad5ba4ed_original.jpg",
    "little": "https://ksr-ugc.imgix.net/assets/012/207/551/644ff64eb1ca6915f6e01d19ad5ba4ed_original.jpg?crop=faces&w=208&h=117&fit=crop&v=1463742159&auto=format&q=92&s=157682be3ab01bd2b4c06ae2f433265e",
    "med": "https://ksr-ugc.imgix.net/assets/012/207/551/644ff64eb1ca6915f6e01d19ad5ba4ed_original.jpg?crop=faces&w=272&h=153&fit=crop&v=1463742159&auto=format&q=92&s=942ef680da0ebb85ed4bdda81ef2b45e",
    "small": "https://ksr-ugc.imgix.net/assets/012/207/551/644ff64eb1ca6915f6e01d19ad5ba4ed_original.jpg?crop=faces&w=160&h=90&fit=crop&v=1463742159&auto=format&q=92&s=348889f282f7e883f871ff76e87f061f",
    "thumb": "https://ksr-ugc.imgix.net/assets/012/207/551/644ff64eb1ca6915f6e01d19ad5ba4ed_original.jpg?crop=faces&w=48&h=27&fit=crop&v=1463742159&auto=format&q=92&s=4271c317951705c15bdf8fa1d7048a85"
  },
  "pledged": 118.0,
  "profile": {
    "background_color": null,
    "background_image_opacity": 0.8,
    "blurb": null,
    "feature_image_attributes": {
      "image_urls": {
        "baseball_card": "https://ksr-ugc.imgix.net/assets/012/207/551/644ff64eb1ca6915f6e01d19ad5ba4ed_original.jpg?crop=faces&w=560&h=315&fit=crop&v=1463742159&auto=format&q=92&s=ec1846eda69e8faa2a0957bbb2e89aea",
        "default": "https://ksr-ugc.imgix.net/assets/012/207/551/644ff64eb1ca6915f6e01d19ad5ba4ed_original.jpg?crop=faces&w=1552&h=873&fit=crop&v=1463742159&auto=format&q=92&s=4217bb1197c040dc9b1bb942be8179c5"
      }
    },
    "id": 2034266,
    "link_background_color": null,
    "link_text": null,
    "link_text_color": null,
    "link_url": null,
    "name": null,
    "project_id": 2034266,
    "should_show_feature_image_section": true,
    "show_feature_image": false,
    "state": "inactive",
    "state_changed_at": 1437882693,
    "text_color": null
  },
  "slug": "cs-lewis-index-0",
  "spotlight": true,
  "staff_pick": false,
  "state": "successful",
  "state_changed_at": 1440608473,
  "static_usd_rate": 1.0,
  "urls": {
    "web": {
      "project": "https://www.kickstarter.com/projects/712383864/cs-lewis-index-0?ref=category_newest",
      "rewards": "https://www.kickstarter.com/projects/712383864/cs-lewis-index-0/rewards"
    }
  },
  "usd_pledged": "118.0",
  "usd_type": "international"
}