{
  "backers_count": 1,
  "blurb": "Say anything nice, helpful to anyone anytime you like anonymously",
  "category": {
    "color": 6526716,
    "id": 342,
    "name": "Web",
    "parent_id": 16,
    "position": 15,
    "slug": "technology/web",
    "urls": {
      "web": {
        "discover": "http://www.kickstarter.com/discover/categories/technology/web"
      }
    }
  },
  "converted_pledged_amount": 0,
  "country": "NZ",
  "created_at": 1437786757,
  "creator": {
    "avatar": {
      "medium": "https://ksr-ugc.imgix.net/assets/010/164/146/c7a30a882530798e04d32cbe3b05ba37_original.jpg?w=160&h=160&fit=crop&v=1461671245&auto=format&q=92&s=80f893b2e962293a486207667f534033",
      "small": "https://ksr-ugc.imgix.net/assets/010/164/146/c7a30a882530798e04d32cbe3b05ba37_original.jpg?w=160&h=160&fit=crop&v=1461671245&auto=format&q=92&s=80f893b2e962293a486207667f534033",
      "thumb": "https://ksr-ugc.imgix.net/assets/010/164/146/c7a30a882530798e04d32cbe3b05ba37_original.jpg?w=40&h=40&fit=crop&v=1461671245&auto=format&q=92&s=f1f92aa9737b36d6c1af50f03d3d9f0d"
    },
    "chosen_currency": null,
    "id": 32180157,
    "is_registered": true,
    "name": "Sahan Dissanayake (deleted)",
    "slug": "sahan",
    "urls": {
      "api": {
        "user": "https://api.kickstarter.com/v1/users/32180157?signature=1524103202.ee1d89867e8524321217e62b1c551ee1d91e5df5"
      },
      "web": {
        "user": "https://www.kickstarter.com/profile/sahan"
      }
    }
  },
  "currency": "NZD",
  "currency_symbol": "$",
  "currency_trailing_code": true,
  "current_currency": "USD",
  "deadline": 1443300338,
  "disable_communication": false,
  "fx_rate": 0.73492719,
  "goal": 2000.0,
  "id": 1047062318,
  "is_starrable": false,
  "launched_at": 1438116338,
  "location": {
    "country": "NZ",
    "displayable_name": "Queenstown Central, NZ",
    "id": 28676765,
    "is_root": false,
    "localized_name": "Queenstown Central",
    "name": "Queenstown Central",
    "short_name": "Queenstown Central, NZ",
    "slug": "queenstown-central-queenstown-nz",
    "state": "Otago",
    "type": "Suburb",
    "urls": {
      "api": {
        "nearby_projects": "https://api.kickstarter.com/v1/discover?signature=1524083165.d64543e2ad06ee7b2c065d95807f1119ea2e4082&woe_id=28676765"
      },
      "web": {
        "discover": "https://www.kickstarter.com/discover/places/queenstown-central-queenstown-nz",
        "location": "https://www.kickstarter.com/locations/queenstown-central-queenstown-nz"
      }
    }
  },
  "name": "Make Me Better",
  "photo": {
    "1024x576": "https://ksr-ugc.imgix.net/assets/012/206/703/7fe4c7c4ad912e8a714479f3d2be4c32_original.png?crop=faces&w=1024&h=576&fit=crop&v=1463742086&auto=format&q=92&s=969b9843aab26c46bf8d9cf59a9676e6",
    "1536x864": "https://ksr-ugc.imgix.net/assets/012/206/703/7fe4c7c4ad912e8a714479f3d2be4c32_original.png?crop=faces&w=1552&h=873&fit=crop&v=1463742086&auto=format&q=92&s=12be88611e42219c413e6c2595cefe62",
    "ed": "https://ksr-ugc.imgix.net/assets/012/206/703/7fe4c7c4ad912e8a714479f3d2be4c32_original.png?crop=faces&w=352&h=198&fit=crop&v=1463742086&auto=format&q=92&s=645494dc2e8a9b54866c68d4e6622c93",
    "full": "https://ksr-ugc.imgix.net/assets/012/206/703/7fe4c7c4ad912e8a714479f3d2be4c32_original.png?crop=faces&w=560&h=315&fit=crop&v=1463742086&auto=format&q=92&s=f4912978b142b70defb94d6a629dbbfe",
    "key": "assets/012/206/703/7fe4c7c4ad912e8a714479f3d2be4c32_original.png",
    "little": "https://ksr-ugc.imgix.net/assets/012/206/703/7fe4c7c4ad912e8a714479f3d2be4c32_original.png?crop=faces&w=208&h=117&fit=crop&v=1463742086&auto=format&q=92&s=9a27e272071e64a11bc7d2522d8dbfe2",
    "med": "https://ksr-ugc.imgix.net/assets/012/206/703/7fe4c7c4ad912e8a714479f3d2be4c32_original.png?crop=faces&w=272&h=153&fit=crop&v=1463742086&auto=format&q=92&s=d648efea6433a8ef7e1323ad985574a2",
    "small": "https://ksr-ugc.imgix.net/assets/012/206/703/7fe4c7c4ad912e8a714479f3d2be4c32_original.png?crop=faces&w=160&h=90&fit=crop&v=1463742086&auto=format&q=92&s=64ec0e691c44bf36a5b328735704d513",
    "thumb": "https://ksr-ugc.imgix.net/assets/012/206/703/7fe4c7c4ad912e8a714479f3d2be4c32_original.png?crop=faces&w=48&h=27&fit=crop&v=1463742086&auto=format&q=92&s=063a29af5973f2731557c6d4ac08eda7"
  },
  "pledged": 1.0,
  "profile": {
    "background_color": null,
    "background_image_opacity": 0.8,
    "blurb": null,
    "feature_image_attributes": {
      "image_urls": {
        "baseball_card": "https://ksr-ugc.imgix.net/assets/012/206/703/7fe4c7c4ad912e8a714479f3d2be4c32_original.png?crop=faces&w=560&h=315&fit=crop&v=1463742086&auto=format&q=92&s=f4912978b142b70defb94d6a629dbbfe",
        "default": "https://ksr-ugc.imgix.net/assets/012/206/703/7fe4c7c4ad912e8a714479f3d2be4c32_original.png?crop=faces&w=1552&h=873&fit=crop&v=1463742086&auto=format&q=92&s=12be88611e42219c413e6c2595cefe62"
      }
    },
    "id": 2032623,
    "link_background_color": null,
    "link_text": null,
    "link_text_color": null,
    "link_url": null,
    "name": null,
    "project_id": 2032623,
    "should_show_feature_image_section": true,
    "show_feature_image": false,
    "state": "inactive",
    "state_changed_at": 1437786757,
    "text_color": null
  },
  "slug": "make-me-better",
  "spotlight": false,
  "staff_pick": false,
  "state": "failed",
  "state_changed_at": 1443300338,
  "static_usd_rate": 0.65973592,
  "urls": {
    "web": {
      "project": "https://www.kickstarter.com/projects/sahan/make-me-better?ref=category_newest",
      "rewards": "https://www.kickstarter.com/projects/sahan/make-me-better/rewards"
    }
  },
  "usd_pledged": "0.65973592",
  "usd_type": "international"
}