{
  "backers_count": 6,
  "blurb": "A revolutionary way of booking with a cloud based booking system.No more long annoying calls, Book anything from anywhere any time.",
  "category": {
    "color": 6526716,
    "id": 332,
    "name": "Apps",
    "parent_id": 16,
    "position": 2,
    "slug": "technology/apps",
    "urls": {
      "web": {
        "discover": "http://www.kickstarter.com/discover/categories/technology/apps"
      }
    }
  },
  "converted_pledged_amount": 37,
  "country": "US",
  "created_at": 1397142653,
  "creator": {
    "avatar": {
      "medium": "https://ksr-ugc.imgix.net/assets/008/592/446/687b8eec45e9576e35abf9bace3ca4aa_original.jpg?w=160&h=160&fit=crop&v=1461533552&auto=format&q=92&s=3d9048fc23a4d7c964835267999bfaae",
      "small": "https://ksr-ugc.imgix.net/assets/008/592/446/687b8eec45e9576e35abf9bace3ca4aa_original.jpg?w=160&h=160&fit=crop&v=1461533552&auto=format&q=92&s=3d9048fc23a4d7c964835267999bfaae",
      "thumb": "https://ksr-ugc.imgix.net/assets/008/592/446/687b8eec45e9576e35abf9bace3ca4aa_original.jpg?w=40&h=40&fit=crop&v=1461533552&auto=format&q=92&s=7574d1a2385b3cc86ca2c4cb599f5687"
    },
    "chosen_currency": null,
    "id": 2078799338,
    "is_registered": true,
    "name": "Michael Shane Peters II",
    "slug": "ubookit",
    "urls": {
      "api": {
        "user": "https://api.kickstarter.com/v1/users/2078799338?signature=1524100169.90d575089ecb83522ec1311975bce9e3c64cc298"
      },
      "web": {
        "user": "https://www.kickstarter.com/profile/ubookit"
      }
    }
  },
  "currency": "USD",
  "currency_symbol": "$",
  "currency_trailing_code": true,
  "current_currency": "USD",
  "deadline": 1401032985,
  "disable_communication": false,
  "fx_rate": 1.0,
  "goal": 10000.0,
  "id": 104717305,
  "is_starrable": false,
  "launched_at": 1398440985,
  "location": {
    "country": "US",
    "displayable_name": "Surprise, AZ",
    "id": 2502669,
    "is_root": false,
    "localized_name": "Surprise",
    "name": "Surprise",
    "short_name": "Surprise, AZ",
    "slug": "surprise-az",
    "state": "AZ",
    "type": "Town",
    "urls": {
      "api": {
        "nearby_projects": "https://api.kickstarter.com/v1/discover?signature=1524082112.0bd61a7cb1887047713d3ff17877261f3e1bdcaf&woe_id=2502669"
      },
      "web": {
        "discover": "https://www.kickstarter.com/discover/places/surprise-az",
        "location": "https://www.kickstarter.com/locations/surprise-az"
      }
    }
  },
  "name": "U book-IT: Scheduling app that will change everything",
  "photo": {
    "1024x576": "https://ksr-ugc.imgix.net/assets/011/682/460/888075ba0665e56672628fec121757df_original.png?crop=faces&w=1024&h=576&fit=crop&v=1463686738&auto=format&q=92&s=c20581c1c336760535fb6b7815e07cdd",
    "1536x864": "https://ksr-ugc.imgix.net/assets/011/682/460/888075ba0665e56672628fec121757df_original.png?crop=faces&w=1552&h=873&fit=crop&v=1463686738&auto=format&q=92&s=38bdd50349a077db534e693dd0c67976",
    "ed": "https://ksr-ugc.imgix.net/assets/011/682/460/888075ba0665e56672628fec121757df_original.png?crop=faces&w=352&h=198&fit=crop&v=1463686738&auto=format&q=92&s=3513cbba5df0edfe56b0c6cf5b4808a9",
    "full": "https://ksr-ugc.imgix.net/assets/011/682/460/888075ba0665e56672628fec121757df_original.png?crop=faces&w=560&h=315&fit=crop&v=1463686738&auto=format&q=92&s=d1d8493d6d28552f427085a08974b8f2",
    "key": "assets/011/682/460/888075ba0665e56672628fec121757df_original.png",
    "little": "https://ksr-ugc.imgix.net/assets/011/682/460/888075ba0665e56672628fec121757df_original.png?crop=faces&w=208&h=117&fit=crop&v=1463686738&auto=format&q=92&s=031405f1bb4a234c7c8ba812fa5c9d1c",
    "med": "https://ksr-ugc.imgix.net/assets/011/682/460/888075ba0665e56672628fec121757df_original.png?crop=faces&w=272&h=153&fit=crop&v=1463686738&auto=format&q=92&s=081f40dbe2a2f81af7b1b1056d5bfa28",
    "small": "https://ksr-ugc.imgix.net/assets/011/682/460/888075ba0665e56672628fec121757df_original.png?crop=faces&w=160&h=90&fit=crop&v=1463686738&auto=format&q=92&s=3411cfb4ffb34b0de6d2ed22d6a548fb",
    "thumb": "https://ksr-ugc.imgix.net/assets/011/682/460/888075ba0665e56672628fec121757df_original.png?crop=faces&w=48&h=27&fit=crop&v=1463686738&auto=format&q=92&s=d51f7587163965295a6907e190102dd1"
  },
  "pledged": 37.0,
  "profile": {
    "background_color": null,
    "background_image_opacity": 0.8,
    "blurb": null,
    "feature_image_attributes": {
      "image_urls": {
        "baseball_card": "https://ksr-ugc.imgix.net/assets/011/682/460/888075ba0665e56672628fec121757df_original.png?crop=faces&w=560&h=315&fit=crop&v=1463686738&auto=format&q=92&s=d1d8493d6d28552f427085a08974b8f2",
        "default": "https://ksr-ugc.imgix.net/assets/011/682/460/888075ba0665e56672628fec121757df_original.png?crop=faces&w=1552&h=873&fit=crop&v=1463686738&auto=format&q=92&s=38bdd50349a077db534e693dd0c67976"
      }
    },
    "id": 969121,
    "link_background_color": null,
    "link_text": null,
    "link_text_color": null,
    "link_url": null,
    "name": null,
    "project_id": 969121,
    "should_show_feature_image_section": true,
    "show_feature_image": false,
    "state": "inactive",
    "state_changed_at": 1425915853,
    "text_color": null
  },
  "slug": "booking-and-scheduling-app-that-will-change-everyt",
  "spotlight": false,
  "staff_pick": false,
  "state": "failed",
  "state_changed_at": 1401032985,
  "static_usd_rate": 1.0,
  "urls": {
    "web": {
      "project": "https://www.kickstarter.com/projects/ubookit/booking-and-scheduling-app-that-will-change-everyt?ref=category_newest",
      "rewards": "https://www.kickstarter.com/projects/ubookit/booking-and-scheduling-app-that-will-change-everyt/rewards"
    }
  },
  "usd_pledged": "37.0",
  "usd_type": "international"
}