{
  "backers_count": 76,
  "blurb": "WiFi controllable motors for your many projects. An Open Source platform that anyone can use.",
  "category": {
    "color": 6526716,
    "id": 334,
    "name": "DIY Electronics",
    "parent_id": 16,
    "position": 4,
    "slug": "technology/diy electronics",
    "urls": {
      "web": {
        "discover": "http://www.kickstarter.com/discover/categories/technology/diy%20electronics"
      }
    }
  },
  "converted_pledged_amount": 8296,
  "country": "US",
  "created_at": 1463537640,
  "creator": {
    "avatar": {
      "medium": "https://ksr-ugc.imgix.net/assets/013/586/744/f10ba04f867849ae8bbc1c2a04e84b0d_original.png?w=160&h=160&fit=crop&v=1475073710&auto=format&q=92&s=078a7da265590dc388b8773e0a8e5561",
      "small": "https://ksr-ugc.imgix.net/assets/013/586/744/f10ba04f867849ae8bbc1c2a04e84b0d_original.png?w=160&h=160&fit=crop&v=1475073710&auto=format&q=92&s=078a7da265590dc388b8773e0a8e5561",
      "thumb": "https://ksr-ugc.imgix.net/assets/013/586/744/f10ba04f867849ae8bbc1c2a04e84b0d_original.png?w=40&h=40&fit=crop&v=1475073710&auto=format&q=92&s=975ece0ab409ca199418f3e12759366c"
    },
    "chosen_currency": null,
    "id": 77886650,
    "is_registered": true,
    "name": "Kyle Berezin",
    "urls": {
      "api": {
        "user": "https://api.kickstarter.com/v1/users/77886650?signature=1524100752.5427db4307654f6ca62e101a23416a6f67ced856"
      },
      "web": {
        "user": "https://www.kickstarter.com/profile/77886650"
      }
    }
  },
  "currency": "USD",
  "currency_symbol": "$",
  "currency_trailing_code": true,
  "current_currency": "USD",
  "deadline": 1478103395,
  "disable_communication": false,
  "fx_rate": 1.0,
  "goal": 85000.0,
  "id": 1048728156,
  "is_starrable": false,
  "launched_at": 1475511395,
  "location": {
    "country": "US",
    "displayable_name": "Syracuse, NY",
    "id": 2503418,
    "is_root": false,
    "localized_name": "Syracuse",
    "name": "Syracuse",
    "short_name": "Syracuse, NY",
    "slug": "syracuse-ny",
    "state": "NY",
    "type": "Town",
    "urls": {
      "api": {
        "nearby_projects": "https://api.kickstarter.com/v1/discover?signature=1524082115.5359469b77fe3120f95a2a4c86794ff4a30fb0ce&woe_id=2503418"
      },
      "web": {
        "discover": "https://www.kickstarter.com/discover/places/syracuse-ny",
        "location": "https://www.kickstarter.com/locations/syracuse-ny"
      }
    }
  },
  "name": "WiFi Motors",
  "photo": {
    "1024x576": "https://ksr-ugc.imgix.net/assets/013/586/316/fd384a85997339ca7e6b036efa5934ed_original.png?crop=faces&w=1024&h=576&fit=crop&v=1474983986&auto=format&q=92&s=c7bc6c124e51dadf4a77b3f060e27c8c",
    "1536x864": "https://ksr-ugc.imgix.net/assets/013/586/316/fd384a85997339ca7e6b036efa5934ed_original.png?crop=faces&w=1552&h=873&fit=crop&v=1474983986&auto=format&q=92&s=3750161b3aecf17e923a32af03390c5e",
    "ed": "https://ksr-ugc.imgix.net/assets/013/586/316/fd384a85997339ca7e6b036efa5934ed_original.png?crop=faces&w=352&h=198&fit=crop&v=1474983986&auto=format&q=92&s=c08142f2ed1cc0702d6a7088a2fd0c5f",
    "full": "https://ksr-ugc.imgix.net/assets/013/586/316/fd384a85997339ca7e6b036efa5934ed_original.png?crop=faces&w=560&h=315&fit=crop&v=1474983986&auto=format&q=92&s=2aed08b3dbd94ef8457be7b6a8b3fed1",
    "key": "assets/013/586/316/fd384a85997339ca7e6b036efa5934ed_original.png",
    "little": "https://ksr-ugc.imgix.net/assets/013/586/316/fd384a85997339ca7e6b036efa5934ed_original.png?crop=faces&w=208&h=117&fit=crop&v=1474983986&auto=format&q=92&s=be066771b3335a5167b1767149980858",
    "med": "https://ksr-ugc.imgix.net/assets/013/586/316/fd384a85997339ca7e6b036efa5934ed_original.png?crop=faces&w=272&h=153&fit=crop&v=1474983986&auto=format&q=92&s=455adff14f5d9822f59671e18e675355",
    "small": "https://ksr-ugc.imgix.net/assets/013/586/316/fd384a85997339ca7e6b036efa5934ed_original.png?crop=faces&w=160&h=90&fit=crop&v=1474983986&auto=format&q=92&s=3b43ce0d65c530c9a6e5e1a2320080b6",
    "thumb": "https://ksr-ugc.imgix.net/assets/013/586/316/fd384a85997339ca7e6b036efa5934ed_original.png?crop=faces&w=48&h=27&fit=crop&v=1474983986&auto=format&q=92&s=05a9b84b103464a051bd858e44ff06c1"
  },
  "pledged": 8296.0,
  "profile": {
    "background_color": null,
    "background_image_opacity": 0.8,
    "blurb": null,
    "feature_image_attributes": {
      "image_urls": {
        "baseball_card": "https://ksr-ugc.imgix.net/assets/013/586/316/fd384a85997339ca7e6b036efa5934ed_original.png?crop=faces&w=560&h=315&fit=crop&v=1474983986&auto=format&q=92&s=2aed08b3dbd94ef8457be7b6a8b3fed1",
        "default": "https://ksr-ugc.imgix.net/assets/013/586/316/fd384a85997339ca7e6b036efa5934ed_original.png?crop=faces&w=1552&h=873&fit=crop&v=1474983986&auto=format&q=92&s=3750161b3aecf17e923a32af03390c5e"
      }
    },
    "id": 2520649,
    "link_background_color": null,
    "link_text": null,
    "link_text_color": null,
    "link_url": null,
    "name": null,
    "project_id": 2520649,
    "should_show_feature_image_section": true,
    "show_feature_image": false,
    "state": "inactive",
    "state_changed_at": 1463537640,
    "text_color": null
  },
  "slug": "wifi-motors",
  "spotlight": false,
  "staff_pick": false,
  "state": "failed",
  "state_changed_at": 1478103395,
  "static_usd_rate": 1.0,
  "urls": {
    "web": {
      "project": "https://www.kickstarter.com/projects/77886650/wifi-motors?ref=category_newest",
      "rewards": "https://www.kickstarter.com/projects/77886650/wifi-motors/rewards"
    }
  },
  "usd_pledged": "8296.0",
  "usd_type": "international"
}