{
  "backers_count": 0,
  "blurb": "Extend multilingual capability of existing Semaphon app - semantic phone number to word(s) converter, like: 639-9675 > NEW YORK",
  "category": {
    "color": 6526716,
    "id": 51,
    "name": "Software",
    "parent_id": 16,
    "position": 11,
    "slug": "technology/software",
    "urls": {
      "web": {
        "discover": "http://www.kickstarter.com/discover/categories/technology/software"
      }
    }
  },
  "converted_pledged_amount": 0,
  "country": "US",
  "created_at": 1432990535,
  "creator": {
    "avatar": {
      "medium": "https://ksr-ugc.imgix.net/assets/009/966/795/fe3bfabebee1230c869600af939d0ed0_original.jpg?w=160&h=160&fit=crop&v=1461656435&auto=format&q=92&s=c7da3a297f28d9d9af752885ffa881ad",
      "small": "https://ksr-ugc.imgix.net/assets/009/966/795/fe3bfabebee1230c869600af939d0ed0_original.jpg?w=160&h=160&fit=crop&v=1461656435&auto=format&q=92&s=c7da3a297f28d9d9af752885ffa881ad",
      "thumb": "https://ksr-ugc.imgix.net/assets/009/966/795/fe3bfabebee1230c869600af939d0ed0_original.jpg?w=40&h=40&fit=crop&v=1461656435&auto=format&q=92&s=efa44e02d53b6b6d87ca2e32947ff7c7"
    },
    "chosen_currency": null,
    "id": 178956564,
    "is_registered": true,
    "name": "Alexander Bell",
    "slug": "alexandros",
    "urls": {
      "api": {
        "user": "https://api.kickstarter.com/v1/users/178956564?signature=1524102317.3e2195be31d998e6858ec22cc4438a4029cae225"
      },
      "web": {
        "user": "https://www.kickstarter.com/profile/alexandros"
      }
    }
  },
  "currency": "USD",
  "currency_symbol": "$",
  "currency_trailing_code": true,
  "current_currency": "USD",
  "deadline": 1446823642,
  "disable_communication": false,
  "fx_rate": 1.0,
  "goal": 9000.0,
  "id": 104832728,
  "is_starrable": false,
  "launched_at": 1444228042,
  "location": {
    "country": "US",
    "displayable_name": "New York, NY",
    "id": 2459115,
    "is_root": false,
    "localized_name": "New York",
    "name": "New York",
    "short_name": "New York, NY",
    "slug": "new-york-ny",
    "state": "NY",
    "type": "Town",
    "urls": {
      "api": {
        "nearby_projects": "https://api.kickstarter.com/v1/discover?signature=1524082109.8b002b19b247f907ed0b409cc04e5ded0a21adce&woe_id=2459115"
      },
      "web": {
        "discover": "https://www.kickstarter.com/discover/places/new-york-ny",
        "location": "https://www.kickstarter.com/locations/new-york-ny"
      }
    }
  },
  "name": "Semaphon SP-400 Semantic Phone Number Converter for Windows",
  "photo": {
    "1024x576": "https://ksr-ugc.imgix.net/assets/012/153/162/03874173aec52bafcaff44b8d4057433_original.png?crop=faces&w=1024&h=576&fit=crop&v=1463738819&auto=format&q=92&s=e83d5d7ce4361b026c31ec511e688a54",
    "1536x864": "https://ksr-ugc.imgix.net/assets/012/153/162/03874173aec52bafcaff44b8d4057433_original.png?crop=faces&w=1552&h=873&fit=crop&v=1463738819&auto=format&q=92&s=19361395f6071467f691de28941aed63",
    "ed": "https://ksr-ugc.imgix.net/assets/012/153/162/03874173aec52bafcaff44b8d4057433_original.png?crop=faces&w=352&h=198&fit=crop&v=1463738819&auto=format&q=92&s=59f32bc93120219b9437f24adc8ef0de",
    "full": "https://ksr-ugc.imgix.net/assets/012/153/162/03874173aec52bafcaff44b8d4057433_original.png?crop=faces&w=560&h=315&fit=crop&v=1463738819&auto=format&q=92&s=fafd5327f401940abd8db68233bedcfa",
    "key": "assets/012/153/162/03874173aec52bafcaff44b8d4057433_original.png",
    "little": "https://ksr-ugc.imgix.net/assets/012/153/162/03874173aec52bafcaff44b8d4057433_original.png?crop=faces&w=208&h=117&fit=crop&v=1463738819&auto=format&q=92&s=26d08ec8e61870a62835f06bc4418351",
    "med": "https://ksr-ugc.imgix.net/assets/012/153/162/03874173aec52bafcaff44b8d4057433_original.png?crop=faces&w=272&h=153&fit=crop&v=1463738819&auto=format&q=92&s=7fa4b3ad39b306c679884f483889e0b6",
    "small": "https://ksr-ugc.imgix.net/assets/012/153/162/03874173aec52bafcaff44b8d4057433_original.png?crop=faces&w=160&h=90&fit=crop&v=1463738819&auto=format&q=92&s=e9e0dea652a00d947e6beeb31bd1b2f3",
    "thumb": "https://ksr-ugc.imgix.net/assets/012/153/162/03874173aec52bafcaff44b8d4057433_original.png?crop=faces&w=48&h=27&fit=crop&v=1463738819&auto=format&q=92&s=9b534e6dc5884024387a08fe78a1cc0a"
  },
  "pledged": 0.0,
  "profile": {
    "background_color": null,
    "background_image_opacity": 0.8,
    "blurb": null,
    "feature_image_attributes": {
      "image_urls": {
        "baseball_card": "https://ksr-ugc.imgix.net/assets/012/153/162/03874173aec52bafcaff44b8d4057433_original.png?crop=faces&w=560&h=315&fit=crop&v=1463738819&auto=format&q=92&s=fafd5327f401940abd8db68233bedcfa",
        "default": "https://ksr-ugc.imgix.net/assets/012/153/162/03874173aec52bafcaff44b8d4057433_original.png?crop=faces&w=1552&h=873&fit=crop&v=1463738819&auto=format&q=92&s=19361395f6071467f691de28941aed63"
      }
    },
    "id": 1929698,
    "link_background_color": null,
    "link_text": null,
    "link_text_color": null,
    "link_url": null,
    "name": null,
    "project_id": 1929698,
    "should_show_feature_image_section": true,
    "show_feature_image": false,
    "state": "inactive",
    "state_changed_at": 1432990535,
    "text_color": null
  },
  "slug": "semaphon-sp-400-semantic-phone-number-converter-fo",
  "spotlight": false,
  "staff_pick": false,
  "state": "failed",
  "state_changed_at": 1446823642,
  "static_usd_rate": 1.0,
  "urls": {
    "web": {
      "project": "https://www.kickstarter.com/projects/alexandros/semaphon-sp-400-semantic-phone-number-converter-fo?ref=category_newest",
      "rewards": "https://www.kickstarter.com/projects/alexandros/semaphon-sp-400-semantic-phone-number-converter-fo/rewards"
    }
  },
  "usd_pledged": "0.0",
  "usd_type": "international"
}