{
  "backers_count": 9,
  "blurb": "A new robot and apps designed to inherit all of the on-board smart technology of smartphones physically linked to it's own capabilities",
  "category": {
    "color": 6526716,
    "id": 338,
    "name": "Robots",
    "parent_id": 16,
    "position": 10,
    "slug": "technology/robots",
    "urls": {
      "web": {
        "discover": "http://www.kickstarter.com/discover/categories/technology/robots"
      }
    }
  },
  "converted_pledged_amount": 4576,
  "country": "US",
  "created_at": 1400088941,
  "creator": {
    "avatar": {
      "medium": "https://ksr-ugc.imgix.net/assets/008/724/191/d94b270e166c132badbca9cf16c36948_original.jpg?w=160&h=160&fit=crop&v=1461540792&auto=format&q=92&s=f24e1e275f532a88c44345e9c553c691",
      "small": "https://ksr-ugc.imgix.net/assets/008/724/191/d94b270e166c132badbca9cf16c36948_original.jpg?w=160&h=160&fit=crop&v=1461540792&auto=format&q=92&s=f24e1e275f532a88c44345e9c553c691",
      "thumb": "https://ksr-ugc.imgix.net/assets/008/724/191/d94b270e166c132badbca9cf16c36948_original.jpg?w=40&h=40&fit=crop&v=1461540792&auto=format&q=92&s=7f914da6f9db211a55f0ff495c70769a"
    },
    "chosen_currency": null,
    "id": 1881387028,
    "is_registered": true,
    "name": "Joe Bosworth",
    "urls": {
      "api": {
        "user": "https://api.kickstarter.com/v1/users/1881387028?signature=1524101979.7d82031b62ea5d8be4c5c1c87dac1ef3e5970249"
      },
      "web": {
        "user": "https://www.kickstarter.com/profile/1881387028"
      }
    }
  },
  "currency": "USD",
  "currency_symbol": "$",
  "currency_trailing_code": true,
  "current_currency": "USD",
  "deadline": 1415939653,
  "disable_communication": false,
  "fx_rate": 1.0,
  "goal": 945000.0,
  "id": 1048034131,
  "is_starrable": false,
  "launched_at": 1413344053,
  "location": {
    "country": "US",
    "displayable_name": "Dalton, MA",
    "id": 2389072,
    "is_root": false,
    "localized_name": "Dalton",
    "name": "Dalton",
    "short_name": "Dalton, MA",
    "slug": "dalton-ma",
    "state": "MA",
    "type": "Town",
    "urls": {
      "api": {
        "nearby_projects": "https://api.kickstarter.com/v1/discover?signature=1524093951.a6e1c44f4aef67a331c183373d99fba2a4aac1fb&woe_id=2389072"
      },
      "web": {
        "discover": "https://www.kickstarter.com/discover/places/dalton-ma",
        "location": "https://www.kickstarter.com/locations/dalton-ma"
      }
    }
  },
  "name": "Get Ready for the SR15 Smartphone Robot (Canceled)",
  "photo": {
    "1024x576": "https://ksr-ugc.imgix.net/assets/011/705/455/fe920989694df1d2c1873e6e2deca911_original.jpg?crop=faces&w=1024&h=576&fit=crop&v=1463687034&auto=format&q=92&s=582e083914bf8746024ed9616130f293",
    "1536x864": "https://ksr-ugc.imgix.net/assets/011/705/455/fe920989694df1d2c1873e6e2deca911_original.jpg?crop=faces&w=1552&h=873&fit=crop&v=1463687034&auto=format&q=92&s=051aad8c1005572ff995e2405c0840f6",
    "ed": "https://ksr-ugc.imgix.net/assets/011/705/455/fe920989694df1d2c1873e6e2deca911_original.jpg?crop=faces&w=352&h=198&fit=crop&v=1463687034&auto=format&q=92&s=87294657471e3efdd6e83c8e87046dcf",
    "full": "https://ksr-ugc.imgix.net/assets/011/705/455/fe920989694df1d2c1873e6e2deca911_original.jpg?crop=faces&w=560&h=315&fit=crop&v=1463687034&auto=format&q=92&s=7d4b7b9d73f1b47b8db9ec1e564891eb",
    "key": "assets/011/705/455/fe920989694df1d2c1873e6e2deca911_original.jpg",
    "little": "https://ksr-ugc.imgix.net/assets/011/705/455/fe920989694df1d2c1873e6e2deca911_original.jpg?crop=faces&w=208&h=117&fit=crop&v=1463687034&auto=format&q=92&s=a8786cb39039e826129931a580b949cd",
    "med": "https://ksr-ugc.imgix.net/assets/011/705/455/fe920989694df1d2c1873e6e2deca911_original.jpg?crop=faces&w=272&h=153&fit=crop&v=1463687034&auto=format&q=92&s=e19acf43f8c6972cf9f54482b30312f6",
    "small": "https://ksr-ugc.imgix.net/assets/011/705/455/fe920989694df1d2c1873e6e2deca911_original.jpg?crop=faces&w=160&h=90&fit=crop&v=1463687034&auto=format&q=92&s=e78ad7ff71600a98cab7fcace9416370",
    "thumb": "https://ksr-ugc.imgix.net/assets/011/705/455/fe920989694df1d2c1873e6e2deca911_original.jpg?crop=faces&w=48&h=27&fit=crop&v=1463687034&auto=format&q=92&s=953bd48a21be8ea4cb50b69f6f95684b"
  },
  "pledged": 4576.0,
  "profile": {
    "background_color": null,
    "background_image_opacity": 0.8,
    "blurb": null,
    "feature_image_attributes": {
      "image_urls": {
        "baseball_card": "https://ksr-ugc.imgix.net/assets/011/705/455/fe920989694df1d2c1873e6e2deca911_original.jpg?crop=faces&w=560&h=315&fit=crop&v=1463687034&auto=format&q=92&s=7d4b7b9d73f1b47b8db9ec1e564891eb",
        "default": "https://ksr-ugc.imgix.net/assets/011/705/455/fe920989694df1d2c1873e6e2deca911_original.jpg?crop=faces&w=1552&h=873&fit=crop&v=1463687034&auto=format&q=92&s=051aad8c1005572ff995e2405c0840f6"
      }
    },
    "id": 1023014,
    "link_background_color": null,
    "link_text": null,
    "link_text_color": null,
    "link_url": null,
    "name": null,
    "project_id": 1023014,
    "should_show_feature_image_section": true,
    "show_feature_image": false,
    "state": "inactive",
    "state_changed_at": 1425915857,
    "text_color": null
  },
  "slug": "get-ready-for-the-sr15-smartphone-robot",
  "spotlight": false,
  "staff_pick": false,
  "state": "canceled",
  "state_changed_at": 1415682210,
  "static_usd_rate": 1.0,
  "urls": {
    "web": {
      "project": "https://www.kickstarter.com/projects/1881387028/get-ready-for-the-sr15-smartphone-robot?ref=category_newest",
      "rewards": "https://www.kickstarter.com/projects/1881387028/get-ready-for-the-sr15-smartphone-robot/rewards"
    }
  },
  "usd_pledged": "4576.0",
  "usd_type": "international"
}