{
  "backers_count": 299,
  "blurb": "Tenkiv uses the abundant energy of the sun to produce clean water for the world.",
  "category": {
    "color": 6526716,
    "id": 52,
    "name": "Hardware",
    "parent_id": 16,
    "position": 8,
    "slug": "technology/hardware",
    "urls": {
      "web": {
        "discover": "http://www.kickstarter.com/discover/categories/technology/hardware"
      }
    }
  },
  "converted_pledged_amount": 50343,
  "country": "US",
  "created_at": 1475613980,
  "creator": {
    "avatar": {
      "medium": "https://ksr-ugc.imgix.net/assets/007/326/860/04bbed93782f6e4a97c6fcb31c53be1a_original.jpeg?w=160&h=160&fit=crop&v=1475614900&auto=format&q=92&s=65ee5cd834517fb7ada010b25838df76",
      "small": "https://ksr-ugc.imgix.net/assets/007/326/860/04bbed93782f6e4a97c6fcb31c53be1a_original.jpeg?w=160&h=160&fit=crop&v=1475614900&auto=format&q=92&s=65ee5cd834517fb7ada010b25838df76",
      "thumb": "https://ksr-ugc.imgix.net/assets/007/326/860/04bbed93782f6e4a97c6fcb31c53be1a_original.jpeg?w=40&h=40&fit=crop&v=1475614900&auto=format&q=92&s=7a281ff7b3686dbaf6daad18889f9fde"
    },
    "chosen_currency": null,
    "id": 1322626087,
    "is_registered": true,
    "name": "Tenkiv",
    "slug": "tenkiv",
    "urls": {
      "api": {
        "user": "https://api.kickstarter.com/v1/users/1322626087?signature=1524101602.2b82b884febe9c567010be3fc1f8b97f7be33625"
      },
      "web": {
        "user": "https://www.kickstarter.com/profile/tenkiv"
      }
    }
  },
  "currency": "USD",
  "currency_symbol": "$",
  "currency_trailing_code": true,
  "current_currency": "USD",
  "deadline": 1486235917,
  "disable_communication": false,
  "fx_rate": 1.0,
  "goal": 50000.0,
  "id": 1048590361,
  "is_starrable": false,
  "launched_at": 1483643917,
  "location": {
    "country": "US",
    "displayable_name": "Sacramento, CA",
    "id": 2486340,
    "is_root": false,
    "localized_name": "Sacramento",
    "name": "Sacramento",
    "short_name": "Sacramento, CA",
    "slug": "sacramento-ca",
    "state": "CA",
    "type": "Town",
    "urls": {
      "api": {
        "nearby_projects": "https://api.kickstarter.com/v1/discover?signature=1524082111.6f4c94b57e4b9d7c176e92f9af76eccda0e80273&woe_id=2486340"
      },
      "web": {
        "discover": "https://www.kickstarter.com/discover/places/sacramento-ca",
        "location": "https://www.kickstarter.com/locations/sacramento-ca"
      }
    }
  },
  "name": "Tenkiv Nexus | Solving the Clean Water Crisis",
  "photo": {
    "1024x576": "https://ksr-ugc.imgix.net/assets/015/030/852/314b2a796312c959213401664c920715_original.jpg?crop=faces&w=1024&h=576&fit=crop&v=1483574682&auto=format&q=92&s=3bb1fd0453870bac1e6bf059182cf233",
    "1536x864": "https://ksr-ugc.imgix.net/assets/015/030/852/314b2a796312c959213401664c920715_original.jpg?crop=faces&w=1552&h=873&fit=crop&v=1483574682&auto=format&q=92&s=4ac013427f20e4ab25380658b583830f",
    "ed": "https://ksr-ugc.imgix.net/assets/015/030/852/314b2a796312c959213401664c920715_original.jpg?crop=faces&w=352&h=198&fit=crop&v=1483574682&auto=format&q=92&s=5fd959173ff97cf2ad50543d802335ce",
    "full": "https://ksr-ugc.imgix.net/assets/015/030/852/314b2a796312c959213401664c920715_original.jpg?crop=faces&w=560&h=315&fit=crop&v=1483574682&auto=format&q=92&s=6ef7dea72921cd4fcb4f460774f931eb",
    "key": "assets/015/030/852/314b2a796312c959213401664c920715_original.jpg",
    "little": "https://ksr-ugc.imgix.net/assets/015/030/852/314b2a796312c959213401664c920715_original.jpg?crop=faces&w=208&h=117&fit=crop&v=1483574682&auto=format&q=92&s=dd091b19067396b3566edd93499871ed",
    "med": "https://ksr-ugc.imgix.net/assets/015/030/852/314b2a796312c959213401664c920715_original.jpg?crop=faces&w=272&h=153&fit=crop&v=1483574682&auto=format&q=92&s=3ad5b9714370e03aac0c92ce78af610d",
    "small": "https://ksr-ugc.imgix.net/assets/015/030/852/314b2a796312c959213401664c920715_original.jpg?crop=faces&w=160&h=90&fit=crop&v=1483574682&auto=format&q=92&s=0badc61623007e0c62f6a8db8e39508c",
    "thumb": "https://ksr-ugc.imgix.net/assets/015/030/852/314b2a796312c959213401664c920715_original.jpg?crop=faces&w=48&h=27&fit=crop&v=1483574682&auto=format&q=92&s=f05930f26110b7d4cd0046d8822585d3"
  },
  "pledged": 50343.01,
  "profile": {
    "background_color": null,
    "background_image_opacity": 0.8,
    "blurb": null,
    "feature_image_attributes": {
      "image_urls": {
        "baseball_card": "https://ksr-ugc.imgix.net/assets/015/030/852/314b2a796312c959213401664c920715_original.jpg?crop=faces&w=560&h=315&fit=crop&v=1483574682&auto=format&q=92&s=6ef7dea72921cd4fcb4f460774f931eb",
        "default": "https://ksr-ugc.imgix.net/assets/015/030/852/314b2a796312c959213401664c920715_original.jpg?crop=faces&w=1552&h=873&fit=crop&v=1483574682&auto=format&q=92&s=4ac013427f20e4ab25380658b583830f"
      }
    },
    "id": 2706333,
    "link_background_color": null,
    "link_text": null,
    "link_text_color": null,
    "link_url": null,
    "name": null,
    "project_id": 2706333,
    "should_show_feature_image_section": true,
    "show_feature_image": false,
    "state": "inactive",
    "state_changed_at": 1475613980,
    "text_color": null
  },
  "slug": "tenkiv-nexus-solving-the-clean-water-crisis",
  "spotlight": true,
  "staff_pick": true,
  "state": "successful",
  "state_changed_at": 1486235917,
  "static_usd_rate": 1.0,
  "urls": {
    "web": {
      "project": "https://www.kickstarter.com/projects/tenkiv/tenkiv-nexus-solving-the-clean-water-crisis?ref=category_newest",
      "rewards": "https://www.kickstarter.com/projects/tenkiv/tenkiv-nexus-solving-the-clean-water-crisis/rewards"
    }
  },
  "usd_pledged": "50343.01",
  "usd_type": "international"
}