{
  "backers_count": 126,
  "blurb": "A \u00a36 LED board for the Raspberry Pi, ideal for beginners and those wanting to learn to solder and program. Brilliant for education.",
  "category": {
    "color": 6526716,
    "id": 334,
    "name": "DIY Electronics",
    "parent_id": 16,
    "position": 4,
    "slug": "technology/diy electronics",
    "urls": {
      "web": {
        "discover": "http://www.kickstarter.com/discover/categories/technology/diy%20electronics"
      }
    }
  },
  "converted_pledged_amount": 2226,
  "country": "GB",
  "created_at": 1402167885,
  "creator": {
    "avatar": {
      "medium": "https://ksr-ugc.imgix.net/assets/007/740/925/1fd00a766ac4458d38546de1ffaad5c5_original.jpg?w=160&h=160&fit=crop&v=1461476399&auto=format&q=92&s=c137d3f747948f26854916e4983be64f",
      "small": "https://ksr-ugc.imgix.net/assets/007/740/925/1fd00a766ac4458d38546de1ffaad5c5_original.jpg?w=160&h=160&fit=crop&v=1461476399&auto=format&q=92&s=c137d3f747948f26854916e4983be64f",
      "thumb": "https://ksr-ugc.imgix.net/assets/007/740/925/1fd00a766ac4458d38546de1ffaad5c5_original.jpg?w=40&h=40&fit=crop&v=1461476399&auto=format&q=92&s=f2335f7e5e666da1527d6129604c2176"
    },
    "chosen_currency": null,
    "id": 1059145052,
    "is_registered": true,
    "name": "Paul Brown",
    "slug": "mypifi",
    "urls": {
      "api": {
        "user": "https://api.kickstarter.com/v1/users/1059145052?signature=1524100638.f35ed5b0da39892838502279f882fac644e55226"
      },
      "web": {
        "user": "https://www.kickstarter.com/profile/mypifi"
      }
    }
  },
  "currency": "GBP",
  "currency_symbol": "\u00a3",
  "currency_trailing_code": false,
  "current_currency": "USD",
  "deadline": 1405090866,
  "disable_communication": false,
  "fx_rate": 1.43358488,
  "goal": 800.0,
  "id": 1048647307,
  "is_starrable": false,
  "launched_at": 1402498866,
  "location": {
    "country": "GB",
    "displayable_name": "Oxford, UK",
    "id": 31278,
    "is_root": false,
    "localized_name": "Oxford",
    "name": "Oxford",
    "short_name": "Oxford, UK",
    "slug": "oxford-gb",
    "state": "England",
    "type": "Town",
    "urls": {
      "api": {
        "nearby_projects": "https://api.kickstarter.com/v1/discover?signature=1524082110.08fada171ed885ec9d7776bf7852ada20d44708b&woe_id=31278"
      },
      "web": {
        "discover": "https://www.kickstarter.com/discover/places/oxford-gb",
        "location": "https://www.kickstarter.com/locations/oxford-gb"
      }
    }
  },
  "name": "MyPiFi LED board FINAL HOURS",
  "photo": {
    "1024x576": "https://ksr-ugc.imgix.net/assets/011/721/090/b1e7d3720fe4bacef398235e435784b9_original.jpg?crop=faces&w=1024&h=576&fit=crop&v=1463687287&auto=format&q=92&s=6795b7784a2664cb4992dcc2994272fc",
    "1536x864": "https://ksr-ugc.imgix.net/assets/011/721/090/b1e7d3720fe4bacef398235e435784b9_original.jpg?crop=faces&w=1552&h=873&fit=crop&v=1463687287&auto=format&q=92&s=b40adb76cc5f8f602aadbf0dd99095a3",
    "ed": "https://ksr-ugc.imgix.net/assets/011/721/090/b1e7d3720fe4bacef398235e435784b9_original.jpg?crop=faces&w=352&h=198&fit=crop&v=1463687287&auto=format&q=92&s=f4a5133bda911e234cfbfbbd54e84935",
    "full": "https://ksr-ugc.imgix.net/assets/011/721/090/b1e7d3720fe4bacef398235e435784b9_original.jpg?crop=faces&w=560&h=315&fit=crop&v=1463687287&auto=format&q=92&s=a65bcf29054e29b04c7eabda51e5ab15",
    "key": "assets/011/721/090/b1e7d3720fe4bacef398235e435784b9_original.jpg",
    "little": "https://ksr-ugc.imgix.net/assets/011/721/090/b1e7d3720fe4bacef398235e435784b9_original.jpg?crop=faces&w=208&h=117&fit=crop&v=1463687287&auto=format&q=92&s=d392088b0075cdd516a7748ee3c55c41",
    "med": "https://ksr-ugc.imgix.net/assets/011/721/090/b1e7d3720fe4bacef398235e435784b9_original.jpg?crop=faces&w=272&h=153&fit=crop&v=1463687287&auto=format&q=92&s=adaab797b70daacb8118ef6f51cc84e3",
    "small": "https://ksr-ugc.imgix.net/assets/011/721/090/b1e7d3720fe4bacef398235e435784b9_original.jpg?crop=faces&w=160&h=90&fit=crop&v=1463687287&auto=format&q=92&s=087549368d7208ef611d14b5cbd7d5ee",
    "thumb": "https://ksr-ugc.imgix.net/assets/011/721/090/b1e7d3720fe4bacef398235e435784b9_original.jpg?crop=faces&w=48&h=27&fit=crop&v=1463687287&auto=format&q=92&s=5fbdd1e0b83c5596fd48903f11ce3fbd"
  },
  "pledged": 1300.0,
  "profile": {
    "background_color": null,
    "background_image_opacity": 0.8,
    "blurb": null,
    "feature_image_attributes": {
      "image_urls": {
        "baseball_card": "https://ksr-ugc.imgix.net/assets/011/721/090/b1e7d3720fe4bacef398235e435784b9_original.jpg?crop=faces&w=560&h=315&fit=crop&v=1463687287&auto=format&q=92&s=a65bcf29054e29b04c7eabda51e5ab15",
        "default": "https://ksr-ugc.imgix.net/assets/011/721/090/b1e7d3720fe4bacef398235e435784b9_original.jpg?crop=faces&w=1552&h=873&fit=crop&v=1463687287&auto=format&q=92&s=b40adb76cc5f8f602aadbf0dd99095a3"
      }
    },
    "id": 1058670,
    "link_background_color": null,
    "link_text": null,
    "link_text_color": null,
    "link_url": null,
    "name": null,
    "project_id": 1058670,
    "should_show_feature_image_section": true,
    "show_feature_image": false,
    "state": "inactive",
    "state_changed_at": 1425915858,
    "text_color": null
  },
  "slug": "mypifi-led-board",
  "spotlight": true,
  "staff_pick": false,
  "state": "successful",
  "state_changed_at": 1405090866,
  "static_usd_rate": 1.68114412,
  "urls": {
    "web": {
      "project": "https://www.kickstarter.com/projects/mypifi/mypifi-led-board?ref=category_newest",
      "rewards": "https://www.kickstarter.com/projects/mypifi/mypifi-led-board/rewards"
    }
  },
  "usd_pledged": "2185.487356",
  "usd_type": "international"
}