{
  "backers_count": 4,
  "blurb": "UAV Drones, Collateral Damage & International Law explores the narrative that the U.S. Drone Strike Policy violates International Law.",
  "category": {
    "color": 6526716,
    "id": 336,
    "name": "Flight",
    "parent_id": 16,
    "position": 6,
    "slug": "technology/flight",
    "urls": {
      "web": {
        "discover": "http://www.kickstarter.com/discover/categories/technology/flight"
      }
    }
  },
  "converted_pledged_amount": 130,
  "country": "US",
  "created_at": 1436136557,
  "creator": {
    "avatar": {
      "medium": "https://ksr-ugc.imgix.net/assets/010/088/632/4796fc9cfbbc3e0fd138c02d1d5778b8_original.jpg?w=160&h=160&fit=crop&v=1461666596&auto=format&q=92&s=43fbc71cabc8c8a3ab964666fadb320b",
      "small": "https://ksr-ugc.imgix.net/assets/010/088/632/4796fc9cfbbc3e0fd138c02d1d5778b8_original.jpg?w=160&h=160&fit=crop&v=1461666596&auto=format&q=92&s=43fbc71cabc8c8a3ab964666fadb320b",
      "thumb": "https://ksr-ugc.imgix.net/assets/010/088/632/4796fc9cfbbc3e0fd138c02d1d5778b8_original.jpg?w=40&h=40&fit=crop&v=1461666596&auto=format&q=92&s=f713df6a6572bd696d6e66f5a1ca6402"
    },
    "chosen_currency": null,
    "id": 211619780,
    "is_registered": true,
    "name": "Joseph Winiarz",
    "slug": "dronewarfare",
    "urls": {
      "api": {
        "user": "https://api.kickstarter.com/v1/users/211619780?signature=1524100888.d098ee6569d2e9f61fe75b9c64caf106cd641827"
      },
      "web": {
        "user": "https://www.kickstarter.com/profile/dronewarfare"
      }
    }
  },
  "currency": "USD",
  "currency_symbol": "$",
  "currency_trailing_code": true,
  "current_currency": "USD",
  "deadline": 1438788514,
  "disable_communication": false,
  "fx_rate": 1.0,
  "goal": 5000.0,
  "id": 1049701494,
  "is_starrable": false,
  "launched_at": 1436196514,
  "location": {
    "country": "US",
    "displayable_name": "Washington, DC",
    "id": 2514815,
    "is_root": false,
    "localized_name": "Washington",
    "name": "Washington",
    "short_name": "Washington, DC",
    "slug": "washington-dc",
    "state": "DC",
    "type": "Town",
    "urls": {
      "api": {
        "nearby_projects": "https://api.kickstarter.com/v1/discover?signature=1524082111.e0a075516614f948e0b1fb865d83add56e8bd185&woe_id=2514815"
      },
      "web": {
        "discover": "https://www.kickstarter.com/discover/places/washington-dc",
        "location": "https://www.kickstarter.com/locations/washington-dc"
      }
    }
  },
  "name": "UAV Drones, Collateral Damage and International Law",
  "photo": {
    "1024x576": "https://ksr-ugc.imgix.net/assets/012/188/272/5ad6874988eccfc919e0861aad5b8e7f_original.jpg?crop=faces&w=1024&h=576&fit=crop&v=1463740239&auto=format&q=92&s=ff1366cd5e48d2398ce778988a96b873",
    "1536x864": "https://ksr-ugc.imgix.net/assets/012/188/272/5ad6874988eccfc919e0861aad5b8e7f_original.jpg?crop=faces&w=1552&h=873&fit=crop&v=1463740239&auto=format&q=92&s=a89f88689e4c266d49282ca5aa5cc4d4",
    "ed": "https://ksr-ugc.imgix.net/assets/012/188/272/5ad6874988eccfc919e0861aad5b8e7f_original.jpg?crop=faces&w=352&h=198&fit=crop&v=1463740239&auto=format&q=92&s=0c3638d5c1e5f519e450e60de8b19811",
    "full": "https://ksr-ugc.imgix.net/assets/012/188/272/5ad6874988eccfc919e0861aad5b8e7f_original.jpg?crop=faces&w=560&h=315&fit=crop&v=1463740239&auto=format&q=92&s=0fbaa13301f15c45419c603a604ad565",
    "key": "assets/012/188/272/5ad6874988eccfc919e0861aad5b8e7f_original.jpg",
    "little": "https://ksr-ugc.imgix.net/assets/012/188/272/5ad6874988eccfc919e0861aad5b8e7f_original.jpg?crop=faces&w=208&h=117&fit=crop&v=1463740239&auto=format&q=92&s=3f54a13e278519046310b51800869e51",
    "med": "https://ksr-ugc.imgix.net/assets/012/188/272/5ad6874988eccfc919e0861aad5b8e7f_original.jpg?crop=faces&w=272&h=153&fit=crop&v=1463740239&auto=format&q=92&s=be2013fcf738f0b69f0947a133a84fbf",
    "small": "https://ksr-ugc.imgix.net/assets/012/188/272/5ad6874988eccfc919e0861aad5b8e7f_original.jpg?crop=faces&w=160&h=90&fit=crop&v=1463740239&auto=format&q=92&s=bb44e0aaf604cbf0510ed52725af4a45",
    "thumb": "https://ksr-ugc.imgix.net/assets/012/188/272/5ad6874988eccfc919e0861aad5b8e7f_original.jpg?crop=faces&w=48&h=27&fit=crop&v=1463740239&auto=format&q=92&s=280a63f1d4c047adef40c01ed7519f27"
  },
  "pledged": 130.0,
  "profile": {
    "background_color": null,
    "background_image_opacity": 0.8,
    "blurb": null,
    "feature_image_attributes": {
      "image_urls": {
        "baseball_card": "https://ksr-ugc.imgix.net/assets/012/188/272/5ad6874988eccfc919e0861aad5b8e7f_original.jpg?crop=faces&w=560&h=315&fit=crop&v=1463740239&auto=format&q=92&s=0fbaa13301f15c45419c603a604ad565",
        "default": "https://ksr-ugc.imgix.net/assets/012/188/272/5ad6874988eccfc919e0861aad5b8e7f_original.jpg?crop=faces&w=1552&h=873&fit=crop&v=1463740239&auto=format&q=92&s=a89f88689e4c266d49282ca5aa5cc4d4"
      }
    },
    "id": 1998569,
    "link_background_color": null,
    "link_text": null,
    "link_text_color": null,
    "link_url": null,
    "name": null,
    "project_id": 1998569,
    "should_show_feature_image_section": true,
    "show_feature_image": false,
    "state": "inactive",
    "state_changed_at": 1436136557,
    "text_color": null
  },
  "slug": "drones-collateral-damage-and-international-law",
  "spotlight": false,
  "staff_pick": false,
  "state": "failed",
  "state_changed_at": 1438788515,
  "static_usd_rate": 1.0,
  "urls": {
    "web": {
      "project": "https://www.kickstarter.com/projects/dronewarfare/drones-collateral-damage-and-international-law?ref=category_newest",
      "rewards": "https://www.kickstarter.com/projects/dronewarfare/drones-collateral-damage-and-international-law/rewards"
    }
  },
  "usd_pledged": "130.0",
  "usd_type": "international"
}