{
  "backers_count": 92,
  "blurb": "Create mobile applications and games for iOS, Android, and Ubuntu Touch without any coding required. Now supporting social media apps.",
  "category": {
    "color": 6526716,
    "id": 332,
    "name": "Apps",
    "parent_id": 16,
    "position": 2,
    "slug": "technology/apps",
    "urls": {
      "web": {
        "discover": "http://www.kickstarter.com/discover/categories/technology/apps"
      }
    }
  },
  "converted_pledged_amount": 19136,
  "country": "US",
  "created_at": 1424181307,
  "creator": {
    "avatar": {
      "medium": "https://ksr-ugc.imgix.net/assets/008/420/614/7cfe1d0ff472f9df24f6d1589ae997f4_original.jpg?w=160&h=160&fit=crop&v=1461523040&auto=format&q=92&s=8c3e7b1937fba4cdf3e2909b30f8d61c",
      "small": "https://ksr-ugc.imgix.net/assets/008/420/614/7cfe1d0ff472f9df24f6d1589ae997f4_original.jpg?w=160&h=160&fit=crop&v=1461523040&auto=format&q=92&s=8c3e7b1937fba4cdf3e2909b30f8d61c",
      "thumb": "https://ksr-ugc.imgix.net/assets/008/420/614/7cfe1d0ff472f9df24f6d1589ae997f4_original.jpg?w=40&h=40&fit=crop&v=1461523040&auto=format&q=92&s=95ad4a756337eba394339d682c8cb2a3"
    },
    "chosen_currency": null,
    "id": 243135913,
    "is_registered": true,
    "name": "The Demski Group",
    "slug": "demskigroup",
    "urls": {
      "api": {
        "user": "https://api.kickstarter.com/v1/users/243135913?signature=1524100112.b75e365b61269c41482eaed1ace23b6dd1298d8b"
      },
      "web": {
        "user": "https://www.kickstarter.com/profile/demskigroup"
      }
    }
  },
  "currency": "USD",
  "currency_symbol": "$",
  "currency_trailing_code": true,
  "current_currency": "USD",
  "deadline": 1431738011,
  "disable_communication": false,
  "fx_rate": 1.0,
  "goal": 2500.0,
  "id": 1049652474,
  "is_starrable": false,
  "launched_at": 1426554011,
  "location": {
    "country": "US",
    "displayable_name": "Baltimore, MD",
    "id": 2358820,
    "is_root": false,
    "localized_name": "Baltimore",
    "name": "Baltimore",
    "short_name": "Baltimore, MD",
    "slug": "baltimore-md",
    "state": "MD",
    "type": "Town",
    "urls": {
      "api": {
        "nearby_projects": "https://api.kickstarter.com/v1/discover?signature=1524082113.9708d4abf1a9421f49763bfb25f1f526f350eaf5&woe_id=2358820"
      },
      "web": {
        "discover": "https://www.kickstarter.com/discover/places/baltimore-md",
        "location": "https://www.kickstarter.com/locations/baltimore-md"
      }
    }
  },
  "name": "MAGE: Create Mobile Games & Apps Without Any Coding",
  "photo": {
    "1024x576": "https://ksr-ugc.imgix.net/assets/012/040/078/8ec90df569c737f9aab4b9a727ea5f38_original.jpg?crop=faces&w=1024&h=576&fit=crop&v=1463726469&auto=format&q=92&s=e39c3cdf08c9fcac8c55e17e728fec6c",
    "1536x864": "https://ksr-ugc.imgix.net/assets/012/040/078/8ec90df569c737f9aab4b9a727ea5f38_original.jpg?crop=faces&w=1552&h=873&fit=crop&v=1463726469&auto=format&q=92&s=62c7299f2b143db2045cf6b5cdab1225",
    "ed": "https://ksr-ugc.imgix.net/assets/012/040/078/8ec90df569c737f9aab4b9a727ea5f38_original.jpg?crop=faces&w=352&h=198&fit=crop&v=1463726469&auto=format&q=92&s=cce42c6b144bc46bab74520e1806253d",
    "full": "https://ksr-ugc.imgix.net/assets/012/040/078/8ec90df569c737f9aab4b9a727ea5f38_original.jpg?crop=faces&w=560&h=315&fit=crop&v=1463726469&auto=format&q=92&s=45785c8c27cce9d54f70abc347300df7",
    "key": "assets/012/040/078/8ec90df569c737f9aab4b9a727ea5f38_original.jpg",
    "little": "https://ksr-ugc.imgix.net/assets/012/040/078/8ec90df569c737f9aab4b9a727ea5f38_original.jpg?crop=faces&w=208&h=117&fit=crop&v=1463726469&auto=format&q=92&s=49cea17b8ef2d4c69fbfbca998cd3ffe",
    "med": "https://ksr-ugc.imgix.net/assets/012/040/078/8ec90df569c737f9aab4b9a727ea5f38_original.jpg?crop=faces&w=272&h=153&fit=crop&v=1463726469&auto=format&q=92&s=5fb9ac51f4115d2e659e084b7acd24cf",
    "small": "https://ksr-ugc.imgix.net/assets/012/040/078/8ec90df569c737f9aab4b9a727ea5f38_original.jpg?crop=faces&w=160&h=90&fit=crop&v=1463726469&auto=format&q=92&s=218acb822e6813588e89459f22592a1c",
    "thumb": "https://ksr-ugc.imgix.net/assets/012/040/078/8ec90df569c737f9aab4b9a727ea5f38_original.jpg?crop=faces&w=48&h=27&fit=crop&v=1463726469&auto=format&q=92&s=add698980ce5930f5f421633d9e82a45"
  },
  "pledged": 19136.0,
  "profile": {
    "background_color": "",
    "background_image_opacity": 0.8,
    "blurb": "Create mobile applications and games for iOS, Android, and Ubuntu Touch without any coding required. Now supporting social media apps.",
    "feature_image_attributes": {
      "image_urls": {
        "baseball_card": "https://ksr-ugc.imgix.net/assets/012/040/078/8ec90df569c737f9aab4b9a727ea5f38_original.jpg?crop=faces&w=560&h=315&fit=crop&v=1463726469&auto=format&q=92&s=45785c8c27cce9d54f70abc347300df7",
        "default": "https://ksr-ugc.imgix.net/assets/012/040/078/8ec90df569c737f9aab4b9a727ea5f38_original.jpg?crop=faces&w=1552&h=873&fit=crop&v=1463726469&auto=format&q=92&s=62c7299f2b143db2045cf6b5cdab1225"
      }
    },
    "id": 1711451,
    "link_background_color": "",
    "link_text": "Visit Us!",
    "link_text_color": "",
    "link_url": "http://www.demskigroup.com",
    "name": "MAGE: Create Mobile Games & Apps Without Any Coding",
    "project_id": 1711451,
    "should_show_feature_image_section": true,
    "show_feature_image": false,
    "state": "active",
    "state_changed_at": 1443117780,
    "text_color": ""
  },
  "slug": "mage-create-mobile-games-and-apps-without-any-codi",
  "spotlight": true,
  "staff_pick": false,
  "state": "successful",
  "state_changed_at": 1431738021,
  "static_usd_rate": 1.0,
  "urls": {
    "web": {
      "project": "https://www.kickstarter.com/projects/demskigroup/mage-create-mobile-games-and-apps-without-any-codi?ref=category_newest",
      "rewards": "https://www.kickstarter.com/projects/demskigroup/mage-create-mobile-games-and-apps-without-any-codi/rewards"
    }
  },
  "usd_pledged": "19136.0",
  "usd_type": "international"
}