{
  "backers_count": 0,
  "blurb": "Book on demand services through you phone 24/7 simple by downloading our App. The App Will create new jobs for over then 2500 people.",
  "category": {
    "color": 6526716,
    "id": 332,
    "name": "Apps",
    "parent_id": 16,
    "position": 2,
    "slug": "technology/apps",
    "urls": {
      "web": {
        "discover": "http://www.kickstarter.com/discover/categories/technology/apps"
      }
    }
  },
  "converted_pledged_amount": 0,
  "country": "US",
  "created_at": 1425968451,
  "creator": {
    "avatar": {
      "medium": "https://ksr-ugc.imgix.net/assets/009/662/510/8188ead77f37a092dde0afeed7e0851d_original.jpg?w=160&h=160&fit=crop&v=1467722612&auto=format&q=92&s=fd5fb9d87306c5a9e4aaa749a3be3be5",
      "small": "https://ksr-ugc.imgix.net/assets/009/662/510/8188ead77f37a092dde0afeed7e0851d_original.jpg?w=160&h=160&fit=crop&v=1467722612&auto=format&q=92&s=fd5fb9d87306c5a9e4aaa749a3be3be5",
      "thumb": "https://ksr-ugc.imgix.net/assets/009/662/510/8188ead77f37a092dde0afeed7e0851d_original.jpg?w=40&h=40&fit=crop&v=1467722612&auto=format&q=92&s=048dd333338f9335393a85f737e2cf35"
    },
    "chosen_currency": null,
    "id": 1906075715,
    "is_registered": true,
    "name": "Jean Daniel Louis",
    "urls": {
      "api": {
        "user": "https://api.kickstarter.com/v1/users/1906075715?signature=1524100401.8eb7a4661e3ff7e5b40d696bf4cc2470c239727b"
      },
      "web": {
        "user": "https://www.kickstarter.com/profile/1906075715"
      }
    }
  },
  "currency": "USD",
  "currency_symbol": "$",
  "currency_trailing_code": true,
  "current_currency": "USD",
  "deadline": 1428644328,
  "disable_communication": false,
  "fx_rate": 1.0,
  "goal": 15000.0,
  "id": 1049170070,
  "is_starrable": false,
  "launched_at": 1426052887,
  "location": {
    "country": "US",
    "displayable_name": "Boca Raton, FL",
    "id": 2366220,
    "is_root": false,
    "localized_name": "Boca Raton",
    "name": "Boca Raton",
    "short_name": "Boca Raton, FL",
    "slug": "boca-raton-fl",
    "state": "FL",
    "type": "Town",
    "urls": {
      "api": {
        "nearby_projects": "https://api.kickstarter.com/v1/discover?signature=1524082131.272a7cc3f335364fc87df65aad7125e439d1d219&woe_id=2366220"
      },
      "web": {
        "discover": "https://www.kickstarter.com/discover/places/boca-raton-fl",
        "location": "https://www.kickstarter.com/locations/boca-raton-fl"
      }
    }
  },
  "name": "On Demande App Services",
  "photo": {
    "1024x576": "https://ksr-ugc.imgix.net/assets/012/064/532/f7aa7a6f63247c5f351b5a921ce6c61f_original.jpg?crop=faces&w=1024&h=576&fit=crop&v=1463728674&auto=format&q=92&s=741363b87f9ac8a9caeca16191a44721",
    "1536x864": "https://ksr-ugc.imgix.net/assets/012/064/532/f7aa7a6f63247c5f351b5a921ce6c61f_original.jpg?crop=faces&w=1552&h=873&fit=crop&v=1463728674&auto=format&q=92&s=9aa17981e8d35b227fa0e2c133787db5",
    "ed": "https://ksr-ugc.imgix.net/assets/012/064/532/f7aa7a6f63247c5f351b5a921ce6c61f_original.jpg?crop=faces&w=352&h=198&fit=crop&v=1463728674&auto=format&q=92&s=3cf665ba82c672bc9429e636e6869780",
    "full": "https://ksr-ugc.imgix.net/assets/012/064/532/f7aa7a6f63247c5f351b5a921ce6c61f_original.jpg?crop=faces&w=560&h=315&fit=crop&v=1463728674&auto=format&q=92&s=e7c9cd48952f3995583c5f7941cb0dac",
    "key": "assets/012/064/532/f7aa7a6f63247c5f351b5a921ce6c61f_original.jpg",
    "little": "https://ksr-ugc.imgix.net/assets/012/064/532/f7aa7a6f63247c5f351b5a921ce6c61f_original.jpg?crop=faces&w=208&h=117&fit=crop&v=1463728674&auto=format&q=92&s=e27067dd2f5ae57b46ecc2d21dc40933",
    "med": "https://ksr-ugc.imgix.net/assets/012/064/532/f7aa7a6f63247c5f351b5a921ce6c61f_original.jpg?crop=faces&w=272&h=153&fit=crop&v=1463728674&auto=format&q=92&s=77c8e17d4a4020bf9b965c37a6b49e82",
    "small": "https://ksr-ugc.imgix.net/assets/012/064/532/f7aa7a6f63247c5f351b5a921ce6c61f_original.jpg?crop=faces&w=160&h=90&fit=crop&v=1463728674&auto=format&q=92&s=76e5dfe705cf8a0a6db76da5fb49d2d0",
    "thumb": "https://ksr-ugc.imgix.net/assets/012/064/532/f7aa7a6f63247c5f351b5a921ce6c61f_original.jpg?crop=faces&w=48&h=27&fit=crop&v=1463728674&auto=format&q=92&s=2d02e3f779bdb19dfa896b4322e43789"
  },
  "pledged": 0.0,
  "profile": {
    "background_color": null,
    "background_image_opacity": 0.8,
    "blurb": null,
    "feature_image_attributes": {
      "image_urls": {
        "baseball_card": "https://ksr-ugc.imgix.net/assets/012/064/532/f7aa7a6f63247c5f351b5a921ce6c61f_original.jpg?crop=faces&w=560&h=315&fit=crop&v=1463728674&auto=format&q=92&s=e7c9cd48952f3995583c5f7941cb0dac",
        "default": "https://ksr-ugc.imgix.net/assets/012/064/532/f7aa7a6f63247c5f351b5a921ce6c61f_original.jpg?crop=faces&w=1552&h=873&fit=crop&v=1463728674&auto=format&q=92&s=9aa17981e8d35b227fa0e2c133787db5"
      }
    },
    "id": 1760589,
    "link_background_color": null,
    "link_text": null,
    "link_text_color": null,
    "link_url": null,
    "name": null,
    "project_id": 1760589,
    "should_show_feature_image_section": true,
    "show_feature_image": false,
    "state": "inactive",
    "state_changed_at": 1425968451,
    "text_color": null
  },
  "slug": "on-demande-app-services",
  "spotlight": false,
  "staff_pick": false,
  "state": "failed",
  "state_changed_at": 1428644331,
  "static_usd_rate": 1.0,
  "urls": {
    "web": {
      "project": "https://www.kickstarter.com/projects/1906075715/on-demande-app-services?ref=category_newest",
      "rewards": "https://www.kickstarter.com/projects/1906075715/on-demande-app-services/rewards"
    }
  },
  "usd_pledged": "0.0",
  "usd_type": "international"
}