{
  "backers_count": 2,
  "blurb": "The PrepSail 'New to sailing' series is an introduction to keelboat sailing, with 6 online courses teaching the basic sailing skills.",
  "category": {
    "color": 6526716,
    "id": 342,
    "name": "Web",
    "parent_id": 16,
    "position": 15,
    "slug": "technology/web",
    "urls": {
      "web": {
        "discover": "http://www.kickstarter.com/discover/categories/technology/web"
      }
    }
  },
  "converted_pledged_amount": 145,
  "country": "AU",
  "created_at": 1445424225,
  "creator": {
    "avatar": {
      "medium": "https://ksr-ugc.imgix.net/assets/010/461/571/0d0478fbb4f96914b939f612908131f3_original.jpg?w=160&h=160&fit=crop&v=1461691526&auto=format&q=92&s=b6858944d76c206b2b8537f6e289ff46",
      "small": "https://ksr-ugc.imgix.net/assets/010/461/571/0d0478fbb4f96914b939f612908131f3_original.jpg?w=160&h=160&fit=crop&v=1461691526&auto=format&q=92&s=b6858944d76c206b2b8537f6e289ff46",
      "thumb": "https://ksr-ugc.imgix.net/assets/010/461/571/0d0478fbb4f96914b939f612908131f3_original.jpg?w=40&h=40&fit=crop&v=1461691526&auto=format&q=92&s=1ae827e65de46a7edb0f3b7bc77497e5"
    },
    "chosen_currency": null,
    "id": 189498703,
    "is_registered": true,
    "name": "Pascale Whyte",
    "urls": {
      "api": {
        "user": "https://api.kickstarter.com/v1/users/189498703?signature=1524103252.4ca7d4b81273f975f3ff90223a32c48959ecda2f"
      },
      "web": {
        "user": "https://www.kickstarter.com/profile/189498703"
      }
    }
  },
  "currency": "AUD",
  "currency_symbol": "$",
  "currency_trailing_code": true,
  "current_currency": "USD",
  "deadline": 1451874199,
  "disable_communication": false,
  "fx_rate": 0.77656633,
  "goal": 5000.0,
  "id": 1049239472,
  "is_starrable": false,
  "launched_at": 1446690199,
  "location": {
    "country": "AU",
    "displayable_name": "Melbourne, AU",
    "id": 1103816,
    "is_root": false,
    "localized_name": "Melbourne",
    "name": "Melbourne",
    "short_name": "Melbourne, AU",
    "slug": "melbourne-au",
    "state": "VIC",
    "type": "Town",
    "urls": {
      "api": {
        "nearby_projects": "https://api.kickstarter.com/v1/discover?signature=1524082109.3480a47c14ac814502199a7a1865fc5b5c518e2e&woe_id=1103816"
      },
      "web": {
        "discover": "https://www.kickstarter.com/discover/places/melbourne-au",
        "location": "https://www.kickstarter.com/locations/melbourne-au"
      }
    }
  },
  "name": "PrepSail  'Learn to sail online'",
  "photo": {
    "1024x576": "https://ksr-ugc.imgix.net/assets/012/285/460/deca986244b1242387bab0d7d7527b45_original.png?crop=faces&w=1024&h=576&fit=crop&v=1463750670&auto=format&q=92&s=0cca76e07d02d80d027dcfa9b6157f77",
    "1536x864": "https://ksr-ugc.imgix.net/assets/012/285/460/deca986244b1242387bab0d7d7527b45_original.png?crop=faces&w=1552&h=873&fit=crop&v=1463750670&auto=format&q=92&s=bf43dafec4cd6128f356a120433cedd5",
    "ed": "https://ksr-ugc.imgix.net/assets/012/285/460/deca986244b1242387bab0d7d7527b45_original.png?crop=faces&w=352&h=198&fit=crop&v=1463750670&auto=format&q=92&s=9406ec13ba3df45bdc91dd644f138e0d",
    "full": "https://ksr-ugc.imgix.net/assets/012/285/460/deca986244b1242387bab0d7d7527b45_original.png?crop=faces&w=560&h=315&fit=crop&v=1463750670&auto=format&q=92&s=f803c5819c8d653943d0cd80664dd342",
    "key": "assets/012/285/460/deca986244b1242387bab0d7d7527b45_original.png",
    "little": "https://ksr-ugc.imgix.net/assets/012/285/460/deca986244b1242387bab0d7d7527b45_original.png?crop=faces&w=208&h=117&fit=crop&v=1463750670&auto=format&q=92&s=2442b706160b1269a05b4ca57d2d37d3",
    "med": "https://ksr-ugc.imgix.net/assets/012/285/460/deca986244b1242387bab0d7d7527b45_original.png?crop=faces&w=272&h=153&fit=crop&v=1463750670&auto=format&q=92&s=94634c283ff03da2070788b4d40c8e36",
    "small": "https://ksr-ugc.imgix.net/assets/012/285/460/deca986244b1242387bab0d7d7527b45_original.png?crop=faces&w=160&h=90&fit=crop&v=1463750670&auto=format&q=92&s=689eb30aa4417fdf353b2c51cd1f49a3",
    "thumb": "https://ksr-ugc.imgix.net/assets/012/285/460/deca986244b1242387bab0d7d7527b45_original.png?crop=faces&w=48&h=27&fit=crop&v=1463750670&auto=format&q=92&s=a85aa150db332c6a4f26c7bed2751b07"
  },
  "pledged": 200.0,
  "profile": {
    "background_color": null,
    "background_image_opacity": 0.8,
    "blurb": null,
    "feature_image_attributes": {
      "image_urls": {
        "baseball_card": "https://ksr-ugc.imgix.net/assets/012/285/460/deca986244b1242387bab0d7d7527b45_original.png?crop=faces&w=560&h=315&fit=crop&v=1463750670&auto=format&q=92&s=f803c5819c8d653943d0cd80664dd342",
        "default": "https://ksr-ugc.imgix.net/assets/012/285/460/deca986244b1242387bab0d7d7527b45_original.png?crop=faces&w=1552&h=873&fit=crop&v=1463750670&auto=format&q=92&s=bf43dafec4cd6128f356a120433cedd5"
      }
    },
    "id": 2185894,
    "link_background_color": null,
    "link_text": null,
    "link_text_color": null,
    "link_url": null,
    "name": null,
    "project_id": 2185894,
    "should_show_feature_image_section": true,
    "show_feature_image": false,
    "state": "inactive",
    "state_changed_at": 1445424225,
    "text_color": null
  },
  "slug": "prepsail-learn-to-sail-online",
  "spotlight": false,
  "staff_pick": false,
  "state": "failed",
  "state_changed_at": 1451874199,
  "static_usd_rate": 0.71830102,
  "urls": {
    "web": {
      "project": "https://www.kickstarter.com/projects/189498703/prepsail-learn-to-sail-online?ref=category_newest",
      "rewards": "https://www.kickstarter.com/projects/189498703/prepsail-learn-to-sail-online/rewards"
    }
  },
  "usd_pledged": "143.660204",
  "usd_type": "international"
}