{
  "backers_count": 0,
  "blurb": "Your Technology Company for Short Stays!",
  "category": {
    "color": 6526716,
    "id": 342,
    "name": "Web",
    "parent_id": 16,
    "position": 15,
    "slug": "technology/web",
    "urls": {
      "web": {
        "discover": "http://www.kickstarter.com/discover/categories/technology/web"
      }
    }
  },
  "converted_pledged_amount": 0,
  "country": "US",
  "created_at": 1436576155,
  "creator": {
    "avatar": {
      "medium": "https://ksr-ugc.imgix.net/assets/010/106/991/a27f7880f011867ff7230787bf132d62_original.jpg?w=160&h=160&fit=crop&v=1461667773&auto=format&q=92&s=0597f7bbb5925e1f8c7faa934bec0ff7",
      "small": "https://ksr-ugc.imgix.net/assets/010/106/991/a27f7880f011867ff7230787bf132d62_original.jpg?w=160&h=160&fit=crop&v=1461667773&auto=format&q=92&s=0597f7bbb5925e1f8c7faa934bec0ff7",
      "thumb": "https://ksr-ugc.imgix.net/assets/010/106/991/a27f7880f011867ff7230787bf132d62_original.jpg?w=40&h=40&fit=crop&v=1461667773&auto=format&q=92&s=9f8d79d8980c20e98fbdb54e7d7a41e5"
    },
    "chosen_currency": null,
    "id": 246836990,
    "is_registered": true,
    "name": "Johnson Kachidza",
    "urls": {
      "api": {
        "user": "https://api.kickstarter.com/v1/users/246836990?signature=1524103195.9df8c3047b107ee75005b36cdfdf438fd41008f5"
      },
      "web": {
        "user": "https://www.kickstarter.com/profile/246836990"
      }
    }
  },
  "currency": "USD",
  "currency_symbol": "$",
  "currency_trailing_code": true,
  "current_currency": "USD",
  "deadline": 1438530633,
  "disable_communication": false,
  "fx_rate": 1.0,
  "goal": 50000.0,
  "id": 1049209240,
  "is_starrable": false,
  "launched_at": 1436802633,
  "location": {
    "country": "US",
    "displayable_name": "Jersey City, NJ",
    "id": 2429187,
    "is_root": false,
    "localized_name": "Jersey City",
    "name": "Jersey City",
    "short_name": "Jersey City, NJ",
    "slug": "jersey-city-nj",
    "state": "NJ",
    "type": "Town",
    "urls": {
      "api": {
        "nearby_projects": "https://api.kickstarter.com/v1/discover?signature=1524082115.a49a4f43ca178a28c41459508d06c19616e6075d&woe_id=2429187"
      },
      "web": {
        "discover": "https://www.kickstarter.com/discover/places/jersey-city-nj",
        "location": "https://www.kickstarter.com/locations/jersey-city-nj"
      }
    }
  },
  "name": "Airbnb Support Services Offering",
  "photo": {
    "1024x576": "https://ksr-ugc.imgix.net/assets/012/193/711/0279809c895aedd702ddf785bab1aad1_original.jpg?crop=faces&w=1024&h=576&fit=crop&v=1463740754&auto=format&q=92&s=46f0b7c8a70922caf00a6620fd41c7a4",
    "1536x864": "https://ksr-ugc.imgix.net/assets/012/193/711/0279809c895aedd702ddf785bab1aad1_original.jpg?crop=faces&w=1552&h=873&fit=crop&v=1463740754&auto=format&q=92&s=a0165982e9e5d90e8a04eb36f086c2c4",
    "ed": "https://ksr-ugc.imgix.net/assets/012/193/711/0279809c895aedd702ddf785bab1aad1_original.jpg?crop=faces&w=352&h=198&fit=crop&v=1463740754&auto=format&q=92&s=58e97fa4bef7bda4e32d1df13c84a415",
    "full": "https://ksr-ugc.imgix.net/assets/012/193/711/0279809c895aedd702ddf785bab1aad1_original.jpg?crop=faces&w=560&h=315&fit=crop&v=1463740754&auto=format&q=92&s=5183ff3198c83a877bf92769b65ea275",
    "key": "assets/012/193/711/0279809c895aedd702ddf785bab1aad1_original.jpg",
    "little": "https://ksr-ugc.imgix.net/assets/012/193/711/0279809c895aedd702ddf785bab1aad1_original.jpg?crop=faces&w=208&h=117&fit=crop&v=1463740754&auto=format&q=92&s=a1f936fc264061faa1b84b931815a317",
    "med": "https://ksr-ugc.imgix.net/assets/012/193/711/0279809c895aedd702ddf785bab1aad1_original.jpg?crop=faces&w=272&h=153&fit=crop&v=1463740754&auto=format&q=92&s=1af066544756639156b92deb542c1611",
    "small": "https://ksr-ugc.imgix.net/assets/012/193/711/0279809c895aedd702ddf785bab1aad1_original.jpg?crop=faces&w=160&h=90&fit=crop&v=1463740754&auto=format&q=92&s=a9574a19cc3b568c32d310c580cff9e1",
    "thumb": "https://ksr-ugc.imgix.net/assets/012/193/711/0279809c895aedd702ddf785bab1aad1_original.jpg?crop=faces&w=48&h=27&fit=crop&v=1463740754&auto=format&q=92&s=2734ecceeef2bb62c6cc75ca3a0d94e1"
  },
  "pledged": 0.0,
  "profile": {
    "background_color": null,
    "background_image_opacity": 0.8,
    "blurb": null,
    "feature_image_attributes": {
      "image_urls": {
        "baseball_card": "https://ksr-ugc.imgix.net/assets/012/193/711/0279809c895aedd702ddf785bab1aad1_original.jpg?crop=faces&w=560&h=315&fit=crop&v=1463740754&auto=format&q=92&s=5183ff3198c83a877bf92769b65ea275",
        "default": "https://ksr-ugc.imgix.net/assets/012/193/711/0279809c895aedd702ddf785bab1aad1_original.jpg?crop=faces&w=1552&h=873&fit=crop&v=1463740754&auto=format&q=92&s=a0165982e9e5d90e8a04eb36f086c2c4"
      }
    },
    "id": 2008563,
    "link_background_color": null,
    "link_text": null,
    "link_text_color": null,
    "link_url": null,
    "name": null,
    "project_id": 2008563,
    "should_show_feature_image_section": true,
    "show_feature_image": false,
    "state": "inactive",
    "state_changed_at": 1436576155,
    "text_color": null
  },
  "slug": "airbnb-support-services-offering",
  "spotlight": false,
  "staff_pick": false,
  "state": "failed",
  "state_changed_at": 1438530636,
  "static_usd_rate": 1.0,
  "urls": {
    "web": {
      "project": "https://www.kickstarter.com/projects/246836990/airbnb-support-services-offering?ref=category_newest",
      "rewards": "https://www.kickstarter.com/projects/246836990/airbnb-support-services-offering/rewards"
    }
  },
  "usd_pledged": "0.0",
  "usd_type": "international"
}