{
  "backers_count": 183,
  "blurb": "Breathtaking performance and race-proven technology! Speed at 100mph or soar like a bird and see the world like never before.",
  "category": {
    "color": 6526716,
    "id": 336,
    "name": "Flight",
    "parent_id": 16,
    "position": 6,
    "slug": "technology/flight",
    "urls": {
      "web": {
        "discover": "http://www.kickstarter.com/discover/categories/technology/flight"
      }
    }
  },
  "converted_pledged_amount": 121668,
  "country": "US",
  "created_at": 1475898724,
  "creator": {
    "avatar": {
      "medium": "https://ksr-ugc.imgix.net/assets/013/090/378/350ac9bceb96a92771d9c4ccfb16363e_original.jpg?w=160&h=160&fit=crop&v=1468814911&auto=format&q=92&s=7ae0bec55d91870a6bd3e69a1fe01055",
      "small": "https://ksr-ugc.imgix.net/assets/013/090/378/350ac9bceb96a92771d9c4ccfb16363e_original.jpg?w=160&h=160&fit=crop&v=1468814911&auto=format&q=92&s=7ae0bec55d91870a6bd3e69a1fe01055",
      "thumb": "https://ksr-ugc.imgix.net/assets/013/090/378/350ac9bceb96a92771d9c4ccfb16363e_original.jpg?w=40&h=40&fit=crop&v=1468814911&auto=format&q=92&s=0eb4bb636b5f5c147d9f3fdf55b236ab"
    },
    "chosen_currency": null,
    "id": 1970204458,
    "is_registered": true,
    "name": "Tanky Drone",
    "urls": {
      "api": {
        "user": "https://api.kickstarter.com/v1/users/1970204458?signature=1524100903.6d3e198406a53173118b7a2fdf1d85d6b7fd73b3"
      },
      "web": {
        "user": "https://www.kickstarter.com/profile/1970204458"
      }
    }
  },
  "currency": "USD",
  "currency_symbol": "$",
  "currency_trailing_code": true,
  "current_currency": "USD",
  "deadline": 1481306269,
  "disable_communication": false,
  "fx_rate": 1.0,
  "goal": 150000.0,
  "id": 1049459131,
  "is_starrable": false,
  "launched_at": 1477414669,
  "location": {
    "country": "US",
    "displayable_name": "Los Angeles, CA",
    "id": 2442047,
    "is_root": false,
    "localized_name": "Los Angeles",
    "name": "Los Angeles",
    "short_name": "Los Angeles, CA",
    "slug": "los-angeles-ca",
    "state": "CA",
    "type": "Town",
    "urls": {
      "api": {
        "nearby_projects": "https://api.kickstarter.com/v1/discover?signature=1524082109.85e1ac450ea9010763e72751ef0e7aad8408a809&woe_id=2442047"
      },
      "web": {
        "discover": "https://www.kickstarter.com/discover/places/los-angeles-ca",
        "location": "https://www.kickstarter.com/locations/los-angeles-ca"
      }
    }
  },
  "name": "TANKY DRONE: Insanely Fast FPV Racing Quadcopter",
  "photo": {
    "1024x576": "https://ksr-ugc.imgix.net/assets/014/027/252/9ff56eba5b616d1811a94137f4e1c448_original.jpg?crop=faces&w=1024&h=576&fit=crop&v=1476998568&auto=format&q=92&s=ebb200ebbb3a352c73a4ebcf32c54614",
    "1536x864": "https://ksr-ugc.imgix.net/assets/014/027/252/9ff56eba5b616d1811a94137f4e1c448_original.jpg?crop=faces&w=1552&h=873&fit=crop&v=1476998568&auto=format&q=92&s=b15ba6864cb4c7eac012896c5b9b75f5",
    "ed": "https://ksr-ugc.imgix.net/assets/014/027/252/9ff56eba5b616d1811a94137f4e1c448_original.jpg?crop=faces&w=352&h=198&fit=crop&v=1476998568&auto=format&q=92&s=720359da601b447ab85dfbecb0177d26",
    "full": "https://ksr-ugc.imgix.net/assets/014/027/252/9ff56eba5b616d1811a94137f4e1c448_original.jpg?crop=faces&w=560&h=315&fit=crop&v=1476998568&auto=format&q=92&s=e0ec9e92bd226a6dad18f775a370ec2f",
    "key": "assets/014/027/252/9ff56eba5b616d1811a94137f4e1c448_original.jpg",
    "little": "https://ksr-ugc.imgix.net/assets/014/027/252/9ff56eba5b616d1811a94137f4e1c448_original.jpg?crop=faces&w=208&h=117&fit=crop&v=1476998568&auto=format&q=92&s=adc366f66752b5947cad9bafbb83f63f",
    "med": "https://ksr-ugc.imgix.net/assets/014/027/252/9ff56eba5b616d1811a94137f4e1c448_original.jpg?crop=faces&w=272&h=153&fit=crop&v=1476998568&auto=format&q=92&s=e3f28f50db8ea9d9b15006a3d19f5ba8",
    "small": "https://ksr-ugc.imgix.net/assets/014/027/252/9ff56eba5b616d1811a94137f4e1c448_original.jpg?crop=faces&w=160&h=90&fit=crop&v=1476998568&auto=format&q=92&s=f8220e9acd2cc2e32300551043d6c0c5",
    "thumb": "https://ksr-ugc.imgix.net/assets/014/027/252/9ff56eba5b616d1811a94137f4e1c448_original.jpg?crop=faces&w=48&h=27&fit=crop&v=1476998568&auto=format&q=92&s=de9a43225fb63d81b0ed7e081a176b90"
  },
  "pledged": 121668.0,
  "profile": {
    "background_color": null,
    "background_image_opacity": 0.8,
    "blurb": null,
    "feature_image_attributes": {
      "image_urls": {
        "baseball_card": "https://ksr-ugc.imgix.net/assets/014/027/252/9ff56eba5b616d1811a94137f4e1c448_original.jpg?crop=faces&w=560&h=315&fit=crop&v=1476998568&auto=format&q=92&s=e0ec9e92bd226a6dad18f775a370ec2f",
        "default": "https://ksr-ugc.imgix.net/assets/014/027/252/9ff56eba5b616d1811a94137f4e1c448_original.jpg?crop=faces&w=1552&h=873&fit=crop&v=1476998568&auto=format&q=92&s=b15ba6864cb4c7eac012896c5b9b75f5"
      }
    },
    "id": 2710718,
    "link_background_color": null,
    "link_text": null,
    "link_text_color": null,
    "link_url": null,
    "name": null,
    "project_id": 2710718,
    "should_show_feature_image_section": true,
    "show_feature_image": false,
    "state": "inactive",
    "state_changed_at": 1475898724,
    "text_color": null
  },
  "slug": "tanky-drone-insanely-fast-fpv-racing-quadcopter",
  "spotlight": false,
  "staff_pick": true,
  "state": "failed",
  "state_changed_at": 1481306270,
  "static_usd_rate": 1.0,
  "urls": {
    "web": {
      "project": "https://www.kickstarter.com/projects/1970204458/tanky-drone-insanely-fast-fpv-racing-quadcopter?ref=category_newest",
      "rewards": "https://www.kickstarter.com/projects/1970204458/tanky-drone-insanely-fast-fpv-racing-quadcopter/rewards"
    }
  },
  "usd_pledged": "121668.0",
  "usd_type": "international"
}