{
  "backers_count": 227,
  "blurb": "The #1 WordPress Bookstore Plugin is about to get even better.",
  "category": {
    "color": 6526716,
    "id": 342,
    "name": "Web",
    "parent_id": 16,
    "position": 15,
    "slug": "technology/web",
    "urls": {
      "web": {
        "discover": "http://www.kickstarter.com/discover/categories/technology/web"
      }
    }
  },
  "converted_pledged_amount": 9865,
  "country": "US",
  "created_at": 1469902683,
  "creator": {
    "avatar": {
      "medium": "https://ksr-ugc.imgix.net/assets/006/709/050/2152c2f841607881a61158bad1322bb6_original.jpg?w=160&h=160&fit=crop&v=1461406145&auto=format&q=92&s=f76931f63c5c34508c213a13926cb771",
      "small": "https://ksr-ugc.imgix.net/assets/006/709/050/2152c2f841607881a61158bad1322bb6_original.jpg?w=160&h=160&fit=crop&v=1461406145&auto=format&q=92&s=f76931f63c5c34508c213a13926cb771",
      "thumb": "https://ksr-ugc.imgix.net/assets/006/709/050/2152c2f841607881a61158bad1322bb6_original.jpg?w=40&h=40&fit=crop&v=1461406145&auto=format&q=92&s=ae885464652c6c2cbede6ffee6b319ad"
    },
    "chosen_currency": null,
    "id": 879031193,
    "is_registered": true,
    "name": "Author Media",
    "slug": "authormedia",
    "urls": {
      "api": {
        "user": "https://api.kickstarter.com/v1/users/879031193?signature=1524102912.a6bc4351756e8527b1f52ee35de32db7261a7b99"
      },
      "web": {
        "user": "https://www.kickstarter.com/profile/authormedia"
      }
    }
  },
  "currency": "USD",
  "currency_symbol": "$",
  "currency_trailing_code": true,
  "current_currency": "USD",
  "deadline": 1475190000,
  "disable_communication": false,
  "fx_rate": 1.0,
  "goal": 5000.0,
  "id": 1049358311,
  "is_starrable": false,
  "launched_at": 1472329702,
  "location": {
    "country": "US",
    "displayable_name": "Austin, TX",
    "id": 2357536,
    "is_root": false,
    "localized_name": "Austin",
    "name": "Austin",
    "short_name": "Austin, TX",
    "slug": "austin-tx",
    "state": "TX",
    "type": "Town",
    "urls": {
      "api": {
        "nearby_projects": "https://api.kickstarter.com/v1/discover?signature=1524082111.22cb86afd9fb826f6bbd3d7a6e8cf731a1757ab7&woe_id=2357536"
      },
      "web": {
        "discover": "https://www.kickstarter.com/discover/places/austin-tx",
        "location": "https://www.kickstarter.com/locations/austin-tx"
      }
    }
  },
  "name": "MyBookTable 3",
  "photo": {
    "1024x576": "https://ksr-ugc.imgix.net/assets/013/226/010/e4e7dd5c66feb8a7f1ba1a4b63a8280b_original.jpeg?crop=faces&w=1024&h=576&fit=crop&v=1472591298&auto=format&q=92&s=ecc3a15d8122bf754e3bf94432fcefdc",
    "1536x864": "https://ksr-ugc.imgix.net/assets/013/226/010/e4e7dd5c66feb8a7f1ba1a4b63a8280b_original.jpeg?crop=faces&w=1552&h=873&fit=crop&v=1472591298&auto=format&q=92&s=da63ddc876a1fbff70a239c3495cad22",
    "ed": "https://ksr-ugc.imgix.net/assets/013/226/010/e4e7dd5c66feb8a7f1ba1a4b63a8280b_original.jpeg?crop=faces&w=352&h=198&fit=crop&v=1472591298&auto=format&q=92&s=7557c5e7682f945862a7c9f7a8309210",
    "full": "https://ksr-ugc.imgix.net/assets/013/226/010/e4e7dd5c66feb8a7f1ba1a4b63a8280b_original.jpeg?crop=faces&w=560&h=315&fit=crop&v=1472591298&auto=format&q=92&s=c3ae22e4d4a391e9fbc33a4c6c35fe53",
    "key": "assets/013/226/010/e4e7dd5c66feb8a7f1ba1a4b63a8280b_original.jpeg",
    "little": "https://ksr-ugc.imgix.net/assets/013/226/010/e4e7dd5c66feb8a7f1ba1a4b63a8280b_original.jpeg?crop=faces&w=208&h=117&fit=crop&v=1472591298&auto=format&q=92&s=5ecd8f0f2c093055a032d54aed776a13",
    "med": "https://ksr-ugc.imgix.net/assets/013/226/010/e4e7dd5c66feb8a7f1ba1a4b63a8280b_original.jpeg?crop=faces&w=272&h=153&fit=crop&v=1472591298&auto=format&q=92&s=9354c2deb1838502a3c501061467f806",
    "small": "https://ksr-ugc.imgix.net/assets/013/226/010/e4e7dd5c66feb8a7f1ba1a4b63a8280b_original.jpeg?crop=faces&w=160&h=90&fit=crop&v=1472591298&auto=format&q=92&s=95f3ceb731b5a80c5c2f40563f48b2a6",
    "thumb": "https://ksr-ugc.imgix.net/assets/013/226/010/e4e7dd5c66feb8a7f1ba1a4b63a8280b_original.jpeg?crop=faces&w=48&h=27&fit=crop&v=1472591298&auto=format&q=92&s=4c809db73fea978d79fba48bff7eb0ca"
  },
  "pledged": 9865.0,
  "profile": {
    "background_color": "",
    "background_image_opacity": 0.8,
    "blurb": "The #1 WordPress Bookstore Plugin is about to get even better.",
    "feature_image_attributes": {
      "image_urls": {
        "baseball_card": "https://ksr-ugc.imgix.net/assets/013/226/010/e4e7dd5c66feb8a7f1ba1a4b63a8280b_original.jpeg?crop=faces&w=560&h=315&fit=crop&v=1472591298&auto=format&q=92&s=c3ae22e4d4a391e9fbc33a4c6c35fe53",
        "default": "https://ksr-ugc.imgix.net/assets/013/226/010/e4e7dd5c66feb8a7f1ba1a4b63a8280b_original.jpeg?crop=faces&w=1552&h=873&fit=crop&v=1472591298&auto=format&q=92&s=da63ddc876a1fbff70a239c3495cad22"
      }
    },
    "id": 2620369,
    "link_background_color": "",
    "link_text": "Download",
    "link_text_color": "",
    "link_url": "https://wordpress.org/plugins/mybooktable/",
    "name": "MyBookTable 3",
    "project_id": 2620369,
    "should_show_feature_image_section": true,
    "show_feature_image": false,
    "state": "active",
    "state_changed_at": 1477790185,
    "text_color": ""
  },
  "slug": "mybooktable-3",
  "spotlight": true,
  "staff_pick": false,
  "state": "successful",
  "state_changed_at": 1475190002,
  "static_usd_rate": 1.0,
  "urls": {
    "web": {
      "project": "https://www.kickstarter.com/projects/authormedia/mybooktable-3?ref=category_newest",
      "rewards": "https://www.kickstarter.com/projects/authormedia/mybooktable-3/rewards"
    }
  },
  "usd_pledged": "9865.0",
  "usd_type": "international"
}