{
  "backers_count": 2,
  "blurb": "This iOS and Android application will provide companies with a snapshot of their data breach readiness levels.",
  "category": {
    "color": 6526716,
    "id": 332,
    "name": "Apps",
    "parent_id": 16,
    "position": 2,
    "slug": "technology/apps",
    "urls": {
      "web": {
        "discover": "http://www.kickstarter.com/discover/categories/technology/apps"
      }
    }
  },
  "converted_pledged_amount": 50,
  "country": "US",
  "created_at": 1432433049,
  "creator": {
    "avatar": {
      "medium": "https://ksr-ugc.imgix.net/assets/009/162/031/0a8da99f37ff6ad2fcdf60df5ec5c098_original.jpg?w=160&h=160&fit=crop&v=1461561819&auto=format&q=92&s=631182ae8f5c69fdc51954b4a4eeb8bd",
      "small": "https://ksr-ugc.imgix.net/assets/009/162/031/0a8da99f37ff6ad2fcdf60df5ec5c098_original.jpg?w=160&h=160&fit=crop&v=1461561819&auto=format&q=92&s=631182ae8f5c69fdc51954b4a4eeb8bd",
      "thumb": "https://ksr-ugc.imgix.net/assets/009/162/031/0a8da99f37ff6ad2fcdf60df5ec5c098_original.jpg?w=40&h=40&fit=crop&v=1461561819&auto=format&q=92&s=ff90006fece0ea547051a92b0be253f5"
    },
    "chosen_currency": null,
    "id": 655401604,
    "is_registered": true,
    "name": "Christopher Stevens",
    "urls": {
      "api": {
        "user": "https://api.kickstarter.com/v1/users/655401604?signature=1524100487.62be00b7c4face5b860c453c1563b64e78e4d1d2"
      },
      "web": {
        "user": "https://www.kickstarter.com/profile/655401604"
      }
    }
  },
  "currency": "USD",
  "currency_symbol": "$",
  "currency_trailing_code": true,
  "current_currency": "USD",
  "deadline": 1435346804,
  "disable_communication": false,
  "fx_rate": 1.0,
  "goal": 19320.0,
  "id": 1049241208,
  "is_starrable": false,
  "launched_at": 1432754804,
  "location": {
    "country": "US",
    "displayable_name": "Fulton, Baltimore, MD",
    "id": 2408122,
    "is_root": false,
    "localized_name": "Fulton",
    "name": "Fulton",
    "short_name": "Fulton, MD",
    "slug": "fulton-baltimore-md",
    "state": "MD",
    "type": "Suburb",
    "urls": {
      "api": {
        "nearby_projects": "https://api.kickstarter.com/v1/discover?signature=1524082169.ea945f97ab95ede01efae30d6fed561b002049a2&woe_id=2408122"
      },
      "web": {
        "discover": "https://www.kickstarter.com/discover/places/fulton-baltimore-md",
        "location": "https://www.kickstarter.com/locations/fulton-baltimore-md"
      }
    }
  },
  "name": "CDSS Data Breach Readiness Assessment Tool Application",
  "photo": {
    "1024x576": "https://ksr-ugc.imgix.net/assets/012/147/248/e7e1098a4ccd1a937d90e9b85f294ea1_original.jpg?crop=faces&w=1024&h=576&fit=crop&v=1463738604&auto=format&q=92&s=270f6cf294c7ad13bf8749c77d52e3a7",
    "1536x864": "https://ksr-ugc.imgix.net/assets/012/147/248/e7e1098a4ccd1a937d90e9b85f294ea1_original.jpg?crop=faces&w=1552&h=873&fit=crop&v=1463738604&auto=format&q=92&s=495e288170b73d022108a5233aef612f",
    "ed": "https://ksr-ugc.imgix.net/assets/012/147/248/e7e1098a4ccd1a937d90e9b85f294ea1_original.jpg?crop=faces&w=352&h=198&fit=crop&v=1463738604&auto=format&q=92&s=d1426639b456a96c4162c5a2e23e81cf",
    "full": "https://ksr-ugc.imgix.net/assets/012/147/248/e7e1098a4ccd1a937d90e9b85f294ea1_original.jpg?crop=faces&w=560&h=315&fit=crop&v=1463738604&auto=format&q=92&s=74c7169af7c1eb5b983646eaf7433eaa",
    "key": "assets/012/147/248/e7e1098a4ccd1a937d90e9b85f294ea1_original.jpg",
    "little": "https://ksr-ugc.imgix.net/assets/012/147/248/e7e1098a4ccd1a937d90e9b85f294ea1_original.jpg?crop=faces&w=208&h=117&fit=crop&v=1463738604&auto=format&q=92&s=bbf024ea6ff5ee59207c730b68b7385b",
    "med": "https://ksr-ugc.imgix.net/assets/012/147/248/e7e1098a4ccd1a937d90e9b85f294ea1_original.jpg?crop=faces&w=272&h=153&fit=crop&v=1463738604&auto=format&q=92&s=1ed17ad7604b5048d603a68ad2d104cd",
    "small": "https://ksr-ugc.imgix.net/assets/012/147/248/e7e1098a4ccd1a937d90e9b85f294ea1_original.jpg?crop=faces&w=160&h=90&fit=crop&v=1463738604&auto=format&q=92&s=54bd7d6ea80a1b6118322b58711088ea",
    "thumb": "https://ksr-ugc.imgix.net/assets/012/147/248/e7e1098a4ccd1a937d90e9b85f294ea1_original.jpg?crop=faces&w=48&h=27&fit=crop&v=1463738604&auto=format&q=92&s=90fbac8a3e828bb1f4f825fbd0507c5c"
  },
  "pledged": 50.0,
  "profile": {
    "background_color": null,
    "background_image_opacity": 0.8,
    "blurb": null,
    "feature_image_attributes": {
      "image_urls": {
        "baseball_card": "https://ksr-ugc.imgix.net/assets/012/147/248/e7e1098a4ccd1a937d90e9b85f294ea1_original.jpg?crop=faces&w=560&h=315&fit=crop&v=1463738604&auto=format&q=92&s=74c7169af7c1eb5b983646eaf7433eaa",
        "default": "https://ksr-ugc.imgix.net/assets/012/147/248/e7e1098a4ccd1a937d90e9b85f294ea1_original.jpg?crop=faces&w=1552&h=873&fit=crop&v=1463738604&auto=format&q=92&s=495e288170b73d022108a5233aef612f"
      }
    },
    "id": 1917831,
    "link_background_color": null,
    "link_text": null,
    "link_text_color": null,
    "link_url": null,
    "name": null,
    "project_id": 1917831,
    "should_show_feature_image_section": true,
    "show_feature_image": false,
    "state": "inactive",
    "state_changed_at": 1432433049,
    "text_color": null
  },
  "slug": "cybersecurity-readiness-assessment-tool-applicatio",
  "spotlight": false,
  "staff_pick": false,
  "state": "failed",
  "state_changed_at": 1435346804,
  "static_usd_rate": 1.0,
  "urls": {
    "web": {
      "project": "https://www.kickstarter.com/projects/655401604/cybersecurity-readiness-assessment-tool-applicatio?ref=category_newest",
      "rewards": "https://www.kickstarter.com/projects/655401604/cybersecurity-readiness-assessment-tool-applicatio/rewards"
    }
  },
  "usd_pledged": "50.0",
  "usd_type": "international"
}