{
  "backers_count": 0,
  "blurb": "24hr hair and beauty products in a vending machine.",
  "category": {
    "color": 6526716,
    "id": 341,
    "name": "Wearables",
    "parent_id": 16,
    "position": 14,
    "slug": "technology/wearables",
    "urls": {
      "web": {
        "discover": "http://www.kickstarter.com/discover/categories/technology/wearables"
      }
    }
  },
  "converted_pledged_amount": 0,
  "country": "US",
  "created_at": 1427566724,
  "creator": {
    "avatar": {
      "medium": "https://ksr-ugc.imgix.net/assets/009/621/761/f3f0c3eb74d45b4e6fee3e4df1334be2_original.jpg?w=160&h=160&fit=crop&v=1461607618&auto=format&q=92&s=de9e06cef0d50be16a852fbf14008880",
      "small": "https://ksr-ugc.imgix.net/assets/009/621/761/f3f0c3eb74d45b4e6fee3e4df1334be2_original.jpg?w=160&h=160&fit=crop&v=1461607618&auto=format&q=92&s=de9e06cef0d50be16a852fbf14008880",
      "thumb": "https://ksr-ugc.imgix.net/assets/009/621/761/f3f0c3eb74d45b4e6fee3e4df1334be2_original.jpg?w=40&h=40&fit=crop&v=1461607618&auto=format&q=92&s=1cb2d96e35e1fe0193c1b66987677101"
    },
    "chosen_currency": null,
    "id": 25032585,
    "is_registered": true,
    "name": "Earl Eddings",
    "urls": {
      "api": {
        "user": "https://api.kickstarter.com/v1/users/25032585?signature=1524102833.56dced8f6150eb72350f5f6c37991191bb635d13"
      },
      "web": {
        "user": "https://www.kickstarter.com/profile/25032585"
      }
    }
  },
  "currency": "USD",
  "currency_symbol": "$",
  "currency_trailing_code": true,
  "current_currency": "USD",
  "deadline": 1430446380,
  "disable_communication": false,
  "fx_rate": 1.0,
  "goal": 5000.0,
  "id": 1049068204,
  "is_starrable": false,
  "launched_at": 1427854380,
  "location": {
    "country": "US",
    "displayable_name": "Richmond, VA",
    "id": 2480894,
    "is_root": false,
    "localized_name": "Richmond",
    "name": "Richmond",
    "short_name": "Richmond, VA",
    "slug": "richmond-va",
    "state": "VA",
    "type": "Town",
    "urls": {
      "api": {
        "nearby_projects": "https://api.kickstarter.com/v1/discover?signature=1524082117.777a72686b6c42cc72e1f4011591881b1f8b8b03&woe_id=2480894"
      },
      "web": {
        "discover": "https://www.kickstarter.com/discover/places/richmond-va",
        "location": "https://www.kickstarter.com/locations/richmond-va"
      }
    }
  },
  "name": "Buy hair and beauty products 24hrs from a vending machine",
  "photo": {
    "1024x576": "https://ksr-ugc.imgix.net/assets/012/087/719/55bcc1efd1e4ebcbe9bf92453e3dd093_original.jpg?crop=faces&w=1024&h=576&fit=crop&v=1463730779&auto=format&q=92&s=3e148a11ed2ecafb51a531ad624d8a5d",
    "1536x864": "https://ksr-ugc.imgix.net/assets/012/087/719/55bcc1efd1e4ebcbe9bf92453e3dd093_original.jpg?crop=faces&w=1552&h=873&fit=crop&v=1463730779&auto=format&q=92&s=95644487918b0cffc7966c1e1ca742f4",
    "ed": "https://ksr-ugc.imgix.net/assets/012/087/719/55bcc1efd1e4ebcbe9bf92453e3dd093_original.jpg?crop=faces&w=352&h=198&fit=crop&v=1463730779&auto=format&q=92&s=7b61ec59f96d497e77c3206131bf7da9",
    "full": "https://ksr-ugc.imgix.net/assets/012/087/719/55bcc1efd1e4ebcbe9bf92453e3dd093_original.jpg?crop=faces&w=560&h=315&fit=crop&v=1463730779&auto=format&q=92&s=dc078f71d7185688caa03707c5e4185f",
    "key": "assets/012/087/719/55bcc1efd1e4ebcbe9bf92453e3dd093_original.jpg",
    "little": "https://ksr-ugc.imgix.net/assets/012/087/719/55bcc1efd1e4ebcbe9bf92453e3dd093_original.jpg?crop=faces&w=208&h=117&fit=crop&v=1463730779&auto=format&q=92&s=5d10eb4d6ec97c66eb4bb7a23fc52bee",
    "med": "https://ksr-ugc.imgix.net/assets/012/087/719/55bcc1efd1e4ebcbe9bf92453e3dd093_original.jpg?crop=faces&w=272&h=153&fit=crop&v=1463730779&auto=format&q=92&s=2a31f0e92783acf24dc1a8278e031036",
    "small": "https://ksr-ugc.imgix.net/assets/012/087/719/55bcc1efd1e4ebcbe9bf92453e3dd093_original.jpg?crop=faces&w=160&h=90&fit=crop&v=1463730779&auto=format&q=92&s=b8ec79b513bea74c72c1eff97aef4853",
    "thumb": "https://ksr-ugc.imgix.net/assets/012/087/719/55bcc1efd1e4ebcbe9bf92453e3dd093_original.jpg?crop=faces&w=48&h=27&fit=crop&v=1463730779&auto=format&q=92&s=6b5733899f6eb7eee6219e1b29ec09fa"
  },
  "pledged": 0.0,
  "profile": {
    "background_color": null,
    "background_image_opacity": 0.8,
    "blurb": null,
    "feature_image_attributes": {
      "image_urls": {
        "baseball_card": "https://ksr-ugc.imgix.net/assets/012/087/719/55bcc1efd1e4ebcbe9bf92453e3dd093_original.jpg?crop=faces&w=560&h=315&fit=crop&v=1463730779&auto=format&q=92&s=dc078f71d7185688caa03707c5e4185f",
        "default": "https://ksr-ugc.imgix.net/assets/012/087/719/55bcc1efd1e4ebcbe9bf92453e3dd093_original.jpg?crop=faces&w=1552&h=873&fit=crop&v=1463730779&auto=format&q=92&s=95644487918b0cffc7966c1e1ca742f4"
      }
    },
    "id": 1804706,
    "link_background_color": null,
    "link_text": null,
    "link_text_color": null,
    "link_url": null,
    "name": null,
    "project_id": 1804706,
    "should_show_feature_image_section": true,
    "show_feature_image": false,
    "state": "inactive",
    "state_changed_at": 1427566724,
    "text_color": null
  },
  "slug": "buy-hair-and-beauty-products-24hrs-from-a-vending",
  "spotlight": false,
  "staff_pick": false,
  "state": "canceled",
  "state_changed_at": 1429831317,
  "static_usd_rate": 1.0,
  "urls": {
    "web": {
      "project": "https://www.kickstarter.com/projects/25032585/buy-hair-and-beauty-products-24hrs-from-a-vending?ref=category_newest",
      "rewards": "https://www.kickstarter.com/projects/25032585/buy-hair-and-beauty-products-24hrs-from-a-vending/rewards"
    }
  },
  "usd_pledged": "0.0",
  "usd_type": "international"
}