{
  "backers_count": 1,
  "blurb": "To the weak, scared, small players, to those who live with no fear:\u00a0 Move on. Here, you choose a gift without knowing what you buy.",
  "category": {
    "color": 6526716,
    "id": 342,
    "name": "Web",
    "parent_id": 16,
    "position": 15,
    "slug": "technology/web",
    "urls": {
      "web": {
        "discover": "http://www.kickstarter.com/discover/categories/technology/web"
      }
    }
  },
  "converted_pledged_amount": 1,
  "country": "FR",
  "created_at": 1450459053,
  "creator": {
    "avatar": {
      "medium": "https://ksr-ugc.imgix.net/assets/008/934/046/c46e02abf75415f1a0093180dd2bceaa_original.jpg?w=160&h=160&fit=crop&v=1461550544&auto=format&q=92&s=a3e674aa168a21d080416b172fdad9c2",
      "small": "https://ksr-ugc.imgix.net/assets/008/934/046/c46e02abf75415f1a0093180dd2bceaa_original.jpg?w=160&h=160&fit=crop&v=1461550544&auto=format&q=92&s=a3e674aa168a21d080416b172fdad9c2",
      "thumb": "https://ksr-ugc.imgix.net/assets/008/934/046/c46e02abf75415f1a0093180dd2bceaa_original.jpg?w=40&h=40&fit=crop&v=1461550544&auto=format&q=92&s=1b3f6803a49ba9502499bf029f534820"
    },
    "chosen_currency": null,
    "id": 1479239276,
    "is_registered": true,
    "name": "WYD",
    "urls": {
      "api": {
        "user": "https://api.kickstarter.com/v1/users/1479239276?signature=1524103272.3ff4fa4341139bcb70cb71aa819c0decdb4e8405"
      },
      "web": {
        "user": "https://www.kickstarter.com/profile/1479239276"
      }
    }
  },
  "currency": "EUR",
  "currency_symbol": "\u20ac",
  "currency_trailing_code": false,
  "current_currency": "USD",
  "deadline": 1456503029,
  "disable_communication": false,
  "fx_rate": 1.23814016,
  "goal": 8500.0,
  "id": 1049456500,
  "is_starrable": false,
  "launched_at": 1451319029,
  "location": {
    "country": "FR",
    "displayable_name": "Paris, France",
    "id": 615702,
    "is_root": false,
    "localized_name": "Paris",
    "name": "Paris",
    "short_name": "Paris, France",
    "slug": "paris-fr",
    "state": "Ile-de-France",
    "type": "Town",
    "urls": {
      "api": {
        "nearby_projects": "https://api.kickstarter.com/v1/discover?signature=1524082110.d062002c35c0244d78b6de23a06e8cfb18b2a4f4&woe_id=615702"
      },
      "web": {
        "discover": "https://www.kickstarter.com/discover/places/paris-fr",
        "location": "https://www.kickstarter.com/locations/paris-fr"
      }
    }
  },
  "name": "Who\u2019s your daddy",
  "photo": {
    "1024x576": "https://ksr-ugc.imgix.net/assets/012/335/422/c46e02abf75415f1a0093180dd2bceaa_original.jpg?crop=faces&w=1024&h=576&fit=crop&v=1463755917&auto=format&q=92&s=a3a8adfb0ecab5d30868f7cbc7b807ef",
    "1536x864": "https://ksr-ugc.imgix.net/assets/012/335/422/c46e02abf75415f1a0093180dd2bceaa_original.jpg?crop=faces&w=1552&h=873&fit=crop&v=1463755917&auto=format&q=92&s=097d35a5dc0d38d624b8579b083a803e",
    "ed": "https://ksr-ugc.imgix.net/assets/012/335/422/c46e02abf75415f1a0093180dd2bceaa_original.jpg?crop=faces&w=352&h=198&fit=crop&v=1463755917&auto=format&q=92&s=4bd969d0a115f5412e26fc4908c60f0a",
    "full": "https://ksr-ugc.imgix.net/assets/012/335/422/c46e02abf75415f1a0093180dd2bceaa_original.jpg?crop=faces&w=560&h=315&fit=crop&v=1463755917&auto=format&q=92&s=383a87acb18b5bfc2243ebcb2bf85b5a",
    "key": "assets/012/335/422/c46e02abf75415f1a0093180dd2bceaa_original.jpg",
    "little": "https://ksr-ugc.imgix.net/assets/012/335/422/c46e02abf75415f1a0093180dd2bceaa_original.jpg?crop=faces&w=208&h=117&fit=crop&v=1463755917&auto=format&q=92&s=283e06be7faa4db888ce0476d3e9d1a2",
    "med": "https://ksr-ugc.imgix.net/assets/012/335/422/c46e02abf75415f1a0093180dd2bceaa_original.jpg?crop=faces&w=272&h=153&fit=crop&v=1463755917&auto=format&q=92&s=9d752fb6c9d6bf23c111861d2797a093",
    "small": "https://ksr-ugc.imgix.net/assets/012/335/422/c46e02abf75415f1a0093180dd2bceaa_original.jpg?crop=faces&w=160&h=90&fit=crop&v=1463755917&auto=format&q=92&s=2d09daa54e4b6f2c9269f25495837c0a",
    "thumb": "https://ksr-ugc.imgix.net/assets/012/335/422/c46e02abf75415f1a0093180dd2bceaa_original.jpg?crop=faces&w=48&h=27&fit=crop&v=1463755917&auto=format&q=92&s=391924ef67d2dab03411a4fd4a90f6f3"
  },
  "pledged": 1.0,
  "profile": {
    "background_color": null,
    "background_image_opacity": 0.8,
    "blurb": null,
    "feature_image_attributes": {
      "image_urls": {
        "baseball_card": "https://ksr-ugc.imgix.net/assets/012/335/422/c46e02abf75415f1a0093180dd2bceaa_original.jpg?crop=faces&w=560&h=315&fit=crop&v=1463755917&auto=format&q=92&s=383a87acb18b5bfc2243ebcb2bf85b5a",
        "default": "https://ksr-ugc.imgix.net/assets/012/335/422/c46e02abf75415f1a0093180dd2bceaa_original.jpg?crop=faces&w=1552&h=873&fit=crop&v=1463755917&auto=format&q=92&s=097d35a5dc0d38d624b8579b083a803e"
      }
    },
    "id": 2283812,
    "link_background_color": null,
    "link_text": null,
    "link_text_color": null,
    "link_url": null,
    "name": null,
    "project_id": 2283812,
    "should_show_feature_image_section": true,
    "show_feature_image": false,
    "state": "inactive",
    "state_changed_at": 1450459053,
    "text_color": null
  },
  "slug": "whos-your-daddy-0",
  "spotlight": false,
  "staff_pick": false,
  "state": "failed",
  "state_changed_at": 1456503031,
  "static_usd_rate": 1.09722151,
  "urls": {
    "web": {
      "project": "https://www.kickstarter.com/projects/1479239276/whos-your-daddy-0?ref=category_newest",
      "rewards": "https://www.kickstarter.com/projects/1479239276/whos-your-daddy-0/rewards"
    }
  },
  "usd_pledged": "1.09722151",
  "usd_type": "international"
}