{
  "backers_count": 246,
  "blurb": "A smart phone controlled power outlet which has precise timer, continuously variable dimmer and surge protector in it.",
  "category": {
    "color": 6526716,
    "id": 52,
    "name": "Hardware",
    "parent_id": 16,
    "position": 8,
    "slug": "technology/hardware",
    "urls": {
      "web": {
        "discover": "http://www.kickstarter.com/discover/categories/technology/hardware"
      }
    }
  },
  "converted_pledged_amount": 19807,
  "country": "CA",
  "created_at": 1407264500,
  "creator": {
    "avatar": {
      "medium": "https://ksr-ugc.imgix.net/assets/009/163/355/b550514c604dc8c09924c2b12eab6451_original.png?w=160&h=160&fit=crop&v=1508443857&auto=format&q=92&s=723e233f573e38f9f273f979ee4c6b0f",
      "small": "https://ksr-ugc.imgix.net/assets/009/163/355/b550514c604dc8c09924c2b12eab6451_original.png?w=160&h=160&fit=crop&v=1508443857&auto=format&q=92&s=723e233f573e38f9f273f979ee4c6b0f",
      "thumb": "https://ksr-ugc.imgix.net/assets/009/163/355/b550514c604dc8c09924c2b12eab6451_original.png?w=40&h=40&fit=crop&v=1508443857&auto=format&q=92&s=a10512b03dd3776fac068c02a2ae75cb"
    },
    "chosen_currency": null,
    "id": 2010526530,
    "is_registered": true,
    "name": "Newbeem (deleted)",
    "urls": {
      "api": {
        "user": "https://api.kickstarter.com/v1/users/2010526530?signature=1524101505.33c9e75810b06ee9c2efb7a9fcde332c4123a26a"
      },
      "web": {
        "user": "https://www.kickstarter.com/profile/2010526530"
      }
    }
  },
  "currency": "CAD",
  "currency_symbol": "$",
  "currency_trailing_code": true,
  "current_currency": "USD",
  "deadline": 1414238439,
  "disable_communication": false,
  "fx_rate": 0.79525709,
  "goal": 20000.0,
  "id": 1049680370,
  "is_starrable": false,
  "launched_at": 1411646439,
  "location": {
    "country": "CA",
    "displayable_name": "Toronto, Canada",
    "id": 4118,
    "is_root": false,
    "localized_name": "Toronto",
    "name": "Toronto",
    "short_name": "Toronto, Canada",
    "slug": "toronto-on-ca",
    "state": "ON",
    "type": "Town",
    "urls": {
      "api": {
        "nearby_projects": "https://api.kickstarter.com/v1/discover?signature=1524082110.0954501205692c6090629918dde236901dc79f21&woe_id=4118"
      },
      "web": {
        "discover": "https://www.kickstarter.com/discover/places/toronto-on-ca",
        "location": "https://www.kickstarter.com/locations/toronto-on-ca"
      }
    }
  },
  "name": "SMART OUTLET",
  "photo": {
    "1024x576": "https://ksr-ugc.imgix.net/assets/011/823/290/c519a068289a523cd37fd3e9269a32d7_original.jpg?crop=faces&w=1024&h=576&fit=crop&v=1463699793&auto=format&q=92&s=edb1ee18fb10e65483f7f43d0da333e6",
    "1536x864": "https://ksr-ugc.imgix.net/assets/011/823/290/c519a068289a523cd37fd3e9269a32d7_original.jpg?crop=faces&w=1552&h=873&fit=crop&v=1463699793&auto=format&q=92&s=208ada8cc0aadb9346d892a15f599be1",
    "ed": "https://ksr-ugc.imgix.net/assets/011/823/290/c519a068289a523cd37fd3e9269a32d7_original.jpg?crop=faces&w=352&h=198&fit=crop&v=1463699793&auto=format&q=92&s=eeb98c6f2c566e074786516b9a34f37d",
    "full": "https://ksr-ugc.imgix.net/assets/011/823/290/c519a068289a523cd37fd3e9269a32d7_original.jpg?crop=faces&w=560&h=315&fit=crop&v=1463699793&auto=format&q=92&s=1bc48a364063f096da14056e81917e8b",
    "key": "assets/011/823/290/c519a068289a523cd37fd3e9269a32d7_original.jpg",
    "little": "https://ksr-ugc.imgix.net/assets/011/823/290/c519a068289a523cd37fd3e9269a32d7_original.jpg?crop=faces&w=208&h=117&fit=crop&v=1463699793&auto=format&q=92&s=c8a6202b65c2a2c90f2835aaf2152b85",
    "med": "https://ksr-ugc.imgix.net/assets/011/823/290/c519a068289a523cd37fd3e9269a32d7_original.jpg?crop=faces&w=272&h=153&fit=crop&v=1463699793&auto=format&q=92&s=c7d3ecda81bf3d15bb745188027c6741",
    "small": "https://ksr-ugc.imgix.net/assets/011/823/290/c519a068289a523cd37fd3e9269a32d7_original.jpg?crop=faces&w=160&h=90&fit=crop&v=1463699793&auto=format&q=92&s=b6d1f53485ce35a97dbd94afcf689228",
    "thumb": "https://ksr-ugc.imgix.net/assets/011/823/290/c519a068289a523cd37fd3e9269a32d7_original.jpg?crop=faces&w=48&h=27&fit=crop&v=1463699793&auto=format&q=92&s=35ee22e85a280d8967a81b875dcbff72"
  },
  "pledged": 22248.22,
  "profile": {
    "background_color": null,
    "background_image_opacity": 0.8,
    "blurb": null,
    "feature_image_attributes": {
      "image_urls": {
        "baseball_card": "https://ksr-ugc.imgix.net/assets/011/823/290/c519a068289a523cd37fd3e9269a32d7_original.jpg?crop=faces&w=560&h=315&fit=crop&v=1463699793&auto=format&q=92&s=1bc48a364063f096da14056e81917e8b",
        "default": "https://ksr-ugc.imgix.net/assets/011/823/290/c519a068289a523cd37fd3e9269a32d7_original.jpg?crop=faces&w=1552&h=873&fit=crop&v=1463699793&auto=format&q=92&s=208ada8cc0aadb9346d892a15f599be1"
      }
    },
    "id": 1262982,
    "link_background_color": null,
    "link_text": null,
    "link_text_color": null,
    "link_url": null,
    "name": null,
    "project_id": 1262982,
    "should_show_feature_image_section": true,
    "show_feature_image": false,
    "state": "inactive",
    "state_changed_at": 1425915870,
    "text_color": null
  },
  "slug": "smart-outlet",
  "spotlight": true,
  "staff_pick": false,
  "state": "successful",
  "state_changed_at": 1414238440,
  "static_usd_rate": 0.90350968,
  "urls": {
    "web": {
      "project": "https://www.kickstarter.com/projects/2010526530/smart-outlet?ref=category_newest",
      "rewards": "https://www.kickstarter.com/projects/2010526530/smart-outlet/rewards"
    }
  },
  "usd_pledged": "20101.4821327696",
  "usd_type": "international"
}