{
  "backers_count": 175,
  "blurb": "Robots are awesome!, so are RC-cars, planes, and LEDs! Control yours wirelessly from your iPhone, Arduino, or any Bluetooth 4.0 device!",
  "category": {
    "color": 6526716,
    "id": 52,
    "name": "Hardware",
    "parent_id": 16,
    "position": 8,
    "slug": "technology/hardware",
    "urls": {
      "web": {
        "discover": "http://www.kickstarter.com/discover/categories/technology/hardware"
      }
    }
  },
  "converted_pledged_amount": 11633,
  "country": "US",
  "created_at": 1363121746,
  "creator": {
    "avatar": {
      "medium": "https://ksr-ugc.imgix.net/assets/006/275/260/20f4b089ac22ddabe4f2cd18e06b0e7c_original.jpg?w=160&h=160&fit=crop&v=1461377908&auto=format&q=92&s=5deae053c83087c14b7741dbe64f10f4",
      "small": "https://ksr-ugc.imgix.net/assets/006/275/260/20f4b089ac22ddabe4f2cd18e06b0e7c_original.jpg?w=160&h=160&fit=crop&v=1461377908&auto=format&q=92&s=5deae053c83087c14b7741dbe64f10f4",
      "thumb": "https://ksr-ugc.imgix.net/assets/006/275/260/20f4b089ac22ddabe4f2cd18e06b0e7c_original.jpg?w=40&h=40&fit=crop&v=1461377908&auto=format&q=92&s=16125db426867642e0a6f3c10f95e393"
    },
    "chosen_currency": null,
    "id": 1992869862,
    "is_registered": true,
    "name": "Jason Peterson",
    "urls": {
      "api": {
        "user": "https://api.kickstarter.com/v1/users/1992869862?signature=1524101436.dd4052ca7ce8639d3dbf440dad93ff9d1a3e83cb"
      },
      "web": {
        "user": "https://www.kickstarter.com/profile/1992869862"
      }
    }
  },
  "currency": "USD",
  "currency_symbol": "$",
  "currency_trailing_code": true,
  "current_currency": "USD",
  "deadline": 1369672702,
  "disable_communication": false,
  "fx_rate": 1.0,
  "goal": 7500.0,
  "id": 1050319360,
  "is_starrable": false,
  "launched_at": 1366648702,
  "location": {
    "country": "US",
    "displayable_name": "Eagle, ID",
    "id": 2395002,
    "is_root": false,
    "localized_name": "Eagle",
    "name": "Eagle",
    "short_name": "Eagle, ID",
    "slug": "eagle-ada-id",
    "state": "ID",
    "type": "Town",
    "urls": {
      "api": {
        "nearby_projects": "https://api.kickstarter.com/v1/discover?signature=1524082427.1ee7d323f52c3660971d6aa7c5a67af57953f79f&woe_id=2395002"
      },
      "web": {
        "discover": "https://www.kickstarter.com/discover/places/eagle-ada-id",
        "location": "https://www.kickstarter.com/locations/eagle-ada-id"
      }
    }
  },
  "name": "Blue-Rx: A 16ch Servo / PWM Bluetooth 4.0 Receiver",
  "photo": {
    "1024x576": "https://ksr-ugc.imgix.net/assets/011/492/743/52ede4ba6473f6371ca6a180b40a74cc_original.jpg?crop=faces&w=1024&h=576&fit=crop&v=1463683525&auto=format&q=92&s=573c013569c39419c4d4224aea73e154",
    "1536x864": "https://ksr-ugc.imgix.net/assets/011/492/743/52ede4ba6473f6371ca6a180b40a74cc_original.jpg?crop=faces&w=1552&h=873&fit=crop&v=1463683525&auto=format&q=92&s=8a0a26ac1a1ffb0e2eccb8c29b36e436",
    "ed": "https://ksr-ugc.imgix.net/assets/011/492/743/52ede4ba6473f6371ca6a180b40a74cc_original.jpg?crop=faces&w=352&h=198&fit=crop&v=1463683525&auto=format&q=92&s=4f57751afc08e7e098426ae94c7b20a5",
    "full": "https://ksr-ugc.imgix.net/assets/011/492/743/52ede4ba6473f6371ca6a180b40a74cc_original.jpg?crop=faces&w=560&h=315&fit=crop&v=1463683525&auto=format&q=92&s=b51374523cec667748e0b5feebd9aac9",
    "key": "assets/011/492/743/52ede4ba6473f6371ca6a180b40a74cc_original.jpg",
    "little": "https://ksr-ugc.imgix.net/assets/011/492/743/52ede4ba6473f6371ca6a180b40a74cc_original.jpg?crop=faces&w=208&h=117&fit=crop&v=1463683525&auto=format&q=92&s=d4e6c12b4a115b9b0b1b4f2be3f80ca6",
    "med": "https://ksr-ugc.imgix.net/assets/011/492/743/52ede4ba6473f6371ca6a180b40a74cc_original.jpg?crop=faces&w=272&h=153&fit=crop&v=1463683525&auto=format&q=92&s=fbe6285c0d7137d67c0ab4007174e8b9",
    "small": "https://ksr-ugc.imgix.net/assets/011/492/743/52ede4ba6473f6371ca6a180b40a74cc_original.jpg?crop=faces&w=160&h=90&fit=crop&v=1463683525&auto=format&q=92&s=4dd13218b818aa8811f41761f790fc75",
    "thumb": "https://ksr-ugc.imgix.net/assets/011/492/743/52ede4ba6473f6371ca6a180b40a74cc_original.jpg?crop=faces&w=48&h=27&fit=crop&v=1463683525&auto=format&q=92&s=769d0428d378c2c037b29ccde55d3746"
  },
  "pledged": 11633.0,
  "profile": {
    "background_color": "",
    "background_image_opacity": 0.8,
    "blurb": "Robots are awesome!, so are RC-cars, planes, and LEDs! Control yours wirelessly from your iPhone, Arduino, or any Bluetooth 4.0 device!",
    "feature_image_attributes": {
      "image_urls": {
        "baseball_card": "https://ksr-ugc.imgix.net/assets/011/492/743/52ede4ba6473f6371ca6a180b40a74cc_original.jpg?crop=faces&w=560&h=315&fit=crop&v=1463683525&auto=format&q=92&s=b51374523cec667748e0b5feebd9aac9",
        "default": "https://ksr-ugc.imgix.net/assets/011/492/743/52ede4ba6473f6371ca6a180b40a74cc_original.jpg?crop=faces&w=1552&h=873&fit=crop&v=1463683525&auto=format&q=92&s=8a0a26ac1a1ffb0e2eccb8c29b36e436"
      }
    },
    "id": 498610,
    "link_background_color": "",
    "link_text": "Order Online Here!",
    "link_text_color": "",
    "link_url": "http://www.gigamint.com",
    "name": "Blue-Rx: A 16ch Servo / PWM Bluetooth 4.0 Receiver",
    "project_id": 498610,
    "should_show_feature_image_section": true,
    "show_feature_image": false,
    "state": "active",
    "state_changed_at": 1427303278,
    "text_color": ""
  },
  "slug": "blue-rx-a-16ch-servo-pwm-bluetooth-40-receiver",
  "spotlight": true,
  "staff_pick": false,
  "state": "successful",
  "state_changed_at": 1369672702,
  "static_usd_rate": 1.0,
  "urls": {
    "web": {
      "project": "https://www.kickstarter.com/projects/1992869862/blue-rx-a-16ch-servo-pwm-bluetooth-40-receiver?ref=category_newest",
      "rewards": "https://www.kickstarter.com/projects/1992869862/blue-rx-a-16ch-servo-pwm-bluetooth-40-receiver/rewards"
    }
  },
  "usd_pledged": "11633.0",
  "usd_type": "international"
}