{
  "backers_count": 1,
  "blurb": "A computer program designed to teach young and old basic computer skills and help them get an edge up in life.",
  "category": {
    "color": 6526716,
    "id": 51,
    "name": "Software",
    "parent_id": 16,
    "position": 11,
    "slug": "technology/software",
    "urls": {
      "web": {
        "discover": "http://www.kickstarter.com/discover/categories/technology/software"
      }
    }
  },
  "converted_pledged_amount": 1,
  "country": "US",
  "created_at": 1420681374,
  "creator": {
    "avatar": {
      "medium": "https://ksr-ugc.imgix.net/assets/009/424/413/b8e979dbb30bde3ccb3964a2a6678787_original.jpg?w=160&h=160&fit=crop&v=1461594529&auto=format&q=92&s=da9647648bf477a9049f80bd52cb6f52",
      "small": "https://ksr-ugc.imgix.net/assets/009/424/413/b8e979dbb30bde3ccb3964a2a6678787_original.jpg?w=160&h=160&fit=crop&v=1461594529&auto=format&q=92&s=da9647648bf477a9049f80bd52cb6f52",
      "thumb": "https://ksr-ugc.imgix.net/assets/009/424/413/b8e979dbb30bde3ccb3964a2a6678787_original.jpg?w=40&h=40&fit=crop&v=1461594529&auto=format&q=92&s=fa30e83a6adbe947acdc84c4f9d464e4"
    },
    "chosen_currency": null,
    "id": 214652118,
    "is_registered": true,
    "name": "Nicholas Gwynn",
    "urls": {
      "api": {
        "user": "https://api.kickstarter.com/v1/users/214652118?signature=1524102237.20071080228953fbeab101d0b2ae62e1424f025f"
      },
      "web": {
        "user": "https://www.kickstarter.com/profile/214652118"
      }
    }
  },
  "currency": "USD",
  "currency_symbol": "$",
  "currency_trailing_code": true,
  "current_currency": "USD",
  "deadline": 1423700872,
  "disable_communication": false,
  "fx_rate": 1.0,
  "goal": 15000.0,
  "id": 1050129003,
  "is_starrable": false,
  "launched_at": 1421108872,
  "location": {
    "country": "US",
    "displayable_name": "Sacramento, CA",
    "id": 2486340,
    "is_root": false,
    "localized_name": "Sacramento",
    "name": "Sacramento",
    "short_name": "Sacramento, CA",
    "slug": "sacramento-ca",
    "state": "CA",
    "type": "Town",
    "urls": {
      "api": {
        "nearby_projects": "https://api.kickstarter.com/v1/discover?signature=1524082111.6f4c94b57e4b9d7c176e92f9af76eccda0e80273&woe_id=2486340"
      },
      "web": {
        "discover": "https://www.kickstarter.com/discover/places/sacramento-ca",
        "location": "https://www.kickstarter.com/locations/sacramento-ca"
      }
    }
  },
  "name": "Teaching Computer Skills to America",
  "photo": {
    "1024x576": "https://ksr-ugc.imgix.net/assets/011/993/857/794d2539fe2a3f2207b4348bc139cd27_original.jpg?crop=faces&w=1024&h=576&fit=crop&v=1463722319&auto=format&q=92&s=45880631681c480d436e2e13980a1503",
    "1536x864": "https://ksr-ugc.imgix.net/assets/011/993/857/794d2539fe2a3f2207b4348bc139cd27_original.jpg?crop=faces&w=1552&h=873&fit=crop&v=1463722319&auto=format&q=92&s=1797c8923959b51cc69319ba1a718b1d",
    "ed": "https://ksr-ugc.imgix.net/assets/011/993/857/794d2539fe2a3f2207b4348bc139cd27_original.jpg?crop=faces&w=352&h=198&fit=crop&v=1463722319&auto=format&q=92&s=734c787312cccff1cd7ba7569e961082",
    "full": "https://ksr-ugc.imgix.net/assets/011/993/857/794d2539fe2a3f2207b4348bc139cd27_original.jpg?crop=faces&w=560&h=315&fit=crop&v=1463722319&auto=format&q=92&s=8ea0dbec2a2c654e080fd3d19ca84364",
    "key": "assets/011/993/857/794d2539fe2a3f2207b4348bc139cd27_original.jpg",
    "little": "https://ksr-ugc.imgix.net/assets/011/993/857/794d2539fe2a3f2207b4348bc139cd27_original.jpg?crop=faces&w=208&h=117&fit=crop&v=1463722319&auto=format&q=92&s=9a81316227394e6535aeabcfd46b4d47",
    "med": "https://ksr-ugc.imgix.net/assets/011/993/857/794d2539fe2a3f2207b4348bc139cd27_original.jpg?crop=faces&w=272&h=153&fit=crop&v=1463722319&auto=format&q=92&s=2dbec46807839297937486d1b220e9b3",
    "small": "https://ksr-ugc.imgix.net/assets/011/993/857/794d2539fe2a3f2207b4348bc139cd27_original.jpg?crop=faces&w=160&h=90&fit=crop&v=1463722319&auto=format&q=92&s=68419c6e4cfd9f3e35b08c7e82c38192",
    "thumb": "https://ksr-ugc.imgix.net/assets/011/993/857/794d2539fe2a3f2207b4348bc139cd27_original.jpg?crop=faces&w=48&h=27&fit=crop&v=1463722319&auto=format&q=92&s=c57a4a1215a419ccb33b071172bcf84d"
  },
  "pledged": 1.0,
  "profile": {
    "background_color": null,
    "background_image_opacity": 0.8,
    "blurb": null,
    "feature_image_attributes": {
      "image_urls": {
        "baseball_card": "https://ksr-ugc.imgix.net/assets/011/993/857/794d2539fe2a3f2207b4348bc139cd27_original.jpg?crop=faces&w=560&h=315&fit=crop&v=1463722319&auto=format&q=92&s=8ea0dbec2a2c654e080fd3d19ca84364",
        "default": "https://ksr-ugc.imgix.net/assets/011/993/857/794d2539fe2a3f2207b4348bc139cd27_original.jpg?crop=faces&w=1552&h=873&fit=crop&v=1463722319&auto=format&q=92&s=1797c8923959b51cc69319ba1a718b1d"
      }
    },
    "id": 1617677,
    "link_background_color": null,
    "link_text": null,
    "link_text_color": null,
    "link_url": null,
    "name": null,
    "project_id": 1617677,
    "should_show_feature_image_section": true,
    "show_feature_image": false,
    "state": "inactive",
    "state_changed_at": 1425915889,
    "text_color": null
  },
  "slug": "teaching-computer-skills-to-america",
  "spotlight": false,
  "staff_pick": false,
  "state": "failed",
  "state_changed_at": 1423700872,
  "static_usd_rate": 1.0,
  "urls": {
    "web": {
      "project": "https://www.kickstarter.com/projects/214652118/teaching-computer-skills-to-america?ref=category_newest",
      "rewards": "https://www.kickstarter.com/projects/214652118/teaching-computer-skills-to-america/rewards"
    }
  },
  "usd_pledged": "1.0",
  "usd_type": "international"
}