{
  "backers_count": 1773,
  "blurb": "MIOPS starts a new era in high speed photography with the flexibility of smart phone platform and the power of electronics.",
  "category": {
    "color": 6526716,
    "id": 333,
    "name": "Camera Equipment",
    "parent_id": 16,
    "position": 3,
    "slug": "technology/camera equipment",
    "urls": {
      "web": {
        "discover": "http://www.kickstarter.com/discover/categories/technology/camera%20equipment"
      }
    }
  },
  "converted_pledged_amount": 377035,
  "country": "US",
  "created_at": 1387028607,
  "creator": {
    "avatar": {
      "medium": "https://ksr-ugc.imgix.net/assets/008/210/401/5414eaafce32f45559ea859a69190e11_original.jpg?w=160&h=160&fit=crop&v=1472135140&auto=format&q=92&s=d49face85f9e7efec4c8517d6467cbed",
      "small": "https://ksr-ugc.imgix.net/assets/008/210/401/5414eaafce32f45559ea859a69190e11_original.jpg?w=160&h=160&fit=crop&v=1472135140&auto=format&q=92&s=d49face85f9e7efec4c8517d6467cbed",
      "thumb": "https://ksr-ugc.imgix.net/assets/008/210/401/5414eaafce32f45559ea859a69190e11_original.jpg?w=40&h=40&fit=crop&v=1472135140&auto=format&q=92&s=5671e3326f86bd7a429718a1f5efa97b"
    },
    "chosen_currency": null,
    "id": 304537106,
    "is_registered": true,
    "name": "MIOPS",
    "slug": "nerotrigger",
    "urls": {
      "api": {
        "user": "https://api.kickstarter.com/v1/users/304537106?signature=1524100544.3908bb563a931ab65a88684609c46c2f4725b41b"
      },
      "web": {
        "user": "https://www.kickstarter.com/profile/nerotrigger"
      }
    }
  },
  "currency": "USD",
  "currency_symbol": "$",
  "currency_trailing_code": true,
  "current_currency": "USD",
  "deadline": 1409258209,
  "disable_communication": false,
  "fx_rate": 1.0,
  "goal": 75000.0,
  "id": 1050045256,
  "is_starrable": false,
  "launched_at": 1405370209,
  "location": {
    "country": "US",
    "displayable_name": "Miami, FL",
    "id": 2450022,
    "is_root": false,
    "localized_name": "Miami",
    "name": "Miami",
    "short_name": "Miami, FL",
    "slug": "miami-fl",
    "state": "FL",
    "type": "Town",
    "urls": {
      "api": {
        "nearby_projects": "https://api.kickstarter.com/v1/discover?signature=1524082109.f0763a0c057ddf11d187b61311a6bfe21d08060b&woe_id=2450022"
      },
      "web": {
        "discover": "https://www.kickstarter.com/discover/places/miami-fl",
        "location": "https://www.kickstarter.com/locations/miami-fl"
      }
    }
  },
  "name": "MIOPS: Smartphone Controllable High Speed Camera Trigger",
  "photo": {
    "1024x576": "https://ksr-ugc.imgix.net/assets/011/622/470/c65e585d4ff99783e4b27a4e5c66cb69_original.png?crop=faces&w=1024&h=576&fit=crop&v=1463685592&auto=format&q=92&s=4278290ac57b42d23bccbd8314e37aff",
    "1536x864": "https://ksr-ugc.imgix.net/assets/011/622/470/c65e585d4ff99783e4b27a4e5c66cb69_original.png?crop=faces&w=1552&h=873&fit=crop&v=1463685592&auto=format&q=92&s=8253fe05319e0fec380054cfd3f64df6",
    "ed": "https://ksr-ugc.imgix.net/assets/011/622/470/c65e585d4ff99783e4b27a4e5c66cb69_original.png?crop=faces&w=352&h=198&fit=crop&v=1463685592&auto=format&q=92&s=43817818cb258e6e4502b00fece25782",
    "full": "https://ksr-ugc.imgix.net/assets/011/622/470/c65e585d4ff99783e4b27a4e5c66cb69_original.png?crop=faces&w=560&h=315&fit=crop&v=1463685592&auto=format&q=92&s=a86464226bf84b757c92b6070593cc2a",
    "key": "assets/011/622/470/c65e585d4ff99783e4b27a4e5c66cb69_original.png",
    "little": "https://ksr-ugc.imgix.net/assets/011/622/470/c65e585d4ff99783e4b27a4e5c66cb69_original.png?crop=faces&w=208&h=117&fit=crop&v=1463685592&auto=format&q=92&s=19049fb73115545e2fc2fae488e4ead9",
    "med": "https://ksr-ugc.imgix.net/assets/011/622/470/c65e585d4ff99783e4b27a4e5c66cb69_original.png?crop=faces&w=272&h=153&fit=crop&v=1463685592&auto=format&q=92&s=ac42ff1c1e4e4a13546ea621b3b3c336",
    "small": "https://ksr-ugc.imgix.net/assets/011/622/470/c65e585d4ff99783e4b27a4e5c66cb69_original.png?crop=faces&w=160&h=90&fit=crop&v=1463685592&auto=format&q=92&s=2d84b68fe223149f43b5d32ed126eae8",
    "thumb": "https://ksr-ugc.imgix.net/assets/011/622/470/c65e585d4ff99783e4b27a4e5c66cb69_original.png?crop=faces&w=48&h=27&fit=crop&v=1463685592&auto=format&q=92&s=cc20230d90802a99260f2d25c6158dd1"
  },
  "pledged": 377035.0,
  "profile": {
    "background_color": "ffffff",
    "background_image_opacity": 1.0,
    "blurb": "MIOPS Smart, smartphone controllable camera trigger for high speed photography!",
    "feature_image_attributes": {
      "id": 3664954,
      "image_urls": {
        "baseball_card": "https://ksr-ugc.imgix.net/assets/003/664/954/5ceddf123c5cde17868dbc7f08067d6b_original.jpg?crop=faces,edges&w=560&h=315&fit=crop&v=1429800808&auto=format&q=92&s=25e7797ff97dfd9e131a08e95936d21c",
        "default": "https://ksr-ugc.imgix.net/assets/003/664/954/5ceddf123c5cde17868dbc7f08067d6b_original.jpg?w=700&fit=max&v=1429800808&auto=format&q=92&s=4b6e4f6721e91aa3672b9cd360d9cf26"
      }
    },
    "id": 814501,
    "link_background_color": "ff8800",
    "link_text": "Buy Now!",
    "link_text_color": "",
    "link_url": "https://www.miops.com/miops-smart/",
    "name": "MIOPS: Smartphone Controllable High Speed Camera Trigger",
    "project_id": 814501,
    "should_show_feature_image_section": true,
    "show_feature_image": true,
    "state": "active",
    "state_changed_at": 1429800198,
    "text_color": ""
  },
  "slug": "miops-smartphone-controllable-high-speed-camera-tr",
  "spotlight": true,
  "staff_pick": true,
  "state": "successful",
  "state_changed_at": 1409258209,
  "static_usd_rate": 1.0,
  "urls": {
    "web": {
      "project": "https://www.kickstarter.com/projects/nerotrigger/miops-smartphone-controllable-high-speed-camera-tr?ref=category_newest",
      "rewards": "https://www.kickstarter.com/projects/nerotrigger/miops-smartphone-controllable-high-speed-camera-tr/rewards"
    }
  },
  "usd_pledged": "377035.0",
  "usd_type": "international"
}