{
  "backers_count": 0,
  "blurb": "An interactive map-based site for Beer lovers, which allows the planning/attendance of events with partnered breweries.",
  "category": {
    "color": 6526716,
    "id": 342,
    "name": "Web",
    "parent_id": 16,
    "position": 15,
    "slug": "technology/web",
    "urls": {
      "web": {
        "discover": "http://www.kickstarter.com/discover/categories/technology/web"
      }
    }
  },
  "converted_pledged_amount": 0,
  "country": "GB",
  "created_at": 1408535677,
  "creator": {
    "avatar": {
      "medium": "https://ksr-ugc.imgix.net/assets/009/216/101/c556b438393dd60a06a3a887a1a90a5f_original.jpeg?w=160&h=160&fit=crop&v=1461565334&auto=format&q=92&s=a8172fe4db7043249c75c1b989a15df9",
      "small": "https://ksr-ugc.imgix.net/assets/009/216/101/c556b438393dd60a06a3a887a1a90a5f_original.jpeg?w=160&h=160&fit=crop&v=1461565334&auto=format&q=92&s=a8172fe4db7043249c75c1b989a15df9",
      "thumb": "https://ksr-ugc.imgix.net/assets/009/216/101/c556b438393dd60a06a3a887a1a90a5f_original.jpeg?w=40&h=40&fit=crop&v=1461565334&auto=format&q=92&s=e16f3cba9d5a737347c3e4e643b3bf16"
    },
    "chosen_currency": null,
    "id": 1728877012,
    "is_registered": true,
    "name": "Adam Thomason",
    "slug": "adamthomason",
    "urls": {
      "api": {
        "user": "https://api.kickstarter.com/v1/users/1728877012?signature=1524102982.71c73dfe351487ca86053d24e5f381558d2add53"
      },
      "web": {
        "user": "https://www.kickstarter.com/profile/adamthomason"
      }
    }
  },
  "currency": "GBP",
  "currency_symbol": "\u00a3",
  "currency_trailing_code": false,
  "current_currency": "USD",
  "deadline": 1411245933,
  "disable_communication": false,
  "fx_rate": 1.43358488,
  "goal": 1000.0,
  "id": 1050135418,
  "is_starrable": false,
  "launched_at": 1408653933,
  "location": {
    "country": "GB",
    "displayable_name": "Greater Manchester, UK",
    "id": 12602158,
    "is_root": false,
    "localized_name": "Greater Manchester",
    "name": "Greater Manchester",
    "short_name": "Greater Manchester, UK",
    "slug": "greater-manchester-gb",
    "state": "England",
    "type": "County",
    "urls": {
      "api": {
        "nearby_projects": "https://api.kickstarter.com/v1/discover?signature=1524082122.21f9e0692baf9dfa0c9acf54d78391fd0d2cc8fb&woe_id=12602158"
      },
      "web": {
        "discover": "https://www.kickstarter.com/discover/places/greater-manchester-gb",
        "location": "https://www.kickstarter.com/locations/greater-manchester-gb"
      }
    }
  },
  "name": "Decent Pint - a site to discover new beer and new people",
  "photo": {
    "1024x576": "https://ksr-ugc.imgix.net/assets/011/842/745/05e2d8c245f58847fe9e689787efabf4_original.png?crop=faces&w=1024&h=576&fit=crop&v=1463702737&auto=format&q=92&s=bf5b08502fb258d5e83ce852148b84c6",
    "1536x864": "https://ksr-ugc.imgix.net/assets/011/842/745/05e2d8c245f58847fe9e689787efabf4_original.png?crop=faces&w=1552&h=873&fit=crop&v=1463702737&auto=format&q=92&s=9d3795aab5da4ac86af7c75440cd5622",
    "ed": "https://ksr-ugc.imgix.net/assets/011/842/745/05e2d8c245f58847fe9e689787efabf4_original.png?crop=faces&w=352&h=198&fit=crop&v=1463702737&auto=format&q=92&s=b00807857bd9bb6d4c7aecf10ff07fe2",
    "full": "https://ksr-ugc.imgix.net/assets/011/842/745/05e2d8c245f58847fe9e689787efabf4_original.png?crop=faces&w=560&h=315&fit=crop&v=1463702737&auto=format&q=92&s=6ddc72ab9f0a32005870285f26e0ef63",
    "key": "assets/011/842/745/05e2d8c245f58847fe9e689787efabf4_original.png",
    "little": "https://ksr-ugc.imgix.net/assets/011/842/745/05e2d8c245f58847fe9e689787efabf4_original.png?crop=faces&w=208&h=117&fit=crop&v=1463702737&auto=format&q=92&s=463f7497fb2dfa2280c7d51d4f0e5fdf",
    "med": "https://ksr-ugc.imgix.net/assets/011/842/745/05e2d8c245f58847fe9e689787efabf4_original.png?crop=faces&w=272&h=153&fit=crop&v=1463702737&auto=format&q=92&s=b06a96fda14c955671df1788cb979f69",
    "small": "https://ksr-ugc.imgix.net/assets/011/842/745/05e2d8c245f58847fe9e689787efabf4_original.png?crop=faces&w=160&h=90&fit=crop&v=1463702737&auto=format&q=92&s=0355fb2e4525b5ff9212ff86e7aade09",
    "thumb": "https://ksr-ugc.imgix.net/assets/011/842/745/05e2d8c245f58847fe9e689787efabf4_original.png?crop=faces&w=48&h=27&fit=crop&v=1463702737&auto=format&q=92&s=4c2d1fb2abd41983fe5851ae23f7c80d"
  },
  "pledged": 0.0,
  "profile": {
    "background_color": null,
    "background_image_opacity": 0.8,
    "blurb": null,
    "feature_image_attributes": {
      "image_urls": {
        "baseball_card": "https://ksr-ugc.imgix.net/assets/011/842/745/05e2d8c245f58847fe9e689787efabf4_original.png?crop=faces&w=560&h=315&fit=crop&v=1463702737&auto=format&q=92&s=6ddc72ab9f0a32005870285f26e0ef63",
        "default": "https://ksr-ugc.imgix.net/assets/011/842/745/05e2d8c245f58847fe9e689787efabf4_original.png?crop=faces&w=1552&h=873&fit=crop&v=1463702737&auto=format&q=92&s=9d3795aab5da4ac86af7c75440cd5622"
      }
    },
    "id": 1303600,
    "link_background_color": null,
    "link_text": null,
    "link_text_color": null,
    "link_url": null,
    "name": null,
    "project_id": 1303600,
    "should_show_feature_image_section": true,
    "show_feature_image": false,
    "state": "inactive",
    "state_changed_at": 1425915872,
    "text_color": null
  },
  "slug": "decent-pint",
  "spotlight": false,
  "staff_pick": false,
  "state": "failed",
  "state_changed_at": 1411245936,
  "static_usd_rate": 1.66168991,
  "urls": {
    "web": {
      "project": "https://www.kickstarter.com/projects/adamthomason/decent-pint?ref=category_newest",
      "rewards": "https://www.kickstarter.com/projects/adamthomason/decent-pint/rewards"
    }
  },
  "usd_pledged": "0.0",
  "usd_type": "international"
}